,D0 BTC (baseline),D1 ETH own-vol,D3 SOL own-vol (survivor!),C7 top-3 alts basket (survivor-corrected)
2017-08-17,0.0,0.0,0.0,0.0
2017-08-18,0.0,0.0,0.0,0.0
2017-08-19,0.0,0.0,0.0,0.0
2017-08-20,0.0,0.0,0.0,0.0
2017-08-21,0.0,0.0,0.0,0.0
2017-08-22,0.0,0.0,0.0,0.0
2017-08-23,0.0,0.0,0.0,0.0
2017-08-24,0.0,0.0,0.0,0.0
2017-08-25,0.0,0.0,0.0,0.0
2017-08-26,0.0,0.0,0.0,0.0
2017-08-27,0.0,0.0,0.0,0.0
2017-08-28,0.0,0.0,0.0,0.0
2017-08-29,0.0,0.0,0.0,0.0
2017-08-30,0.0,0.0,0.0,0.0
2017-08-31,0.0,0.0,0.0,0.0
2017-09-01,0.0,0.0,0.0,0.0
2017-09-02,0.0,0.0,0.0,0.0
2017-09-03,0.0,0.0,0.0,0.0
2017-09-04,0.0,0.0,0.0,0.0
2017-09-05,0.0,0.0,0.0,0.0
2017-09-06,0.0,0.0,0.0,0.0
2017-09-07,0.0,0.0,0.0,0.0
2017-09-08,0.0,0.0,0.0,0.0
2017-09-09,0.0,0.0,0.0,0.0
2017-09-10,0.0,0.0,0.0,0.0
2017-09-11,0.0,0.0,0.0,0.0
2017-09-12,0.0,0.0,0.0,0.0
2017-09-13,0.0,0.0,0.0,0.0
2017-09-14,0.0,0.0,0.0,0.0
2017-09-15,0.0,0.0,0.0,0.0
2017-09-16,0.0,0.0,0.0,0.0
2017-09-17,0.0,0.0,0.0,0.0
2017-09-18,0.0,0.0,0.0,0.0
2017-09-19,0.0,0.0,0.0,0.0
2017-09-20,0.0,0.0,0.0,0.0
2017-09-21,0.0,0.0,0.0,0.0
2017-09-22,0.0,0.0,0.0,0.0
2017-09-23,0.0,0.0,0.0,0.0
2017-09-24,0.0,0.0,0.0,0.0
2017-09-25,0.0,0.0,0.0,0.0
2017-09-26,0.0,0.0,0.0,0.0
2017-09-27,0.0,0.0,0.0,0.0
2017-09-28,0.0,0.0,0.0,0.0
2017-09-29,0.0,0.0,0.0,0.0
2017-09-30,0.0,0.0,0.0,0.0
2017-10-01,0.0,0.0,0.0,0.0
2017-10-02,0.0,0.0,0.0,0.0
2017-10-03,0.0,0.0,0.0,0.0
2017-10-04,0.0,0.0,0.0,0.0
2017-10-05,0.0,0.0,0.0,0.0
2017-10-06,0.0,0.0,0.0,0.0
2017-10-07,0.0,0.0,0.0,0.0
2017-10-08,0.0,0.0,0.0,0.0
2017-10-09,0.0,0.0,0.0,0.0
2017-10-10,0.0,0.0,0.0,0.0
2017-10-11,0.0,0.0,0.0,0.0
2017-10-12,0.0,0.0,0.0,0.0
2017-10-13,0.0,0.0,0.0,0.0
2017-10-14,0.0,0.0,0.0,0.0
2017-10-15,0.0,0.0,0.0,0.0
2017-10-16,0.0,0.0,0.0,0.0
2017-10-17,0.0,0.0,0.0,0.0
2017-10-18,0.0,0.0,0.0,0.0
2017-10-19,0.0,0.0,0.0,0.0
2017-10-20,0.0,0.0,0.0,0.0
2017-10-21,0.0,0.0,0.0,0.0
2017-10-22,0.0,0.0,0.0,0.0
2017-10-23,0.0,0.0,0.0,0.0
2017-10-24,0.0,0.0,0.0,0.0
2017-10-25,0.0,0.0,0.0,0.0
2017-10-26,0.0,0.0,0.0,0.0
2017-10-27,0.0,0.0,0.0,0.0
2017-10-28,0.0,0.0,0.0,0.0
2017-10-29,0.0,0.0,0.0,0.0
2017-10-30,0.0,0.0,0.0,0.0
2017-10-31,0.0,0.0,0.0,0.0
2017-11-01,0.0,0.0,0.0,0.0
2017-11-02,0.0,0.0,0.0,0.0
2017-11-03,0.0,0.0,0.0,0.0
2017-11-04,0.0,0.0,0.0,0.0
2017-11-05,0.0,0.0,0.0,0.0
2017-11-06,0.0,0.0,0.0,0.0
2017-11-07,0.0,0.0,0.0,0.0
2017-11-08,0.0,0.0,0.0,0.0
2017-11-09,0.0,0.0,0.0,0.0
2017-11-10,0.0,0.0,0.0,0.0
2017-11-11,0.0,0.0,0.0,0.0
2017-11-12,0.0,0.0,0.0,0.0
2017-11-13,0.0,0.0,0.0,0.0
2017-11-14,0.0,0.0,0.0,0.0
2017-11-15,0.0,0.0,0.0,0.0
2017-11-16,0.0,0.0,0.0,0.0
2017-11-17,0.0,0.0,0.0,0.0
2017-11-18,0.0,0.0,0.0,0.0
2017-11-19,0.0,0.0,0.0,0.0
2017-11-20,0.0,0.0,0.0,0.0
2017-11-21,0.0,0.0,0.0,0.0
2017-11-22,0.0,0.0,0.0,0.0
2017-11-23,0.0,0.0,0.0,0.0
2017-11-24,0.0,0.0,0.0,0.0
2017-11-25,0.0,0.0,0.0,0.0
2017-11-26,0.0,0.0,0.0,0.0
2017-11-27,0.0,0.0,0.0,0.0
2017-11-28,0.0,0.0,0.0,0.0
2017-11-29,0.0,0.0,0.0,0.0
2017-11-30,0.0,0.0,0.0,0.0
2017-12-01,0.0,0.0,0.0,0.0
2017-12-02,0.0,0.0,0.0,0.0
2017-12-03,0.0,0.0,0.0,0.0
2017-12-04,0.0,0.0,0.0,0.0
2017-12-05,0.0,0.0,0.0,0.0
2017-12-06,0.0,0.0,0.0,0.0
2017-12-07,0.0,0.0,0.0,0.0
2017-12-08,0.0,0.0,0.0,0.0
2017-12-09,0.0,0.0,0.0,0.0
2017-12-10,0.0,0.0,0.0,0.0
2017-12-11,0.0,0.0,0.0,0.0
2017-12-12,0.0,0.0,0.0,0.0
2017-12-13,0.0,0.0,0.0,0.0
2017-12-14,0.0,0.0,0.0,0.0
2017-12-15,0.0,0.0,0.0,0.0
2017-12-16,0.0,0.0,0.0,0.0
2017-12-17,0.0,0.0,0.0,0.0
2017-12-18,0.0,0.0,0.0,0.0
2017-12-19,0.0,0.0,0.0,0.0
2017-12-20,0.0,0.0,0.0,0.0
2017-12-21,0.0,0.0,0.0,0.0
2017-12-22,0.0,0.0,0.0,0.0
2017-12-23,0.0,0.0,0.0,0.0
2017-12-24,0.0,0.0,0.0,0.0
2017-12-25,0.0,0.0,0.0,0.0
2017-12-26,0.0,0.0,0.0,0.0
2017-12-27,0.0,0.0,0.0,0.0
2017-12-28,0.0,0.0,0.0,0.0
2017-12-29,0.0,0.0,0.0,0.0
2017-12-30,0.0,0.0,0.0,0.0
2017-12-31,0.0,0.0,0.0,0.0
2018-01-01,0.0,0.0,0.0,0.0
2018-01-02,0.0,0.0,0.0,0.0
2018-01-03,0.0,0.0,0.0,0.0
2018-01-04,0.0,0.0,0.0,0.0
2018-01-05,0.0,0.0,0.0,0.0
2018-01-06,0.0,0.0,0.0,0.0
2018-01-07,0.0,0.0,0.0,0.0
2018-01-08,0.0,0.0,0.0,0.0
2018-01-09,0.0,0.0,0.0,0.0
2018-01-10,0.0,0.0,0.0,0.0
2018-01-11,0.0,0.0,0.0,0.0
2018-01-12,0.0,0.0,0.0,0.0
2018-01-13,0.0,0.0,0.0,0.0
2018-01-14,0.0,0.0,0.0,0.0
2018-01-15,0.0,0.0,0.0,0.0
2018-01-16,0.0,0.0,0.0,0.0
2018-01-17,0.0,0.0,0.0,0.0
2018-01-18,0.0,0.0,0.0,0.0
2018-01-19,0.0,0.0,0.0,0.0
2018-01-20,0.0,0.0,0.0,0.0
2018-01-21,0.0,0.0,0.0,0.0
2018-01-22,0.0,0.0,0.0,0.0
2018-01-23,0.0,0.0,0.0,0.0
2018-01-24,0.0,0.0,0.0,0.0
2018-01-25,0.0,0.0,0.0,0.0
2018-01-26,0.0,0.0,0.0,0.0
2018-01-27,0.0,0.0,0.0,0.0
2018-01-28,0.0,0.0,0.0,0.0
2018-01-29,0.0,0.0,0.0,0.0
2018-01-30,0.0,0.0,0.0,0.0
2018-01-31,0.0,0.0,0.0,0.0
2018-02-01,0.0,0.0,0.0,0.0
2018-02-02,0.0,0.0,0.0,0.0
2018-02-03,0.0,0.0,0.0,0.0
2018-02-04,0.0,0.0,0.0,0.0
2018-02-05,0.0,0.0,0.0,0.0
2018-02-06,0.0,0.0,0.0,0.0
2018-02-07,0.0,0.0,0.0,0.0
2018-02-08,0.0,0.0,0.0,0.0
2018-02-09,0.0,0.0,0.0,0.0
2018-02-10,0.0,0.0,0.0,0.0
2018-02-11,0.0,0.0,0.0,0.0
2018-02-12,0.0,0.0,0.0,0.0
2018-02-13,0.0,0.0,0.0,0.0
2018-02-14,0.0,0.0,0.0,0.0
2018-02-15,0.0,0.0,0.0,0.0
2018-02-16,0.0,0.0,0.0,0.0
2018-02-17,0.0,0.0,0.0,0.0
2018-02-18,0.0,0.0,0.0,0.0
2018-02-19,0.0,0.0,0.0,0.0
2018-02-20,0.0,0.0,0.0,0.0
2018-02-21,0.0,0.0,0.0,0.0
2018-02-22,0.0,0.0,0.0,0.0
2018-02-23,0.0,0.0,0.0,0.0
2018-02-24,0.0,0.0,0.0,0.0
2018-02-25,0.0,0.0,0.0,0.0
2018-02-26,0.0,0.0,0.0,0.0
2018-02-27,0.0,0.0,0.0,0.0
2018-02-28,0.0,0.0,0.0,0.0
2018-03-01,0.0,0.0,0.0,0.0
2018-03-02,0.0,0.0,0.0,0.0
2018-03-03,0.0,0.0,0.0,0.0
2018-03-04,0.0,0.0,0.0,0.0
2018-03-05,0.0,0.0,0.0,0.0
2018-03-06,0.0,0.0,0.0,0.0
2018-03-07,0.0,0.0,0.0,0.0
2018-03-08,0.0,0.0,0.0,0.0
2018-03-09,0.0,0.0,0.0,0.0
2018-03-10,0.0,0.0,0.0,0.0
2018-03-11,0.0,0.0,0.0,0.0
2018-03-12,0.0,0.0,0.0,0.0
2018-03-13,0.0,0.0,0.0,0.0
2018-03-14,0.0,0.0,0.0,0.0
2018-03-15,0.0,0.0,0.0,0.0
2018-03-16,0.0,0.0,0.0,0.0
2018-03-17,0.0,0.0,0.0,0.0
2018-03-18,0.0,0.0,0.0,0.0
2018-03-19,0.0,0.0,0.0,0.0
2018-03-20,0.0,0.0,0.0,0.0
2018-03-21,0.0,0.0,0.0,0.0
2018-03-22,0.0,0.0,0.0,0.0
2018-03-23,0.0,0.0,0.0,0.0
2018-03-24,0.0,0.0,0.0,0.0
2018-03-25,0.0,0.0,0.0,0.0
2018-03-26,0.0,0.0,0.0,0.0
2018-03-27,0.0,0.0,0.0,0.0
2018-03-28,0.0,0.0,0.0,0.0
2018-03-29,0.0,0.0,0.0,0.0
2018-03-30,0.0,0.0,0.0,0.0
2018-03-31,0.0,0.0,0.0,0.0
2018-04-01,0.0,0.0,0.0,0.0
2018-04-02,0.0,0.0,0.0,0.0
2018-04-03,0.0,0.0,0.0,0.0
2018-04-04,0.0,0.0,0.0,0.0
2018-04-05,0.0,0.0,0.0,0.0
2018-04-06,0.0,0.0,0.0,0.0
2018-04-07,0.0,0.0,0.0,0.0
2018-04-08,0.0,0.0,0.0,0.0
2018-04-09,0.0,0.0,0.0,0.0
2018-04-10,0.0,0.0,0.0,0.0
2018-04-11,0.0,0.0,0.0,0.0
2018-04-12,0.0,0.0,0.0,0.0
2018-04-13,0.0,0.0,0.0,0.0
2018-04-14,0.0,0.0,0.0,0.0
2018-04-15,0.0,0.0,0.0,0.0
2018-04-16,0.0,0.0,0.0,0.0
2018-04-17,0.0,0.0,0.0,0.0
2018-04-18,0.0,0.0,0.0,0.0
2018-04-19,0.0,0.0,0.0,0.0
2018-04-20,0.0,0.0,0.0,0.0
2018-04-21,0.0,0.0,0.0,0.0
2018-04-22,0.0,0.0,0.0,0.0
2018-04-23,0.0,0.0,0.0,0.0
2018-04-24,0.0,0.0,0.0,0.0
2018-04-25,0.0,0.0,0.0,0.0
2018-04-26,0.0,0.0,0.0,0.0
2018-04-27,0.0,0.0,0.0,0.0
2018-04-28,0.0,0.0,0.0,0.0
2018-04-29,0.0,0.0,0.0,0.0
2018-04-30,-0.0015171305032795068,-0.0018437772796850993,0.0,-0.0008333333333333526
2018-05-01,-0.0014538049668125774,0.00010854870345489154,0.0,0.0
2018-05-02,0.0014711873724633229,0.0014732552679286304,0.0,0.0
2018-05-03,0.0041828429143151435,0.00803413024723909,0.0,0.0
2018-05-04,-0.0002987031234225057,0.0006159993492862448,0.0,0.0
2018-05-05,0.0012447054698527804,0.0029512776078439718,0.0,0.0
2018-05-06,-0.001698786612705061,-0.0022128722351655306,0.0,0.0
2018-05-07,-0.0024406564818976184,-0.00367957847483269,0.0,0.0
2018-05-08,-0.002716138036302107,-0.00030916257388646784,0.0,0.0
2018-05-09,0.0018363406969164053,0.00024387216869770079,0.0,0.0
2018-05-10,-0.004607886492542623,-0.002582117934979422,0.0,0.0
2018-05-11,-0.009056902920100862,-0.0040350955591766935,0.0,0.0
2018-05-12,-0.00012748806537909996,-6.019897291331677e-05,0.0,-0.0008340283569641116
2018-05-13,0.0,0.0,0.0,0.0
2018-05-14,0.0,0.0,0.0,0.0
2018-05-15,0.0,0.0,0.0,0.0
2018-05-16,0.0,0.0,0.0,0.0
2018-05-17,0.0,0.0,0.0,0.0
2018-05-18,0.0,0.0,0.0,0.0
2018-05-19,0.0,0.0,0.0,0.0
2018-05-20,0.0,0.0,0.0,0.0
2018-05-21,0.0,0.0,0.0,0.0
2018-05-22,0.0,0.0,0.0,0.0
2018-05-23,0.0,0.0,0.0,0.0
2018-05-24,0.0,0.0,0.0,0.0
2018-05-25,0.0,0.0,0.0,0.0
2018-05-26,0.0,0.0,0.0,0.0
2018-05-27,0.0,0.0,0.0,0.0
2018-05-28,0.0,0.0,0.0,0.0
2018-05-29,0.0,0.0,0.0,0.0
2018-05-30,0.0,0.0,0.0,0.0
2018-05-31,0.0,0.0,0.0,0.0
2018-06-01,0.0,0.0,0.0,0.0
2018-06-02,0.0,0.0,0.0,0.0
2018-06-03,0.0,0.0,0.0,0.0
2018-06-04,0.0,0.0,0.0,0.0
2018-06-05,0.0,0.0,0.0,0.0
2018-06-06,0.0,0.0,0.0,0.0
2018-06-07,0.0,0.0,0.0,0.0
2018-06-08,0.0,0.0,0.0,0.0
2018-06-09,0.0,0.0,0.0,0.0
2018-06-10,0.0,0.0,0.0,0.0
2018-06-11,0.0,0.0,0.0,0.0
2018-06-12,0.0,0.0,0.0,0.0
2018-06-13,0.0,0.0,0.0,0.0
2018-06-14,0.0,0.0,0.0,0.0
2018-06-15,0.0,0.0,0.0,0.0
2018-06-16,0.0,0.0,0.0,0.0
2018-06-17,0.0,0.0,0.0,0.0
2018-06-18,0.0,0.0,0.0,0.0
2018-06-19,0.0,0.0,0.0,0.0
2018-06-20,0.0,0.0,0.0,0.0
2018-06-21,0.0,0.0,0.0,0.0
2018-06-22,0.0,0.0,0.0,0.0
2018-06-23,0.0,0.0,0.0,0.0
2018-06-24,0.0,0.0,0.0,0.0
2018-06-25,0.0,0.0,0.0,0.0
2018-06-26,0.0,0.0,0.0,0.0
2018-06-27,0.0,0.0,0.0,0.0
2018-06-28,0.0,0.0,0.0,0.0
2018-06-29,0.0,0.0,0.0,0.0
2018-06-30,0.0,0.0,0.0,0.0
2018-07-01,0.0,0.0,0.0,0.0
2018-07-02,0.0,0.0,0.0,0.0
2018-07-03,0.0,0.0,0.0,0.0
2018-07-04,0.0,0.0,0.0,0.0
2018-07-05,0.0,0.0,0.0,0.0
2018-07-06,0.0,0.0,0.0,0.0
2018-07-07,0.0,0.0,0.0,0.0
2018-07-08,0.0,0.0,0.0,0.0
2018-07-09,0.0,0.0,0.0,0.0
2018-07-10,0.0,0.0,0.0,0.0
2018-07-11,0.0,0.0,0.0,0.0
2018-07-12,0.0,0.0,0.0,0.0
2018-07-13,0.0,0.0,0.0,0.0
2018-07-14,0.0,0.0,0.0,0.0
2018-07-15,0.0,0.0,0.0,0.0
2018-07-16,0.0,0.0,0.0,0.0
2018-07-17,0.0,0.0,0.0,0.0
2018-07-18,0.0,0.0,0.0,0.0
2018-07-19,0.0,0.0,0.0,0.0
2018-07-20,0.0,0.0,0.0,0.0
2018-07-21,0.0,0.0,0.0,0.0
2018-07-22,0.0,0.0,0.0,0.0
2018-07-23,0.0,0.0,0.0,0.0
2018-07-24,0.009254027164402157,0.0058256940319447725,0.0,-0.0008333333333333526
2018-07-25,-0.004928882791954359,-0.0026549677678590067,0.0,-0.0008326383097024825
2018-07-26,-0.005634198568237436,-0.0034073368452113284,0.0,0.0
2018-07-27,0.005952709099771525,0.0026925422097823226,0.0,0.0
2018-07-28,0.000803554540309559,-0.0002883556396413578,0.0,0.0
2018-07-29,-0.00030909918832566774,-0.001400926352528864,0.0,0.0
2018-07-30,-0.001137854322802223,-0.004760114519158698,0.0,0.0
2018-07-31,-0.012912668758460533,-0.011291739116348731,0.0,0.0
2018-08-01,-0.0020939328210325403,-0.0033115659589172397,0.0,-0.0008347222202900184
2018-08-02,-0.0012430676771445492,-0.0026814123602986184,0.0,0.0
2018-08-03,-0.00011876011384459595,-0.00011276831741902082,0.0,-0.0008340295163029587
2018-08-04,0.0,0.0,0.0,0.0
2018-08-05,0.0,0.0,0.0,0.0
2018-08-06,0.0,0.0,0.0,0.0
2018-08-07,0.0,0.0,0.0,0.0
2018-08-08,0.0,0.0,0.0,0.0
2018-08-09,0.0,0.0,0.0,0.0
2018-08-10,0.0,0.0,0.0,0.0
2018-08-11,0.0,0.0,0.0,0.0
2018-08-12,0.0,0.0,0.0,0.0
2018-08-13,0.0,0.0,0.0,0.0
2018-08-14,0.0,0.0,0.0,0.0
2018-08-15,0.0,0.0,0.0,0.0
2018-08-16,0.0,0.0,0.0,0.0
2018-08-17,0.0,0.0,0.0,0.0
2018-08-18,0.0,0.0,0.0,0.0
2018-08-19,0.0,0.0,0.0,0.0
2018-08-20,0.0,0.0,0.0,0.0
2018-08-21,0.0,0.0,0.0,0.0
2018-08-22,0.0,0.0,0.0,0.0
2018-08-23,0.0,0.0,0.0,0.0
2018-08-24,0.0,0.0,0.0,0.0
2018-08-25,0.0,0.0,0.0,0.0
2018-08-26,0.0,0.0,0.0,0.0
2018-08-27,0.0,0.0,0.0,0.0
2018-08-28,0.0,0.0,0.0,0.0
2018-08-29,-0.0007695728800465318,-0.0016152214712619184,0.0,-0.0008333333333333526
2018-08-30,-0.0006873764369692559,-0.000994682553815851,0.0,0.0
2018-08-31,0.0003910863449458901,-0.000547509727745199,0.0,0.0
2018-09-01,0.002798947157084619,0.0031587411781179853,0.0,0.0
2018-09-02,0.001507922466260636,-6.605863531150558e-05,0.0,0.0
2018-09-03,-0.0005755428804651297,-0.0013917271861610958,0.0,0.0
2018-09-04,0.0014184911457442162,-0.0008357590402784387,0.0,0.0
2018-09-05,-0.009720393034184593,-0.012529215657656634,0.0,0.0
2018-09-06,-9.978743022165393e-05,-5.107683223481985e-05,0.0,-0.0008340283569641116
2018-09-07,0.0,0.0,0.0,0.0
2018-09-08,0.0,0.0,0.0,0.0
2018-09-09,0.0,0.0,0.0,0.0
2018-09-10,0.0,0.0,0.0,0.0
2018-09-11,0.0,0.0,0.0,0.0
2018-09-12,0.0,0.0,0.0,0.0
2018-09-13,0.0,0.0,0.0,0.0
2018-09-14,0.0,0.0,0.0,0.0
2018-09-15,0.0,0.0,0.0,0.0
2018-09-16,0.0,0.0,0.0,0.0
2018-09-17,0.0,0.0,0.0,0.0
2018-09-18,0.0,0.0,0.0,0.0
2018-09-19,0.0,0.0,0.0,0.0
2018-09-20,0.0,0.0,0.0,0.0
2018-09-21,0.0,0.0,0.0,0.0
2018-09-22,-0.0008418185637059095,-0.00147789452717495,0.0,-0.0008333333333333526
2018-09-23,-0.0001325646283323323,-5.119523093899403e-05,0.0,-0.0008340283569641116
2018-09-24,0.0,0.0,0.0,0.0
2018-09-25,0.0,0.0,0.0,0.0
2018-09-26,0.0,0.0,0.0,0.0
2018-09-27,0.0,0.0,0.0,0.0
2018-09-28,0.0,0.0,0.0,0.0
2018-09-29,0.0,0.0,0.0,0.0
2018-09-30,0.0,0.0,0.0,0.0
2018-10-01,0.0,0.0,0.0,0.0
2018-10-02,0.0,0.0,0.0,0.0
2018-10-03,0.0,0.0,0.0,0.0
2018-10-04,0.0,0.0,0.0,0.0
2018-10-05,0.0,0.0,0.0,0.0
2018-10-06,0.0,0.0,0.0,0.0
2018-10-07,0.0,0.0,0.0,0.0
2018-10-08,0.0,0.0,0.0,0.0
2018-10-09,0.0,0.0,0.0,0.0
2018-10-10,0.0,0.0,0.0,0.0
2018-10-11,0.0,0.0,0.0,0.0
2018-10-12,0.0,0.0,0.0,0.0
2018-10-13,0.0,0.0,0.0,0.0
2018-10-14,0.0,0.0,0.0,0.0
2018-10-15,0.0,0.0,0.0,0.0
2018-10-16,0.0,0.0,0.0,0.0
2018-10-17,0.0,0.0,0.0,0.0
2018-10-18,0.0,0.0,0.0,0.0
2018-10-19,0.0,0.0,0.0,0.0
2018-10-20,0.0,0.0,0.0,0.0
2018-10-21,0.0,0.0,0.0,0.0
2018-10-22,0.0,0.0,0.0,0.0
2018-10-23,0.0,0.0,0.0,0.0
2018-10-24,0.0,0.0,0.0,0.0
2018-10-25,0.0,0.0,0.0,0.0
2018-10-26,0.0,0.0,0.0,0.0
2018-10-27,0.0,0.0,0.0,0.0
2018-10-28,0.0,0.0,0.0,0.0
2018-10-29,0.0,0.0,0.0,0.0
2018-10-30,0.0,0.0,0.0,0.0
2018-10-31,0.0,0.0,0.0,0.0
2018-11-01,0.0,0.0,0.0,0.0
2018-11-02,0.0,0.0,0.0,0.0
2018-11-03,0.0,0.0,0.0,0.0
2018-11-04,0.0,0.0,0.0,0.0
2018-11-05,0.0,0.0,0.0,0.0
2018-11-06,0.0,0.0,0.0,0.0
2018-11-07,0.0,0.0,0.0,0.0
2018-11-08,0.0,0.0,0.0,0.0
2018-11-09,0.0,0.0,0.0,0.0
2018-11-10,0.0,0.0,0.0,0.0
2018-11-11,0.0,0.0,0.0,0.0
2018-11-12,0.0,0.0,0.0,0.0
2018-11-13,0.0,0.0,0.0,0.0
2018-11-14,0.0,0.0,0.0,0.0
2018-11-15,0.0,0.0,0.0,0.0
2018-11-16,0.0,0.0,0.0,0.0
2018-11-17,0.0,0.0,0.0,0.0
2018-11-18,0.0,0.0,0.0,0.0
2018-11-19,0.0,0.0,0.0,0.0
2018-11-20,0.0,0.0,0.0,0.0
2018-11-21,0.0,0.0,0.0,0.0
2018-11-22,0.0,0.0,0.0,0.0
2018-11-23,0.0,0.0,0.0,0.0
2018-11-24,0.0,0.0,0.0,0.0
2018-11-25,0.0,0.0,0.0,0.0
2018-11-26,0.0,0.0,0.0,0.0
2018-11-27,0.0,0.0,0.0,0.0
2018-11-28,0.0,0.0,0.0,0.0
2018-11-29,0.0,0.0,0.0,0.0
2018-11-30,0.0,0.0,0.0,0.0
2018-12-01,0.0,0.0,0.0,0.0
2018-12-02,0.0,0.0,0.0,0.0
2018-12-03,0.0,0.0,0.0,0.0
2018-12-04,0.0,0.0,0.0,0.0
2018-12-05,0.0,0.0,0.0,0.0
2018-12-06,0.0,0.0,0.0,0.0
2018-12-07,0.0,0.0,0.0,0.0
2018-12-08,0.0,0.0,0.0,0.0
2018-12-09,0.0,0.0,0.0,0.0
2018-12-10,0.0,0.0,0.0,0.0
2018-12-11,0.0,0.0,0.0,0.0
2018-12-12,0.0,0.0,0.0,0.0
2018-12-13,0.0,0.0,0.0,0.0
2018-12-14,0.0,0.0,0.0,0.0
2018-12-15,0.0,0.0,0.0,0.0
2018-12-16,0.0,0.0,0.0,0.0
2018-12-17,0.0,0.0,0.0,0.0
2018-12-18,0.0,0.0,0.0,0.0
2018-12-19,0.0,0.0,0.0,0.0
2018-12-20,0.0,0.0,0.0,0.0
2018-12-21,0.0,0.0,0.0,0.0
2018-12-22,0.0,0.0,0.0,0.0
2018-12-23,0.0,0.0,0.0,0.0
2018-12-24,0.0,0.0,0.0,0.0
2018-12-25,0.0,0.0,0.0,0.0
2018-12-26,0.0,0.0,0.0,0.0
2018-12-27,0.0,0.0,0.0,0.0
2018-12-28,0.0,0.0,0.0,0.0
2018-12-29,0.0,0.0,0.0,0.0
2018-12-30,0.0,0.0,0.0,0.0
2018-12-31,0.0,0.0,0.0,0.0
2019-01-01,0.0,0.0,0.0,0.0
2019-01-02,0.0,0.0,0.0,0.0
2019-01-03,0.0,0.0,0.0,0.0
2019-01-04,0.0,0.0,0.0,0.0
2019-01-05,0.0,0.0,0.0,0.0
2019-01-06,0.0,0.0,0.0,0.0
2019-01-07,0.0,0.0,0.0,0.0
2019-01-08,0.0,0.0,0.0,0.0
2019-01-09,0.0,0.0,0.0,0.0
2019-01-10,0.0,0.0,0.0,0.0
2019-01-11,0.0,0.0,0.0,0.0
2019-01-12,0.0,0.0,0.0,0.0
2019-01-13,0.0,0.0,0.0,0.0
2019-01-14,0.0,0.0,0.0,0.0
2019-01-15,0.0,0.0,0.0,0.0
2019-01-16,0.0,0.0,0.0,0.0
2019-01-17,0.0,0.0,0.0,0.0
2019-01-18,0.0,0.0,0.0,0.0
2019-01-19,0.0,0.0,0.0,0.0
2019-01-20,0.0,0.0,0.0,0.0
2019-01-21,0.0,0.0,0.0,0.0
2019-01-22,0.0,0.0,0.0,0.0
2019-01-23,0.0,0.0,0.0,0.0
2019-01-24,0.0,0.0,0.0,0.0
2019-01-25,0.0,0.0,0.0,0.0
2019-01-26,0.0,0.0,0.0,0.0
2019-01-27,0.0,0.0,0.0,0.0
2019-01-28,0.0,0.0,0.0,0.0
2019-01-29,0.0,0.0,0.0,0.0
2019-01-30,0.0,0.0,0.0,0.0
2019-01-31,0.0,0.0,0.0,0.0
2019-02-01,0.0,0.0,0.0,0.0
2019-02-02,0.0,0.0,0.0,0.0
2019-02-03,0.0,0.0,0.0,0.0
2019-02-04,0.0,0.0,0.0,0.0
2019-02-05,0.0,0.0,0.0,0.0
2019-02-06,0.0,0.0,0.0,0.0
2019-02-07,0.0,0.0,0.0,0.0
2019-02-08,0.0,0.0,0.0,0.0
2019-02-09,0.0,0.0,0.0,0.0
2019-02-10,0.0,0.0,0.0,0.0
2019-02-11,0.0,0.0,0.0,0.0
2019-02-12,0.0,0.0,0.0,0.0
2019-02-13,0.0,0.0,0.0,0.0
2019-02-14,0.0,0.0,0.0,0.0
2019-02-15,0.0,0.0,0.0,0.0
2019-02-16,0.0,0.0,0.0,0.0
2019-02-17,0.0,0.0,0.0,0.0
2019-02-18,0.0,0.0,0.0,0.0
2019-02-19,0.0,0.0,0.0,0.0
2019-02-20,0.002009108289245276,0.002456267651488764,0.0,-0.0008333333333333526
2019-02-21,-0.0011203008995682717,-0.0013874399276694316,0.0,0.0
2019-02-22,0.0008538776362805311,0.0008437250466204471,0.0,0.0
2019-02-23,0.005382199749148331,0.0052650501023940866,0.0,0.0
2019-02-24,-0.012861051121696665,-0.012900356744386277,0.0,0.0
2019-02-25,-0.00013034044266757583,-6.720157299777707e-05,0.0,-0.0008340283569641116
2019-02-26,-0.0006147014518773641,-0.0007325483712591341,0.0,-0.0008333333333333526
2019-02-27,0.00024146560396065553,-0.000492039393312993,0.0,0.0
2019-02-28,-0.00011961131541904368,0.0001312750974027388,0.0,0.0
2019-03-01,0.0002542727304599701,-8.203616657098678e-06,0.0,0.0
2019-03-02,-8.38258693105498e-05,-0.0011321083860625913,0.0,0.0
2019-03-03,-0.0003326008734574337,-0.0008048722303852784,0.0,0.0
2019-03-04,-0.0025253843416829236,-0.0020343504229822784,0.0,0.0
2019-03-05,0.0039004991701390157,0.004558821550127323,0.0,0.0
2019-03-06,0.00011211658662468871,0.0002787651714415418,0.0,0.0
2019-03-07,0.00032185581782906425,-0.00024180237502324786,0.0,0.0
2019-03-08,-0.00023858748092642212,-0.0013486817311006982,0.0,0.0
2019-03-09,0.002131435577776619,0.0015393272758357224,0.0,0.0
2019-03-10,-0.0007135940662753582,-0.0007787271038853794,0.0,0.0
2019-03-11,-0.00123129770609276,-0.0011074746207622166,0.0,0.0
2019-03-12,0.0004230188648093325,0.0003695674935404458,0.0,0.0
2019-03-13,-0.000732385260746482,-0.0007881193895789007,0.0,0.0
2019-03-14,0.00048715439973512353,0.00022594143563270386,0.0,0.0
2019-03-15,0.002042249821571751,0.0017906947885013569,0.0,0.0
2019-03-16,0.0035928721558005083,0.0017874939324322714,0.0,0.0
2019-03-17,-0.0010815791708717049,-0.000920799340063061,0.0,0.0
2019-03-18,0.00029073849332150736,-0.0004423910366048167,0.0,0.0
2019-03-19,0.0012079353186802422,0.0006977695434535747,0.0,0.0
2019-03-20,0.0011973379866963008,0.00035849671569221364,0.0,0.0
2019-03-21,-0.0027126332087922256,-0.003240895404597044,0.0,0.0
2019-03-22,0.00027418065673590064,0.0008832017411939397,0.0,0.0
2019-03-23,0.001030318212504877,0.0010151761942212012,0.0,0.0
2019-03-24,-0.0007840850789669895,-0.0009283342472666822,0.0,0.0
2019-03-25,-0.0031807882621867067,-0.001647567528430871,0.0,0.0
2019-03-26,0.000492311304530979,0.00015642525941794716,0.0,0.0
2019-03-27,0.005616832289928597,0.004121160931994661,0.0,0.0
2019-03-28,-0.0006479852028026256,-0.0012382831512001147,0.0,0.0
2019-03-29,0.004776923862249927,0.004202906391295391,0.0,0.0
2019-03-30,0.00021307177954854595,-0.001586447126282975,0.0,-0.0008326383097024825
2019-03-31,-0.00035857426658325586,-0.001967755721835718,0.0,0.0
2019-04-01,0.0048234848642843,-0.0002555823690922887,0.0,0.0
2019-04-02,0.08424869705995919,0.040301035133091245,0.0,0.0
2019-04-03,0.005030535081865795,-0.005880302180010344,0.0,-0.0008319444463766867
2019-04-04,-0.0023421594829738934,-0.004590811979009568,0.0,0.0
2019-04-05,0.008823984070706725,0.01713788018634843,0.0,0.0
2019-04-06,0.003230268939667713,0.0016682926912068297,0.0,0.0
2019-04-07,0.011732233658605873,0.01987209320394534,0.0,0.0
2019-04-08,0.006141508319048139,0.01008918984211249,0.0,0.0
2019-04-09,-0.008897811734154826,-0.010358662884902947,0.0,0.0
2019-04-10,0.016251067677701236,0.006370491208514517,0.0,0.0
2019-04-11,-0.0293934813608544,-0.03278121133973466,0.0,0.0
2019-04-12,0.0031899415290113087,-0.002285453733331222,0.0,0.0
2019-04-13,-0.0003698961734655004,-0.0006374326024078947,0.0,0.0
2019-04-14,0.00981941038886558,0.012408678154299135,0.0,0.0
2019-04-15,-0.012013704149647753,-0.02104433389860927,0.0,0.0
2019-04-16,0.01884575988421333,0.01600442467238361,0.0,0.0
2019-04-17,0.0036304394072610435,0.0011044060511418152,0.0,0.0
2019-04-18,0.006913904294609363,0.024989694523111616,0.0,0.0
2019-04-19,-2.5679966513925123e-05,-0.0022252516099483532,0.0,0.0
2019-04-20,0.004444467038441813,0.0007757267471750762,0.0,0.0
2019-04-21,-0.00525358596311154,-0.013855367626493531,0.0,0.0
2019-04-22,0.01480729050005003,0.006938865950340434,0.0,0.0
2019-04-23,0.01967216153387752,-0.0048972625802373715,0.0,0.0
2019-04-24,-0.011094999979033071,-0.015849686326815382,0.0,0.0
2019-04-25,-0.030170688824103453,-0.040258083957962376,0.0,0.0
2019-04-26,0.014990641458239917,0.013450382174225561,0.0,0.0
2019-04-27,-0.0028864302328123204,0.005588155976665066,0.0,0.0
2019-04-28,0.0018601475486514918,-0.005965712466702744,0.0,0.0
2019-04-29,-0.010889046282502757,-0.011263118663565663,0.0,0.0
2019-04-30,0.014168315125481667,0.027938085084016517,0.0,0.0
2019-05-01,0.010596154236276023,-0.006632912277928504,0.0,0.0
2019-05-02,0.018430770351659742,0.00659577228276409,0.0,0.0
2019-05-03,0.04617457259844593,0.025279911784023223,0.0,0.0
2019-05-04,0.008256616213966783,-0.017200440833614494,0.0,0.0
2019-05-05,-0.007826736960914071,-0.0026091646869162988,0.0,0.0
2019-05-06,-0.004370901459342935,0.04366138929736296,0.0,0.0
2019-05-07,0.015367093573896096,-0.01453515117166082,0.0,0.0
2019-05-08,0.021645972526165513,0.006415516100486185,0.0,0.0
2019-05-09,0.03335410760746371,0.00019085687501929627,0.0,0.0
2019-05-10,0.023878294945426592,0.008311182453143662,0.0,0.0
2019-05-11,0.09986227447264429,0.07141094181518493,0.0,0.0
2019-05-12,-0.008104754304817718,-0.0061662797380013235,0.0,0.0
2019-05-13,0.05861701647345985,0.022243530809782586,0.0,0.0
2019-05-14,0.007224530145617747,0.057875262170664854,0.0,0.0
2019-05-15,0.01038746021189585,0.06188341201085734,0.0,0.0
2019-05-16,-0.014025107489640143,0.019181860955562513,0.0,0.0
2019-05-17,-0.0239826872951584,-0.023443314776236734,0.0,0.0
2019-05-18,-0.004700264616939398,-0.012875450666711918,0.0,0.0
2019-05-19,0.04302070148983672,0.03158450840356819,0.0,0.0
2019-05-20,-0.007968639697683577,-0.010800605237071048,0.0,0.0
2019-05-21,-0.001259623478662153,0.0036554385002265377,0.0,0.0
2019-05-22,-0.010476246439726444,-0.011652419323020524,0.0,0.0
2019-05-23,0.010001724016975189,0.0011079279963612798,0.0,0.0
2019-05-24,0.005058106844207044,0.005184657581754237,0.0,0.0
2019-05-25,0.0026876914347344627,0.0016155883991366693,0.0,0.0
2019-05-26,0.030097663083940907,0.020176528666304483,0.0,0.0
2019-05-27,0.007051414620445673,0.008474051612265221,0.0,0.0
2019-05-28,-0.0020074917235911593,0.0006910234758301659,0.0,0.0
2019-05-29,-0.0034593566500610295,-0.0030384036853774443,0.0,0.0
2019-05-30,-0.018663798732171277,-0.023007231641679837,0.0,0.0
2019-05-31,0.014433709609188217,0.021956994053429657,0.0,0.0
2019-06-01,-0.0005447900808210893,-0.005749798835401276,0.0,0.0
2019-06-02,0.010606044517499358,0.0073705541901947225,0.0,0.0
2019-06-03,-0.03545222875695464,-0.030504704736725174,0.0,0.0
2019-06-04,-0.021788013950898688,-0.014131666627715922,0.0,0.0
2019-06-05,0.004630846686263457,0.00713346818174565,0.0,0.0
2019-06-06,0.0005255047290353421,0.0052286814167414875,0.0,0.0
2019-06-07,0.009980890448682667,1.6618161378101348e-05,0.0,0.0
2019-06-08,-0.005228734322480499,-0.0106168669743677,0.0,0.0
2019-06-09,-0.01585051456065345,-0.023712807942804837,0.0,0.0
2019-06-10,0.02151282050559189,0.03074201180573133,0.0,0.0
2019-06-11,-0.005811003493915834,-0.003756425976577882,0.0,0.0
2019-06-12,0.01449982304062436,0.02815327707919546,0.0,0.0
2019-06-13,0.00535221144073228,-0.010524186267802604,0.0,0.0
2019-06-14,0.031358609361867185,0.012802740413875746,0.0,0.0
2019-06-15,0.011225818256117792,0.010540965934810798,0.0,0.0
2019-06-16,0.010116989911232332,-0.00017708151621764756,0.0,0.0
2019-06-17,0.02720422586955773,0.011799908777382573,0.0,0.0
2019-06-18,-0.017103230268400327,-0.018345287363076168,0.0,0.0
2019-06-19,0.013023115436374244,0.007651138813542735,0.0,0.0
2019-06-20,0.01933675569524551,0.006720279777165938,0.0,0.0
2019-06-21,0.046602982657869774,0.05484933939556491,0.0,0.0
2019-06-22,0.035236916117413086,0.030060324634448854,0.0,0.0
2019-06-23,0.010572713642161391,-0.004045888483714677,0.0,0.0
2019-06-24,0.008918589903796015,0.005583458804623964,0.0,0.0
2019-06-25,0.044884115699149296,0.011781174555726803,0.0,0.0
2019-06-26,0.06406107678058648,0.037165801567150325,0.0,0.0
2019-06-27,-0.05888255336254,-0.06959902737291956,0.0,0.0
2019-06-28,0.0254064467817392,0.013886006426173436,0.0,0.0
2019-06-29,-0.011572332281136521,0.007193644802142574,0.0,0.0
2019-06-30,-0.024687142556190422,-0.027090603605482433,0.0,0.0
2019-07-01,-0.005529638393398817,0.0026481744544144536,0.0,0.0
2019-07-02,0.005287424913907657,-0.004000774993050182,0.0,0.0
2019-07-03,0.026480298735343633,0.012446263849392958,0.0,0.0
2019-07-04,-0.018677004335591052,-0.023524369938355605,0.0,0.0
2019-07-05,-0.004191634446607306,0.006202705254914953,0.0,0.0
2019-07-06,0.006875747908061447,0.0010664271043441254,0.0,0.0
2019-07-07,0.0035785695224266334,0.02457087453647122,0.0,0.0
2019-07-08,0.019819945253070514,0.010607090156397048,0.0,0.0
2019-07-09,0.007116999879373864,-0.006529086986434063,0.0,0.0
2019-07-10,-0.010085954647029771,-0.026564853499299157,0.0,0.0
2019-07-11,-0.017927683756026047,-0.030837627224220343,0.0,0.0
2019-07-12,0.009880825865912213,0.009252178687527257,0.0,0.0
2019-07-13,-0.009480233175150121,-0.008922489560344249,0.0,0.0
2019-07-14,-0.02816934336755239,-0.06630891361196223,0.0,0.0
2019-07-15,0.01630212146152199,0.0023038503031640456,0.0,0.0
2019-07-16,-0.033772113029743145,-0.030405646289094257,0.0,0.0
2019-07-17,0.005704053289153022,0.012759705152172618,0.0,0.0
2019-07-18,0.023827456066766617,0.01575660343462637,0.0,0.0
2019-07-19,-0.0029810515313865027,-0.005198453117069901,0.0,0.0
2019-07-20,0.005741452656780277,0.007807073663322672,0.0,0.0
2019-07-21,-0.003648191285087199,-0.0029244175489511193,0.0,0.0
2019-07-22,-0.006050128643959929,-0.008185343785082067,0.0,0.0
2019-07-23,-0.011614909883693847,-0.005274722973509283,0.0,0.0
2019-07-24,-0.00251218956529764,0.004037637176727893,0.0,0.0
2019-07-25,0.002889243779398143,0.0029714262734683583,0.0,0.0
2019-07-26,-0.0013805386905125783,-0.0003454648794937176,0.0,0.0
2019-07-27,-0.008598044699421603,-0.015497153192687185,0.0,0.0
2019-07-28,0.001954554385523055,0.005883547705209713,0.0,0.0
2019-07-29,-0.001046526631666711,-0.0009883953364795417,0.0,0.0
2019-07-30,0.002057234894173643,-0.001775450587886862,0.0,0.0
2019-07-31,0.019159111314679178,0.014851921433631121,0.0,0.0
2019-08-01,0.010971861370485447,-0.0026278687205703033,0.0,0.0
2019-08-02,0.005482783607641206,0.0012840444996418121,0.0,0.0
2019-08-03,0.012379194389615433,0.009266318139722785,0.0,0.0
2019-08-04,0.004710856899182714,-0.0008532717666314138,0.0,0.0
2019-08-05,0.04258635453237081,0.026879465183955897,0.0,0.0
2019-08-06,-0.015784237592908923,-0.016173347141207328,0.0,0.0
2019-08-07,0.02279357767869339,-0.0004075840766419869,0.0,0.0
2019-08-08,0.0009536860963748062,-0.010669465376324183,0.0,0.0
2019-08-09,-0.004871481503316066,-0.024866242418442375,0.0,0.0
2019-08-10,-0.023323312391912876,-0.009509795324761927,0.0,0.0
2019-08-11,0.010070491504427403,0.026579656746481106,0.0,0.0
2019-08-12,-0.006375371123493068,-0.013081332926467515,0.0,0.0
2019-08-13,-0.025783067772461643,-0.005582328180630425,0.0,0.0
2019-08-14,-0.04410491905614622,-0.059063210513587094,0.0,0.0
2019-08-15,0.008384974090469344,0.0014574659744657215,0.0,0.0
2019-08-16,0.0013141000414842452,-0.006554026240221278,0.0,0.0
2019-08-17,-0.004826424768905602,0.001474724999372512,0.0,0.0
2019-08-18,0.0037587901319202643,0.01812692480535727,0.0,0.0
2019-08-19,0.02511714875341453,0.016194886420389354,0.0,0.0
2019-08-20,-0.006239739768863384,-0.013127558788329496,0.0,0.0
2019-08-21,-0.025027381484704403,-0.021330951279611488,0.0,0.0
2019-08-22,-0.0015664000650198462,0.005310689244751643,0.0,0.0
2019-08-23,0.011646857460493099,0.006807343639621877,0.0,0.0
2019-08-24,-0.010188078209923845,-0.006300736851902022,0.0,0.0
2019-08-25,0.000336375975652059,-0.008735323210517287,0.0,0.0
2019-08-26,0.009255695835384214,0.004594532359174508,0.0,0.0
2019-08-27,-0.007478551581823201,-0.0030704847058996565,0.0,0.0
2019-08-28,-0.01867826468613354,-0.03060557371582384,0.0,0.0
2019-08-29,-0.005451094986648308,-0.005054283493999501,0.0,-0.0008354149262189692
2019-08-30,0.002055043966373127,-0.0006222349729763099,0.0,0.0
2019-08-31,6.979013014762891e-05,0.003747942624579892,0.0,0.0
2019-09-01,0.00248817433571058,-0.001009503857138827,0.0,0.0
2019-09-02,0.011329697130568084,0.008899916060657764,0.0,0.0
2019-09-03,0.009773961996711877,0.001288307043303627,0.0,-0.0008319398109535303
2019-09-04,-0.0021748641387567824,-0.01046072490595873,0.0,0.0
2019-09-05,-0.00021390884261585086,-0.003046279665970153,0.0,0.0
2019-09-06,-0.013669776606186401,-0.014324417244198528,0.0,0.0
2019-09-07,0.007312291053356512,0.02384220821872507,0.0,0.0
2019-09-08,-0.004523072213292401,0.011217570783589537,0.0,0.0
2019-09-09,-0.004613067176424512,-0.0020335330321544776,0.0,0.0
2019-09-10,-0.010929007261735513,-0.0020700333975025575,0.0,0.0
2019-09-11,0.0013657615244515586,-0.002388592600319317,0.0,-0.0008354149146110323
2019-09-12,0.009069267519177249,0.004479178686306762,0.0,0.0
2019-09-13,-0.005051727445017695,0.0005103037396421151,0.0,-0.0008319398109729592
2019-09-14,-0.0005407376845232292,0.015611074945528047,0.0,-0.0008354149146111434
2019-09-15,-0.0015960288033574077,0.001956233369890814,0.0,0.0
2019-09-16,-0.002365334507060002,0.017766967331629635,0.0,0.0
2019-09-17,-0.0029690561018419492,0.01882446896134371,0.0,0.0
2019-09-18,-0.0011749252725907766,0.0027647853930743427,0.0,0.0
2019-09-19,0.0029515691315677994,0.012135949732831941,0.0,0.0
2019-09-20,-0.002551847007735364,-0.0026419601271886473,0.0,0.0
2019-09-21,-0.006157675464326329,-0.0035718988863919776,0.0,0.0
2019-09-22,0.001444559529013345,-0.0046312439164000185,0.0,0.0
2019-09-23,-0.011090900223810318,-0.011976407798621191,0.0,0.0
2019-09-24,-0.03157092202387468,-0.03128327606329917,0.0,0.0
2019-09-25,-0.0005289353538185937,0.0007194060718287432,0.0,-0.0008347268556937459
2019-09-26,-0.0020174601341129694,-0.0008138072398501395,0.0,0.0
2019-09-27,-4.4499728949487505e-05,-3.344972094088128e-05,0.0,-0.000834029520172308
2019-09-28,0.0,0.0,0.0,0.0
2019-09-29,0.0,0.0,0.0,0.0
2019-09-30,0.0,0.0,0.0,0.0
2019-10-01,0.0,0.0,0.0,0.0
2019-10-02,0.0,0.0,0.0,0.0
2019-10-03,0.0,0.0,0.0,0.0
2019-10-04,0.0,0.0,0.0,0.0
2019-10-05,0.0,0.0,0.0,0.0
2019-10-06,0.0,0.0,0.0,0.0
2019-10-07,0.0,0.0,0.0,0.0
2019-10-08,0.0,0.0,0.0,0.0
2019-10-09,0.0,0.0,0.0,0.0
2019-10-10,0.0,0.0,0.0,0.0
2019-10-11,0.0,0.0,0.0,0.0
2019-10-12,0.0,0.0,0.0,0.0
2019-10-13,0.0,0.0,0.0,0.0
2019-10-14,0.0,0.0,0.0,0.0
2019-10-15,0.0,0.0,0.0,0.0
2019-10-16,0.0,0.0,0.0,0.0
2019-10-17,0.0,0.0,0.0,0.0
2019-10-18,0.0,0.0,0.0,0.0
2019-10-19,0.0,0.0,0.0,0.0
2019-10-20,0.0,0.0,0.0,0.0
2019-10-21,0.0,0.0,0.0,0.0
2019-10-22,0.0,0.0,0.0,0.0
2019-10-23,0.0,0.0,0.0,0.0
2019-10-24,0.0,0.0,0.0,0.0
2019-10-25,0.0,0.0,0.0,0.0
2019-10-26,0.0,0.0,0.0,0.0
2019-10-27,0.002280382507773071,0.001786320996193469,0.0,-0.0008333333333333526
2019-10-28,-0.0025420031733961457,-0.0008870865551250384,0.0,0.0
2019-10-29,0.0015887697225160924,0.003822670099246306,0.0,0.0
2019-10-30,-0.001981245100641127,-0.003193760623405595,0.0,0.0
2019-10-31,-0.00010887474094323224,-0.00041525153353760835,0.0,0.0
2019-11-01,0.000712512433150847,0.00029298326961524346,0.0,0.0
2019-11-02,0.0004542994329752581,2.6229622886120296e-05,0.0,0.0
2019-11-03,-0.0007434393106895421,-0.0005988940138011989,0.0,0.0
2019-11-04,0.0015587665339558132,0.0018240033610088524,0.0,0.0
2019-11-05,-0.0006635445138304386,0.0012967450401695224,0.0,0.0
2019-11-06,0.00023826316109332168,0.0010814016370568336,0.0,0.0
2019-11-07,-0.0016906651293890906,-0.0019513894956623146,0.0,0.0
2019-11-08,-0.005914107128345836,-0.002162640012090322,0.0,0.0
2019-11-09,-0.00011796840605560188,-0.00013216156711304272,0.0,-0.0008340283569641116
2019-11-10,0.0,0.0,0.0,0.0
2019-11-11,0.0,0.0,0.0,0.0
2019-11-12,0.0,0.0,0.0,0.0
2019-11-13,0.0,0.0,0.0,0.0
2019-11-14,0.0,0.0,0.0,0.0
2019-11-15,0.0,0.0,0.0,0.0
2019-11-16,0.0,0.0,0.0,0.0
2019-11-17,0.0,0.0,0.0,0.0
2019-11-18,0.0,0.0,0.0,0.0
2019-11-19,0.0,0.0,0.0,0.0
2019-11-20,0.0,0.0,0.0,0.0
2019-11-21,0.0,0.0,0.0,0.0
2019-11-22,0.0,0.0,0.0,0.0
2019-11-23,0.0,0.0,0.0,0.0
2019-11-24,0.0,0.0,0.0,0.0
2019-11-25,0.0,0.0,0.0,0.0
2019-11-26,0.0,0.0,0.0,0.0
2019-11-27,0.0,0.0,0.0,0.0
2019-11-28,0.0,0.0,0.0,0.0
2019-11-29,0.0,0.0,0.0,0.0
2019-11-30,0.0,0.0,0.0,0.0
2019-12-01,0.0,0.0,0.0,0.0
2019-12-02,0.0,0.0,0.0,0.0
2019-12-03,0.0,0.0,0.0,0.0
2019-12-04,0.0,0.0,0.0,0.0
2019-12-05,0.0,0.0,0.0,0.0
2019-12-06,0.0,0.0,0.0,0.0
2019-12-07,0.0,0.0,0.0,0.0
2019-12-08,0.0,0.0,0.0,0.0
2019-12-09,0.0,0.0,0.0,0.0
2019-12-10,0.0,0.0,0.0,0.0
2019-12-11,0.0,0.0,0.0,0.0
2019-12-12,0.0,0.0,0.0,0.0
2019-12-13,0.0,0.0,0.0,0.0
2019-12-14,0.0,0.0,0.0,0.0
2019-12-15,0.0,0.0,0.0,0.0
2019-12-16,0.0,0.0,0.0,0.0
2019-12-17,0.0,0.0,0.0,0.0
2019-12-18,0.0,0.0,0.0,0.0
2019-12-19,0.0,0.0,0.0,0.0
2019-12-20,0.0,0.0,0.0,0.0
2019-12-21,0.0,0.0,0.0,0.0
2019-12-22,0.0,0.0,0.0,0.0
2019-12-23,0.0,0.0,0.0,0.0
2019-12-24,0.0,0.0,0.0,0.0
2019-12-25,0.0,0.0,0.0,0.0
2019-12-26,0.0,0.0,0.0,0.0
2019-12-27,0.0,0.0,0.0,0.0
2019-12-28,0.0,0.0,0.0,0.0
2019-12-29,0.0,0.0,0.0,0.0
2019-12-30,0.0,0.0,0.0,0.0
2019-12-31,0.0,0.0,0.0,0.0
2020-01-01,0.0,0.0,0.0,0.0
2020-01-02,0.0,0.0,0.0,0.0
2020-01-03,0.0,0.0,0.0,0.0
2020-01-04,0.0,0.0,0.0,0.0
2020-01-05,0.0,0.0,0.0,0.0
2020-01-06,0.0,0.0,0.0,0.0
2020-01-07,0.0,0.0,0.0,0.0
2020-01-08,-0.0011713443321844652,-0.0014066226899002165,0.0,-0.0008333333333333526
2020-01-09,-0.0028668897999054588,-0.0018884470540434517,0.0,0.0
2020-01-10,-9.435436050153623e-05,-8.745195954440454e-05,0.0,-0.0008340283569641116
2020-01-11,-0.00217469551317806,-0.0016218281673555657,0.0,-0.0008333333333333526
2020-01-12,0.0019412947301038486,0.0025943110171844364,0.0,0.0
2020-01-13,-0.0008766290445353375,-0.0018411754880663933,0.0,0.0
2020-01-14,0.008224667694131549,0.013747044256982033,0.0,0.0
2020-01-15,0.0001799941152391682,0.0008091821177411695,0.0,-0.0008326383097024825
2020-01-16,-0.003024893785870897,-0.002604258817027527,0.0,0.0
2020-01-17,0.006948842442585645,0.006724370324008966,0.0,0.0
2020-01-18,9.645054538176545e-05,0.005080649429268558,0.0,0.0
2020-01-19,-0.007710261510285199,-0.011190725516668665,0.0,0.0
2020-01-20,-0.0025766394274601145,0.00012253774097681358,0.0,0.0
2020-01-21,0.003991699838283624,0.004012619319680555,0.0,0.0
2020-01-22,-0.0022777836288512265,-0.0021660867284485352,0.0,0.0
2020-01-23,-0.013765041986549598,-0.0098173751986943,0.0,0.0
2020-01-24,0.0005667844417154289,-0.0004000542330766521,0.0,-0.0008347222202900184
2020-01-25,-0.004831528706257249,-0.004136271555376658,0.0,-0.0008326371503637464
2020-01-26,0.005519479651959758,0.00593313424009323,0.0,-0.0008347222183545666
2020-01-27,0.012990492313062152,0.0036688514948308715,0.0,-0.0008326371503653007
2020-01-28,0.02078358801773139,0.009538286925971473,0.0,0.0
2020-01-29,-0.005669843888525539,-0.006684161321548476,0.0,-0.0008319444483121385
2020-01-30,0.01686091326147765,0.03679777073787971,0.0,0.0
2020-01-31,-0.012595496988663135,-0.015206129505660582,0.0,0.0
2020-02-01,0.0025238624334189552,0.011859945465710231,0.0,0.0
2020-02-02,-0.004661077403470437,0.015714495651581117,0.0,0.0
2020-02-03,-0.0034133829820254258,0.0039957052844665775,0.0,0.0
2020-02-04,-0.008304954242302487,-0.002483397174294355,0.0,0.0
2020-02-05,0.036500595443536454,0.047461604452536,0.0,0.0
2020-02-06,0.013572903542873993,0.028673648558477094,0.0,0.0
2020-02-07,0.003493451837484507,0.030036800832090815,0.0,0.0
2020-02-08,0.0071894065638600235,-0.0007882087358247469,0.0,0.0
2020-02-09,0.022706910560811533,0.014021424217419698,0.0,0.0
2020-02-10,-0.025940982310158955,-0.014234234802763979,0.0,0.0
2020-02-11,0.03296569081877143,0.035583728626669586,0.0,0.0
2020-02-12,0.008886819301845206,0.07233246836500151,0.0,0.0
2020-02-13,-0.008250443707436439,0.00402601384203205,0.0,0.0
2020-02-14,0.010621949696327349,0.030878309983898067,0.0,0.0
2020-02-15,-0.04055896290075567,-0.0361425780896113,0.0,0.0
2020-02-16,0.000982532187500773,-0.009020962677803723,0.0,0.0
2020-02-17,-0.018187230384614117,0.013439014002236682,0.0,0.0
2020-02-18,0.040219648204051994,0.02174771511571172,0.0,0.0
2020-02-19,-0.048122730791888224,-0.0392288525810458,0.0,0.0
2020-02-20,-0.000123146699224419,-0.0018543053447308555,0.0,0.0
2020-02-21,0.004791997622644262,0.009586457603669052,0.0,0.0
2020-02-22,-0.0018287139745979397,-0.004227808813944689,0.0,0.0
2020-02-23,0.01915031539339407,0.017302001878867435,0.0,0.0
2020-02-24,-0.021358960641293057,-0.011839071968605785,0.0,0.0
2020-02-25,-0.023984572127617954,-0.02520538454558452,0.0,0.0
2020-02-26,-0.03820490617952366,-0.031193155618718715,0.0,0.0
2020-02-27,0.0017041762647611591,0.0038471333701926014,0.0,0.0
2020-02-28,-0.00657242509385314,-0.0010462185815061087,0.0,0.0
2020-02-29,-0.004660129522041645,-0.005114553413623657,0.0,-0.0008354149262237431
2020-03-01,0.0002182495678089147,0.0003159259684999416,0.0,0.0
2020-03-02,0.010114860672453041,0.007453498102992118,0.0,0.0
2020-03-03,-0.005437412347081949,-0.006249907529228382,0.0,-0.0008319398109535303
2020-03-04,-0.0003196619562011449,0.0002706126509923745,0.0,0.0
2020-03-05,0.010559516662000501,0.0031846356889750904,0.0,0.0
2020-03-06,0.0026552008545066563,0.012713514241263546,0.0,0.0
2020-03-07,-0.008411711247446663,-0.005820449148715823,0.0,0.0
2020-03-08,-0.02952053826252765,-0.028928241741910443,0.0,0.0
2020-03-09,-0.0002863553204565106,-0.00015716990974112832,0.0,-0.0025020815812777375
2020-03-10,0.0,0.0,0.0,0.0
2020-03-11,0.0,0.0,0.0,0.0
2020-03-12,0.0,0.0,0.0,0.0
2020-03-13,0.0,0.0,0.0,0.0
2020-03-14,0.0,0.0,0.0,0.0
2020-03-15,0.0,0.0,0.0,0.0
2020-03-16,0.0,0.0,0.0,0.0
2020-03-17,0.0,0.0,0.0,0.0
2020-03-18,0.0,0.0,0.0,0.0
2020-03-19,0.0,0.0,0.0,0.0
2020-03-20,0.0,0.0,0.0,0.0
2020-03-21,0.0,0.0,0.0,0.0
2020-03-22,0.0,0.0,0.0,0.0
2020-03-23,0.0,0.0,0.0,0.0
2020-03-24,0.0,0.0,0.0,0.0
2020-03-25,0.0,0.0,0.0,0.0
2020-03-26,0.0,0.0,0.0,0.0
2020-03-27,0.0,0.0,0.0,0.0
2020-03-28,0.0,0.0,0.0,0.0
2020-03-29,0.0,0.0,0.0,0.0
2020-03-30,0.0,0.0,0.0,0.0
2020-03-31,0.0,0.0,0.0,0.0
2020-04-01,0.0,0.0,0.0,0.0
2020-04-02,0.0,0.0,0.0,0.0
2020-04-03,0.0,0.0,0.0,0.0
2020-04-04,0.0,0.0,0.0,0.0
2020-04-05,0.0,0.0,0.0,0.0
2020-04-06,0.0,0.0,0.0,0.0
2020-04-07,0.0,0.0,0.0,0.0
2020-04-08,0.0,0.0,0.0,0.0
2020-04-09,0.0,0.0,0.0,0.0
2020-04-10,0.0,0.0,0.0,0.0
2020-04-11,0.0,0.0,0.0,0.0
2020-04-12,0.0,0.0,0.0,0.0
2020-04-13,0.0,0.0,0.0,0.0
2020-04-14,0.0,0.0,0.0,0.0
2020-04-15,0.0,0.0,0.0,0.0
2020-04-16,0.0,0.0,0.0,0.0
2020-04-17,0.0,0.0,0.0,0.0
2020-04-18,0.0,0.0,0.0,0.0
2020-04-19,0.0,0.0,0.0,0.0
2020-04-20,0.0,0.0,0.0,0.0
2020-04-21,0.0,0.0,0.0,0.0
2020-04-22,0.0,0.0,0.0,0.0
2020-04-23,0.0,0.0,0.0,0.0
2020-04-24,0.0,0.0,0.0,0.0
2020-04-25,0.0,0.0,0.0,0.0
2020-04-26,0.0,0.0,0.0,0.0
2020-04-27,0.0,0.0,0.0,0.0
2020-04-28,0.0,0.0,0.0,0.0
2020-04-29,0.0,0.0,0.0,0.0
2020-04-30,-0.004736420305862743,-0.009465736266990654,0.0,-0.0024999999999999467
2020-05-01,0.005885407420049393,0.005978055012020533,0.0,0.0
2020-05-02,0.004101843530168514,0.0018808008164912238,0.0,0.0
2020-05-03,-0.00297752816929564,-0.005452941767853714,0.0,0.0
2020-05-04,-0.0008280173610061281,-0.004527113347659983,0.0,0.0
2020-05-05,0.005594495487767803,-0.001601113773747942,0.0,0.0
2020-05-06,0.004495019834154457,-0.008517030895214495,0.0,0.0
2020-05-07,0.04231276433664588,0.025301335184066742,0.0,0.0
2020-05-08,-0.00899647818749516,-0.0013128418166146183,0.0,0.0
2020-05-09,-0.012693044462450342,-0.0023624114037863464,0.0,0.0
2020-05-10,-0.0402854165662071,-0.043025134137944177,0.0,0.0
2020-05-11,-0.00732354328504603,-0.0036119280005080245,0.0,0.0
2020-05-12,0.011318755213139076,0.008071180058292438,0.0,0.0
2020-05-13,0.02238594569122765,0.01950977580923441,0.0,0.0
2020-05-14,0.021194444498779053,0.007229750437492077,0.0,0.0
2020-05-15,-0.020451378982269897,-0.016309792140537738,0.0,0.0
2020-05-16,0.0028470904273025788,0.010994470321077587,0.0,0.0
2020-05-17,0.014653603668243864,0.012742511175922289,0.0,0.0
2020-05-18,0.0026140114893205,0.015194666283849134,0.0,0.0
2020-05-19,0.002012606493455138,-0.0006244235805279441,0.0,0.0
2020-05-20,-0.014637416568022754,-0.01070197939097639,0.0,0.0
2020-05-21,-0.02479054652748436,-0.02621360744939416,0.0,0.0
2020-05-22,0.004658793325010846,0.016806180602776388,0.0,0.0
2020-05-23,0.0004272114184837861,-0.0014647608716447102,0.0,0.0
2020-05-24,-0.021412586824592683,-0.012931965711076576,0.0,0.0
2020-05-25,0.008584861012775669,0.008310584775274688,0.0,0.0
2020-05-26,-0.00320818617167129,-0.006322166480067559,0.0,0.0
2020-05-27,0.019409051342681227,0.017647064248505817,0.0,0.0
2020-05-28,0.01950803694156389,0.02807470096213205,0.0,0.0
2020-05-29,-0.007658636712588929,0.0010538336046861385,0.0,0.0
2020-05-30,0.017049306210982218,0.052613325118063825,0.0,0.0
2020-05-31,-0.015548969422618963,-0.02376811260427758,0.0,0.0
2020-06-01,0.04764644335142454,0.03347675174009046,0.0,0.0668575230309496
2020-06-02,-0.03781989487762738,-0.02045423978359373,0.0,-0.017886843292100774
2020-06-03,0.007589536135239383,0.013517301033512785,0.0,0.01994253885891273
2020-06-04,0.0068832583943359005,-0.002565564885636973,0.0,-0.0023591530336003474
2020-06-05,-0.009414338540829181,-0.006243878875113906,0.0,-0.00976747918391041
2020-06-06,0.0025551042996296847,0.0037738175526096374,0.0,-0.0018129318057520383
2020-06-07,0.004555735914152814,0.005157187968932941,0.0,0.0038582722721502982
2020-06-08,0.0019682530339635296,0.003603259247141999,0.0,0.014722969793081075
2020-06-09,-0.0007253636969807298,-0.005990445767572794,0.0,-0.008042216067190133
2020-06-10,0.007412764655825077,0.009102985948375109,0.0,0.007918046227752384
2020-06-11,-0.03952011862479188,-0.03914331894989698,0.0,-0.08730880841939614
2020-06-12,0.010576923196647048,0.014106319044154603,0.0,0.01738462631015336
2020-06-13,0.00046258300096746474,0.0011127029242476993,0.0,0.0017700409075496193
2020-06-14,-0.007325960367648765,-0.012583385108682399,0.0,-0.017195885112278986
2020-06-15,0.005174648680910332,-0.0018291494549308451,0.0,0.0016862185251751427
2020-06-16,0.006181933168201148,0.008940995714022515,0.0,0.008970951557130125
2020-06-17,-0.0037300580338132105,-0.003346097217159394,0.0,0.014066458684628858
2020-06-18,-0.00488178542607709,-0.005691587803446141,0.0,-0.01151558078665782
2020-06-19,-0.004735819751532588,-0.005095631376066501,0.0,-0.010418100295343402
2020-06-20,0.0030467476582869413,-0.00024818955090655237,0.0,-0.002194364801563098
2020-06-21,-0.0040063487672913345,-0.0019183044510345804,0.0,-0.007506644350345315
2020-06-22,0.027015287367557317,0.034121000544997226,0.0,0.0468620675786926
2020-06-23,-0.004721010118602265,-3.694706059820252e-05,0.0,-0.002685529300946121
2020-06-24,-0.02515729326297511,-0.020877180499376258,0.0,-0.018796418174378715
2020-06-25,-0.0031929327682369557,-0.004503928575145699,0.0,-0.005133391527879283
2020-06-26,-0.005718456352674428,-0.006102022277924779,0.0,-0.007050574750996463
2020-06-27,-0.009898138838615456,-0.018676057459220186,0.0,-0.03078480792517113
2020-06-28,0.006944920388246789,0.008728235377413407,0.0,0.015344624922218442
2020-06-29,0.00454524048143079,0.005693033759725852,0.0,0.012901258359821588
2020-06-30,-0.003243710005123024,-0.004440338338282834,0.0,-0.006491271195200987
2020-07-01,0.0056306452203911395,0.010317669584739342,0.0,0.036662800447821775
2020-07-02,-0.008715332126460584,-0.008582881256878006,0.0,-0.011921044346201892
2020-07-03,-0.0017093121310580717,-0.0030386145487483196,0.0,0.005188279623253411
2020-07-04,0.005075972602403889,0.00824268316693999,0.0,0.011797592299424231
2020-07-05,-0.004366386991712767,-0.003060983215125712,0.0,-0.006108042775155531
2020-07-06,0.018245290244049084,0.026775253222037998,0.0,0.03947987955472443
2020-07-07,-0.005660661671821332,-0.004104718319936418,0.0,0.023664392264130196
2020-07-08,0.01171694680872637,0.014099353739266629,0.0,0.0381746636927589
2020-07-09,-0.018173459337181508,-0.011968475768523335,0.0,-0.01899917566156084
2020-07-10,0.0037653754788813387,-0.0015070294592306466,0.0,-0.004479121821360121
2020-07-11,-0.005083356314190879,-0.00538892698119664,0.0,0.005870605748254487
2020-07-12,0.005786520094412495,0.009170525010755215,0.0,0.033367321376417625
2020-07-13,-0.005079734399251801,-0.008304682612997993,0.0,-0.007820464385994041
2020-07-14,0.0011465432044348578,0.002392636547995819,0.0,0.026404423063303373
2020-07-15,-0.0052785687133588555,-0.004646886883111767,0.0,0.005629813108286363
2020-07-16,-0.005214182314943194,-0.011124006533439479,0.0,-0.010219535557425719
2020-07-17,0.001748338929928206,-0.002287932409132054,0.0,-0.004590056944803855
2020-07-18,0.0014082748573582826,0.0074410472301971176,0.0,-0.0025846446582284965
2020-07-19,0.0034108807359232163,0.008469379769086904,0.0,0.005007685369942783
2020-07-20,-0.0047088478274776024,-0.009288324537188752,0.0,-0.025530000609374826
2020-07-21,0.022130505133855394,0.02571821890623971,0.0,0.012134627685990163
2020-07-22,0.013024366449575053,0.06425897297061312,0.0,0.019932751583101593
2020-07-23,0.008585790249257874,0.029839048828787407,0.0,0.019644869512119634
2020-07-24,-0.0065483092274140065,0.0097129510512175,0.0,-0.01243997647441919
2020-07-25,0.01637246392793057,0.0710974243147453,0.0,0.06587999753523865
2020-07-26,0.02289416054357063,0.009768873046277493,0.0,0.004328672354345864
2020-07-27,0.10637141285580043,0.01888230239287081,0.0,-0.01387478890411542
2020-07-28,-0.006545313956743404,-0.008749041354150333,0.0,0.0127480916899676
2020-07-29,0.009684764907923027,0.001721499546588845,0.0,-0.014957560641397416
2020-07-30,-0.00011868699096018176,0.03242489402021209,0.0,0.01929920145253483
2020-07-31,0.013084407474706738,0.020974297879359893,0.0,0.013579791012951148
2020-08-01,0.028121466815131946,0.07290581632935256,0.0,0.04170660485852884
2020-08-02,-0.0429636799246198,-0.015976128784515486,0.0,-0.02201768546263716
2020-08-03,0.00699480174643341,0.01483971600255507,0.0,0.030666409654280358
2020-08-04,-0.001330211400800252,0.003969332747748799,0.0,0.02093981037061332
2020-08-05,0.029688408463341975,0.01196864690679389,0.0,-0.0021965961774500498
2020-08-06,0.0009171835890002811,-0.0071805219791543085,0.0,0.013343727359692581
2020-08-07,-0.00878384076651273,-0.01861624820504515,0.0,-0.015827622386793028
2020-08-08,0.008806370575181077,0.02174779367607127,0.0,0.06519054616462405
2020-08-09,-0.0046527457472856915,-0.008290159466426084,0.0,0.0066640828845307976
2020-08-10,0.012217286056394716,0.006430354406863126,0.0,-0.0004363346334034235
2020-08-11,-0.031769280973906855,-0.02245389323255731,0.0,-0.019322192201347232
2020-08-12,0.010238922809923112,0.011397434263917594,0.0,0.03812644609279947
2020-08-13,0.012768376857029473,0.051468180142436815,0.0,0.024717475473625017
2020-08-14,-0.0013098196327034906,0.013888323341569864,0.0,0.0013918857808532525
2020-08-15,0.006225979398516435,-0.0058943230180050765,0.0,0.021088349624120983
2020-08-16,0.004183228157248031,0.0013312700659147136,0.0,0.000595812977287391
2020-08-17,0.028375139896617663,-0.003286759387079341,0.0,-0.011795856704783114
2020-08-18,-0.02510786372257945,-0.010575900114505155,0.0,-0.014101568379595641
2020-08-19,-0.01371630678323199,-0.019180827410492096,0.0,-0.010819817988074965
2020-08-20,0.007196575562290253,0.011413399957360015,0.0,0.0030589289686779875
2020-08-21,-0.025490291891830386,-0.03722056380070404,0.0,-0.041182733564203766
2020-08-22,0.008640784396446,0.007756725267686448,0.005314567189255381,0.02092156391109623
2020-08-23,-0.0009833374886417667,-0.004867868656912688,0.017058524265908037,-0.006710923524343659
2020-08-24,0.007238517992563809,0.018324905464254693,0.006393863759603491,0.006544698638057067
2020-08-25,-0.031199647139842246,-0.026245130600752398,-0.0063532419958501896,-0.020320571925900865
2020-08-26,0.010716071411645878,0.0031362912058414683,0.02249509636527902,0.009792084108741772
2020-08-27,-0.009715765994758985,-0.0027573866376888745,-0.008174069191704603,-0.011206311805350588
2020-08-28,0.014713263412969857,0.015109378478203261,0.038747982148030546,0.0130831525421502
2020-08-29,-0.004505725594318721,0.004472138731926645,-0.0035411297163527866,0.01332041281976415
2020-08-30,0.019432368442998005,0.03809547418097492,0.0321314963151218,0.01643558222592012
2020-08-31,-0.005131166657973862,0.005875956219737466,0.020384613354376135,-0.008379549308821233
2020-09-01,0.020180543944737783,0.0439712015199496,-0.018764214367553378,0.02509149484425044
2020-09-02,-0.04350392152436833,-0.03639170807743086,-0.010246111694591775,-0.0366296665666731
2020-09-03,-0.0900608714960367,-0.045900738254018636,-0.04001349011419886,-0.05854784226259402
2020-09-04,0.004773510598893083,0.0010291041222827424,0.00045104170884924244,0.003152047678341985
2020-09-05,-0.007960157726040307,-0.026546711884815388,-0.04485152839733497,-0.02277163873228416
2020-09-06,0.0013118503952616045,0.004795657513074092,0.012392885375998475,0.008599829188359998
2020-09-07,0.001879036324965222,0.0002158893074115653,-0.004322350751441273,-0.0007670846673323295
2020-09-08,-0.006900969944796609,-0.007324522154545932,-0.011609424355211062,-0.007220497991691888
2020-09-09,0.0013024236542766854,0.0033772566139398386,0.02918017231617731,0.0027216298738768074
2020-09-10,0.0018113860472352972,0.004354673310064783,-0.0014662700515079008,0.0023291851296221022
2020-09-11,0.001318912299864028,0.0023909542944806628,-0.0008601565449153359,-0.00015580723776831285
2020-09-12,0.0015101548587366231,0.006082600387886439,-0.0007019122942152345,0.004622678730512364
2020-09-13,-0.003073477349051057,-0.009126420091930543,-0.0007716717934928008,-0.00805397630738447
2020-09-14,0.011386101366658519,0.004613863439122179,4.115872898635686e-05,0.0028399637371636643
2020-09-15,0.003789140859722373,-0.005605636965424821,-0.003623985241066885,-0.008270743451923912
2020-09-16,0.007271245849951091,0.0006268400961413345,-0.014254797164380939,-0.002515045932537041
2020-09-17,-0.0006092910797105278,0.016594760374827322,0.012601343459586412,0.009826622523511519
2020-09-18,-0.000519618170206626,-0.004095234002128856,0.008226464030404612,-0.011188021940358284
2020-09-19,0.008360941637473696,0.00070208274849759,-0.002939477672510904,0.00039169628592650163
2020-09-20,-0.010292867674109085,-0.011592553923868376,-0.005945776572400474,-0.01106612704300769
2020-09-21,-0.03236445388645093,-0.030992224861535966,-0.003399620281085425,-0.03385983590197905
2020-09-22,0.005941867220616626,0.003242359878213641,0.005031188436030121,0.0015840665546860144
2020-09-23,-0.01757302988737519,-0.020095294432325383,-0.0018958902309373915,-0.019251524237338447
2020-09-24,0.014294632352301662,0.013414841764504137,0.01026223381463165,0.021959756304068545
2020-09-25,-0.0028141702295718662,0.002312093188806985,0.001774567429088103,0.010875114771259575
2020-09-26,0.0021773982291688476,0.0016471032596367952,-0.0022845744972919135,-0.0027204609182754913
2020-09-27,0.002365424990765419,0.002935244667392034,0.0010251284110118775,0.003060568387754259
2020-09-28,-0.004038872517121983,-0.002893862577261097,-0.006964438306914289,-0.00275824811521741
2020-09-29,0.007492845992538522,0.004793253119347307,-0.0006222619782326744,0.006242898661138252
2020-09-30,-0.0037950452252805134,3.2729931010999636e-05,-0.002834305765243239,-0.001215713313426181
2020-10-01,-0.009207986958046255,-0.005711186034686677,-0.0015743937594848711,-0.00921293997364181
2020-10-02,-0.0024785050755860016,-0.005966179801081162,-0.012895462239519317,-0.00620830098356695
2020-10-03,-0.0013804162024939615,0.0002897511807977704,-0.004251003121276464,0.003286915651845135
2020-10-04,0.0039004306308851877,0.0032342583658979684,-0.001275900198402402,0.002952962531709735
2020-10-05,0.007080730959722947,0.0010181313702930517,0.007115358072815381,0.0011316288860645507
2020-10-06,-0.014993362548606948,-0.016135795265594388,-0.03873125236317565,-0.02016654561185771
2020-10-07,0.004499527463434072,0.0010503705534348207,0.010609100025113616,0.002975369078602519
2020-10-08,0.01777151801572474,0.011845355680793368,0.00525301358615593,0.011567380139406502
2020-10-09,0.010445844453371711,0.02097100194809487,0.013835773527488548,0.022806868145444525
2020-10-10,0.020421918539177186,0.008062463401921738,-0.010707487393484705,0.004199561667256102
2020-10-11,0.006253612611635928,0.005293208569266961,0.0018766010015012213,0.007030717454756807
2020-10-12,0.013810365740405395,0.020749800400104546,0.017466053732951847,0.028874963734039527
2020-10-13,-0.009251696505943374,-0.009042689512557489,-0.019106634734303407,-0.009527204148130242
2020-10-14,-0.0002315228845682915,-0.003920335265728436,-0.010486055700135832,-0.0018987571146406035
2020-10-15,0.007565699655412539,-0.0017585332010067178,-0.004716021757468214,0.00014314651347202556
2020-10-16,-0.015993943565979607,-0.0224337650631804,-0.014315445922885361,-0.01622448010148636
2020-10-17,0.003576209605138825,0.005315916258535003,0.007408720413295544,0.0030540798807097147
2020-10-18,0.01245992701415033,0.018357314821556114,0.001186759865556386,0.014062036510175568
2020-10-19,0.021380264134127636,0.002191155696882996,-0.02110209548445452,-0.004315144798918924
2020-10-20,0.013362277279365564,-0.01980589498390195,-0.024102876879397606,-0.03281056786847847
2020-10-21,0.07244941425715168,0.046853761828056006,0.0004950709005731024,0.03684965692251985
2020-10-22,0.014547725240902531,0.04324762066965104,0.011873988098257904,0.04053381317996907
2020-10-23,-0.0034746916618346724,-0.007891140444009959,0.00013507511933297245,0.0006835408610061933
2020-10-24,0.014473510544640744,0.004909117964736032,-0.007563185084511703,0.009749279754966311
2020-10-25,-0.006269138591739054,-0.010124968870896311,-0.020685090396547867,-0.01436987612724605
2020-10-26,0.0017776956153983114,-0.023970210703819772,-0.022963070612418868,-0.022142448463171926
2020-10-27,0.044362006241300156,0.020066503084683385,0.006449093847429754,0.013231215048323364
2020-10-28,-0.026896378902377727,-0.027392880330015412,-0.03976525791897545,-0.013117555392503477
2020-10-29,0.014149909632892532,-0.002035533661063904,-0.018302824303631948,-0.004354991886532433
2020-10-30,0.007694871906455347,-0.008603764331305053,0.0011802806790370823,-0.010730387150864051
2020-10-31,0.016888682859840687,0.0074252959262570695,0.024363711348990735,0.00501053865158263
2020-11-01,-0.0021218781931563457,0.020721507321675325,0.012424920560690111,0.017952230255093404
2020-11-02,-0.015290547089082063,-0.027231691709233674,-0.028249759518057638,-0.031971092667279266
2020-11-03,0.03470865141954027,0.00996710024708869,-0.01343071928534234,-0.016473249142252566
2020-11-04,0.008523337862511582,0.029667130784857054,-0.00452321482336715,0.0071351745809462574
2020-11-05,0.10143319120011363,0.028003790841436782,0.0023572476322262226,0.028022938012573828
2020-11-06,-0.0008117552226422076,0.075238712302375,0.13152943829439345,0.057168738289916865
2020-11-07,-0.02514768071278861,-0.023032116449278495,0.007818452173910195,-0.01830654554947786
2020-11-08,0.022246101404177487,0.02144599540146719,0.009419670492089693,0.03587136025924731
2020-11-09,-0.004860330634149035,-0.010976285917945305,-0.008748098512038505,-0.011057097765671764
2020-11-10,-0.0010388093755013816,0.006694446210379956,0.01655708181153992,0.004682219612104355
2020-11-11,0.012899630789465322,0.01408415114896755,-0.01834919456789752,0.0007992317171969798
2020-11-12,0.02215736818196623,-0.000762508232857062,-0.006399314890086605,-0.0030375653112320045
2020-11-13,0.0010315391628785697,0.01774075854630497,0.0074373627024721944,0.012713867463735706
2020-11-14,-0.008941631956676521,-0.01938404846860542,-0.0067298250664736825,-0.022341433791572052
2020-11-15,-0.004533844587363167,-0.016294597932656085,0.008654736737472302,-0.017864041510218143
2020-11-16,0.03000406162218794,0.01612485864416069,0.01554291754496595,0.05370287932742901
2020-11-17,0.03641630657724204,0.02748755666650604,-0.0043314828866660715,0.024326899797398882
2020-11-18,0.0037326194833924298,-0.004632094571893175,-0.005853544078922801,-0.006394427831937666
2020-11-19,0.0008686169005209798,-0.008909128120465959,-0.0030866132187183926,0.017079509144962257
2020-11-20,0.03114453518636462,0.05484752248703151,0.001782164757795801,0.02297851773582793
2020-11-21,0.0017085277573400948,0.04259609319123325,0.027112650786505377,0.042739008527352906
2020-11-22,-0.01025459022254338,0.006069758080990084,-0.021844453906671446,-0.01578143420734457
2020-11-23,-0.0016624170850568776,0.038724938460590774,0.01230791752266347,0.032735113069748856
2020-11-24,0.0311944923568781,-0.002518394672095692,0.000353660499901709,0.0038858378275989924
2020-11-25,-0.01687593511735319,-0.024300209839401843,-0.0015479120507064792,-0.037957739931413936
2020-11-26,-0.06111101243845951,-0.03487600922042944,-0.033972881971722435,-0.04309328723857697
2020-11-27,-0.000518903998742215,-0.0008366568147788467,-0.004963093364767079,-0.003647303728185114
2020-11-28,0.015503776156425841,0.013718098549708957,0.002568592652395285,0.012760897191692822
2020-11-29,0.012236708468924995,0.02785502961038322,0.0035210694049245816,0.01826169691053292
2020-11-30,0.039267098729675265,0.028204286130925293,0.00654869862605767,0.022032784598723154
2020-12-01,-0.020595241204278136,-0.018113541285890378,0.0009276264253958999,-0.01592037110702116
2020-12-02,0.009891558853802884,0.006808309012277691,0.018674984423247665,0.026185465434213295
2020-12-03,0.004858192334623812,0.011024301606554987,-0.0030159719645759253,0.0009606874823000489
2020-12-04,-0.017122236299241367,-0.027956112513369713,-0.03655849571191083,-0.031087117423791333
2020-12-05,0.01122719614302814,0.01748919075753763,0.019589523693603006,0.020769880331593216
2020-12-06,0.005321731465607327,0.002756219636116164,-0.01967060317739211,0.0017211662461711352
2020-12-07,-0.004865868563037723,-0.005949596008879343,-0.003624197547397845,-0.00794178107763055
2020-12-08,-0.02416902753702488,-0.02451452395018139,-0.025617771656106347,-0.0232787076763582
2020-12-09,0.005204892364806257,0.010523386620503006,-0.0006248388464015209,0.011774668260588594
2020-12-10,-0.00695316517995348,-0.008135694461437804,-0.014572657136095013,-0.010442909047800653
2020-12-11,-0.006547408416846978,-0.01001319635793918,-0.02105157198773533,-0.015526162851175251
2020-12-12,0.022997386981997936,0.01630783275797265,0.010634948135682887,0.008052155969813235
2020-12-13,0.011788987283537056,0.01770292558793285,0.016089377206963462,0.013542282019452179
2020-12-14,0.0031381718204872566,-0.0033966642813599845,0.0049169569258247225,-0.004992857436875275
2020-12-15,0.004885842713255872,0.0018161828093530286,0.03275246512487806,-0.008351863768265022
2020-12-16,0.07144197454795442,0.04270377284145077,0.004699051211835892,0.062227250910616316
2020-12-17,0.031608183150828584,0.003818595635870503,-0.019805384909935775,0.010563464788257315
2020-12-18,0.006561001668037525,0.007860084168958226,0.004202128931291016,0.01134285662108514
2020-12-19,0.015006460267475541,0.0032151822880472913,-0.006003062124886216,0.009362300850538574
2020-12-20,-0.007578186949295351,-0.015475209861641082,-0.021088427708025437,-0.011841121321746528
2020-12-21,-0.015347824813322086,-0.024230970372635885,-0.007365339884337629,-0.02160432044350058
2020-12-22,0.023112924355308317,0.02342875086674745,-0.010315376302275414,0.0005482317075127252
2020-12-23,-0.011968097293564295,-0.040353126415811236,-0.07061449115690044,-0.07303685372280067
2020-12-24,0.010403285836489529,0.019730298405057134,0.03452698307317137,0.029376078412948647
2020-12-25,0.022473028861558664,0.01052226944318746,0.013857400076700443,0.008274456567040955
2020-12-26,0.039900126970736194,0.007621152186441771,-0.019542048680719737,-0.0030493736942416305
2020-12-27,-0.003976519075518992,0.03395032949713905,-0.003652465175006725,0.0018922738876472334
2020-12-28,0.014725857960208089,0.031203073041942364,0.03541447751522453,-0.0037232169084063793
2020-12-29,0.005559096400401531,0.0008597386510462712,0.02454299119907488,-0.008268120500080411
2020-12-30,0.0309273024218244,0.011704102042299658,-0.017091993220001322,-0.0006961721255808184
2020-12-31,0.000970208938279038,-0.00903356655466403,-0.0035304446154340585,-0.0019535842351692256
2021-01-01,0.008224573145852787,-0.005103503299568213,0.04282240441036822,0.007929404529634754
2021-01-02,0.05690685853224875,0.03076817354718675,-0.004061484834239626,0.007211471977240702
2021-01-03,0.012137836051038908,0.13320901026938037,0.03530068281433851,0.044935220586664215
2021-01-04,-0.01491562363212573,0.01066889791037351,0.028233787598409776,0.005307020133169971
2021-01-05,0.029356787453475697,0.01007517103469091,-0.020432425896802497,0.0026251081352277605
2021-01-06,0.04101359085211742,0.0186795641535753,-0.014049356886911779,0.022644245983049593
2021-01-07,0.03176722492431394,0.0027709374173994217,0.027069022163784373,0.028383762149345015
2021-01-08,0.013333642039300875,-0.0013337658046962408,0.053566621131586833,-0.00018266000818190076
2021-01-09,-0.005656446897688294,0.009935864973794839,0.005032475669656922,0.008916362655185806
2021-01-10,-0.022292589045951328,-0.003622464817352178,0.0021372117473319463,-0.008537956468098407
2021-01-11,-0.03229850130213585,-0.027955106207274927,-0.01120853154574053,-0.03911248721682892
2021-01-12,-0.014454618323928248,-0.006336831463760406,0.017417778494368985,-0.004809905954225258
2021-01-13,0.03585094400968081,0.01379803480632602,-0.00356631465935231,0.01931156379728316
2021-01-14,0.01595940718957789,0.017365731084806546,-0.007470361375431889,0.008749521501882018
2021-01-15,-0.02135214005727093,-0.010585891774581468,-0.001446298197613105,-0.015593591894754955
2021-01-16,-0.006786587375738007,0.010056422634244777,0.005754601807824722,0.0045151290067024785
2021-01-17,-0.0015213312069050078,0.0007756845914623778,0.01298355449176336,-0.0008435992382613833
2021-01-18,0.007350918148627095,0.00436194105023513,-0.0012750203854428044,0.010411052897139061
2021-01-19,-0.00800994841522673,0.017858070215090782,-0.005045951764826917,0.012027394055545093
2021-01-20,-0.004584892022561737,0.0019085726103746925,0.004045158837366669,0.0001417313759193295
2021-01-21,-0.05025519812195334,-0.04357440786779554,-0.03446927784783915,-0.04730106851852878
2021-01-22,0.017472054296837847,0.020835191830571587,0.01696318919082862,0.014288243879520435
2021-01-23,-0.0071463379939875615,6.398817948172209e-05,0.008342534894965281,-1.0848737344137938e-05
2021-01-24,0.0015098255309600184,0.019445785217531153,0.0057440311973318,0.012987167197543004
2021-01-25,-4.724041532744305e-05,-0.008958257954563176,0.003620126406397972,-0.01164548118618991
2021-01-26,0.0017701073927962607,0.005824691821778805,0.01600399278937692,0.002500312085331302
2021-01-27,-0.021567441510745078,-0.015286018340129659,-0.01709725746800228,-0.02086746290847097
2021-01-28,0.031359250238238046,0.011086679494866747,0.006416062532559108,0.017308424215789264
2021-01-29,0.00899728119748211,0.0060244018171931035,0.0009114116361597091,0.008102444041997447
2021-01-30,0.00010732539395963414,-0.00017432387709848118,0.018810825508575046,0.050564900580319705
2021-01-31,-0.011755290642828653,-0.007876003285741007,0.0011345774630722172,0.0012140339964985536
2021-02-01,0.00440655320855865,0.007468275466961938,0.01675883946663914,0.005520135495243883
2021-02-02,0.019637365408539553,0.016565372089703212,0.028129168629350332,0.014820178587519939
2021-02-03,0.024363087937178785,0.02341101189298822,0.02203633227819779,0.018914616031232345
2021-02-04,-0.0075530008508822855,-0.010338681695614804,0.029328430811376593,-0.010742786050140452
2021-02-05,0.015100038631393087,0.01874999617427031,0.01228209685278081,0.021302434442156848
2021-02-06,0.00985445146967856,-0.006383307154726792,-0.024016844640449952,-0.006977073001651957
2021-02-07,-0.00425775680430962,-0.009706954820690283,0.024484382511807956,-0.008420488070810195
2021-02-08,0.09543825918331339,0.02097768242512532,0.04809765732413673,0.02237067595182296
2021-02-09,-1.1913595161505697e-05,0.002815098733562227,-0.0017762667863450154,0.018643747129174715
2021-02-10,-0.0091504906349682,-0.004193045955975139,0.03696683355924346,-0.004967996511274553
2021-02-11,0.01810496324607591,0.008092341699954986,0.003052074377493774,0.008272648284925133
2021-02-12,-0.003835128332426274,0.00985174040163228,-1.1024592621478035e-05,0.02500035070840867
2021-02-13,-0.000756022340139384,-0.004517156857802074,-0.012565417968972925,0.032763226289231895
2021-02-14,0.009894885016400456,-0.0030753262724863006,-0.0007899242555724495,-0.012985210789607127
2021-02-15,-0.004616234346954462,-0.004415664333296987,0.0037935165167437557,-0.013939316689332792
2021-02-16,0.00850293639908517,0.0005740473309452376,-0.015344918454745282,-0.009578771810798137
2021-02-17,0.023693443254412694,0.01628539215747038,-0.0018229443512257637,0.00978534944982612
2021-02-18,-0.004405001651812901,0.021252008936873512,0.02572837733141098,0.006646209407145998
2021-02-19,0.03396445396709491,0.003569176444354838,0.08550422746759101,0.018729446825386464
2021-02-20,-0.0004890265934488491,-0.009705800822530919,-0.024036013366535935,-0.019351638727955645
2021-02-21,0.011832518433459782,0.00479078629582208,0.017485636487938105,0.01082231209244422
2021-02-22,-0.024777076079765648,-0.036218260182756534,0.05279647393388576,-0.006443757467230915
2021-02-23,-0.03975717283821545,-0.048119358442916704,0.007404726548177587,-0.0592557624853145
2021-02-24,0.005313853699692395,0.011518406822483618,0.018229987151526794,0.011019748140046248
2021-02-25,-0.017701213266688054,-0.03544811490216082,-0.030610220168738378,-0.014705192366506914
2021-02-26,-0.0055176699926445805,-0.007300092111070633,-0.0023552722190870456,0.012320752578398153
2021-02-27,-0.001186719693758942,0.0026438007415106046,-0.0038515841898976166,0.009368118079731813
2021-02-28,-0.006767194557410261,-0.007585266515936273,-0.0009833425753582592,-0.008358555792480682
2021-03-01,0.03124172138841974,0.0364379363048688,0.018144219018427554,0.043674131229192614
2021-03-02,-0.007802061800176507,-0.01941910233582833,-0.009787011600717932,-0.014140914542157601
2021-03-03,0.013092563511203137,0.019286411780364165,0.0012372470066130958,0.008718190248739877
2021-03-04,-0.01337402110271746,-0.006655610450833627,-0.009698112899029221,0.001122827278795313
2021-03-05,0.002591407902817311,-0.0025708444153852428,-0.004905155934901151,-0.00826030623865237
2021-03-06,0.0009815448357974876,0.02880535926674832,0.0048456729476225036,0.010134735337416823
2021-03-07,0.01654539214169759,0.017392594670364137,0.007419594277118469,0.013573141447396297
2021-03-08,0.012731835360350052,0.024133163419928216,-0.0031115817099706122,0.006355847743111376
2021-03-09,0.022598251653189294,0.008219603480861704,0.0171205068094622,0.03883581057207364
2021-03-10,0.008516848236491015,-0.016464611340330948,-0.00863538499511396,-0.01951261609238819
2021-03-11,0.016779733842769318,0.006808005526241168,0.02508247522514928,0.006886159325743435
2021-03-12,-0.004735875121551492,-0.013162242968977944,-0.019713533697920393,-0.026987870099381972
2021-03-13,0.038297547659493114,0.04011552931164819,0.010163648075371956,0.02565641409648567
2021-03-14,-0.020676000144632778,-0.018354811348423428,-0.011403627662584848,-0.01703254685231581
2021-03-15,-0.0319825123889137,-0.013754684104636983,-0.004144339834711963,-0.010611639118741634
2021-03-16,0.01136120180251421,0.0029721241843463364,-0.009400907314799811,0.033506048788139564
2021-03-17,0.017534093976372844,0.004699555742481154,0.010138064649305223,0.023097306115064997
2021-03-18,-0.010831389897792754,-0.012036009114425705,3.9246169262874275e-05,-0.02237899388177167
2021-03-19,0.0035967676162744766,0.00846885800920516,-0.0008705172264543704,0.009888537481228532
2021-03-20,0.0006880505142010662,-0.0007629683905616691,0.0006106071412632641,-0.009071948457461398
2021-03-21,-0.007142356792534721,-0.006721673264980521,0.003102203184644603,-0.002893760558915881
2021-03-22,-0.03467669670615581,-0.029588567204889116,0.010063260856618461,-0.025480844470716857
2021-03-23,0.002247926706142822,-0.003448243457417899,-0.013911750813841772,0.0009169272447140386
2021-03-24,-0.018527869373506034,-0.022742826993569554,-0.01227520784078251,-0.01570237302519506
2021-03-25,-0.009357735903315234,0.0010524256881663252,-0.013779912302613218,-0.003609011365501069
2021-03-26,0.0349066350120959,0.030488258330569895,0.04037916500503358,0.03318662951178819
2021-03-27,0.0071542752140891785,0.0036073744850142475,0.03084960797144798,0.0044227019536215995
2021-03-28,-0.0003545670047658822,-0.006677935877473451,0.02850565616651446,-0.0008563429350419982
2021-03-29,0.0166783702977078,0.03404187360932376,0.012340283922530393,0.014666221340108088
2021-03-30,0.01167983729298716,0.0066431031865141765,0.0016438947083763367,0.025372918044072268
2021-03-31,-6.309896310030538e-05,0.022124935656778533,0.00513953089121566,-0.000768000670595792
2021-04-01,-0.00021079737882823135,0.013353544533845074,-0.0056401337538471985,0.021109446425310763
2021-04-02,0.002569444122112907,0.04483841171899816,0.011712656630127993,0.017351055656996683
2021-04-03,-0.02165023725053017,-0.02939488925870426,0.04510591275311415,-0.02294574968543983
2021-04-04,0.013408511404474632,0.016222814773453775,0.01656064996736939,0.02275807090184112
2021-04-05,0.01067604411425771,0.007531546462775651,-0.01035679116892474,0.016808418163276384
2021-04-06,-0.014058800213269218,0.001139332269459059,0.027121186655027607,0.022955935723560028
2021-04-07,-0.02541566697769837,-0.03504584376027342,0.018807149542866552,-0.036632501143293195
2021-04-08,0.027183831236290645,0.028566090204321215,0.004975495081661618,0.03226965039739871
2021-04-09,0.0008101037281023071,-0.00322618536390773,0.00840371389804595,0.010400947635122115
2021-04-10,0.020249769426557096,0.01586638059593337,-0.010007045664087055,0.013597484525465386
2021-04-11,0.0028467558251286107,0.0041894904426191815,0.013016274734166222,0.026252598719691544
2021-04-12,-0.0017330152307816205,-0.003191460651240874,0.008455434273922924,0.035226003518540105
2021-04-13,0.04528068782307937,0.037825245593865464,-0.013252355018294137,0.033558418706187476
2021-04-14,-0.0071767556420706535,0.030107409051482792,-0.012843522518803052,0.011482942188901113
2021-04-15,0.0023542652627566163,0.01784186516919184,0.02015510243741181,-0.0034177207077159544
2021-04-16,-0.021386208300593124,-0.019666442333657885,-0.03593519865656303,-0.034208482199189594
2021-04-17,-0.01590232466903363,-0.02306890821909302,-0.006752091962636597,-0.005818157385484413
2021-04-18,-0.04692332522019227,-0.018419860083146222,0.11318597255353624,-0.027830646523894886
2021-04-19,-0.004512069750840397,-0.011965964999256506,-0.003916797730014521,-0.006153576662001781
2021-04-20,0.006552658238200948,0.02708942964886507,0.000836474020883271,0.03024877880980603
2021-04-21,-0.021682216344721783,0.004220678629730301,0.0030682354091340347,-0.013941112126082067
2021-04-22,-0.017619060415726584,0.00635649876366795,0.022823064047054586,-0.01666506915185273
2021-04-23,-0.004840063175589493,-0.004720265628319953,-0.0053114186999873025,0.004107047848764145
2021-04-24,-0.009260117810958035,-0.023913523597117514,0.0121973353968714,-0.02265696455673971
2021-04-25,-0.008511776313203101,0.01704014984225033,0.022924934422389187,0.00486086201256164
2021-04-26,0.022167812418060873,0.014164117066336024,-0.004429910118958658,0.021159541105402857
2021-04-27,0.006923834735507395,0.015864935735746544,-0.0021918843845325497,0.011461810441530496
2021-04-28,-0.0011502481787176722,0.009684554595892125,0.004666977784486992,-0.001034504555208371
2021-04-29,-0.008970942963588246,0.0010279702805151558,-0.0064720081026991005,0.008228222622878034
2021-04-30,0.029018517327693782,0.0017947667279527568,0.0008374962497408323,0.01613692406210343
2021-05-01,0.0008215448113160218,0.02802202647557772,0.03313187281062757,0.010432007388723186
2021-05-02,-0.010809563221706675,0.0007610794375731977,-0.013004626189505819,-0.006239709834586216
2021-05-03,0.005285911704180579,0.07644380924976768,-0.0046802507012004835,0.029679706685103113
2021-05-04,-0.044877861653869866,-0.019926283437077585,-0.015639186478082046,-0.03294540912796784
2021-05-05,0.03281542007295024,0.021167797870218052,0.011367724919984612,0.029721479488910685
2021-05-06,-0.009206692249269177,-0.0031666882354518533,-0.007116078974632956,-0.005426876843383388
2021-05-07,0.008148163474519299,-0.0009206761719657841,-0.0015164846849129443,-0.00389097048015985
2021-05-08,0.015571478359687196,0.04721217199830452,0.015625275553430518,0.019626238481020408
2021-05-09,-0.006186105703195222,0.0010392909464842504,-0.00821013329828435,0.0015313205636875438
2021-05-10,-0.02429583595764906,0.0018037800964736395,-0.00953078941681329,-0.04160315671711545
2021-05-11,0.007153004711569766,0.01868432023774269,0.010978515612767747,0.021317180176822603
2021-05-12,-0.059356399751098854,-0.028228539918547124,-0.0053458176525598144,-0.04529614027603579
2021-05-13,-0.00017736292666570286,-0.003496229057692979,-0.007791004026554527,0.009721487645629301
2021-05-14,0.000511029566891974,0.01122673043149347,0.004620306937746399,0.009798593718297166
2021-05-15,-0.009223255206146197,-0.013316601287483798,0.0021894969670961384,-0.00522436147756844
2021-05-16,-0.0010024098787091429,-0.0020348627564618083,0.009350351603130802,-0.0009174055932340552
2021-05-17,-0.0027977529998298722,-0.002589508582109601,-0.00033874003658951324,-0.00213149198356799
2021-05-18,-0.0006441731321252808,0.0007763696650271434,0.006039650255866613,0.001349778850577632
2021-05-19,-0.005768843847895,-0.007846095887797722,-0.01359425956745075,-0.01916975883635952
2021-05-20,-3.4561400785615426e-05,-2.0602820516635312e-05,-5.743377282529938e-05,-0.00011066172243012762
2021-05-21,0.0,0.0,0.0,0.0
2021-05-22,0.0,0.0,0.0,0.0
2021-05-23,0.0,0.0,0.0,0.0
2021-05-24,0.0,0.0,0.0,0.0
2021-05-25,0.0,0.0,0.0,0.0
2021-05-26,0.0,0.0,0.0,0.0
2021-05-27,0.0,0.0,0.0,0.0
2021-05-28,0.0,0.0,0.0,0.0
2021-05-29,0.0,0.0,0.0,0.0
2021-05-30,0.0,0.0,0.0,0.0
2021-05-31,0.0,0.0,0.0,0.0
2021-06-01,0.0,0.0,0.0,0.0
2021-06-02,0.0,0.0,0.0,0.0
2021-06-03,0.0,0.0,0.0,0.0
2021-06-04,0.0,0.0,0.0,0.0
2021-06-05,0.0,0.0,0.0,0.0
2021-06-06,0.0,0.0,0.0,0.0
2021-06-07,0.0,0.0,0.0,0.0
2021-06-08,0.0,0.0,0.0,0.0
2021-06-09,0.0,0.0,0.0,0.0
2021-06-10,0.0,0.0,0.0,0.0
2021-06-11,0.0,0.0,0.0,0.0
2021-06-12,0.0,0.0,0.0,0.0
2021-06-13,0.0,0.0,0.0,0.0
2021-06-14,0.0,0.0,0.0,0.0
2021-06-15,0.0,0.0,0.0,0.0
2021-06-16,0.0,0.0,0.0,0.0
2021-06-17,0.0,0.0,0.0,0.0
2021-06-18,0.0,0.0,0.0,0.0
2021-06-19,0.0,0.0,0.0,0.0
2021-06-20,0.0,0.0,0.0,0.0
2021-06-21,0.0,0.0,0.0,0.0
2021-06-22,0.0,0.0,0.0,0.0
2021-06-23,0.0,0.0,0.0,0.0
2021-06-24,0.0,0.0,0.0,0.0
2021-06-25,0.0,0.0,0.0,0.0
2021-06-26,0.0,0.0,0.0,0.0
2021-06-27,0.0,0.0,0.0,0.0
2021-06-28,0.0,0.0,0.0,0.0
2021-06-29,0.0,0.0,0.0,0.0
2021-06-30,0.0,0.0,0.0,0.0
2021-07-01,0.0,0.0,0.0,0.0
2021-07-02,0.0,0.0,0.0,0.0
2021-07-03,0.0,0.0,0.0,0.0
2021-07-04,0.0,0.0,0.0,0.0
2021-07-05,0.0,0.0,0.0,0.0
2021-07-06,0.0,0.0,0.0,0.0
2021-07-07,0.0,0.0,0.0,0.0
2021-07-08,0.0,0.0,0.0,0.0
2021-07-09,0.0,0.0,0.0,0.0
2021-07-10,0.0,0.0,0.0,0.0
2021-07-11,0.0,0.0,0.0,0.0
2021-07-12,0.0,0.0,0.0,0.0
2021-07-13,0.0,0.0,0.0,0.0
2021-07-14,0.0,0.0,0.0,0.0
2021-07-15,0.0,0.0,0.0,0.0
2021-07-16,0.0,0.0,0.0,0.0
2021-07-17,0.0,0.0,0.0,0.0
2021-07-18,0.0,0.0,0.0,0.0
2021-07-19,0.0,0.0,0.0,0.0
2021-07-20,0.0,0.0,0.0,0.0
2021-07-21,0.0,0.0,0.0,0.0
2021-07-22,0.0,0.0,0.0,0.0
2021-07-23,0.0,0.0,0.0,0.0
2021-07-24,0.0,0.0,0.0,0.0
2021-07-25,0.0,0.0,0.0,0.0
2021-07-26,0.0,0.0,0.0,0.0
2021-07-27,0.0,0.0,0.0,0.0
2021-07-28,0.0,0.0,0.0,0.0
2021-07-29,0.0,0.0,0.0,0.0
2021-07-30,0.0,0.0,0.0,0.0
2021-07-31,-0.002055861397295522,0.0025789514113183643,0.008693616380355484,0.0010918038953835474
2021-08-01,-0.004232519887259034,0.0009491407886963454,-0.005158274594927237,-0.0033576561285035833
2021-08-02,-0.00010477882899095903,-9.835265687874184e-05,-0.00017171987241559883,-0.00023725381070749396
2021-08-03,0.0,0.0,0.0,0.0
2021-08-04,0.0,0.0,0.0,0.0
2021-08-05,0.0036942211486610255,0.0038619505341450644,0.0030586448534690724,0.0004308149505183323
2021-08-06,0.0066090818731108225,0.0024976951655497626,0.004404840950611888,0.0012349821411579143
2021-08-07,0.005771784433881599,0.010365897688070724,-0.00011307058534915093,0.0038107252780306133
2021-08-08,-0.002572870820287454,-0.005667891693336813,-0.003673190236023749,-0.0024223896832633596
2021-08-09,0.008151286319588724,0.005708262868967973,0.002018683549152911,0.00422507201348199
2021-08-10,-0.007977397901905992,-0.0027074826591142465,0.016339607724681127,0.08142551132140219
2021-08-11,-0.0008484235730884526,0.0024262315367218346,0.008212791323113366,0.00899427837779565
2021-08-12,-0.012761834513468795,-0.01471485886638546,-0.004309599731333935,-0.005847288936667194
2021-08-13,0.012890078474971478,0.011810764421143594,0.009111423782825812,0.007730644522822461
2021-08-14,-0.008956723260909016,-0.00814266150354681,-0.0062553227319139815,-0.008754406115719982
2021-08-15,-0.001120663279223999,0.0058736280820572695,0.07710583478370858,0.003852684956500152
2021-08-16,-0.012707714369798007,-0.021342199624200364,0.046059744546445014,-0.01764749991670056
2021-08-17,-0.01616976237615264,-0.018310199026789986,0.008795984260859369,-0.002682615047598369
2021-08-18,-0.0001504365788330686,0.0001371563003700338,0.02214091161748133,-0.0022807889205854748
2021-08-19,0.017372367920493792,0.016074468427181854,0.0002591254069435056,0.012610472696273023
2021-08-20,0.03411231176457297,0.014937849883397636,0.021921496245913996,0.012196189111803868
2021-08-21,-0.006490923971610885,-0.009081282791383538,-0.0178435331094412,-0.0011571488140171837
2021-08-22,0.005446835457388444,0.002175059222667697,-0.003849663294220651,0.00022651585049660028
2021-08-23,0.0032402722634417014,0.014185042082069277,0.010727301432234881,0.008479456119885986
2021-08-24,-0.023481082366281103,-0.025431345894944668,-0.018990916390499324,-0.03986192266580102
2021-08-25,0.01902134378026621,0.009742748007166124,0.005493027416521468,0.011059990786926877
2021-08-26,-0.03070297608212247,-0.022928843409769972,0.013236052024175216,-0.03644066077873476
2021-08-27,0.0331121332263995,0.031644430248892075,0.05848886581561463,0.044386852431433255
2021-08-28,-0.002513208609807971,-0.004929926729946965,0.026160204453331337,-0.011048805328760403
2021-08-29,-0.0017443195073061357,-0.0035930590683813657,-0.006210008190396188,-0.004044775115766286
2021-08-30,-0.02626790358984965,0.001058977479436063,0.05030451770320532,-0.012733222552099632
2021-08-31,0.0014041019609662975,0.03421490912605929,-0.004086910513509734,0.02129099717796823
2021-09-01,0.021860355248715768,0.05721913260959677,0.004690327644492287,0.02835649780476368
2021-09-02,0.003941207295970139,-0.0035097610633362253,0.033520866453203846,0.0030473312258969543
2021-09-03,0.0070358843993736375,0.012285063460733658,0.021846645163045908,0.007310938264724953
2021-09-04,-0.0007752713235761322,-0.004190890943224557,-0.00893113369555476,-0.008868086722403135
2021-09-05,0.0171085999964411,0.005183236094502108,0.003738862645202845,0.008753712346125209
2021-09-06,0.008286165598152762,-0.0018724885664381796,0.026528227414428285,0.0030056241892366664
2021-09-07,-0.052552533679824154,-0.03925883793267981,0.00723474547980274,-0.044391501979052506
2021-09-08,-0.003906279041387406,0.0032685303057666815,0.013932264895583968,-0.0015503874206874713
2021-09-09,0.001988087073282019,-0.004980800187125212,-0.002441422048666375,-0.0006300696946603956
2021-09-10,-0.009120898360473695,-0.014454821641472604,-0.006510704031480685,-0.01164071507279607
2021-09-11,0.0009763183440467671,0.0021270934858466095,-0.00040259061564618115,0.005243628762200858
2021-09-12,0.0028779156336622425,0.005207550986332743,-0.002058174555721881,0.002270636880809418
2021-09-13,-0.0075916869245873375,-0.008834737656965186,-0.004519297973688663,-0.010636233089996505
2021-09-14,0.007450804678764467,0.00537538371188595,-0.005056481746585906,-0.0009885635917670221
2021-09-15,0.007975749715414926,0.015287416188029201,-0.0003998532275554245,0.009051364284672125
2021-09-16,-0.0030878083580839766,-0.0038720850464372125,-0.007770428081900205,-0.008755632462464358
2021-09-17,-0.0035354246820347157,-0.014344957717409179,-0.005674666319718469,-0.010222267232747217
2021-09-18,0.008044676060667166,0.003100791811536885,0.026220935005517365,0.01550955230373785
2021-09-19,-0.009691402383886771,-0.00923307096932946,-0.01943479116910407,-0.016080377741198748
2021-09-20,-0.032872524482290166,-0.030594074668412352,-0.024070569273939912,-0.03060601510644001
2021-09-21,-0.0069032520615911475,-0.00710808637410465,-0.003938107084270226,-0.005944926131557504
2021-09-22,-0.00012018199314078881,-9.143834579650179e-05,-0.00013509316372783964,-0.0002160731632334656
2021-09-23,0.0029939142695427634,0.0017593843747181204,0.0,0.0013850477781784942
2021-09-24,-0.00479866423735964,-0.005425386780853025,0.0,-0.003806972684266774
2021-09-25,-0.00032837791423256935,-0.00016561985421803538,0.0,-0.0003302219072441881
2021-09-26,0.0011508857238646808,0.003352896002407846,0.0,6.465488815154963e-05
2021-09-27,-0.0023765742325614347,-0.003247976678156239,0.0,-0.001632888580818892
2021-09-28,-0.0026343384133846737,-0.002939475779934142,0.0,-0.0024653604353794822
2021-09-29,-9.668298442877532e-05,-6.852230970866291e-05,0.0,-0.0001555126365097026
2021-09-30,0.004252836350315148,0.0028561174679011536,0.0,0.002076802231252506
2021-10-01,0.008096328949769305,0.00597979718590147,0.0,0.005865218768460467
2021-10-02,-0.002787840826870114,0.0044503990159783235,0.006049876706068158,0.003905266833572174
2021-10-03,0.0029387840461694292,0.0017559614002611301,0.003428397997701449,0.0023595969864067534
2021-10-04,0.005314402702505383,-0.0018376909100609184,-0.004996900707259,-0.004630972631087804
2021-10-05,0.01410823750064294,0.0075564905602607535,-0.002154736366961507,0.002808226866553465
2021-10-06,0.023888022380628815,0.004345956463322587,-0.009248380389223931,-0.005241063002994761
2021-10-07,-0.009287208568949601,0.0009246082991296589,0.0003408071606703089,0.003157928376692487
2021-10-08,0.0010185107080380451,-0.0017872954645636874,0.005851844481990831,0.00033227551242553943
2021-10-09,0.006111151665026293,0.0009840988945661877,-0.0025547728780874746,0.0004859313169924828
2021-10-10,-0.0017688674429521267,-0.014253623723441966,-0.011779519758701729,-0.01491922623152142
2021-10-11,0.017141887333136818,0.01151556110400831,-0.0035669975971670542,-0.0004255616091976
2021-10-12,-0.008835455460973307,-0.004509279724656201,0.00972202804008715,0.001994477537245354
2021-10-13,0.008283325491597493,0.010368429571095517,-0.005458230297767153,0.001836253198230553
2021-10-14,-0.00011428843390015597,0.016230217472117392,0.0025389272058424783,0.008929856160735605
2021-10-15,0.030014086461384704,0.006807270605979854,0.0220343200052755,0.013487455294274087
2021-10-16,-0.005379196816457932,-0.0033758653145442574,-0.009303682660621648,-0.0027268084910360146
2021-10-17,0.0037603550572811173,0.0014658340633586509,0.0042959077025006565,-0.0007524769315924162
2021-10-18,0.0028054437762821127,-0.008829794270126423,-0.004973874210005391,-0.0072588396312069925
2021-10-19,0.013193162098595668,0.011547154100180146,-0.002232769327577766,0.004330532030966561
2021-10-20,0.009867855253000268,0.02455763031051128,0.03496926465935912,0.031801864255442513
2021-10-21,-0.02162466399365981,-0.00912462316667062,0.015878355699446844,0.000101202085597496
2021-10-22,-0.00873441013009768,-0.006878390547509605,0.006649066305249862,0.0010884056894999716
2021-10-23,0.003504395981439812,0.016710259476951705,0.0016655468783308702,0.00643689994316432
2021-10-24,-0.0025352905436193396,-0.007149476125530296,0.0049997212202526065,-0.0009172566610302635
2021-10-25,0.0130240134048345,0.01172332125904707,0.00856716483867137,0.030568901825374528
2021-10-26,-0.01587883542646673,-0.0074583264212452205,-0.011067428707167815,0.006919264930451918
2021-10-27,-0.011238149379702467,-0.01771987645594686,-0.01745159144640307,0.05821255350018695
2021-10-28,0.012832063275756589,0.031341883600319864,0.012638921806803927,0.0005854082019443041
2021-10-29,0.009830109228086581,0.009281501820816995,0.005698175154515317,0.0075736011652689506
2021-10-30,-0.002710729172097026,-0.006699447928413482,-0.005347964234368563,-0.009276895873160829
2021-10-31,-0.0037722594235435336,-0.002486562117183566,0.007751150786173833,0.00262935363991601
2021-11-01,-0.0026310650792334966,0.0022643570337927965,0.0015972107372808075,0.004371829229147917
2021-11-02,0.015670171431635405,0.018964444547193926,0.01913596467911538,0.006001205800228782
2021-11-03,-0.0021617596056356936,0.0009262391062603292,0.025024443042187983,-0.005148553050166704
2021-11-04,-0.010054864062324698,-0.0048833493410394,0.004005764158413916,-0.005937896208278448
2021-11-05,-0.003097487604531546,-0.004012625174782514,-0.00956576941730436,0.010812679820125348
2021-11-06,0.003620112031636813,0.0030354666507901307,0.019350758263834367,0.0023307123695126553
2021-11-07,0.012190381049861587,0.006541496123176227,-0.0074305055222517735,-0.00315840813794499
2021-11-08,0.03172473918073959,0.01611932277969541,-0.0012135052958842651,0.0005341198176607165
2021-11-09,-0.003606019484204359,-0.006166808941692636,-0.007888811726112666,-0.004324488006975713
2021-11-10,-0.012651688517348991,-0.007395803594656192,-0.0051314167645146735,-0.00945337738968055
2021-11-11,-0.0006711452300746101,0.006445609403660013,0.00024272395374258515,0.01008275290877525
2021-11-12,-0.004048264022784354,-0.00444867543299865,-0.00545363853684766,-0.0076584243736559365
2021-11-13,0.0017870084472453307,-0.0017468648329668213,0.014351971482160275,0.0034432685141094765
2021-11-14,0.008145846149801406,-0.0014690088761939446,-0.003183773835854997,0.0013403051030640434
2021-11-15,-0.013565026221441956,-0.005947215229584746,-0.00047638466298383086,-0.0009285681407656954
2021-11-16,-0.025512335821625487,-0.0334740905591876,-0.020754273705799076,-0.024020765789071086
2021-11-17,0.001272444017506258,0.004652166327664187,-0.0002156994352862096,0.0007912479029956732
2021-11-18,-0.0170981337711007,-0.017827370715816415,-0.020857020052707065,-0.01840368582231422
2021-11-19,0.005846562282922685,0.018585229668492742,0.018016646344170217,0.018305310192921143
2021-11-20,0.008289868441919479,0.007192228239432996,0.00208106441477951,0.0013449889463228448
2021-11-21,-0.0053916192851006794,-0.009357756388964633,0.011238842196013454,-0.0030764108565145554
2021-11-22,-0.011859752668831103,-0.01058072073776195,-0.012874215982501491,-0.007752329200570007
2021-11-23,0.006540141872859673,0.015728067330999407,0.005384683528624867,0.003620681272649584
2021-11-24,-0.0020233689493599494,-0.004281199190681484,-0.013954755886098735,-0.011297817227855833
2021-11-25,0.00916719087837281,0.01567503576474527,0.0037651149442694543,0.01211043893236119
2021-11-26,-0.02609322181683893,-0.029215346945968057,-0.01541684077134775,-0.017523614604105675
2021-11-27,0.0022644705361156703,0.0010574413971786711,-7.06538879932106e-05,0.0005903278396379719
2021-11-28,0.010457716790734262,0.007696320581565885,0.005893353057132122,0.00419703339661659
2021-11-29,0.002050030564235028,0.005783334277458474,0.0025697081725517545,0.005909049187486692
2021-11-30,-0.003369221872219441,0.007131634673920528,0.0033471353935685677,0.0033724330660056534
2021-12-01,0.0009560569773805483,-0.0018037391823775284,0.015988610347209775,-0.005912453213845814
2021-12-02,-0.002878520621091507,-0.0027400988164070217,0.0028027829415213645,-0.0021747306903634467
2021-12-03,-0.011811379315552761,-0.011316824638370693,-0.01618710745409757,-0.01064272125870469
2021-12-04,-0.011275122658428227,-0.0024488840338363627,-0.0042955496780844316,-0.00544857463694981
2021-12-05,5.928547865896583e-05,0.0004584800833309366,-0.0005782350291847482,-0.0010699726903837803
2021-12-06,0.0006576379077181116,0.0010129577797928224,-0.00029979044382599795,0.0005208190266758894
2021-12-07,0.0002061200381808792,-0.0008082295004070428,-0.0003521243076466396,-0.0004607209042846172
2021-12-08,-0.00021260232082853658,0.002401733052792343,0.00046199931020751706,0.0004706395168581068
2021-12-09,-0.0052829620780823205,-0.006081647497443887,-0.0014104322472929809,-0.0013680009547903937
2021-12-10,-0.0007353119527966356,-0.0038364091937883593,-0.001435441662310355,-0.0012079259729458336
2021-12-11,0.004086568591703976,0.003549504747770049,0.0004987262650972824,0.0009250276785728317
2021-12-12,0.0012012143203792292,0.0007506989068437608,6.806942852444209e-05,0.0011689031162824826
2021-12-13,-0.006055971055905385,-0.0064262801181340645,-0.0018419380783993855,-0.0024773297608825517
2021-12-14,-8.491226937445973e-05,-7.02759053738955e-05,-4.0707044828725e-05,-5.4603400911679145e-05
2021-12-15,0.0,0.0,0.0,0.0
2021-12-16,0.0,0.0,0.0,0.0
2021-12-17,0.0,0.0,0.0,0.0
2021-12-18,0.0,0.0,0.0,0.0
2021-12-19,0.0,0.0,0.0,0.0
2021-12-20,0.0,0.0,0.0,0.0
2021-12-21,0.0,0.0,0.0,0.0
2021-12-22,0.0,0.0,0.0,0.0
2021-12-23,0.0,0.0,0.0,0.0
2021-12-24,-7.102292210026118e-05,0.0,0.0,0.0
2021-12-25,-0.0004286633975305598,0.0,0.0,0.0
2021-12-26,0.00038343639420457265,0.0,0.0,0.0
2021-12-27,-7.551973518860056e-05,0.0,0.0,0.0
2021-12-28,-0.0032206168569316462,-0.003195308125302221,0.0,0.0
2021-12-29,-4.864771993506878e-05,-4.892156965796701e-05,0.0,0.0
2021-12-30,0.0,0.0,0.0,0.0
2021-12-31,0.0,0.0,0.0,0.0
2022-01-01,0.0,0.0,0.0,0.0
2022-01-02,0.0,0.0,0.0,0.0
2022-01-03,0.0,0.0,0.0,0.0
2022-01-04,0.0,0.0,0.0,0.0
2022-01-05,0.0,0.0,0.0,0.0
2022-01-06,0.0,0.0,0.0,0.0
2022-01-07,0.0,0.0,0.0,0.0
2022-01-08,0.0,0.0,0.0,0.0
2022-01-09,0.0,0.0,0.0,0.0
2022-01-10,0.0,0.0,0.0,0.0
2022-01-11,0.0,0.0,0.0,0.0
2022-01-12,0.0,0.0,0.0,0.0
2022-01-13,0.0,0.0,0.0,0.0
2022-01-14,0.0,0.0,0.0,0.0
2022-01-15,0.0,0.0,0.0,0.0
2022-01-16,0.0,0.0,0.0,0.0
2022-01-17,0.0,0.0,0.0,0.0
2022-01-18,0.0,0.0,0.0,0.0
2022-01-19,0.0,0.0,0.0,0.0
2022-01-20,0.0,0.0,0.0,0.0
2022-01-21,0.0,0.0,0.0,0.0
2022-01-22,0.0,0.0,0.0,0.0
2022-01-23,0.0,0.0,0.0,0.0
2022-01-24,0.0,0.0,0.0,0.0
2022-01-25,0.0,0.0,0.0,0.0
2022-01-26,0.0,0.0,0.0,0.0
2022-01-27,0.0,0.0,0.0,0.0
2022-01-28,0.0,0.0,0.0,0.0
2022-01-29,0.0,0.0,0.0,0.0
2022-01-30,0.0,0.0,0.0,0.0
2022-01-31,0.0,0.0,0.0,0.0
2022-02-01,0.0,0.0,0.0,0.0
2022-02-02,0.0,0.0,0.0,0.0
2022-02-03,0.0,0.0,0.0,0.0
2022-02-04,0.0,0.0,0.0,0.0
2022-02-05,0.0,0.0,0.0,0.0
2022-02-06,0.0,0.0,0.0,0.0
2022-02-07,0.0,0.0,0.0,0.0
2022-02-08,0.0,0.0,0.0,0.0
2022-02-09,0.0,0.0,0.0,0.0
2022-02-10,0.0,0.0,0.0,0.0
2022-02-11,0.0,0.0,0.0,0.0
2022-02-12,0.0,0.0,0.0,0.0
2022-02-13,0.0,0.0,0.0,0.0
2022-02-14,0.0,0.0,0.0,0.0
2022-02-15,0.0,0.0,0.0,0.0
2022-02-16,0.0,0.0,0.0,0.0
2022-02-17,0.0,0.0,0.0,0.0
2022-02-18,0.0,0.0,0.0,0.0
2022-02-19,0.0,0.0,0.0,0.0
2022-02-20,0.0,0.0,0.0,0.0
2022-02-21,0.0,0.0,0.0,0.0
2022-02-22,0.0,0.0,0.0,0.0
2022-02-23,0.0,0.0,0.0,0.0
2022-02-24,0.0,0.0,0.0,0.0
2022-02-25,0.0,0.0,0.0,0.0
2022-02-26,0.0,0.0,0.0,0.0
2022-02-27,0.0,0.0,0.0,0.0
2022-02-28,0.0,0.0,0.0,0.0
2022-03-01,0.0,0.0,0.0,0.0
2022-03-02,0.0,0.0,0.0,0.0
2022-03-03,0.0,0.0,0.0,0.0
2022-03-04,0.0,0.0,0.0,0.0
2022-03-05,0.0,0.0,0.0,0.0
2022-03-06,0.0,0.0,0.0,0.0
2022-03-07,0.0,0.0,0.0,0.0
2022-03-08,0.0,0.0,0.0,0.0
2022-03-09,0.0,0.0,0.0,0.0
2022-03-10,0.0,0.0,0.0,0.0
2022-03-11,0.0,0.0,0.0,0.0
2022-03-12,0.0,0.0,0.0,0.0
2022-03-13,0.0,0.0,0.0,0.0
2022-03-14,0.0,0.0,0.0,0.0
2022-03-15,0.0,0.0,0.0,0.0
2022-03-16,0.0,0.0,0.0,0.0
2022-03-17,0.0,0.0,0.0,0.0
2022-03-18,0.0,0.0,0.0,0.0
2022-03-19,0.0,0.0,0.0,0.0
2022-03-20,0.0,0.0,0.0,0.0
2022-03-21,0.0,0.0,0.0,0.0
2022-03-22,0.0,0.0,0.0,0.0
2022-03-23,0.001109195084807224,0.0020342067617378223,0.0037808752992569694,0.0016853437358694823
2022-03-24,0.002579235948623415,0.0023941900449613307,0.006609963934460339,0.0005686620566109912
2022-03-25,0.000746464881861586,-0.00027539626947969964,-0.003287698557111862,-0.0003406456798137336
2022-03-26,0.00045934675551162485,0.0013696909096110321,0.002775387131903395,0.0016854667843348992
2022-03-27,0.005368651819665393,0.004807785690687405,0.004695372890043625,0.0030719922213156003
2022-03-28,0.0006787674823569567,0.0011837292134759814,-0.0011353529041986388,0.0005989842141918
2022-03-29,0.0017523046772289774,0.005562751358674456,0.011506373936162939,0.012704111783382155
2022-03-30,-0.002797045331413228,-0.001520445678918514,0.01829157754121047,-0.0031644405592299307
2022-03-31,-0.011652576237144774,-0.010418431801671457,0.003807376235123172,-0.0039227158814088
2022-04-01,0.0024365546311944097,0.007740788127508669,0.009347143256292378,0.0020372559446035776
2022-04-02,-0.0016011681698105962,-0.0005177680756528469,-0.0016587701690534695,-0.00014860555531215347
2022-04-03,0.002024144375652126,0.0035384052753455464,0.0036095225631924688,0.0010277137052057128
2022-04-04,0.001125710074866726,-0.00037113257737020344,-0.007439790475576635,-0.0010974199218700686
2022-04-05,-0.00964073278914912,-0.011751302285819776,-0.00803244913547485,-0.009102241566955493
2022-04-06,-0.010756683168728798,-0.01284320351240753,-0.013208297109799538,-0.01571761656915549
2022-04-07,0.0012551988181728202,0.0031570337744428745,0.005240709168075286,0.0008825156268232881
2022-04-08,-0.0036367951780016394,-0.0012332436443761585,-0.00806990876504532,-0.0067819144725391745
2022-04-09,0.0015076993604534739,0.002224962555248844,0.0012972551233960683,0.0029907295075237705
2022-04-10,-0.001784826038989995,-0.0018627664252278686,-0.0008874187521292765,-0.00356869523880321
2022-04-11,-0.007896936371741381,-0.007504628438020133,-0.005357438828332395,-0.0058087183882340465
2022-04-12,-0.00011971322972581522,-0.00010089981094174583,-0.00011773071934195745,-0.0001426480219681725
2022-04-13,0.0,0.0,0.0,0.0
2022-04-14,0.0,0.0,0.0,0.0
2022-04-15,0.0,0.0,0.0,0.0
2022-04-16,0.0,0.0,0.0,0.0
2022-04-17,0.0,0.0,0.0,0.0
2022-04-18,0.0,0.0,0.0,0.0
2022-04-19,0.0,0.0,0.0,0.0
2022-04-20,-0.0002618056145390346,-0.0005115945361222618,0.0,0.0
2022-04-21,-0.001303085442534213,-0.0016414615771775942,0.0,-0.002094589494518795
2022-04-22,-6.014454641400935e-05,-5.305520328890978e-05,0.0,-0.00013109507025377276
2022-04-23,0.0,0.0,0.0,0.0
2022-04-24,0.0,0.0,0.0,0.0
2022-04-25,0.0,0.0,0.0,0.0
2022-04-26,0.0,0.0,0.0,0.0
2022-04-27,0.0,0.0,0.0,0.0
2022-04-28,0.0,0.0,0.0,0.0
2022-04-29,0.0,0.0,0.0,0.0
2022-04-30,0.0,0.0,0.0,0.0
2022-05-01,0.0,0.0,0.0,0.0
2022-05-02,0.0,0.0,0.0,0.0
2022-05-03,0.0,0.0,0.0,0.0
2022-05-04,0.0,0.0,0.0,0.0
2022-05-05,0.0,0.0,0.0,0.0
2022-05-06,0.0,0.0,0.0,0.0
2022-05-07,0.0,0.0,0.0,0.0
2022-05-08,0.0,0.0,0.0,0.0
2022-05-09,0.0,0.0,0.0,0.0
2022-05-10,0.0,0.0,0.0,0.0
2022-05-11,0.0,0.0,0.0,0.0
2022-05-12,0.0,0.0,0.0,0.0
2022-05-13,0.0,0.0,0.0,0.0
2022-05-14,0.0,0.0,0.0,0.0
2022-05-15,0.0,0.0,0.0,0.0
2022-05-16,0.0,0.0,0.0,0.0
2022-05-17,0.0,0.0,0.0,0.0
2022-05-18,0.0,0.0,0.0,0.0
2022-05-19,0.0,0.0,0.0,0.0
2022-05-20,0.0,0.0,0.0,0.0
2022-05-21,0.0,0.0,0.0,0.0
2022-05-22,0.0,0.0,0.0,0.0
2022-05-23,0.0,0.0,0.0,0.0
2022-05-24,0.0,0.0,0.0,0.0
2022-05-25,0.0,0.0,0.0,0.0
2022-05-26,0.0,0.0,0.0,0.0
2022-05-27,0.0,0.0,0.0,0.0
2022-05-28,0.0,0.0,0.0,0.0
2022-05-29,0.0,0.0,0.0,0.0
2022-05-30,0.0,0.0,0.0,0.0
2022-05-31,0.0,0.0,0.0,0.0
2022-06-01,0.0,0.0,0.0,0.0
2022-06-02,0.0,0.0,0.0,0.0
2022-06-03,0.0,0.0,0.0,0.0
2022-06-04,0.0,0.0,0.0,0.0
2022-06-05,0.0,0.0,0.0,0.0
2022-06-06,0.0,0.0,0.0,0.0
2022-06-07,0.0,0.0,0.0,0.0
2022-06-08,0.0,0.0,0.0,0.0
2022-06-09,0.0,0.0,0.0,0.0
2022-06-10,0.0,0.0,0.0,0.0
2022-06-11,0.0,0.0,0.0,0.0
2022-06-12,0.0,0.0,0.0,0.0
2022-06-13,0.0,0.0,0.0,0.0
2022-06-14,0.0,0.0,0.0,0.0
2022-06-15,0.0,0.0,0.0,0.0
2022-06-16,0.0,0.0,0.0,0.0
2022-06-17,0.0,0.0,0.0,0.0
2022-06-18,0.0,0.0,0.0,0.0
2022-06-19,0.0,0.0,0.0,0.0
2022-06-20,0.0,0.0,0.0,0.0
2022-06-21,0.0,0.0,0.0,0.0
2022-06-22,0.0,0.0,0.0,0.0
2022-06-23,0.0,0.0,0.0,0.0
2022-06-24,0.0,0.0,0.0,0.0
2022-06-25,0.0,0.0,0.0,0.0
2022-06-26,0.0,0.0,0.0,0.0
2022-06-27,0.0,0.0,0.0,0.0
2022-06-28,0.0,0.0,0.0,0.0
2022-06-29,0.0,0.0,0.0,0.0
2022-06-30,0.0,0.0,0.0,0.0
2022-07-01,0.0,0.0,0.0,0.0
2022-07-02,0.0,0.0,0.0,0.0
2022-07-03,0.0,0.0,0.0,0.0
2022-07-04,0.0,0.0,0.0,0.0
2022-07-05,0.0,0.0,0.0,0.0
2022-07-06,0.0,0.0,0.0,0.0
2022-07-07,0.0,0.0,0.0,0.0
2022-07-08,0.0,0.0,0.0,0.0
2022-07-09,0.0,0.0,0.0,0.0
2022-07-10,0.0,0.0,0.0,0.0
2022-07-11,0.0,0.0,0.0,0.0
2022-07-12,0.0,0.0,0.0,0.0
2022-07-13,0.0,0.0,0.0,0.0
2022-07-14,0.0,0.0,0.0,0.0
2022-07-15,0.0,0.0,0.0,0.0
2022-07-16,0.0,0.0,0.0,0.0
2022-07-17,0.0,0.0,0.0,0.0
2022-07-18,0.0,0.0,0.0,0.0
2022-07-19,0.0,0.0,0.0,0.0
2022-07-20,0.0,0.0,0.0,0.0
2022-07-21,0.0,0.0,0.0,0.0
2022-07-22,0.0,0.0,0.0,0.0
2022-07-23,0.0,0.0,0.0,0.0
2022-07-24,0.0,0.0,0.0,0.0
2022-07-25,0.0,0.0,0.0,0.0
2022-07-26,0.0,0.0,0.0,0.0
2022-07-27,0.0,0.0,0.0,0.0
2022-07-28,0.0,0.0,0.0,0.0
2022-07-29,0.0,0.0,0.0,0.0
2022-07-30,0.0,0.0,0.0,0.0
2022-07-31,0.0,0.0,0.0,0.0
2022-08-01,0.0,0.0,0.0,0.0
2022-08-02,0.0,0.0,0.0,0.0
2022-08-03,0.0,0.0,0.0,0.0
2022-08-04,0.0,0.0,0.0,0.0
2022-08-05,0.0,0.0,0.0,0.0
2022-08-06,0.0,0.0,0.0,0.0
2022-08-07,0.0,0.0,0.0,0.0
2022-08-08,0.0,0.0,0.0,0.0
2022-08-09,0.0,0.0,0.0,0.0
2022-08-10,0.0,0.0,0.0,0.0
2022-08-11,0.0,0.0,0.0,0.0
2022-08-12,0.0,0.0,0.0,0.0
2022-08-13,0.0,0.0,0.0,0.0
2022-08-14,0.0,0.0,0.0,0.0
2022-08-15,0.0,0.0,0.0,0.0
2022-08-16,0.0,0.0,0.0,0.0
2022-08-17,0.0,0.0,0.0,0.0
2022-08-18,0.0,0.0,0.0,0.0
2022-08-19,0.0,0.0,0.0,0.0
2022-08-20,0.0,0.0,0.0,0.0
2022-08-21,0.0,0.0,0.0,0.0
2022-08-22,0.0,0.0,0.0,0.0
2022-08-23,0.0,0.0,0.0,0.0
2022-08-24,0.0,0.0,0.0,0.0
2022-08-25,0.0,0.0,0.0,0.0
2022-08-26,0.0,0.0,0.0,0.0
2022-08-27,0.0,0.0,0.0,0.0
2022-08-28,0.0,0.0,0.0,0.0
2022-08-29,0.0,0.0,0.0,0.0
2022-08-30,0.0,0.0,0.0,0.0
2022-08-31,0.0,0.0,0.0,0.0
2022-09-01,0.0,0.0,0.0,0.0
2022-09-02,0.0,0.0,0.0,0.0
2022-09-03,0.0,0.0,0.0,0.0
2022-09-04,0.0,0.0,0.0,0.0
2022-09-05,0.0,0.0,0.0,0.0
2022-09-06,0.0,0.0,0.0,0.0
2022-09-07,0.0,0.0,0.0,0.0
2022-09-08,0.0,0.0,0.0,0.0
2022-09-09,0.0,0.0,0.0,0.0
2022-09-10,0.0,0.0,0.0,0.0
2022-09-11,0.0,0.0,0.0,0.0
2022-09-12,0.0,0.0,0.0,0.0
2022-09-13,-0.010292432494724668,-0.007328155310708406,-0.01039282819444376,-0.0077191291382684435
2022-09-14,-9.346770218643385e-05,-8.08888142019848e-05,-0.00019110923007636949,-0.00018078273582400328
2022-09-15,0.0,0.0,0.0,0.0
2022-09-16,0.0,0.0,0.0,0.0
2022-09-17,0.0,0.0,0.0,0.0
2022-09-18,0.0,0.0,0.0,0.0
2022-09-19,0.0,0.0,0.0,0.0
2022-09-20,0.0,0.0,0.0,0.0
2022-09-21,0.0,0.0,0.0,0.0
2022-09-22,0.0,0.0,0.0,0.0
2022-09-23,0.0,0.0,0.0,0.0
2022-09-24,0.0,0.0,0.0,0.0
2022-09-25,0.0,0.0,0.0,0.0
2022-09-26,0.0,0.0,0.0,0.0
2022-09-27,0.0,0.0,0.0,0.0
2022-09-28,0.0,0.0,0.0,0.0
2022-09-29,0.0,0.0,0.0,0.0
2022-09-30,0.0,0.0,0.0,0.0
2022-10-01,0.0,0.0,0.0,0.0
2022-10-02,0.0,0.0,0.0,0.0
2022-10-03,0.0,0.0,0.0,0.0
2022-10-04,0.0,0.0,0.0,0.0
2022-10-05,0.0,0.0,0.0,0.0
2022-10-06,0.0,0.0,0.0,0.0
2022-10-07,0.0,0.0,0.0,0.0
2022-10-08,0.0,0.0,0.0,0.0
2022-10-09,0.0,0.0,0.0,0.0
2022-10-10,0.0,0.0,0.0,0.0
2022-10-11,0.0,0.0,0.0,0.0
2022-10-12,0.0,0.0,0.0,0.0
2022-10-13,0.0,0.0,0.0,0.0
2022-10-14,0.0,0.0,0.0,0.0
2022-10-15,0.0,0.0,0.0,0.0
2022-10-16,0.0,0.0,0.0,0.0
2022-10-17,0.0,0.0,0.0,0.0
2022-10-18,0.0,0.0,0.0,0.0
2022-10-19,0.0,0.0,0.0,0.0
2022-10-20,0.0,0.0,0.0,0.0
2022-10-21,0.0,0.0,0.0,0.0
2022-10-22,0.0,0.0,0.0,0.0
2022-10-23,0.0,0.0,0.0,0.0
2022-10-24,0.0,0.0,0.0,0.0
2022-10-25,0.0,0.0,0.0,0.0
2022-10-26,0.0,0.0,0.0,0.0
2022-10-27,0.0,0.0,0.0,0.0
2022-10-28,0.0,0.0,0.0,0.0
2022-10-29,0.0,0.0,0.0,0.0
2022-10-30,0.0,0.0,0.0,0.0
2022-10-31,0.0,0.0,0.0,0.0
2022-11-01,0.0,0.0,0.0,0.0
2022-11-02,0.0,0.0,0.0,0.0
2022-11-03,0.0,0.0,0.0,0.0
2022-11-04,0.0,0.0,0.0,0.0
2022-11-05,0.0020217365592318792,-0.0022769655843838388,0.01638790098754228,0.0031998046755383758
2022-11-06,-0.0061258614985308935,-0.006888228466262913,-0.022437305503815952,-0.012928988753501458
2022-11-07,-0.0027239322493248785,-9.830571238700347e-05,-0.006491738248337486,-0.003450917905996498
2022-11-08,-0.00016858065606373263,-9.903109645859054e-05,-0.0001546226958389907,-0.00022142545032366456
2022-11-09,0.0,0.0,0.0,0.0
2022-11-10,0.0,0.0,0.0,0.0
2022-11-11,0.0,0.0,0.0,0.0
2022-11-12,0.0,0.0,0.0,0.0
2022-11-13,0.0,0.0,0.0,0.0
2022-11-14,0.0,0.0,0.0,0.0
2022-11-15,0.0,0.0,0.0,0.0
2022-11-16,0.0,0.0,0.0,0.0
2022-11-17,0.0,0.0,0.0,0.0
2022-11-18,0.0,0.0,0.0,0.0
2022-11-19,0.0,0.0,0.0,0.0
2022-11-20,0.0,0.0,0.0,0.0
2022-11-21,0.0,0.0,0.0,0.0
2022-11-22,0.0,0.0,0.0,0.0
2022-11-23,0.0,0.0,0.0,0.0
2022-11-24,0.0,0.0,0.0,0.0
2022-11-25,0.0,0.0,0.0,0.0
2022-11-26,0.0,0.0,0.0,0.0
2022-11-27,0.0,0.0,0.0,0.0
2022-11-28,0.0,0.0,0.0,0.0
2022-11-29,0.0,0.0,0.0,0.0
2022-11-30,0.0,0.0,0.0,0.0
2022-12-01,0.0,0.0,0.0,0.0
2022-12-02,0.0,0.0,0.0,0.0
2022-12-03,0.0,0.0,0.0,0.0
2022-12-04,0.0,0.0,0.0,0.0
2022-12-05,0.0,0.0,0.0,0.0
2022-12-06,0.0,0.0,0.0,0.0
2022-12-07,0.0,0.0,0.0,0.0
2022-12-08,0.0,0.0,0.0,0.0
2022-12-09,0.0,0.0,0.0,0.0
2022-12-10,0.0,0.0,0.0,0.0
2022-12-11,0.0,0.0,0.0,0.0
2022-12-12,0.0,0.0,0.0,0.0
2022-12-13,0.0,0.0,0.0,0.0
2022-12-14,0.0,0.0,0.0,0.0
2022-12-15,0.0,0.0,0.0,0.0
2022-12-16,0.0,0.0,0.0,0.0
2022-12-17,0.0,0.0,0.0,0.0
2022-12-18,0.0,0.0,0.0,0.0
2022-12-19,0.0,0.0,0.0,0.0
2022-12-20,0.0,0.0,0.0,0.0
2022-12-21,0.0,0.0,0.0,0.0
2022-12-22,0.0,0.0,0.0,0.0
2022-12-23,0.0,0.0,0.0,0.0
2022-12-24,0.0,0.0,0.0,0.0
2022-12-25,0.0,0.0,0.0,0.0
2022-12-26,0.0,0.0,0.0,0.0
2022-12-27,0.0,0.0,0.0,0.0
2022-12-28,0.0,0.0,0.0,0.0
2022-12-29,0.0,0.0,0.0,0.0
2022-12-30,0.0,0.0,0.0,0.0
2022-12-31,0.0,0.0,0.0,0.0
2023-01-01,0.0,0.0,0.0,0.0
2023-01-02,0.0,0.0,0.0,0.0
2023-01-03,0.0,0.0,0.0,0.0
2023-01-04,0.0,0.0,0.0,0.0
2023-01-05,0.0,0.0,0.0,0.0
2023-01-06,0.0,0.0,0.0,0.0
2023-01-07,0.0,0.0,0.0,0.0
2023-01-08,0.0,0.0,0.0,0.0
2023-01-09,0.0,0.0,0.0,0.0
2023-01-10,0.0,0.0,0.0,0.0
2023-01-11,0.0,0.0,0.0,0.0
2023-01-12,0.011194062834078533,0.0025927080521566115,0.0006078330883965144,0.0017965539377582385
2023-01-13,0.020088181694044804,0.007072735137119812,0.010991609193408802,0.008652280531762369
2023-01-14,0.02992328808946354,0.03886442019052705,0.06762954050110204,0.019830529378862538
2023-01-15,-0.002191021621845146,0.0006910605410070936,-0.008505878035402481,-0.006335828485057204
2023-01-16,0.008027071050653145,0.007507023427182569,0.004241450242010059,0.0024561177392632416
2023-01-17,-0.0014658460211582902,-0.003469241188638672,-0.004407168336888367,-0.008094177298683336
2023-01-18,-0.014117620716332269,-0.020201521887692753,-0.012726697667547526,-0.029789716071525585
2023-01-19,0.012286963172267962,0.015027482903472666,0.005285326742913821,0.013716754342462112
2023-01-20,0.05360401649169533,0.04010341043519028,0.03635176776933169,0.058523256808700186
2023-01-21,0.00324644207171243,-0.011434705460640737,-0.008022401147993019,-0.011835560649264165
2023-01-22,-0.002154115959741243,0.0002831838317836066,-0.0030972563834614775,0.004237890244437326
2023-01-23,0.006513213426012632,-0.0005194255140789084,0.0010356263949498068,0.009509642894464765
2023-01-24,-0.008890604567504012,-0.028120691482254823,-0.013363001857329193,-0.02299385384369168
2023-01-25,0.013541264926430374,0.023029796718865514,0.015204221283543262,0.020893277952922062
2023-01-26,-0.0016008697470055733,-0.004363914696684179,-0.0016353665842703258,-0.005233416596469032
2023-01-27,0.0021248559402304856,-0.0014017654796779633,0.0008621291520858332,0.0017149900473403257
2023-01-28,-0.0017425197024386607,-0.010323709183242102,-0.003703962060298327,-0.008587806880732796
2023-01-29,0.02672909959884806,0.032426303504424325,0.022424669802636243,0.026488723612182685
2023-01-30,-0.03523747472409733,-0.03402314510931981,-0.02249140079748435,-0.035659063970549854
2023-01-31,0.011902450444831514,0.008581089187466917,-0.0004361877395767655,-0.002921466667386796
2023-02-01,0.023901399183454464,0.02506170105576455,0.011782208223345414,0.030469288571161712
2023-02-02,-0.00936458702305909,0.0006247828639156516,-0.007332039780488686,-0.015057314052572823
2023-02-03,-0.0022123973430171473,0.008845564015321328,0.004662410254506533,0.0028146794244015005
2023-02-04,-0.004441617450379853,0.0012753007017796136,-0.004509051702401012,-0.00904031163446628
2023-02-05,-0.016482825205900054,-0.017473441711605586,-0.011258981561660275,-0.024228343951774756
2023-02-06,-0.00724894411715038,-0.00701180833679127,-0.010601866291747197,-0.014754944349083421
2023-02-07,0.01760783354962081,0.023556558726984367,0.015345611751643284,0.026544354130458858
2023-02-08,-0.011905608393893763,-0.009904937790682244,-0.007817422261852003,-0.01917095320340101
2023-02-09,-0.044838248793914626,-0.0438792039982534,-0.035980839074841175,-0.04931540322932648
2023-02-10,-0.006077141794539775,-0.012514034159085585,-0.005040072481287572,-0.0021658614628871087
2023-02-11,0.008317528442367994,0.009925801715207072,0.009583574170343834,0.008867777588596137
2023-02-12,-0.0027458164730286283,-0.009144712132111543,0.00922138394845362,-0.004984438806340141
2023-02-13,-0.000333499751981714,-0.0037376335246547265,-0.009674605050640994,0.0009796673604922645
2023-02-14,0.014845864297545974,0.01974411576737234,0.014517993918659933,0.021033879843917136
2023-02-15,0.07296688419113773,0.04573259698462806,0.027015589440248844,0.03419840827481169
2023-02-16,-0.02011655563431125,-0.013602923501691233,-0.0210960456605348,-0.02382222791750377
2023-02-17,0.026554764766114847,0.0230135999054093,0.013895347494687016,0.011925431088847027
2023-02-18,0.0015236772142523947,-0.0009059399618255304,0.004763591673649481,-0.0013781155888155094
2023-02-19,-0.009841740115435926,-0.0052763281651100336,0.02125806566306343,0.00499788146275848
2023-02-20,0.01563904787363879,0.010387909033604092,0.021264823814681533,0.015136193517618857
2023-02-21,-0.011411052443412673,-0.019019178886403587,-0.01876916882116042,-0.024411247322206564
2023-02-22,-0.007951854417079018,-0.008002965698784115,-0.012253996097544517,-0.0020063180949025927
2023-02-23,-0.008012576725502263,0.003562883982621168,-0.0037823229911563283,-0.00671780584103121
2023-02-24,-0.024959654413665655,-0.021928567473426086,-0.014802109025286558,-0.02198409011584479
2023-02-25,-0.0009569248053962198,-0.006451170819062435,-0.012405490891443827,-0.017275391325660916
2023-02-26,0.01350142264888099,0.02274500804498314,0.015791374009973547,0.02018128480354342
2023-02-27,-0.00250539238567149,-0.004270569386333745,-0.0100694924979704,-0.010218474792408672
2023-02-28,-0.013411329464299238,-0.01498706893135493,-0.014097922208576974,-0.018295650364968274
2023-03-01,0.016903370886434343,0.02892039816536207,0.011222404701535904,0.03907998244875621
2023-03-02,-0.006276708299906009,-0.008158892537289741,-0.009128884859285868,-0.015807963166741268
2023-03-03,-0.039818303185255144,-0.037154450450122,-0.010477517102901901,-0.02842070594495416
2023-03-04,-0.00045273028316095143,-0.0011728674949669227,-0.006809045250114054,-0.008410026521270986
2023-03-05,0.0021842816369299634,-0.000749260927382478,-0.00015193213198971822,-0.0014556803161042131
2023-03-06,-0.0005272320307722067,0.00043943100127097345,-0.00516647744158083,-0.0005054308396276186
2023-03-07,-0.005526346463554321,-0.0013525741171059869,-0.0058042860298987975,-0.00455413430271534
2023-03-08,-0.01290776060204224,-0.010325600775403232,-0.028269045560472383,-0.020817493071668802
2023-03-09,-0.031983432420815805,-0.030401611234492476,-0.017075406087717182,-0.007957948773631651
2023-03-10,-0.0031905733814342474,-0.002278892934754806,0.0074026991977917955,0.0004484168699527835
2023-03-11,0.0017633332811530789,0.0037436145173528335,-0.0006190722943163474,-0.0004902930234159664
2023-03-12,0.020172859739506332,0.018365414849351724,0.01714132916549871,0.022866983263624574
2023-03-13,0.027340122131103595,0.015603936279569464,0.001600616201074656,0.008077798699611893
2023-03-14,0.009843134942513876,0.0070805678990413234,0.006511952044785607,0.017994004471494573
2023-03-15,-0.006821684637791092,-0.015319811043390752,-0.02402255021529265,-0.02756146181908592
2023-03-16,0.015227833793341139,0.007454818961781573,0.007558925135020544,0.005687696641160089
2023-03-17,0.05069510089585516,0.04193689199070527,0.034248180722538546,0.04007354779302452
2023-03-18,-0.008235549038283163,-0.009253150908055896,-0.006863022508362127,-0.012254202119615254
2023-03-19,0.017934627998495767,0.006641152070867573,0.009585538151796413,0.008253240263002448
2023-03-20,-0.00423126611838287,-0.01446943668245071,0.003938845194521701,-0.013608325018916068
2023-03-21,0.006451426665572191,0.020980675442421326,0.005812431944473229,0.016518329366312923
2023-03-22,-0.014100311476543448,-0.020084203298282644,-0.016036288808571664,-0.01755621896070436
2023-03-23,0.01748104561177266,0.02434379560670652,0.010865095007182246,0.008521480598243869
2023-03-24,-0.015778588125191506,-0.019207210331257274,-0.026865900208695392,-0.029280096891420526
2023-03-25,0.00016101252068700944,-0.002345001183962858,-0.004570285683053954,-0.00848275545200361
2023-03-26,0.010634961088960226,0.011173562986950492,0.009733490480262397,0.012192113561300122
2023-03-27,-0.01766497451211846,-0.020401527233029793,-0.01873368452916424,-0.007735662656907505
2023-03-28,0.0029040442874799233,0.020510435832172824,0.010009049725379082,0.0249910554465671
2023-03-29,0.023127865647736057,0.006985842333584458,0.01355495394331685,0.01229284031056288
2023-03-30,-0.006652875044054096,0.0001865629783432965,-0.011432098749694974,0.0018255396457196316
2023-03-31,0.007582009132488965,0.008000744569643059,0.010221060678367921,0.0028236968090671333
2023-04-01,-0.00034545743763936265,-0.000338147551770529,-0.0016989694270193034,-0.009323125982283575
2023-04-02,-0.005304664550358051,-0.0081669144270069,-0.010947889786048659,-0.004866077902090371
2023-04-03,-0.006993363495371163,0.004980269446636321,-0.001383634096852604,-0.0035328388867543747
2023-04-04,0.007808585065999463,0.020833512387335995,0.009302986579730721,0.008347095522392767
2023-04-05,-2.2689471216086332e-05,0.015337131719682207,0.0009679547105205799,-0.002183495500066357
2023-04-06,-0.003605179752011356,-0.014407894594074877,-0.008773196287095053,-0.011085521327219183
2023-04-07,-0.003387087088216223,-0.003260099737867561,-0.004551863914672993,0.0006023455080892415
2023-04-08,0.000745852979072481,-0.0054940416043076645,-0.010161506940478904,-0.006557777630685546
2023-04-09,0.009568647070052672,0.0037447226690874302,0.006159493904346336,0.013154802436990076
2023-04-10,0.03230591429939622,0.01894187767087474,0.01555954143956173,0.012120522261289457
2023-04-11,0.012398539522993524,-0.0073735486134614,0.052493780855692895,-0.006918150044084914
2023-04-12,-0.004900890693730564,0.006667189579860233,0.009027222716081473,-0.004370579966072707
2023-04-13,0.0073382002050701445,0.023506050175361448,0.007399011325498472,0.011958766411652944
2023-04-14,0.0013960037750870846,0.0213545418621508,0.0032642969082057327,0.015684956063600763
2023-04-15,-0.0029375957746492487,-0.0022314921771048324,-0.007669379010578625,-0.0055653032858736795
2023-04-16,6.0464981525676365e-05,0.007959000851986975,0.02173504860494635,0.004473415972169104
2023-04-17,-0.01894353498829604,-0.012727554241434347,-0.01271961125775034,-0.005992113515494002
2023-04-18,0.020973530144446695,0.008513614942179837,0.004068468684635729,0.016432298741858142
2023-04-19,-0.03423801242288127,-0.054217299467845925,-0.036467849856583245,-0.047666658684563434
2023-04-20,-0.010604429691866812,0.0014123380580706169,-0.006369212658803858,-0.01041899486740272
2023-04-21,-0.02263270379505733,-0.021337305872067613,-0.015831343199900094,-0.027485668984982503
2023-04-22,0.011448761146683362,0.005852075932788914,0.009045217159955321,0.01172352758264239
2023-04-23,-0.004652317122276983,-0.002449620027865862,-0.005312079772269773,-0.005591326283579834
2023-04-24,-0.001645889709747883,-0.003968861474027863,-0.0015020011860693572,-0.0025605717891857838
2023-04-25,0.01634449186912934,0.005655202098157952,0.009192703588783768,0.006100026667648306
2023-04-26,0.0023312339083141342,-2.1122442816379206e-05,-0.010765143468295157,-0.005405398516069138
2023-04-27,0.021480345542197687,0.010014596365814032,0.017579088551389788,0.008483758478679881
2023-04-28,-0.004274146605689921,-0.006123156254345896,0.021905495515007978,0.00415998500801118
2023-04-29,-0.0018861298425641992,0.004899427450745675,-0.0028303598321142154,0.0035262189419467127
2023-04-30,6.044159908125124e-05,-0.011077726049760428,-0.0077525456417468774,-0.011067421124160592
2023-05-01,-0.025509849756062408,-0.011691951884583052,-0.013542736461560123,-0.0074664411922305
2023-05-02,0.010292160063789524,0.010016544070445832,0.0041184083834686636,0.002637890343924587
2023-05-03,0.0074481165857165355,0.010905065488538312,-0.00040297181156967454,0.004974556441155187
2023-05-04,-0.004651098305708423,-0.010099730911328764,-0.011150603316959495,-0.008068235191798667
2023-05-05,0.01626100555125043,0.0450841913983735,0.02395158176446266,0.023095047150470727
2023-05-06,-0.015760126708668554,-0.02532834282389862,-0.01970935514434724,-0.024265473722600572
2023-05-07,-0.009001831200188493,-0.005552802569363857,-0.004856578192991123,-0.006891983521840728
2023-05-08,-0.01637921640064577,-0.004825141811082401,-0.019519715178852204,-0.019967317914358684
2023-05-09,-0.000886284851656538,-0.0002207739998120184,0.000574278459035904,0.00042526247476959433
2023-05-10,-0.0006405167358881636,-0.0012060319517789297,0.004035195793537172,0.0016493680116165255
2023-05-11,-0.011890437386704922,-0.009893750319111327,-0.011879607531142922,-0.012333179342444822
2023-05-12,-0.0037812003107845493,0.003187160403705702,0.011859964012032043,0.010914644379308225
2023-05-13,-0.0004373922404252717,-0.0030350986828341364,-0.0009633660756451778,-0.003783807483401902
2023-05-14,0.0027958696302707864,0.0010114901181617064,0.0014464425671674164,0.0013091703068452976
2023-05-15,0.004789517956102163,0.004187280974371488,0.0009629022619586092,0.0024549338094821405
2023-05-16,-0.0025010880386204803,0.0019658778289239898,-0.0051305385232963685,0.0037937250258484045
2023-05-17,0.007265478695531069,-0.0005119379947499114,0.006285089720199144,0.004443278045026755
2023-05-18,-0.011337156093959466,-0.005283749529558235,-0.011530770632400267,-0.0030837159357355315
2023-05-19,0.0009695964377824939,0.0028973540912575757,0.0003240355639986259,0.0034771668075661566
2023-05-20,0.004248229418122085,0.0017441993321609672,-0.0012957223958568465,0.0004239968256849469
2023-05-21,-0.006835560031170584,-0.0035583473793078246,-0.010865754066192723,-0.009502675368546654
2023-05-22,0.0019695918054267736,0.003061606969516184,-0.0013116555977346067,0.0016921775324809651
2023-05-23,0.007172970699895531,0.009004664037666865,0.008044442073601443,0.007862513411158067
2023-05-24,-0.01712683300706974,-0.013170035078374331,-0.013028972165445185,-0.014219966773589165
2023-05-25,0.0011366864325159654,0.0005266138262891573,-0.00013357139450365096,2.5963662599881587e-06
2023-05-26,0.002238367264479235,0.00286500995925576,0.0008448427608873654,0.0037656418005891368
2023-05-27,0.0022370889584666376,0.0002943379993249895,0.015385316485682976,0.007586585726331974
2023-05-28,0.025384449964742206,0.02217145272144183,0.00543318864657194,0.013292185686922586
2023-05-29,-0.0067532906287032235,-0.004442168655666712,-0.004469939966753933,0.0009353939787295484
2023-05-30,-0.0008342249763103604,0.002222649415910549,0.012185764565921575,0.014447108987422519
2023-05-31,-0.00884156595935659,-0.007483070917365664,-0.007789979626134258,-0.006814382098761174
2023-06-01,-0.007231810196876021,-0.0033139076410094725,-0.005709919887689652,-0.006895378182326328
2023-06-02,0.003690425730517255,0.00562073672528296,0.005791414825727426,0.006761540919197007
2023-06-03,-0.003997073434772402,-0.004514861878969212,-0.0017352787897009225,-0.004201490693765297
2023-06-04,0.000653391544229498,-0.0005840365117557589,0.008621344720008084,0.007765336297814507
2023-06-05,-0.030754737677813337,-0.024100555262155154,-0.03137984503989166,-0.027582707788485594
2023-06-06,0.010267752095315608,0.007319705779119889,0.001540570741769054,0.005503942478566115
2023-06-07,-0.011669801778257383,-0.011034664766123026,-0.022492512404714726,-0.00875693307753389
2023-06-08,0.0008213707788773394,0.0011548735478852379,0.001093658248897178,0.0003170372294802881
2023-06-09,-0.00013052792754786324,-0.0005274520317616327,-0.00853085067788184,0.0018649307014719785
2023-06-10,-0.003995429143786033,-0.00889631258720136,-0.010336652054927065,-0.013520111185154504
2023-06-11,0.0005314581409936459,0.0001242760679309729,-0.0003500988066981181,0.0018557104302923122
2023-06-12,-0.00012822788912647543,-0.0010294437169904302,-0.0021013285127933212,-2.381281484775677e-05
2023-06-13,0.00018304422078530003,-0.00024776606284837577,-0.0008773972468490987,-0.0006516605156424715
2023-06-14,-0.005073729799108251,-0.009019908224775497,-0.0032784929289060294,-0.006520922125302198
2023-06-15,0.0011192158952992859,0.00045316260527594743,0.0005327353764508214,0.00032471088263941184
2023-06-16,0.0019255401702718,0.0017930299947686024,0.0012332374265677792,0.0006516752838992002
2023-06-17,0.00044277664230296665,0.0003456011891138644,0.000752716815465293,0.0003654531018606466
2023-06-18,-0.0004555243421405786,-0.00023909867797122786,-0.0004330564400397696,0.0002502008420917079
2023-06-19,0.0012985090693682366,0.0005675122899719831,0.0014821507287383628,0.0009659658865242005
2023-06-20,0.01078110991428094,0.005804004972373988,0.003363985689807558,0.002759194255052
2023-06-21,0.03171738695464277,0.03029018923668958,0.011155788453826698,0.019910938300398806
2023-06-22,-0.0015199349928891603,-0.003709039075882603,-0.009280091790110467,-0.008945174741503581
2023-06-23,0.009857431606478784,0.004259026409485278,0.007658752840232097,0.006249252420697848
2023-06-24,-0.002299152043463315,-0.004391087808974237,-0.007302481689217544,-0.013724839236576192
2023-06-25,-0.0009045738143769189,0.005851266557147516,0.005782869878149466,0.004870838793660237
2023-06-26,-0.0032393045504778284,-0.011159783769561282,-0.012711180434744729,-0.00792494899344598
2023-06-27,0.006932445102397322,0.00862231229140109,0.006717305104035898,0.0048512200997576915
2023-06-28,-0.00997598682129841,-0.017192160577151228,-0.01223288732096095,-0.015877206166465596
2023-06-29,0.0060603564560495204,0.006811319773633695,0.037903721021546044,0.006991180539813957
2023-06-30,0.0003860087172447013,0.02559061261761464,0.011896544312873791,0.012547762500828119
2023-07-01,0.00178786076591253,-0.002380990339087785,-0.0021963830237574644,0.0038991144970066394
2023-07-02,0.000512431994964091,0.004064236292030676,0.010318208161103737,0.004753252385985229
2023-07-03,0.011349095191079517,0.005848748257855307,-0.0025872502805203146,0.0035327207766406854
2023-07-04,-0.008110613200780215,-0.006226858155216064,-0.001774815768741056,-0.006055668560348004
2023-07-05,-0.004398580109581274,-0.006800164628004923,-0.0017779713403122122,-0.008182698938601463
2023-07-06,-0.009947053611529033,-0.016689776670758882,0.008357648255920891,-0.01546870623186869
2023-07-07,0.008579368587130931,0.0076365608771225,0.0322758628989086,0.007843245302914692
2023-07-08,-0.001565928770627556,-0.0022675655894358604,0.004224955943817887,0.0006388408779745003
2023-07-09,-0.0029459531065466615,-0.0009233945007919298,-0.006866677166270652,-0.003666423542723507
2023-07-10,0.005981321437371845,0.006666706497634012,-0.00028221038500564344,0.008550298582506777
2023-07-11,0.00498987650789573,-0.0007901913243765213,0.012632101563718301,0.007265943576229894
2023-07-12,-0.005344652032680863,-0.002440232908950346,-0.002127937341965258,0.00483935767293131
2023-07-13,0.023606597219880454,0.04512777236456156,0.06676287476657228,0.04742119729199312
2023-07-14,-0.02225697093182999,-0.01733552181659659,0.003701760780985719,-0.007582241310085114
2023-07-15,-0.0004469179152074565,-0.0013973820243784463,0.005104109408727853,-0.002150019476854892
2023-07-16,-0.0013991601596295977,-0.002488292769403988,-0.0002571235327863963,-0.0037078268019559157
2023-07-17,-0.0024102088177843095,-0.0034009013754863204,-0.0039864397656643735,-0.01186859546399166
2023-07-18,-0.006976414518140683,-0.004259404099574482,-0.008133899663547939,-0.009202430874107548
2023-07-19,0.0012616393822588723,-0.002623446453988376,0.005011479331102242,0.005074274689422342
2023-07-20,-0.0026010979886313956,0.0009074390681325095,-0.006022643333034816,-0.006501076154686203
2023-07-21,0.002377352401103483,-4.215666002682639e-05,0.0009287202392505023,0.0026415060300564175
2023-07-22,-0.0025116106193621146,-0.00798710069105979,-0.008922292415339816,-0.0154597757925109
2023-07-23,0.006772851621609233,0.007024212218103898,0.002204722381539348,0.012273934800264952
2023-07-24,-0.021064133450053424,-0.013655300739488174,-0.012740926919674433,-0.023534653287921148
2023-07-25,0.0013035499879912038,0.00289849134991349,-0.0009284426676360313,-0.0010282818182679732
2023-07-26,0.0027392399925962874,0.004827775702701764,0.017656804015306893,0.021121097002783307
2023-07-27,-0.0029674270818316195,-0.003650264467719322,-0.0006392271240915903,0.000380590156643823
2023-07-28,0.0021049002500683756,0.0044120860906240456,-0.0025585439870808857,-0.003369026688425869
2023-07-29,0.0008911401505713457,0.0021334051868100445,0.0032063836574782734,0.003751729051780117
2023-07-30,-0.0016495304039078063,-0.007030805557668551,-0.01070127885364569,-0.00017608631908572203
2023-07-31,-0.0011237456582953165,-0.0021234683364892426,-0.006029852212912079,-0.006985262133733294
2023-08-01,0.011883254418267652,0.006527082401722728,0.003733188861989589,0.006884932270556643
2023-08-02,-0.012959214526444107,-0.012561641916674082,-0.010460542493618497,-0.01882634757808621
2023-08-03,0.00019265552975133993,-0.0015499167871155795,-0.0058728456479131275,-0.010234492225103753
2023-08-04,-0.0018748249639751746,-0.0019722885852623273,0.0017722619150486452,-0.006073205504826262
2023-08-05,-0.0009457527569515234,0.002133378753398363,-0.0017691265594245165,-0.0027268198677924405
2023-08-06,0.00036839218266515594,-0.002111806440380004,0.006498293688511847,0.002407898112818163
2023-08-07,0.0027724358252578796,-0.0004027750344679504,-0.0009391037825098314,-0.0009055928260228718
2023-08-08,0.012610095607633376,0.01037836822602789,0.016468997731437174,0.019540214424544233
2023-08-09,-0.004195027072672719,-0.0003614736981125688,0.0023848056188946476,0.001998861831244536
2023-08-10,-0.0024298411569690925,-0.0010051229043731569,0.0029071987385222986,-0.0016952400652145982
2023-08-11,-0.0006886902259886085,-0.0012694779126604105,0.0,-0.001031383715157097
2023-08-12,8.603677137553056e-05,0.0003603973950627726,0.004257461193017065,0.0012035574001831861
2023-08-13,-0.0026251425778911486,-0.003040790377323299,-0.010313963282005734,-0.007214556934655225
2023-08-14,0.0026478864886039233,0.0015813923892635806,0.014559378301899129,0.011201171555874412
2023-08-15,-0.005290123099877531,-0.006027985271507608,-0.019335336081532373,-0.021903565683467963
2023-08-16,-0.01205720879831118,-0.00870243837617879,-0.01663584956105779,-0.020083880168720536
2023-08-17,-0.04993094625380701,-0.047575352744310684,-0.01553154832935677,-0.04691488714615033
2023-08-18,-0.000663214438071269,-0.0006640483135224029,-0.0007299949595576116,-0.001282166741853219
2023-08-19,0.0,0.0,0.0,0.0
2023-08-20,0.0,0.0,0.0,0.0
2023-08-21,0.0,0.0,0.0,0.0
2023-08-22,0.0,0.0,0.0,0.0
2023-08-23,0.0,0.0,0.0,0.0
2023-08-24,0.0,0.0,0.0,0.0
2023-08-25,0.0,0.0,0.0,0.0
2023-08-26,0.0,0.0,0.0,0.0
2023-08-27,0.0,0.0,0.0,0.0
2023-08-28,0.0,0.0,0.0,0.0
2023-08-29,0.0,0.0,0.0,0.0
2023-08-30,-0.0017425244221050962,-0.001738077790281678,-0.0031876986977479316,-0.002674624413968929
2023-08-31,-0.00010731265388863598,-0.0001145466493168712,-0.00016247376525180268,-0.00022432310604647565
2023-09-01,0.0,0.0,0.0,0.0
2023-09-02,0.0,0.0,0.0,0.0
2023-09-03,0.0,0.0,0.0,0.0
2023-09-04,0.0,0.0,0.0,0.0
2023-09-05,0.0,0.0,0.0,0.0
2023-09-06,0.0,0.0,0.0,0.0
2023-09-07,0.0,0.0,0.0,0.0
2023-09-08,0.0,0.0,0.0,0.0
2023-09-09,0.0,0.0,0.0,0.0
2023-09-10,0.0,0.0,0.0,0.0
2023-09-11,0.0,0.0,0.0,0.0
2023-09-12,0.0,0.0,0.0,0.0
2023-09-13,0.0,0.0,0.0,0.0
2023-09-14,0.0,0.0,0.0,0.0
2023-09-15,0.0,0.0,0.0,0.0
2023-09-16,0.0,0.0,0.0,0.0
2023-09-17,0.0,0.0,0.0,0.0
2023-09-18,0.0,0.0,0.0,0.0
2023-09-19,0.0,0.0,0.0,0.0
2023-09-20,0.0,0.0,0.0,0.0
2023-09-21,0.0,0.0,0.0,0.0
2023-09-22,0.0,0.0,0.0,0.0
2023-09-23,0.0,0.0,0.0,0.0
2023-09-24,0.0,0.0,0.0,0.0
2023-09-25,0.0,0.0,0.0,0.0
2023-09-26,0.0,0.0,0.0,0.0
2023-09-27,0.0,0.0,0.0,0.0
2023-09-28,0.0,0.0,0.0,0.0
2023-09-29,0.0,0.0,0.0,0.0
2023-09-30,0.0,0.0,0.0,0.0
2023-10-01,0.0,0.0,0.0,0.0
2023-10-02,-0.0026471065633615343,-0.005699340110586593,-0.0014027078850711305,-0.002306049668580057
2023-10-03,-0.0001387201055054188,-0.00013031178215416883,-0.0001466356833401683,-0.0001603023135479109
2023-10-04,0.0,0.0,0.0,0.0
2023-10-05,0.0,0.0,0.0,0.0
2023-10-06,0.0,0.0,0.0,0.0
2023-10-07,-1.5875341330739978e-05,-0.0012802245557200775,-0.0006209732221107434,-0.002697809056924183
2023-10-08,-0.0002675316593453436,-7.140478969158703e-05,-0.00029496351019930866,8.747681587095713e-06
2023-10-09,-0.002208165852452093,-0.005156185251180556,-0.004130707550789037,-0.002339175775180946
2023-10-10,-0.0001867628785863218,-0.00015537223409178846,-0.00020461448131614546,-0.0001888967734947622
2023-10-11,0.0,0.0,0.0,0.0
2023-10-12,0.0,0.0,0.0,0.0
2023-10-13,0.0,0.0,0.0,0.0
2023-10-14,0.0,0.0,0.0,0.0
2023-10-15,0.0,0.0,0.0,0.0
2023-10-16,0.0,0.0,0.0,0.0
2023-10-17,-0.0035082068977132508,-0.0175877326455135,-0.0012276416864672735,-0.009937639059640735
2023-10-18,-0.0027946246603426372,-0.0011363554335416248,-0.010376190815821085,0.0011558944318392772
2023-10-19,0.01341526623270095,0.0019135376206711463,0.030249687112061885,0.014941207210725116
2023-10-20,0.03212098272754749,0.02277215115074549,0.04083388891832751,0.05669355846698143
2023-10-21,0.007843124975423832,0.01494483961766968,0.03795555461464839,0.014512212654290702
2023-10-22,0.0026718204153728387,0.020432469368018458,-0.004327177612352906,0.0005279349972640013
2023-10-23,0.08653855028999535,0.05154386768644503,0.04555234509886086,0.07908044210466825
2023-10-24,0.014431268549417231,0.009423454464110081,-0.022878935792390753,-0.005456707373499237
2023-10-25,0.009754248272523025,0.001037807166258231,0.030853690653463994,0.04094726136556304
2023-10-26,-0.0058027192201051125,0.0077539852587018565,0.004351091070922353,-0.001361702523735242
2023-10-27,-0.004940394517825797,-0.011368446063896087,-0.013653123452091354,-0.012120838368677056
2023-10-28,0.0035678133026018077,-0.0015345019250752046,-0.001330972260516039,-0.0020374533714961895
2023-10-29,0.009317330347069053,0.009096291545927393,0.015992953303402446,0.002031730363647233
2023-10-30,-0.0010705131357467979,0.006615559608871724,0.027678285366432354,0.02660383906162722
2023-10-31,0.0034571310825717294,0.002321241519274597,0.03877935927781784,0.0053386659678194
2023-11-01,0.01747274941849919,0.013769141568682697,0.025428048070434306,0.007209830665080519
2023-11-02,-0.01057418314852332,-0.019410843489652607,-0.008343700793003728,-0.012443709726122854
2023-11-03,-0.005007059674106196,0.013675277989120493,-0.007133527210713253,0.008289625484000807
2023-11-04,0.008457097777873734,0.010610520946041202,0.027265319105635122,0.014548489158941358
2023-11-05,-0.001230710425853876,0.016765113286281164,-0.011298135853460733,-0.00244211464023103
2023-11-06,0.0008398980599912953,0.004212203244931212,0.00915993239231927,0.019153227592143107
2023-11-07,0.007841040744078542,-0.00655838868357117,0.006919928714955725,0.0017703342791584031
2023-11-08,0.005018645851633696,0.0011857984692293932,0.001785031789072411,0.012823190038361298
2023-11-09,0.022187578651066353,0.09691252093866742,0.019243992184184266,-0.010543108284405744
2023-11-10,0.012139067244527402,-0.007499712246400891,0.09947307020699991,0.013973208249137503
2023-11-11,-0.003868361526771613,-0.004894942510899614,-0.001674564046183602,-0.008478139619376712
2023-11-12,-0.0014600917434201,-0.0016766651872861527,-0.00017495418414570363,-0.0038898647166372147
2023-11-13,-0.013345843467897134,0.001774434110694001,-0.013648814280527,-0.01006985465222654
2023-11-14,-0.020513185799004408,-0.017090020629898395,0.01540477018089681,0.0003597789503486659
2023-11-15,0.05299232668926912,0.01844731833588864,0.02510068460884529,0.0378027667287002
2023-11-16,-0.03472584528519651,-0.022148508256368937,-0.021673862576127245,-0.038930125690811
2023-11-17,0.006694599199793538,-0.0002589364476911493,0.002061514859896585,0.001052526119663888
2023-11-18,-0.0008999867081247448,0.00034633864565769557,0.00014487843376542742,-0.0003157218486455893
2023-11-19,0.015585033195999687,0.012812463657161599,0.007358758309910618,0.014003617095640797
2023-11-20,0.0017318600261890804,0.00258189486944449,-0.013028213229951846,-0.014064511022884085
2023-11-21,-0.03319161939845139,-0.02292305953245599,-0.014336628129810736,-0.028345607488849733
2023-11-22,0.024404539789612212,0.027930345619008534,0.017471925953724377,0.026854041507234916
2023-11-23,-0.0018739418711404277,-0.00021150862041008356,-0.0030508451407235126,-0.00031846688996162165
2023-11-24,0.006691681086892887,0.0039043116217463147,0.0010200604266370483,0.0017929855158707042
2023-11-25,0.0010637676300959686,0.0004694493738328642,0.0057065173965971105,0.004525342811474431
2023-11-26,-0.005993739105557339,-0.005063108995028376,-0.0036187103509933705,-0.006147016845966191
2023-11-27,-0.003659445054271404,-0.008425014719523727,-0.007292760773693674,-0.011432314019134804
2023-11-28,0.011772781231662366,0.005711547848765042,0.012470500091805281,0.012382543783989952
2023-11-29,0.0007284677320225086,-0.005387290008272871,0.004516054416467075,0.001238006410643644
2023-11-30,-0.002659403588708975,0.00648687443854068,-3.97854102538453e-05,0.0011319197680896842
2023-12-01,0.019559192892091515,0.0106801877634497,0.001790414693807696,0.00570016229052861
2023-12-02,0.015366829021322248,0.023328545999929284,0.01552891114882926,0.019092137903160555
2023-12-03,0.008418969091056328,0.006673249512805457,-0.00265938287935219,0.0007209609656901872
2023-12-04,0.036797520418757834,0.014214685230964363,-0.0052545224021093295,0.00047831270020815
2023-12-05,0.034121183011082135,0.013983594337166005,-0.0024046192040484415,0.0011999913640288185
2023-12-06,-0.003755494060331932,-0.015124070593829031,0.0032402304503988955,0.002936306066456895
2023-12-07,-0.00563382620488273,0.02780840213424285,0.02319916758594598,0.023275458403130278
2023-12-08,0.010391155297821308,0.00039172074826110403,0.027715928076064156,0.020283040089028148
2023-12-09,-0.005239105910373021,-0.0036074487619747186,-0.007337095239965397,-0.008790839761034452
2023-12-10,0.0008740792289294586,0.0023256464129497445,0.007004220240086401,0.006174135688710614
2023-12-11,-0.03554349776617505,-0.02949233627699699,-0.0125036657383637,-0.013152340269452889
2023-12-12,0.002248395831004224,-0.004037080431478435,-0.004522138211173643,-0.006313880325378163
2023-12-13,0.01955090707099738,0.014369138209098908,0.00838205072067466,0.018111599776054366
2023-12-14,0.0021534325601582083,0.013939652750011744,0.0214721853337958,0.02040774628812536
2023-12-15,-0.013832235720389496,-0.02132726170436572,-0.013169171308259675,-0.012379459269291626
2023-12-16,0.0043606740125154975,0.0019390603804654294,0.00509379950408162,0.01376185007349462
2023-12-17,-0.013831141012990766,-0.008252248127554762,-0.011936987598846649,-0.017532636432556536
2023-12-18,0.019778319813855028,0.005838394844268402,0.015048513205304204,0.01372723808651477
2023-12-19,-0.00577103211233565,-0.011889629390847811,-0.0059301651140926115,-0.01362739395569379
2023-12-20,0.02117640280860944,0.006989554256016106,0.038691999736321536,0.043875523067685274
2023-12-21,0.0025176453980191305,0.010711975196994405,0.034287772989757714,0.028978025788552575
2023-12-22,0.0014325663936625155,0.024041824970027603,0.008007979282858457,0.007221422097461794
2023-12-23,-0.0035600186413778934,-0.00365003783281892,0.02001311248180837,0.017601425968432283
2023-12-24,-0.010599955237907799,-0.0110037721434193,0.008984512977466608,0.0018104179553792843
2023-12-25,0.007985814271835423,0.001827246193625509,0.016484060622923513,0.010380385104153289
2023-12-26,-0.01768215174867227,-0.012346865208583191,-0.01614006794357148,-0.023791583636292524
2023-12-27,0.015408728651912673,0.041583940184064305,-0.010871618196143795,-0.0030951309369880997
2023-12-28,-0.014270432832786284,-0.007086616508793719,-0.010065334897791267,-0.015900157098313494
2023-12-29,-0.007711178197313928,-0.009164551685153732,0.00869525321950082,0.003960960755911236
2023-12-30,0.0012138656035090012,-0.0017676498765479831,-0.008423036735991318,-0.007923486617423037
2023-12-31,0.002566838204668631,-0.00224261872459941,-0.00035808563271966243,-0.0031947746077146677
2024-01-01,0.033874307849867336,0.018616553374717792,0.0203395814181615,0.02944771311065919
2024-01-02,0.013260820085992497,0.0008881475123039273,-0.0077892673317727645,-0.009182998023111177
2024-01-03,-0.03207895282865858,-0.03856906150159367,-0.020267898746322732,-0.03162321044146832
2024-01-04,0.012829445114941995,0.008459730529299492,0.011304211458384561,0.010955041404547394
2024-01-05,-0.0004045994634531702,0.00018352214638883702,-0.015146554848962213,-0.014983623300234727
2024-01-06,-0.0029665865203283293,-0.007431439073040225,-0.018693792848011315,-0.016658273338872043
2024-01-07,-0.0008231343049008855,-0.005847946196066767,-0.013368898074400115,-0.01098417630663251
2024-01-08,0.05677673266700167,0.032730282661699084,0.026411639492785577,0.0279423084309407
2024-01-09,-0.010236214942001554,0.0033518914748928985,0.004512249039812621,-0.002573114099362228
2024-01-10,0.005062072519926852,0.04839127196514381,0.005796328953524332,0.023804502521732163
2024-01-11,-0.003780025534518283,0.004009163208228195,-0.004734891145055653,0.0012072103803151268
2024-01-12,-0.04642484364525412,-0.011834444122668097,-0.024202421492355408,-0.020983347458659596
2024-01-13,0.00020948306202339673,0.006980980064016151,0.008958152683585574,0.006167592656202592
2024-01-14,-0.00820098913859113,-0.013120210771733642,-0.0049451548992451855,-0.007839826313246645
2024-01-15,0.005771870101628052,0.003971781978449274,0.0013398784528606544,0.002440171881625375
2024-01-16,0.004619368772936339,0.007797176986909182,0.007906869341226086,0.0052234086795632795
2024-01-17,-0.0037092991650806706,-0.008014718302777002,0.013813390334530551,0.004080736036483623
2024-01-18,-0.0144532262884568,-0.008288075115999605,-0.02365538637489273,-0.01904281384546158
2024-01-19,0.0027697436794364982,0.0029823520383498447,-0.002050650245269292,-0.0024199456460803903
2024-01-20,0.0003155811824619992,-0.0028050942143136304,-0.00178300508760032,-0.0009416900405727624
2024-01-21,-0.0013066920468338683,-0.0021051652893310235,-0.00432064847714142,-0.00417314375660871
2024-01-22,-0.021276654685845053,-0.020144202435972813,-0.02207133997247368,-0.02307033790212487
2024-01-23,0.00356048664883013,-0.010304352053603805,0.0015777980190179175,-0.00271853194987115
2024-01-24,0.0020160270708287076,-0.0011022375725743272,0.013652708282074544,0.008069700389736756
2024-01-25,-0.0013298904080218943,-0.00238450843182636,-0.00566787548085157,-0.0033720056134993737
2024-01-26,0.02003483942074813,0.00715603147433419,0.016456981137173532,0.013995207368232121
2024-01-27,0.0031334669628142464,-1.0172997645163662e-05,0.00602999397667614,0.0011180488134776567
2024-01-28,-0.0009416664298101951,-0.00186263965211253,0.003912817247954781,0.0015651493082637913
2024-01-29,0.015113369674861321,0.012106823076785567,0.013548988597391176,0.01275441908259567
2024-01-30,-0.006405232338509537,0.007273715916606527,-0.0014650231353622312,0.0039564784790206975
2024-01-31,-0.005490737106558452,-0.015335053256895992,-0.015016145247836232,-0.02103521722711421
2024-02-01,0.0075545255292981395,0.005466916933310362,0.002893346466779745,0.004623224274774795
2024-02-02,0.0020369933461112932,0.0013850001532138556,0.011717442404029388,0.006236340511364347
2024-02-03,-0.003554328143569485,-0.004017397725468941,-0.011164184103910513,-0.008716687326118189
2024-02-04,-0.00739959321843664,-0.0020177167455391887,-0.010643843082007498,-0.008073500844932746
2024-02-05,0.001890059813220324,0.00313069186580317,0.00039052379177428875,0.007267198060549651
2024-02-06,0.00606862557058907,0.018709270841127168,0.004267673594480215,0.00675434133744468
2024-02-07,0.019331057504591964,0.013606307928147432,0.014838550559176822,0.023619489650789083
2024-02-08,0.014239452315883971,-0.001420154805289231,0.005560321967247983,0.003875055627114321
2024-02-09,0.022841969181728095,0.014852988044338877,0.014267670751403116,0.017055000927363118
2024-02-10,0.006461713266250113,0.002617864710759754,0.005600766576792315,0.0022465883942739406
2024-02-11,0.00576583403020936,0.0013605150208890748,-0.004286746554203913,-0.0010869349361228853
2024-02-12,0.01689107318654015,0.029781502606225363,0.011610157283387768,0.034892570382948795
2024-02-13,-0.0022357133579516963,-0.0033784656471987917,0.002306364401579719,-0.0040410296032633575
2024-02-14,0.02157117900657113,0.02242872829725706,0.012299699272273035,0.013202293138301346
2024-02-15,0.0008547723651213257,0.006752162426916453,-0.009390063280422467,-0.004134237071970359
2024-02-16,0.0024576244119849378,-0.0029425397353753935,-0.008659556026603066,-0.0015118303626614482
2024-02-17,-0.004835408282274356,-0.0022528101088222785,-0.0038853724131909795,-0.005308578410954112
2024-02-18,0.0049957479863178555,0.015671747064442076,0.009184220579541824,0.010213956775636746
2024-02-19,-0.003644513921912118,0.010342578799300561,-0.00194622084337992,0.002289740410756247
2024-02-20,0.0048788399754113865,0.011268423083718782,-0.00884373455867693,-0.004446982415641676
2024-02-21,-0.00410635434139317,-0.007466241843929966,-0.010733059605852246,-0.008685876429749051
2024-02-22,-0.005649414443822165,0.000561253907714665,-0.010690076366119516,-0.0061967635473741955
2024-02-23,-0.005512373834634876,-0.007878790027810556,-0.006146298294461561,-0.014233361693780644
2024-02-24,0.008392454320003573,0.011369259535037646,0.013665327734438293,0.017167706705156327
2024-02-25,0.0016222655813256104,0.01916222025640879,-0.001771239945501657,0.008663308410501891
2024-02-26,0.027704351810586614,0.00992833612633559,0.021128298934415035,0.012848870715476357
2024-02-27,0.025125265610136838,0.010307139793245046,-0.004955574033629451,0.0008581744451723328
2024-02-28,0.04589476030624673,0.021617398056704706,0.0345060459267732,0.03254654668603685
2024-02-29,-0.0057858573823235115,-0.0057665988003618995,0.012939080411431547,-0.0017242398249394109
2024-03-01,0.005386212779630917,0.012456795700574341,0.0073904319605948565,0.008728727142316872
2024-03-02,-0.0017075584185365367,-0.0015857242684910178,0.0011542310292451674,0.00859533118292144
2024-03-03,0.004810493152152651,0.008767681068996058,0.0002735695664910498,0.0032916804414082623
2024-03-04,0.02180547964088464,0.018316100016217085,0.006075490443480325,-0.0007051800645364592
2024-03-05,-0.018803319128063545,-0.009524765817518932,-0.015456225729351236,-0.023922043252357028
2024-03-06,0.007673292497478057,0.034378063101413225,0.010807765478550335,0.022076436357701734
2024-03-07,0.0024465209134039156,0.004077594881152891,0.025423257704256352,0.006484135152990511
2024-03-08,0.004238522599152361,0.0012272310483023574,0.0011879157592094014,0.0042811841344372326
2024-03-09,0.0006133936093903891,0.0018343925029631336,-0.0007031820152693102,0.04089573917618994
2024-03-10,0.0020834103682561,-0.002688233369369075,0.0001407353656319721,-0.008025205139243874
2024-03-11,0.012416429297061438,0.018384305214158347,0.006247770951727016,0.004248916621202525
2024-03-12,-0.002469651080754698,-0.008219651410322437,0.0031044893375602456,0.0009770374348772037
2024-03-13,0.006407593453084948,0.0024255708275588983,0.022943959946227777,0.001268543753524698
2024-03-14,-0.006614609207477917,-0.011995210573213066,0.017906845594737986,0.0071209340000015775
2024-03-15,-0.00747194540271745,-0.013760410611689977,0.010150921178571526,-0.0038529404856991745
2024-03-16,-0.016734274079211353,-0.021912200868608123,-0.0026154711393437946,-0.00841585496763253
2024-03-17,0.012535053911373994,0.008759562091264605,0.02734123825662671,0.010695760927418085
2024-03-18,-0.003136106039369979,-0.008976089559142753,-0.005900089415232568,-0.00826231879417827
2024-03-19,-0.02277732978179159,-0.026375409805474703,-0.02522492678065913,-0.010599612750410992
2024-03-20,0.016737718362999532,0.017534444603929833,0.014647008753236213,0.018657146257289536
2024-03-21,-0.006553931894265341,-0.0011454527167641393,-0.0081703887495852,-0.005399542085744891
2024-03-22,-0.004807430058942241,-0.00757892412750838,-0.002844045420208885,-0.005182255737942398
2024-03-23,0.0005479801406753637,-0.00033279869406876994,-0.0017180052085474795,-0.0011697349837512805
2024-03-24,0.009119918912631197,0.006123679619871147,0.007549375527410529,0.006551503890680932
2024-03-25,0.007493928384692428,0.00657108931320316,0.0034094618449083125,0.004179414606210186
2024-03-26,0.0003008403793098857,-0.00014893763452594744,0.0009774714407890794,-4.242945049148794e-05
2024-03-27,-0.0014426470647789236,-0.0041525562835811325,-0.002743547546653069,-0.004011420456577319
2024-03-28,0.0036552948628647552,0.002870599075288416,0.0021982117468604123,0.0035692506464184426
2024-03-29,-0.0025844927922178407,-0.00244967795791462,0.0015818996065291024,-0.0015451269274910917
2024-03-30,-0.0011095600134425343,-0.00033455464312504013,0.0019957948270237225,0.0024126961627781718
2024-03-31,0.006554240197227612,0.009259293457691387,0.00807596483431472,0.00688776865537899
2024-04-01,-0.006252223870768958,-0.009295224810988323,-0.009914548750921681,-0.007024730862083994
2024-04-02,-0.016154529316458444,-0.014909513468662206,-0.010504224679247165,-0.009550251640127017
2024-04-03,0.001958577562427788,0.0021453385344820664,0.00348901832794013,-0.0004092030575648664
2024-04-04,0.009883601686221821,0.0011130266622281226,-0.0010371397085984224,0.001009584193309765
2024-04-05,-0.0025864454828065098,-0.000640771693838027,-0.009521928325971873,-0.004483273669211418
2024-04-06,0.004179780817783696,0.0027394894667323033,0.004302600526826517,0.004964624708916787
2024-04-07,0.00214607518811194,0.008465417650797225,0.0009502665834655311,0.006508846819742509
2024-04-08,0.010714773390872345,0.01966754806753679,0.001491699616483988,0.006015451796468563
2024-04-09,-0.01160701602357217,-0.015100970641099276,-0.010606108899145927,-0.010561733310891386
2024-04-10,0.007049220314635729,0.00246203856052718,0.001155039447558348,0.004473108905034495
2024-04-11,-0.002945210305007495,-0.002764232218193552,-0.001218521863342814,-0.0029889500278180714
2024-04-12,-0.013660788701584936,-0.017040850664371776,-0.024932300760830417,-0.018055065628307054
2024-04-13,-0.015298873645028133,-0.015068937385605663,-0.01955338800298334,-0.01665677365713858
2024-04-14,0.006308390547462128,0.009833580563032074,0.011836754968582719,0.010639027323732675
2024-04-15,-0.011826869569711351,-0.00349272891486907,-0.011804928257743708,-0.005876394698840937
2024-04-16,0.001975988700951392,-0.001172502477606474,-0.002147270327442774,-0.0029280043437627246
2024-04-17,-0.013288223315484182,-0.006527347749658019,-0.005983445083144745,-0.006302173685645673
2024-04-18,0.01361754633581147,0.007099942721728647,0.013742577178442517,0.009537426678355887
2024-04-19,0.0021402109391444046,-0.0007158916966659712,0.0005698142674916973,0.002064697924150982
2024-04-20,0.006890544065130788,0.008962275241329642,0.01154872265800666,0.009953996587494629
2024-04-21,3.4138306916897676e-06,-0.0007261376289795507,-0.0031684439362793526,-0.0035106001964435585
2024-04-22,0.011449522324234573,0.005513801117334571,0.010704502600104915,0.006896217610548261
2024-04-23,-0.0029214967006190307,0.002315791914973886,-0.002858955289744669,-0.001778108243995935
2024-04-24,-0.011824951859894739,-0.007603988121594685,-0.009083659945615774,-0.00954890027113453
2024-04-25,0.001165661755834435,0.001444215824394579,-0.0038666817628701944,-0.0011283290452046568
2024-04-26,-0.0040622656184435835,-0.0023554840192165916,-0.007406900224555812,-0.0050338279006987285
2024-04-27,-0.002127599759599641,0.014552538040939922,0.002766723229195689,0.004600854976770874
2024-04-28,-0.002299556995727259,0.0009149428222468003,-0.005932277492182503,-0.002576713812310172
2024-04-29,0.0050169039313068264,-0.005412807876137515,-0.0003856503579319215,-0.0034411729281065284
2024-04-30,-0.02702314120660232,-0.027919346833759517,-0.023706983927663683,-0.024394430194415895
2024-05-01,-0.013942574882996439,-0.0042170711169977615,0.012559548695402434,0.0016845839334926893
2024-05-02,0.0018225203716499827,0.0005278595169990741,0.0018202478359050644,0.0012665146280204098
2024-05-03,0.0110084810918758,0.005721005011410707,0.004389932118472384,0.007442208624359736
2024-05-04,0.004815136849219526,0.0012555864425090046,0.003045437873868684,0.008727386742988674
2024-05-05,0.0005843490391910233,0.0018361746058781492,-0.00044462810849110745,0.0007313780297579786
2024-05-06,-0.004122571055234836,-0.007053162179392336,0.009855673638282658,-0.00019591127308515865
2024-05-07,-0.00417043459992561,-0.0054768551280666156,-0.0065935041249123305,-0.00716746494071141
2024-05-08,-0.005493394114952088,-0.0030462286383996506,-0.00810605674042053,-0.007384624185267863
2024-05-09,0.009284697781793083,0.00601983398361261,0.014514566934409778,0.011725686663915047
2024-05-10,-0.011121520977379507,-0.012179885209379848,-0.009033043196517543,-0.01080629218140039
2024-05-11,-5.1857398165156e-05,2.6648893338476753e-05,-0.0006715568174683328,-0.0006248230274299438
2024-05-12,0.0018864700772800447,0.0009748528445980842,-0.0014546339825494137,-0.0008727449748883176
2024-05-13,0.004166714412509709,0.0012549705745756867,0.003008670820485282,0.006828317857724198
2024-05-14,-0.008837365594975055,-0.009503215350536887,-0.009573437066333845,9.276995070583993e-05
2024-05-15,0.01555707911424764,0.010658270715579787,0.01474837016348074,0.007560201353543183
2024-05-16,-0.008112824215073644,-0.017058923925859726,0.0013162674234430405,-0.010372474506764817
2024-05-17,0.011444678319727508,0.022088923698699636,0.016741161214973488,0.01400341465909194
2024-05-18,-0.0006946639369737051,0.0045634336016413535,0.004889949935744875,-0.004014718072622547
2024-05-19,-0.004760089924577771,-0.007600546219779791,-0.004060608806393584,-0.00819058440549103
2024-05-20,0.03807612981191566,0.0874045462927533,0.02768180160023781,0.06124113091632388
2024-05-21,-0.007944789108842998,0.004920957899086309,-0.013733104911040739,0.011379605616406385
2024-05-22,-0.005999725209811957,-0.0021274724065658557,-0.0019542918153752087,-0.003250855247866502
2024-05-23,-0.007359367363241054,0.0018858017350005252,-0.0012890947123676,0.007501594051021021
2024-05-24,0.0035945760270941207,-0.0022699436170681153,-0.013822554362284079,-0.007310685600421807
2024-05-25,0.005123299629252287,0.000862674236445482,0.0010769021263024037,0.004198716271775371
2024-05-26,-0.005447750117478223,0.0031720527699088397,-0.008175651783109306,0.003839331780204125
2024-05-27,0.006498105893277151,0.0027746021978933832,0.011246582355288748,0.00651615870558242
2024-05-28,-0.007215798690224595,-0.002942707892287788,-0.0024256098030708273,-0.004159934971676882
2024-05-29,-0.005223202029516205,-0.004498865494761084,-0.000595471271501613,-0.006401007484505006
2024-05-30,0.005529372753677819,-0.0011417903264362428,-0.003070366804797664,-0.0033051631802109016
2024-05-31,-0.006456964270088128,0.0008420959690680352,-0.0024975599610398413,0.005491843980258038
2024-06-01,0.0018151801859760397,0.0038291804062351442,0.0009974541127635295,-0.0015989904985395098
2024-06-02,-9.744786447440923e-06,-0.002521939722997746,-0.006080440747864846,-0.00447802418224863
2024-06-03,0.008341219105901576,-0.001003070076528112,0.003560097430137743,-0.000574861809902294
2024-06-04,0.013687932823895466,0.003669585742176018,0.014047158158482231,0.004810035129497958
2024-06-05,0.0044555536367572035,0.004788872953766843,0.003538537201736025,0.00408693102973845
2024-06-06,-0.0024035233645864906,-0.004489966846989546,-0.0067916725922141374,-0.005039073355875168
2024-06-07,-0.010163936167081555,-0.011603099238540304,-0.015431144083779436,-0.019329451633095185
2024-06-08,-0.00031932998270689517,0.0002823202813264647,-0.009567698424606919,-0.0077501794494230225
2024-06-09,0.0023895833704556946,0.0024797854948628295,0.008874074974559498,0.008201502045901643
2024-06-10,-0.0007634255110074983,-0.003927693926351616,-0.006294586627845211,-0.007841914876725253
2024-06-11,-0.015724987706600912,-0.01744205747361649,-0.02009694946664109,-0.005193063808731857
2024-06-12,0.0068171809809915995,0.005081934960121437,0.009984643214757893,0.008868523930706473
2024-06-13,-0.011888305026676815,-0.00943304787379462,-0.013459024463575386,-0.016790444754358425
2024-06-14,-0.0058554966169717115,0.001291116327733599,-0.007294426012699917,-0.006486152839845216
2024-06-15,0.0006867429370096545,0.005520421726149305,0.0027897735210582475,0.00461652716393024
2024-06-16,0.0021857033544827598,0.003601788197802769,0.006950127220254343,0.005549266304419875
2024-06-17,-0.0008387918043740727,-0.007281515161808194,-0.009588981926398232,-0.010728469383360695
2024-06-18,-0.00646631815647547,-0.0018209055662484763,-0.007065438291422699,-0.0038120282978086895
2024-06-19,-0.0009840886797761739,0.005015323947058503,-0.002173571319636136,0.0024629568480643016
2024-06-20,-0.0005116713647579374,-0.0030703040484173494,-0.0025190466301039383,-0.003429292970996145
2024-06-21,-0.0035627870449072008,0.00035193544958245226,0.0012810041854161014,0.0026892773070288367
2024-06-22,0.0005830170019773817,-0.0014767001267664837,-0.001108783271349334,-0.0007260541553600897
2024-06-23,-0.0041564931926502124,-0.003619297281065026,-0.00609897822166916,-0.005856343211564141
2024-06-24,-0.01138765256233698,-0.0032533840573181205,0.0027942274872643225,0.001363711183003824
2024-06-25,0.001592677775701823,0.0006390823102393473,0.0011895096948761896,0.0024772253158216184
2024-06-26,-0.0010934952694233724,-0.0004118874414413831,7.297135317330117e-05,-0.00044019185550592255
2024-06-27,0.000978897032219983,0.0013869840582161341,0.004092442481695491,0.0018430155786501867
2024-06-28,-0.0014859807444839168,-0.0012323554192871233,-0.003058401746056094,-0.0026053625518998036
2024-06-29,0.000650431564989784,-2.369800242740805e-05,7.922996546483319e-05,-0.00032818114357913153
2024-06-30,0.002076587525925433,0.0010420346379105272,0.0020059437947144154,0.0017350935350093355
2024-07-01,0.00014855009317193968,7.084632286691317e-05,1.8975621228323192e-05,-0.0006242454919209717
2024-07-02,-0.000887268705854316,-0.00036560425466303226,0.002327632035741267,0.0005308466293767466
2024-07-03,-0.002238250771365191,-0.0022079346900020225,-0.004161707987044627,-0.003329856808894305
2024-07-04,-0.0036771849633292497,-0.004145060827985048,-0.004112564090811732,-0.004163248653074936
2024-07-05,-6.666234990293507e-05,-5.401404595251069e-05,-0.00010169566535200847,-9.681767638380911e-05
2024-07-06,0.0,0.0,0.0,0.0
2024-07-07,0.0,0.0,0.0,0.0
2024-07-08,0.0,0.0,0.0,0.0
2024-07-09,0.0,0.0,0.0,0.0
2024-07-10,0.0,0.0,0.0,0.0
2024-07-11,0.0,0.0,0.0,0.0
2024-07-12,0.0,0.0,0.0,0.0
2024-07-13,0.0,0.0,0.0,0.0
2024-07-14,0.001356607201728588,0.0,0.0,0.0
2024-07-15,0.003465944163738799,0.005091835693288971,0.0,0.0
2024-07-16,0.0018883349698148866,-0.004895793040277097,0.0013541651484747508,0.0068797619240428265
2024-07-17,-0.006849618063594187,-0.006670808683507556,-0.008227614983350229,-0.008811402239881083
2024-07-18,-0.0005515643478209986,0.0013492796403204999,0.0016778913501700465,0.0004655427734547857
2024-07-19,0.006628912631041262,0.0031386305577913998,0.005556865360480945,0.004919190534098394
2024-07-20,0.004393572379226329,0.0020215811835482267,0.00937595096528998,-0.001656733986728498
2024-07-21,0.011484108088640088,0.0035941570672068934,0.024365603771071997,0.011322836000605685
2024-07-22,-0.007766466158010243,-0.021175972208670957,-0.012209731633514243,-0.016265479228040225
2024-07-23,-0.021223326223700045,0.009604210438799665,-0.01562824446096145,0.004958814638251319
2024-07-24,-0.007584033055170081,-0.035429786892634874,0.013441223769702804,-0.006605410267804035
2024-07-25,0.005785292635530848,-0.04006749326807835,-0.01637434212544897,-0.023618161898698142
2024-07-26,0.031005197033483034,0.023322106387046793,0.03005024546825119,0.023330497077235002
2024-07-27,-0.0001643230175244481,-0.005905060034178677,0.0022381152819916927,-0.002032232275535062
2024-07-28,0.0050546572225278474,0.004907574039751728,0.0025447150719277722,-0.00047408924433656185
2024-07-29,-0.020852302127571165,0.012284768577292438,-0.00720271495904512,0.0010861044794527874
2024-07-30,-0.008672825637016435,-0.009901373221830267,-0.010332779784803958,-0.014045215160098823
2024-07-31,-0.022872805806792962,-0.012086298090486669,-0.022810241411545973,-0.01519785453438871
2024-08-01,0.006626219831106006,-0.005053722946111838,-0.008900329848720356,-0.01030895604298021
2024-08-02,-0.036798873294380474,-0.03458983962739004,-0.028459695500487547,-0.03115165709594836
2024-08-03,-0.002377299248394693,-0.003988790792743613,-0.006179396567594808,-0.0056019753201556055
2024-08-04,-0.00014558689534771574,-0.00012253206408641137,-0.00019666258771566802,-0.00020630497075524445
2024-08-05,0.0,0.0,0.0,0.0
2024-08-06,0.0,0.0,0.0,0.0
2024-08-07,0.0,0.0,0.0,0.0
2024-08-08,0.0,0.0,0.0,0.0
2024-08-09,0.0,0.0,0.0,0.0
2024-08-10,0.0,0.0,0.0,0.0
2024-08-11,0.0,0.0,0.0,0.0
2024-08-12,0.0,0.0,0.0,0.0
2024-08-13,0.0,0.0,0.0,0.0
2024-08-14,0.0,0.0,0.0,0.0
2024-08-15,0.0,0.0,0.0,0.0
2024-08-16,0.0,0.0,0.0,0.0
2024-08-17,0.0,0.0,0.0,0.0
2024-08-18,0.0,0.0,0.0,0.0
2024-08-19,0.0,0.0,0.0,0.0
2024-08-20,0.0,0.0,0.0,0.0
2024-08-21,0.0,0.0,0.0,0.0
2024-08-22,0.0,0.0,0.0,0.0
2024-08-23,0.0,0.0,0.0,0.0
2024-08-24,0.00022254757965156635,0.0002193018607914432,0.008831713423787857,0.00518684339736164
2024-08-25,0.0002514706431884228,-0.0017389103707373676,-0.0021802365100285215,-0.003386151500892165
2024-08-26,-0.006704519343923243,-0.00522820783361988,-0.002247428908303206,-0.006188252052073073
2024-08-27,-0.00030362935583450046,-0.00021462237704650278,-0.0004915436400426687,-0.00043840117434446046
2024-08-28,0.0,0.0,0.0,0.0
2024-08-29,0.0,0.0,0.0,0.0
2024-08-30,0.0,0.0,0.0,0.0
2024-08-31,0.0,0.0,0.0,0.0
2024-09-01,0.0,0.0,0.0,0.0
2024-09-02,0.0,0.0,0.0,0.0
2024-09-03,0.0,0.0,0.0,0.0
2024-09-04,0.0,0.0,0.0,0.0
2024-09-05,0.0,0.0,0.0,0.0
2024-09-06,0.0,0.0,0.0,0.0
2024-09-07,0.0,0.0,0.0,0.0
2024-09-08,0.0,0.0,0.0,0.0
2024-09-09,0.0,0.0,0.0,0.0
2024-09-10,0.0,0.0,0.0,0.0
2024-09-11,0.0,0.0,0.0,0.0
2024-09-12,0.0,0.0,0.0,0.0
2024-09-13,0.0,0.0,0.0,0.0
2024-09-14,0.0,0.0,0.0,0.0
2024-09-15,0.0,0.0,0.0,0.0
2024-09-16,0.0,0.0,0.0,0.0
2024-09-17,0.0,0.0,0.0,0.0
2024-09-18,0.0,0.0,0.0,0.0
2024-09-19,0.002110576075576409,0.003665526149381204,0.005612800477521329,0.004287059324978859
2024-09-20,0.0008846794271140102,0.008066760077733104,0.0045905323145045696,0.005824751765916236
2024-09-21,0.0005961814741597404,0.004299199444975921,0.0034874299298255362,0.0035939563027458377
2024-09-22,0.0012306523204126396,-0.0035118326520343635,-0.008449593496395735,-0.007826488455991543
2024-09-23,-0.0013975589888969298,0.007262315716277445,0.00027934780844174334,0.0033799287601192773
2024-09-24,0.0054083276265715075,0.0006808855249922363,0.0138587635786942,0.00941005871515288
2024-09-25,-0.014304036705987122,-0.01718717018161864,-0.01626903093688592,-0.013556767893726396
2024-09-26,0.015341492872694484,0.007226165685245478,0.015130476183107255,0.02008060239605447
2024-09-27,0.007137776113378846,0.015078654585049645,0.0063863284903871165,0.02644533216202105
2024-09-28,0.0011167907036686575,-0.0046768226818163505,-0.0029094054513222334,0.00857172690387542
2024-09-29,-0.0034401857707476724,-0.004923736491823538,0.0062612328903379755,-0.0008071083071450325
2024-09-30,-0.03456948111251923,-0.018700344937507607,-0.027221681086262106,-0.01159682883113422
2024-10-01,-0.022428908256670654,-0.02806008580266728,-0.018450435305273016,-0.014300576458727066
2024-10-02,-0.0005423181853940751,-0.0004506919745042026,-0.0008836600314054976,-0.0008423031704185568
2024-10-03,0.0,0.0,0.0,0.0
2024-10-04,0.0,0.0,0.0,0.0
2024-10-05,-0.00027484757843443397,-0.00012906739564777503,-0.000844292050247275,-0.0008537225162023043
2024-10-06,0.002325185821298259,0.0015130509032752482,0.0032606599778286505,0.0033614975051663443
2024-10-07,-0.00181437069432,-0.0010313933966576982,-0.0021054390293826497,0.0028638698970628873
2024-10-08,-0.00019372075312096282,0.001083723516134949,-0.00039350959928219353,-0.0004665935147709632
2024-10-09,-0.0046509006061106195,-0.004193245011047675,-0.003484349705937251,-0.004589777227055447
2024-10-10,-0.00018585465184606242,-0.0001417469143516481,-0.0002927715876628323,-0.0002926413552146734
2024-10-11,0.0,0.0,0.0,0.0
2024-10-12,0.0017167196299847642,0.002121150746320355,0.00041192392714761716,0.0037529324164684574
2024-10-13,-0.002636238311311545,-0.0013557376150455935,0.0022874561525350057,0.004105632211026222
2024-10-14,0.022717246742409047,0.024373037460248215,0.020076078809360576,0.022527513073036687
2024-10-15,0.01243752170609036,-0.006300761664296495,-0.011416816694256537,-0.013186795571753618
2024-10-16,0.007530917934303938,0.0010239831883382955,-0.0021779623664858194,0.0005373328057747262
2024-10-17,-0.0029712061622862995,-0.0018140796328426356,-0.017801077013018363,-0.016591836060179443
2024-10-18,0.014829609569180002,0.01267649970172835,0.021087766705419453,0.021600083388307878
2024-10-19,-0.0007261287730467858,0.002084839573802455,0.022559334494908434,0.006553786133042694
2024-10-20,0.009504520631602675,0.03405743920711557,0.03461630305610286,0.021711703168286967
2024-10-21,-0.023818531852011104,-0.026762993656225254,-0.005407814942242739,-0.01785987447982962
2024-10-22,0.0007152568436006312,-0.01504711158113492,0.0062771139404675935,-0.00412646482676815
2024-10-23,-0.011161084391015486,-0.03418090760040615,0.014320944843905004,-0.009970314808327108
2024-10-24,0.02279662762055734,0.004040005243494571,0.02745793904135052,0.013449378375098409
2024-10-25,-0.021856051605412707,-0.03417135869855792,-0.051804383447415,-0.055620437325003214
2024-10-26,0.005875733535629424,0.014061882880927579,0.022652998840445138,0.01671230443500571
2024-10-27,0.013757372153323288,0.008421143200071146,0.021537597176857215,0.010792890049196258
2024-10-28,0.02834847371212401,0.021944386298393903,0.006086717395830998,0.007256997354591066
2024-10-29,0.03941057953854865,0.02577609277291404,0.004118300931913232,0.01975724418420799
2024-10-30,-0.005353252784949136,0.007184067504411695,-0.018495222439315118,-0.0048499733219795615
2024-10-31,-0.028206507669824465,-0.04917766119260181,-0.025348394150253473,-0.031548065256442714
2024-11-01,-0.01125528690790878,-0.002470192230586754,-0.010899644612186399,-0.009504469257721526
2024-11-02,-0.0017342540029090525,-0.005804305936890852,0.0002978312442352138,-0.005530517903826748
2024-11-03,-0.008577459679831367,-0.013319095080551291,-0.01700556949131682,-0.023852541724412424
2024-11-04,-0.013379995792936028,-0.02190957696022655,-0.02156759254340601,-0.002266234698609537
2024-11-05,0.022290463851649456,0.00857779113292878,0.04172770128871606,0.03303714236393063
2024-11-06,0.08882197638823497,0.11778597405800695,0.09226334911814282,0.09638732250448645
2024-11-07,0.0020427951427846036,0.02315772426094176,0.019065098359999588,0.01122459386916308
2024-11-08,0.005466096052142877,0.008860394709337305,0.007065599044427051,0.010570942611675349
2024-11-09,0.0014971978523508067,0.021792135077693953,8.018316129709824e-05,0.017602778785182682
2024-11-10,0.034745072624094986,0.007391827041342891,0.02040497841442157,0.04397443957083946
2024-11-11,0.075276227282431,0.024250087513122853,0.023689893083648883,0.041642383706862685
2024-11-12,-0.0036893412207872345,-0.016060881509200486,-0.020129030854583396,-0.0006691713228796914
2024-11-13,0.011772323074639601,-0.007234816584101855,0.006834455394637562,0.004465547655989388
2024-11-14,-0.014643207346909604,-0.016512764143384207,-0.01081422020560463,-0.01466762201693883
2024-11-15,0.018061759501018182,0.0040804155107938556,0.0174604534594216,0.009550568180876962
2024-11-16,-0.0021307409234883057,0.0055843507134898385,-0.005295117203720112,-0.00415422329394155
2024-11-17,-0.00411688690735057,-0.007368604397004153,0.048527350030322935,0.010167149602613668
2024-11-18,0.0033829007089298813,0.020388483029925908,0.0034706904311956333,0.007419225791339246
2024-11-19,0.011456388276881002,-0.015271529115802984,-0.0034999228810375094,0.0013118325949554865
2024-11-20,0.0121845391015174,-0.005790140075622507,-0.0034959551076383377,-0.007547186347251267
2024-11-21,0.024557175301006096,0.04442734031587481,0.040597077893403055,0.02782738823531883
2024-11-22,0.0034186451226312364,-0.0034563881667754037,0.0006190089214661576,0.008481533496909055
2024-11-23,-0.00814801368818907,0.007952602015159904,-0.0031249035767101363,0.00767397293743266
2024-11-24,0.0015203444172968705,-0.003902574118324398,-0.00392754676811935,-0.0026029409691920025
2024-11-25,-0.03630570447877479,0.007509501144748132,-0.0327648560585021,-0.023970866805164137
2024-11-26,-0.007055922464570763,-0.01268129020619524,-0.006373202376234177,-0.008877080101708845
2024-11-27,0.02615116595060285,0.04701372925015046,0.020712518187655515,0.029139480799634132
2024-11-28,-0.0014326671021522852,-0.00826446689857585,-0.007868410017775496,-0.006071842857209853
2024-11-29,0.011890133269550907,0.001483369999667472,0.010417131825517956,0.014560974103121849
2024-11-30,-0.00766516973455178,0.0122941763220219,-0.010291772758687534,-0.0006392362228025972
2024-12-01,0.005652341722038878,0.00044227149891340467,-0.0018092348467090291,0.007992628970033167
2024-12-02,-0.010971334040039249,-0.008055286944775975,-0.02299027056676184,-0.018781843195831205
2024-12-03,7.425673966365842e-05,-0.004167597198640016,0.01741483186314552,-0.0026917103527616115
2024-12-04,0.024837947540948146,0.03188080377981528,-0.009956936741171263,0.021999926226304423
2024-12-05,-0.014585237926943107,-0.007278069516944763,0.01569937366932539,0.00033376620812064495
2024-12-06,0.025200998163720678,0.02978148773971445,0.002402363511323058,0.016749691615332685
2024-12-07,0.000801587532900383,-0.0003586770860669608,0.0029550384568155508,0.00993441474525758
2024-12-08,0.01194969424744552,0.001073709376275156,-0.0032333467167152685,0.005784024039921398
2024-12-09,-0.03561047959758845,-0.03951421814144973,-0.055029827569955336,-0.07973312575623104
2024-12-10,-0.006146015741935518,-0.010567425062848912,-0.007009728462963882,-0.000787548721641329
2024-12-11,0.04052047869065811,0.025819476818452758,0.0302665567233964,0.01574722588310551
2024-12-12,-0.008925638128654101,0.0061576272837109425,-0.0007081477921685453,-0.004075668316580128
2024-12-13,0.01132148051400872,0.00309560970002809,-0.004659908112749855,0.007604788338842816
2024-12-14,-0.00011998223642384342,-0.005026429411182476,-0.010485336940760148,-0.007120761919937713
2024-12-15,0.0281130737002544,0.012156295320066235,0.010685511636814082,0.011017250237334908
2024-12-16,0.014353475268196192,0.00399891526049867,-0.020010205604652165,0.0018765497327932756
2024-12-17,0.0006662253961415843,-0.013867968133477238,0.017588462489342316,-0.0022518290434210275
2024-12-18,-0.05258266545917201,-0.04425327743021612,-0.04127408768412211,-0.05062955940909497
2024-12-19,-0.020562818114801318,-0.030450209716262555,-0.02979602229238487,-0.032439936698796856
2024-12-20,0.0023343444533145963,0.007059401641118068,0.0012788613373959645,0.005625948289175842
2024-12-21,-0.003569772169605412,-0.01709099286285476,-0.02754171588813481,-0.006261908468415678
2024-12-22,-0.01469251251753756,-0.007447601882029753,-0.0020214292538320855,-0.00725939562110256
2024-12-23,-0.002158433271812754,0.018492561190816437,0.02088685198636764,0.013690245636600373
2024-12-24,0.028818330029849237,0.00911711161890949,0.014891285633785722,0.010978885034986563
2024-12-25,0.0060590739773813684,0.000495480296408557,0.0007357415658895139,-0.003109781062272443
2024-12-26,-0.028864830314986323,-0.024155907037477053,-0.0188631480598751,-0.027549009169663408
2024-12-27,-0.011290212233683983,-0.00023538711199677653,-0.009077664030428978,-0.0011035501571792228
2024-12-28,0.006495869030197943,0.009214943578342183,0.02437124583624173,0.01026285308881536
2024-12-29,-0.010219507453985588,-0.006202534820475281,-0.010191218537268898,-0.011601919115968085
2024-12-30,-0.00691803152608228,0.0007039789674794239,0.0026278999625615196,-0.00215390530447801
2024-12-31,0.005722125071304429,-0.003731830797965907,-0.0037677050442375126,0.0016387299870463945
2025-01-01,0.007372162684928352,0.003452156204977186,0.010827108595964585,0.02342028109257388
2025-01-02,0.01861744242620622,0.014505498416126361,0.030750298001822607,0.015640304840241592
2025-01-03,0.010733464415985772,0.029342554916218955,0.02058323090967451,0.03406912888513358
2025-01-04,0.0003746568099476377,0.008943388274574637,-0.0032461018846967615,0.007251223566509424
2025-01-05,0.0014170654547922545,-0.004515578850432411,-0.008992765791863921,-0.009860394266576922
2025-01-06,0.03828592710743495,0.010935392063120775,0.013111221934695383,0.008896136996588089
2025-01-07,-0.050292510889279884,-0.06435188208521625,-0.043183317485654626,-0.04586441057826873
2025-01-08,-0.01321319039467217,-0.0074341074191965895,-0.00996844933672758,0.0004273320122873958
2025-01-09,-0.017313370218219548,-0.014353561205989074,-0.025850846383741577,-0.020247716822101247
2025-01-10,0.015268693554141954,0.00644531522579439,0.005781770986250434,0.008592383413890126
2025-01-11,-0.000872612087858049,0.0023511883623572594,0.0008633329867384631,0.015515298884940965
2025-01-12,-0.00038038729041167674,-0.0023678409163025993,0.0008836270244956257,-0.004550744132972073
2025-01-13,-0.00018427091131123507,-0.02267242071535802,-0.014213096837470518,-0.010354014612290241
2025-01-14,0.016420180333999168,0.015701991337483623,0.011861318908322982,0.01809478831400657
2025-01-15,0.035850761201422277,0.0437538021174082,0.052086213272376725,0.06432955175934829
2025-01-16,-0.004498379159386889,-0.023294421604615367,0.011481406824452645,0.001916225811156247
2025-01-17,0.038263032130413155,0.02742743124480085,0.018391753294171975,0.014704105423645641
2025-01-18,0.004319310400760168,-0.02675006484124065,0.09161419939235582,0.022877842423945305
2025-01-19,-0.028967948884957573,-0.015337896423782915,-0.009427410595057806,-0.0270904305968942
2025-01-20,0.008589227242650876,0.011587977181788833,-0.009442461261565227,0.004898168311881168
2025-01-21,0.0356240999376618,0.007241011855488422,0.007584977125318915,0.01163204116671146
2025-01-22,-0.02158578356366525,-0.015506154579708054,0.006501349475718454,0.0007267190681599089
2025-01-23,0.001684482294287637,0.017665055803527174,-0.004864280854150693,-0.0013157099776910375
2025-01-24,0.008678925021687434,-0.005105310372187755,0.0002912803806585096,-0.0027327888430626057
2025-01-25,-0.0011157856899528529,0.0017003469223846324,0.003404748099068433,0.0035935380831377817
2025-01-26,-0.020320645897463407,-0.017560258655665684,-0.021568441329779753,-0.024772955347004078
2025-01-27,-0.005225362849543225,-0.011521572895418886,-0.007719684289276163,-0.0057116670249557355
2025-01-28,-0.007307701393933996,-0.02418697555668048,-0.010858355695522848,-0.013715078952944992
2025-01-29,0.023619125429950927,0.008563550915783757,0.0015421850917296531,0.004569400701684101
2025-01-30,0.009524244267846704,0.03132786408022392,0.01718318658435458,0.024399279999979706
2025-01-31,-0.021861815385474492,0.012196917632765647,-0.010996901973874817,-0.009371253443069993
2025-02-01,-0.017482785907884435,-0.04124183752061117,-0.03186137689572499,-0.0433545501170185
2025-02-02,-0.029112989523057742,-0.04479729314456715,-0.014261957552149207,-0.04191980550767582
2025-02-03,0.025434227875872573,0.0009738613546521613,0.01491210522406794,0.012273779702778098
2025-02-04,-0.03102920652118435,-0.024665042978064933,-0.014509842281738572,-0.02506029814128874
2025-02-05,-0.007486265662316027,0.007070847039187367,-0.012660881857678108,-0.009999591101690242
2025-02-06,-0.00036753405714007314,-0.012711171047890879,-0.007915508455774267,-0.010216063615693605
2025-02-07,-0.00037687113250073345,-0.008177750372502013,0.002970779013123037,0.0020548356987262206
2025-02-08,-0.0005814708907828647,0.001607042429571548,0.011604039097023788,0.007137887878662319
2025-02-09,0.00014131313577658844,-0.0008666056052264448,0.0018294687739439652,-0.0010760847180252275
2025-02-10,0.007594762815288814,0.005586897817599246,0.0,0.0037679842781450645
2025-02-11,-0.012867511243356944,-0.009572868789575417,-0.003985722699214489,-0.005626704491684897
2025-02-12,0.009692515936094548,0.014259503671692375,-0.0015226851911605,0.005888341713300216
2025-02-13,-0.010493495681701437,-0.010647361622603935,-0.0053523678743332415,-0.0007110164384552808
2025-02-14,0.003938798964438384,0.004847012658018457,0.005619079997458698,0.010230379502845555
2025-02-15,0.00025041549823856535,-0.005311002396101605,-0.009148133309745177,-0.004407887840716329
2025-02-16,-0.010947439008581639,-0.004982382655632223,-0.011271581709220158,-0.007849075160833885
2025-02-17,-0.001818530448849831,0.007717365679958732,-0.012134356367077048,-0.004664403785750393
2025-02-18,-0.0004865249530540128,-0.0068226632272065935,-0.009120931910244323,-0.009063643766208163
2025-02-19,0.004373167421275692,0.004147839654685237,-0.0004372602606497189,0.006611340167576918
2025-02-20,0.007434062720222512,0.0021398785698503175,0.007930211265715803,0.002652404852751644
2025-02-21,-0.021275412676806882,-0.016608103320520207,-0.018193939488640898,-0.022181137736683176
2025-02-22,0.0012049066362367356,0.009695111748075913,0.003038919451774813,0.004057974748497228
2025-02-23,-0.0013622620369140304,0.005589560332858179,-0.004764492673553722,-0.00024738533608215096
2025-02-24,-0.021904883210256854,-0.03013711939519037,-0.03028866692583887,-0.03230877898045437
2025-02-25,-0.008590901991473499,-0.0010821874402657805,0.0015650303501599794,0.0009755460307139252
2025-02-26,-0.005067004734429226,-0.0034995898871323927,-0.0025616532755173838,-0.0031121632194355264
2025-02-27,0.0005099751399124663,-0.0006167910160896906,0.0006325774311521926,7.739468308454178e-05
2025-02-28,-0.00039870936890851194,-0.0015107242604315285,0.0028126542644488772,0.0003355117942795971
2025-03-01,0.0019069143778962516,-0.0004358021107544463,-0.00120738473705706,-0.000278177293213111
2025-03-02,0.009108502776394634,0.006490670764160988,0.009373892016680818,0.011108232582669908
2025-03-03,-0.008854593685524659,-0.007915193913913599,-0.0096842777787578,-0.01019105838752854
2025-03-04,0.00032736770577201924,0.0004863525906795285,0.0007036584887847308,0.0008954981120219419
2025-03-05,0.0012250062661813832,0.0015140898209298204,0.0003983703100756131,0.0009656161089834914
2025-03-06,-0.0002481297852903186,-0.0008497407855101446,-0.0007937507871619287,4.063085349526041e-05
2025-03-07,-0.001152426469531731,-0.0013084053215350888,-0.0010484763655312923,-0.0022341068515685514
2025-03-08,-0.0002135274786810859,0.0013399538930476407,-0.0006372430705139376,-0.0002010955128252112
2025-03-09,-0.0020233146246738665,-0.003954677593767442,-0.002813159153738476,-0.003723745369504594
2025-03-10,-2.9825041207187653e-05,-4.379425542000437e-05,-8.497542189533913e-05,-0.00010723602382001207
2025-03-11,0.0,0.0,0.0,0.0
2025-03-12,0.0,0.0,0.0,0.0
2025-03-13,0.0,0.0,0.0,0.0
2025-03-14,0.0,0.0,0.0,0.0
2025-03-15,0.0,0.0,0.0,0.0
2025-03-16,0.0,0.0,0.0,0.0
2025-03-17,0.0,0.0,0.0,0.0
2025-03-18,0.0,0.0,0.0,0.0
2025-03-19,0.0,0.0,0.0,0.0
2025-03-20,-0.0017126606577478887,0.0,0.0,0.0
2025-03-21,-5.333054235767687e-05,0.0,0.0,0.0
2025-03-22,0.0,0.0,0.0,0.0
2025-03-23,0.0,0.0,0.0,0.0
2025-03-24,0.0011816616988364892,0.0020385547340566745,0.0,0.0
2025-03-25,-9.346601818938094e-05,-0.00041825348939106277,0.0,0.0
2025-03-26,-0.0004294210176307711,-0.0015744588620636435,0.0,0.0
2025-03-27,0.00028673524784283977,-0.0001631799101968756,0.0,0.0
2025-03-28,-0.0024929244048678134,-0.0029733669706523136,0.0,0.0
2025-03-29,-7.514864078839167e-05,-5.2988011839727456e-05,0.0,0.0
2025-03-30,0.0,0.0,0.0,0.0
2025-03-31,0.0,0.0,0.0,0.0
2025-04-01,0.0,0.0,0.0,0.0
2025-04-02,0.0,0.0,0.0,0.0
2025-04-03,0.0,0.0,0.0,0.0
2025-04-04,0.0,0.0,0.0,0.0
2025-04-05,0.0,0.0,0.0,0.0
2025-04-06,0.0,0.0,0.0,0.0
2025-04-07,0.0,0.0,0.0,0.0
2025-04-08,0.0,0.0,0.0,0.0
2025-04-09,0.0,0.0,0.0,0.0
2025-04-10,0.0,0.0,0.0,0.0
2025-04-11,0.0,0.0,0.0,0.0
2025-04-12,0.0,0.0,0.0,0.0
2025-04-13,0.0,0.0,0.0,0.0
2025-04-14,0.0,0.0,0.0,0.0
2025-04-15,0.0,0.0,0.0,0.0
2025-04-16,0.0,0.0,0.0,0.0
2025-04-17,0.0,0.0,0.0,0.0
2025-04-18,0.0,0.0,0.0,0.0
2025-04-19,0.0,0.0,0.0,0.0
2025-04-20,0.0,0.0,0.0,0.0
2025-04-21,0.0,0.0,0.0,0.0
2025-04-22,0.0,0.0,0.0,0.0
2025-04-23,0.0007241291715889275,0.005769996357067431,0.0033028179724581275,0.0030206530913376994
2025-04-24,0.0014773247078911922,-0.003935685253543486,0.002462981979505008,-0.001047954526682271
2025-04-25,0.003830385489530075,0.0028354813728221906,-0.0037954861876026147,-0.0018037940972580602
2025-04-26,-0.00018699325547877343,0.008354019229363407,-0.004299087180383188,0.0018317924518069795
2025-04-27,-0.006803233387930097,-0.006812591720946726,-0.0031676558409767797,0.0004947551114269366
2025-04-28,0.009753017322276403,0.0022138080530211823,-0.0005845432259912187,0.0036851823664636463
2025-04-29,-0.00650171318774595,-0.0005463986902699558,-0.004624098348085193,-0.006255868755212557
2025-04-30,-0.0007266232868307076,-0.0012936663404031767,0.0040633378636469875,-0.0027819525061807404
2025-05-01,0.022011747084474953,0.013137989741335732,0.011263234451044601,0.010547426557460993
2025-05-02,0.0037062010184079064,0.0011918555276100307,-0.009421692884336919,-0.003769418892067944
2025-05-03,-0.009581224726995852,-0.0028911849620768537,-0.005244217046707633,-0.00483173778924928
2025-05-04,-0.014817965407392664,-0.00805574575017165,-0.01054818736672758,-0.009465027160824535
2025-05-05,0.004344771671836334,0.0037312583667619137,0.0106992632705607,0.003019258590190921
2025-05-06,0.02117281946299543,-0.0012224184051981002,0.0006114657536677726,0.0024209066820601866
2025-05-07,0.0019449907942636901,-0.002451068116889221,0.001738514108419853,-0.0037539532426469346
2025-05-08,0.06156303803377439,0.16039537633155776,0.0789839760178177,0.11096083692335812
2025-05-09,-0.002585314752232115,0.01253425377262829,0.026451166610574672,0.014341286628728689
2025-05-10,0.016057974901441785,0.022377794609791613,0.016083106387336787,0.02430194861070545
2025-05-11,-0.005947665144665049,-0.006309372227685683,-0.014558534561425751,-0.013000636742631189
2025-05-12,-0.012413316757287962,-0.0017663002250321025,0.003237622398925444,0.009736205843175805
2025-05-13,0.012365925764844299,0.01706800866523772,0.029859192705735005,0.019483913929477348
2025-05-14,-0.005546209616094089,-0.006373247871524601,-0.02163101566411685,-0.01082791378279413
2025-05-15,0.002394923254290582,-0.0055964332495870295,-0.023259813728091716,-0.01783649567824097
2025-05-16,-0.0027992748521394883,-0.0010665871459740739,-0.0056032273727526505,-0.002305986563965523
2025-05-17,-0.0031576849767338544,-0.005725299835985576,-0.004674323092955235,-0.0069423732843388875
2025-05-18,0.031255237129508506,0.0025932554097243266,0.026015337418055617,0.013043586496991999
2025-05-19,-0.008019798105420972,0.0035387613029767007,-0.022305487823839343,-0.006958602732251573
2025-05-20,0.011718093552772979,-0.000458788418653433,0.006128705939568269,-0.00042831315174696183
2025-05-21,0.025356428984337098,0.0036716826605445174,0.017393864788924907,0.010228121452686922
2025-05-22,0.018163968739083547,0.015783308176344102,0.02128409272364329,0.018870578624732293
2025-05-23,-0.03805712137236528,-0.018881009414698835,-0.01921394387965214,-0.02836946413128505
2025-05-24,0.004008862400371571,0.0005426042030751699,0.006426464611546612,0.005435064149162061
2025-05-25,0.011181543798565396,0.0028951007748754254,-0.0004462934162621224,0.0024513949958275827
2025-05-26,0.003832897162309834,0.0020193250919160466,-0.003278191749590653,-0.003132008932959951
2025-05-27,-0.004403681727765174,0.016257758380668896,0.006810760051311426,0.011387838887570334
2025-05-28,-0.01029941986946259,0.0034248955083522326,-0.016911718471712356,-0.008070532091260962
2025-05-29,-0.01972654849307265,-0.009450407917842463,-0.02298630756820319,-0.015757058422265158
2025-05-30,-0.014727696712756422,-0.018887716770375707,-0.04132345735888121,-0.035773662416754726
2025-05-31,0.005650154037298183,-0.0006311280746347236,0.0010218869737050884,0.003414995988237024
2025-06-01,0.00973817438608493,0.002146805528806084,0.005022551430747368,0.00313773457795552
2025-06-02,0.001973354165286878,0.013103003768087262,-0.003298173186166986,0.01415442103894593
2025-06-03,-0.004405797983400461,-0.003127925085531169,-0.007018195038565267,-0.0052375135326244715
2025-06-04,-0.006255109784478297,0.003123864858460834,-0.008113235876605396,-0.009019417938151308
2025-06-05,-0.029510379100799566,-0.04211695934554016,-0.038016063243191844,-0.050092915752392386
2025-06-06,0.026512358383802503,0.01204846535390769,0.014232270015792858,0.01608699221441845
2025-06-07,0.011741519409566248,0.009364244246617082,0.00891803958564874,0.013910825647915015
2025-06-08,0.0016700159184936947,-0.0028292820268311925,0.009473414641334221,0.004566716151952033
2025-06-09,0.04152282281922526,0.037334877693380175,0.034200457407404405,0.03933440013873701
2025-06-10,0.00010008622413715251,0.028853338383974192,0.016697228673514752,0.02169454357433276
2025-06-11,-0.014340471699618718,-0.009217717723685293,-0.017405047125506168,-0.01774021436071882
2025-06-12,-0.026551883131097243,-0.026786695129178972,-0.03692059447851792,-0.034555607785826226
2025-06-13,0.003622211317857227,-0.0121744328171417,-0.01501485714033457,-0.01236845818482779
2025-06-14,-0.0059590175917313415,-0.009359535943925246,-0.016045807744126228,-0.01159913257340539
2025-06-15,0.0016493236865864347,0.0032871815393038517,0.03430334880571717,0.013005790125560912
2025-06-16,0.011020715352184629,-0.0006688934806071689,-0.007500249559118877,-0.010310073155937793
2025-06-17,-0.020369450044001702,-0.00917586058589881,-0.014290462065662424,-0.017177722993243716
2025-06-18,0.0031106625756556205,0.003108411097612951,-0.004766042186658437,0.0028819242847837323
2025-06-19,-0.0021084619743607647,-0.0009945040029475383,0.002700145498695239,-0.00024508058184602444
2025-06-20,-0.01259842605838457,-0.027510075254990274,-0.028293822871566787,-0.026874489714899585
2025-06-21,-0.011046633020596275,-0.022851203441244916,-0.01657800880108451,-0.02242846783222796
2025-06-22,-0.010962929552083,-0.014301114676746107,-0.013197746277814892,-0.01573249017959366
2025-06-23,0.04189778136504785,0.039232732186234465,0.046018946475259837,0.0456991070103796
2025-06-24,0.006892883164697716,0.007549916066706963,0.004846255022193491,0.006643978342945056
2025-06-25,0.011492932706645531,-0.006102215961839574,-0.008038136842613341,-0.014360023389904164
2025-06-26,-0.003555487848945771,-0.000636927003321075,-0.015551385938558426,-0.010387866605210516
2025-06-27,0.0009115383651223663,0.0017768103201756258,0.012539948915821553,0.0048480626073903466
2025-06-28,0.002257520027200366,0.0031718255354435954,0.03597623637354741,0.020239669231179036
2025-06-29,0.009582249427508183,0.01861360500011089,0.010462331745149767,0.02754341459934695
2025-06-30,-0.01083682906570227,-0.004163500827962796,0.005933641162422454,-0.012547866513369588
2025-07-01,-0.013262913538420351,-0.023009292822430916,-0.031393436984581746,-0.028402690744283476
2025-07-02,0.029063063003160527,0.048413704512522804,0.02202962151813903,0.03639683439947472
2025-07-03,0.006553070624280677,0.005185522871134829,0.00035991280383695923,0.0027880423287971468
2025-07-04,-0.014173627632727892,-0.020873945378583003,-0.01862878043984939,-0.021516579160396176
2025-07-05,0.0019212515459061663,0.0021444497366782667,-0.0007986688685479582,0.0014563076577089884
2025-07-06,0.009016906219213805,0.015130690616546927,0.01912951581778577,0.016281741433088248
2025-07-07,-0.008360369874540474,-0.0077873957439723585,-0.012978173986438524,-0.006438367260722666
2025-07-08,0.005914232643988715,0.020407258438142728,0.012310473990812643,0.01416206121843322
2025-07-09,0.02058586024875453,0.042073281492386094,0.025244650235966892,0.03013216640530847
2025-07-10,0.04168529466565141,0.0480186422886264,0.03354455439954629,0.038964730940944436
2025-07-11,0.012716148847898845,0.001209017171508453,-0.006277466567166767,0.013193539518872699
2025-07-12,-0.0008907334363562613,-0.0029443855077037062,-0.010035711688898163,-0.003364627685064736
2025-07-13,0.013801369826512921,0.006355186566619153,0.0020817973974456283,0.010386709039097664
2025-07-14,0.003126502046133961,0.005222113347479684,0.002024706616799099,0.007507177361239847
2025-07-15,-0.009743804216807539,0.016320146392265533,0.0046418629311570925,0.005237116922558682
2025-07-16,0.003647707442599124,0.030167526179760484,0.025190401409289187,0.022809500624289436
2025-07-17,0.0023146668027389516,0.009898923808042914,0.005703628910362912,0.025785274602139197
2025-07-18,-0.005287469560504521,0.0065749536596027,0.003569869487227262,0.0006628567650861505
2025-07-19,-0.0003599953906495701,0.004204541778208615,-0.0008073011861658985,0.0016031323804890363
2025-07-20,-0.0027798918743540124,0.01529174734814398,0.01128609972595096,0.008949101245649072
2025-07-21,0.000547193290119985,0.0005158275140244584,0.03567751121020324,0.014269521499616689
2025-07-22,0.012215706833978324,-0.0014735554183796795,0.018145503024521892,0.006578245435304275
2025-07-23,-0.005618747755783748,-0.012619144328661847,-0.029551572884850552,-0.02957637349899256
2025-07-24,-0.0019566900320502345,0.00848631809562539,-0.00859964272753011,-0.002865164250388186
2025-07-25,-0.0034329521931930618,0.0019279925687074595,0.004998248909263481,0.002562058935290157
2025-07-26,0.00144905560099029,0.0017235250065918972,-0.002403592403552701,8.702884256495125e-05
2025-07-27,0.007079343817956607,0.013964888777341589,0.004818767159243675,0.009503734150145382
2025-07-28,-0.006360585469911806,-0.007685296826758781,-0.009218066869759012,-0.010433023467380398
2025-07-29,-0.0005277219650787757,-0.0005519904521585905,-0.00269174999235966,-0.0010300679896619869
2025-07-30,-0.0005227944295675968,0.0017183698729938968,-0.006143156991037624,-0.003135332246436917
2025-07-31,-0.009831649532884623,-0.011811120629835137,-0.009246701865809115,-0.010215824200069501
2025-08-01,-0.01179406363181823,-0.022509201291022185,-0.01599222392934041,-0.015611024773528048
2025-08-02,-0.004078054442557488,-0.010326729285054848,-0.007228866131857026,-0.013494090237490153
2025-08-03,0.008929094251856728,0.01137985243412687,0.0060076704421234695,0.012982658563620353
2025-08-04,0.005042749901248866,0.0280041429393052,0.016221836882184926,0.020465687084536555
2025-08-05,-0.0055774400992743,-0.01095168816781289,-0.011628404744699394,-0.013473334858719488
2025-08-06,0.005228293333136458,0.0071907064787311015,0.008619205444430067,0.007344668522762943
2025-08-07,0.014953133655522644,0.02272664208102637,0.015531536392219714,0.029463492177045136
2025-08-08,-0.004736804944597273,0.009709966597631459,0.0029872731649953632,0.0028665327996024725
2025-08-09,-0.001268471258435877,0.024346386112584772,0.006648909674380699,0.007787540533763293
2025-08-10,0.016925823870883816,-0.0008805601303020216,0.005646540328233973,9.50920484366069e-05
2025-08-11,-0.0035736730803397343,-0.002256859230685082,-0.019841051362283424,-0.010089980879690486
2025-08-12,0.007549345262808371,0.03568250890858593,0.04340681606610319,0.03329364522566003
2025-08-13,0.01657811833684608,0.010375957311088202,0.013686111455571304,0.009498796943230303
2025-08-14,-0.025761268888811584,-0.013255607985754425,-0.012983291670508823,-0.016801794746355236
2025-08-15,-0.004281782806033085,-0.00712424269523515,-0.00982190324251453,-0.0055895723433068145
2025-08-16,0.00012687787526655114,-0.0011681598468112897,0.00570177780336989,0.0023740113729118217
2025-08-17,0.00012044493270635392,0.003368074420035283,0.002031066512793833,0.0013072432259191302
2025-08-18,-0.005825964120929061,-0.010625099414547479,-0.011738809085011015,-0.009938568513150225
2025-08-19,-0.016685996455574448,-0.016000295942618536,-0.009915752800019328,-0.01786608239572296
2025-08-20,0.007883261246157902,0.017847473509060352,0.017466740947394754,0.014563739782319063
2025-08-21,-0.009996974884726395,-0.007460097513456998,-0.011205351405842112,-0.0094065772401829
2025-08-22,0.025289790198347983,0.04113824447861458,0.030219557847253276,0.030747133487533107
2025-08-23,-0.008329183946072405,-0.0025607156399826136,0.004960748880524779,-0.00018429942186826143
2025-08-24,-0.009839363325089279,1.105857741423577e-05,0.001410193424610684,-8.651387558833434e-05
2025-08-25,-0.017163785853485103,-0.01431743300279964,-0.017078372035207456,-0.01612274427864746
2025-08-26,0.0040957322833692356,0.00437320669602248,0.004025157495213927,0.00510199194147698
2025-08-27,-0.002702691238182786,-0.003459086464504102,0.006153124659777687,-0.00010530067741065796
2025-08-28,0.0034002136956625684,2.96067121521304e-05,0.005513620146350817,0.001977543415288663
2025-08-29,-0.021035264615901328,-0.006168308547115808,-0.008152394937162577,-0.009511688673349394
2025-08-30,0.0007575462574609393,0.00021832559223722292,-0.0013079979876704506,-0.0005894912458364043
2025-08-31,-0.0013600042738651785,0.0004004628753544459,-0.0009679825950105192,-0.0007931164917722722
2025-09-01,0.0017860090762760183,-0.0017074129985443776,-0.001537229628609138,-0.00151524887907184
2025-09-02,0.0037180208189504516,0.0002654079778232621,0.005752491785887326,0.0038126338797372927
2025-09-03,0.0008614186902737853,0.0027409369443833764,0.0005195410120890642,0.0010643672844938834
2025-09-04,-0.0018016376341798424,-0.003371821845043921,-0.00391771597172863,-0.003545546885678097
2025-09-05,-0.0001312323663598125,0.0002190436987268285,0.00048407690310448004,0.0005545586707771388
2025-09-06,-0.0012543495316761355,-0.000758963986379313,-0.0014887467262629794,-0.0009659213538717459
2025-09-07,0.0023805827337755048,0.0007316470964735533,0.002884088125369777,0.0023524631729452405
2025-09-08,0.0023211949895369788,3.9818515118472675e-06,0.003605195811765105,0.002661796422742446
2025-09-09,-0.0033488941374719694,5.6929499914204484e-05,0.0031916714388178224,0.00031035174236859753
2025-09-10,0.006526660135478091,0.0011209538799914487,0.00348873072374678,0.0022133544748088596
2025-09-11,0.008291885244737118,0.007479809497026757,0.005037289381294441,0.006458160906790855
2025-09-12,0.003067878960424375,0.017552635851023846,0.015431009964476328,0.014781434030925356
2025-09-13,-0.0006216791570093916,-0.0031069349602528273,0.00022597044505201502,-0.0005199292595045035
2025-09-14,-0.0036400342122637763,-0.005047176502398387,-0.0037271383354530174,-0.007441116514946056
2025-09-15,0.0004589980663549653,-0.006528524605695196,-0.007480978948381067,-0.010383604686720616
2025-09-16,0.008082128348110285,-0.0022958929791029314,0.004283256686797632,0.0018133789610086382
2025-09-17,-0.001901599005116883,0.008833981225243814,0.013201818907390805,0.015720414037634356
2025-09-18,0.00349343715611683,-0.0002816171535932055,0.004398384879445549,-0.0006963705133581355
2025-09-19,-0.008015209513275945,-0.013615615469534936,-0.014767195696738233,-0.01966926757071852
2025-09-20,0.0002985522109111294,0.001364222402959081,0.001587414448203317,0.0027268394574102572
2025-09-21,-0.0025409439175375637,-0.0040824850359535425,-0.005538803379316004,-0.00833184118382646
2025-09-22,-0.014504890114029445,-0.02843320777830116,-0.026472625864055077,-0.03432921043217918
2025-09-23,-0.0028615561237316234,-0.0021052792498926776,-0.006480550401165686,-0.004744912659890632
2025-09-24,0.005396322336476356,-0.0006016120024030513,-0.0014495633323663437,0.0004046531394408248
2025-09-25,-0.017693614522375722,-0.014639275466807211,-0.016104971322032036,-0.015888839488356954
2025-09-26,0.0006289506935968081,0.002891221188951132,0.0035875457879142036,0.003060864408501507
2025-09-27,-1.0878522719637296e-05,-0.0002646831001171801,-0.000528610130228202,-0.0004446198946330693
2025-09-28,0.003613967473304003,0.002364440699969661,0.002279483706589591,0.0022611815889197473
2025-09-29,0.006712050473414388,0.0029365279677411316,0.001061387254921664,0.0006335920349986868
2025-09-30,-0.0021794382033756277,-0.007025144798259775,-0.0067112992327358345,-0.0060403215307663904
2025-10-01,0.028260405721491466,0.019842521312221306,0.020617611786768242,0.022828530218330423
2025-10-02,0.011719363729520094,0.014798124014482328,0.019203153900548164,0.018274440189655294
2025-10-03,0.008841961514238106,0.003062538441335416,-0.002818783259526003,-0.002122057102983743
2025-10-04,0.0007085771649919526,-0.00275343596464539,-0.007409063825310924,-0.007476894221708719
2025-10-05,0.00521219800787831,0.0024814417600391714,0.001049208325691664,0.0022720873172545897
2025-10-06,0.005028239128959999,0.01584381551645553,0.005674759644036742,0.014167743628352714
2025-10-07,-0.014295147650503992,-0.021719943263581842,-0.018431953068380857,-0.02094566346879856
2025-10-08,0.00860421267266509,0.007330259208360612,0.013727102549772052,0.010749736023985434
2025-10-09,-0.007975520991962193,-0.014702134172793868,-0.012104804028415295,-0.01138234318189868
2025-10-10,-0.04314438131285214,-0.050962980073049335,-0.04922454705838408,-0.06523766652277718
2025-10-11,-0.003632171898533043,-0.001960630046988654,-0.004382691917140691,-0.002810243773918031
2025-10-12,0.006568301295407197,0.008108618485616947,0.006838534624370229,0.005774337353879444
2025-10-13,0.0004244056906035354,0.001756654242285327,0.00409698109251444,0.0021429678600306534
2025-10-14,-0.005804098850240136,-0.0022935462454908295,-0.002181492903504889,-0.0019915149992523196
2025-10-15,-0.004246460866887958,-0.0027667988769535246,-0.0030082968133726684,-0.0022063408263733875
2025-10-16,-0.0022305572745252578,-0.0018130313399906672,-0.003154208370830247,-0.001989041184032203
2025-10-17,-0.0014566434428867625,-0.0012548787848283283,-0.0010171864147561216,-0.0009073679565626547
2025-10-18,-8.808530922133073e-05,-7.648867396636838e-05,-0.00016027309684607527,-0.0001303046160364696
2025-10-19,0.0,0.0,0.0,0.0
2025-10-20,0.0,0.0,0.0,0.0
2025-10-21,0.0,0.0,0.0,0.0
2025-10-22,0.0,0.0,0.0,0.0
2025-10-23,0.0,0.0,0.0,0.0
2025-10-24,0.00041087924237981355,0.0,0.0,0.0
2025-10-25,0.0003225706953884355,0.0,0.0,0.0
2025-10-26,0.0014646346175835045,0.0030550158139852623,0.0,0.0
2025-10-27,-0.001589092683945137,-0.0018471102350618995,-0.001408401854622321,-0.0026188795216891547
2025-10-28,-0.00301730193397598,-0.006351629029272221,-0.0035065593096522685,-0.004766055088512244
2025-10-29,-0.007075691707246978,-0.003456203307501182,-0.00020881375928349932,-0.0013764817418792097
2025-10-30,-0.0017239177865210342,-0.0015701129017720028,-0.002589433497887872,-0.0023172099348374164
2025-10-31,-9.91528894604965e-05,-5.645816487598321e-05,-0.00011776074687275262,-0.00012056990986986094
2025-11-01,0.00040081956460480406,0.0003827008173276081,-0.0003938386440622832,-7.96485016119064e-06
2025-11-02,0.00046605004382827,0.0005722963971381834,0.00040348004526302716,0.00020119744532864914
2025-11-03,-0.004165572520271721,-0.005277769988116909,-0.006420455782992218,-0.005387419462442811
2025-11-04,-0.00011265212273470215,-6.315805977774591e-05,-0.00012391114191112607,-0.00013067189777471455
2025-11-05,0.0,0.0,0.0,0.0
2025-11-06,0.0,0.0,0.0,0.0
2025-11-07,0.0,0.0,0.0,0.0
2025-11-08,0.0,0.0,0.0,0.0
2025-11-09,0.0,0.0,0.0,0.0
2025-11-10,0.0,0.0,0.0,0.0
2025-11-11,0.0,0.0,0.0,0.0
2025-11-12,0.0,0.0,0.0,0.0
2025-11-13,0.0,0.0,0.0,0.0
2025-11-14,0.0,0.0,0.0,0.0
2025-11-15,0.0,0.0,0.0,0.0
2025-11-16,0.0,0.0,0.0,0.0
2025-11-17,0.0,0.0,0.0,0.0
2025-11-18,0.0,0.0,0.0,0.0
2025-11-19,0.0,0.0,0.0,0.0
2025-11-20,0.0,0.0,0.0,0.0
2025-11-21,0.0,0.0,0.0,0.0
2025-11-22,0.0,0.0,0.0,0.0
2025-11-23,0.0,0.0,0.0,0.0
2025-11-24,0.0,0.0,0.0,0.0
2025-11-25,0.0,0.0,0.0,0.0
2025-11-26,0.0,0.0,0.0,0.0
2025-11-27,0.0,0.0,0.0,0.0
2025-11-28,0.0,0.0,0.0,0.0
2025-11-29,0.0,0.0,0.0,0.0
2025-11-30,0.0,0.0,0.0,0.0
2025-12-01,0.0,0.0,0.0,0.0
2025-12-02,0.0,0.0,0.0,0.0
2025-12-03,0.0,0.0,0.0,0.0
2025-12-04,0.0,0.0,0.0,0.0
2025-12-05,0.0,0.0,0.0,0.0
2025-12-06,0.0,0.0,0.0,0.0
2025-12-07,0.0,0.0,0.0,0.0
2025-12-08,0.0,0.0,0.0,0.0
2025-12-09,0.0,0.0,0.0,0.0
2025-12-10,0.0,0.0,0.0,0.0
2025-12-11,0.0,0.0,0.0,0.0
2025-12-12,0.0,0.0,0.0,0.0
2025-12-13,0.0,0.0,0.0,0.0
2025-12-14,0.0,0.0,0.0,0.0
2025-12-15,0.0,0.0,0.0,0.0
2025-12-16,0.0,0.0,0.0,0.0
2025-12-17,0.0,0.0,0.0,0.0
2025-12-18,0.0,0.0,0.0,0.0
2025-12-19,0.0,0.0,0.0,0.0
2025-12-20,0.0,0.0,0.0,0.0
2025-12-21,0.0,0.0,0.0,0.0
2025-12-22,0.0,0.0,0.0,0.0
2025-12-23,0.0,0.0,0.0,0.0
2025-12-24,0.0,0.0,0.0,0.0
2025-12-25,0.0,0.0,0.0,0.0
2025-12-26,0.0,0.0,0.0,0.0
2025-12-27,0.0,0.0,0.0,0.0
2025-12-28,0.0,0.0,0.0,0.0
2025-12-29,0.0,0.0,0.0,0.0
2025-12-30,0.0,0.0,0.0,0.0
2025-12-31,0.0,0.0,0.0,0.0
2026-01-01,0.0,0.0,0.0,0.0
2026-01-02,0.0,0.0,0.0,0.0
2026-01-03,0.0,0.0,0.0,0.0
2026-01-04,0.0,0.0,0.0,0.0
2026-01-05,0.0,0.0,0.0,0.0
2026-01-06,0.0,0.0,0.0,0.0
2026-01-07,0.0,0.0,0.0,0.0
2026-01-08,0.0,0.0,0.0,0.0
2026-01-09,0.0,0.0,0.0,0.0
2026-01-10,0.0,0.0,0.0,0.0
2026-01-11,0.0,0.0,0.0,0.0
2026-01-12,0.0,0.0,0.0,0.0
2026-01-13,0.0,0.0,0.0,0.0
2026-01-14,0.0,0.0,0.0,0.0
2026-01-15,0.0,0.0,0.0,0.0
2026-01-16,0.0,0.0,0.0,0.0
2026-01-17,0.0,0.0,0.0,0.0
2026-01-18,0.0,0.0,0.0,0.0
2026-01-19,0.0,0.0,0.0,0.0
2026-01-20,0.0,0.0,0.0,0.0
2026-01-21,0.0,0.0,0.0,0.0
2026-01-22,0.0,0.0,0.0,0.0
2026-01-23,0.0,0.0,0.0,0.0
2026-01-24,0.0,0.0,0.0,0.0
2026-01-25,0.0,0.0,0.0,0.0
2026-01-26,0.0,0.0,0.0,0.0
2026-01-27,0.0,0.0,0.0,0.0
2026-01-28,0.0,0.0,0.0,0.0
2026-01-29,0.0,0.0,0.0,0.0
2026-01-30,0.0,0.0,0.0,0.0
2026-01-31,0.0,0.0,0.0,0.0
2026-02-01,0.0,0.0,0.0,0.0
2026-02-02,0.0,0.0,0.0,0.0
2026-02-03,0.0,0.0,0.0,0.0
2026-02-04,0.0,0.0,0.0,0.0
2026-02-05,0.0,0.0,0.0,0.0
2026-02-06,0.0,0.0,0.0,0.0
2026-02-07,0.0,0.0,0.0,0.0
2026-02-08,0.0,0.0,0.0,0.0
2026-02-09,0.0,0.0,0.0,0.0
2026-02-10,0.0,0.0,0.0,0.0
2026-02-11,0.0,0.0,0.0,0.0
2026-02-12,0.0,0.0,0.0,0.0
2026-02-13,0.0,0.0,0.0,0.0
2026-02-14,0.0,0.0,0.0,0.0
2026-02-15,0.0,0.0,0.0,0.0
2026-02-16,0.0,0.0,0.0,0.0
2026-02-17,0.0,0.0,0.0,0.0
2026-02-18,0.0,0.0,0.0,0.0
2026-02-19,0.0,0.0,0.0,0.0
2026-02-20,0.0,0.0,0.0,0.0
2026-02-21,0.0,0.0,0.0,0.0
2026-02-22,0.0,0.0,0.0,0.0
2026-02-23,0.0,0.0,0.0,0.0
2026-02-24,0.0,0.0,0.0,0.0
2026-02-25,0.0,0.0,0.0,0.0
2026-02-26,0.0,0.0,0.0,0.0
2026-02-27,0.0,0.0,0.0,0.0
2026-02-28,0.0,0.0,0.0,0.0
2026-03-01,0.0,0.0,0.0,0.0
2026-03-02,0.0,0.0,0.0,0.0
2026-03-03,0.0,0.0,0.0,0.0
2026-03-04,0.0,0.0,0.0,0.0
2026-03-05,0.0,0.0,0.0,0.0
2026-03-06,0.0,0.0,0.0,0.0
2026-03-07,0.0,0.0,0.0,0.0
2026-03-08,0.0,0.0,0.0,0.0
2026-03-09,0.0,0.0,0.0,0.0
2026-03-10,0.0,0.0,0.0,0.0
2026-03-11,0.0,0.0,0.0,0.0
2026-03-12,0.0,0.0,0.0,0.0
2026-03-13,0.0,0.0,0.0,0.0
2026-03-14,0.0,0.0,0.0,0.0
2026-03-15,0.0,0.0,0.0,0.0
2026-03-16,0.0,0.0,0.0,0.0
2026-03-17,0.0,0.0,0.0,0.0
2026-03-18,0.0,0.0,0.0,0.0
2026-03-19,0.0,0.0,0.0,0.0
2026-03-20,0.0,0.0,0.0,0.0
2026-03-21,0.0,0.0,0.0,0.0
2026-03-22,0.0,0.0,0.0,0.0
2026-03-23,0.0,0.0,0.0,0.0
2026-03-24,0.0,0.0,0.0,0.0
2026-03-25,0.0,0.0,0.0,0.0
2026-03-26,0.0,0.0,0.0,0.0
2026-03-27,0.0,0.0,0.0,0.0
2026-03-28,0.0,0.0,0.0,0.0
2026-03-29,0.0,0.0,0.0,0.0
2026-03-30,0.0,0.0,0.0,0.0
2026-03-31,0.0,0.0,0.0,0.0
2026-04-01,0.0,0.0,0.0,0.0
2026-04-02,0.0,0.0,0.0,0.0
2026-04-03,0.0,0.0,0.0,0.0
2026-04-04,0.0,0.0,0.0,0.0
2026-04-05,0.0,0.0,0.0,0.0
2026-04-06,0.0,0.0,0.0,0.0
2026-04-07,0.0,0.0,0.0,0.0
2026-04-08,0.0,0.0,0.0,0.0
2026-04-09,0.0,0.0,0.0,0.0
2026-04-10,0.0,0.0,0.0,0.0
2026-04-11,0.0,0.0,0.0,0.0
2026-04-12,0.0,0.0,0.0,0.0
2026-04-13,0.0,0.0,0.0,0.0
2026-04-14,0.0,0.0,0.0,0.0
2026-04-15,0.0,0.0,0.0,0.0
2026-04-16,0.0,0.0,0.0,0.0
2026-04-17,0.0036997925068891213,0.003078033330784713,-0.0005938684011576045,0.0013732122273586445
2026-04-18,-0.0027612613608328784,-0.003077467872711126,-0.003013850973038301,-0.003487263418640918
2026-04-19,-0.0037914791865376607,-0.003912646435658584,-0.0031276027121206473,-0.0036984770293029268
2026-04-20,-0.00014861765659268666,-0.00010212704593592914,-0.0002433829508842189,-0.0002842561657352416
2026-04-21,0.0008220715285891522,0.0005113719584730614,0.0006890811220987558,0.0005527392932211939
2026-04-22,0.003608244296544161,0.002185321813983787,0.0010775513369492007,0.0011003643370519622
2026-04-23,0.0001546758449595398,-0.0020355888445472425,-0.0009610638123944693,-0.0008485029478084716
2026-04-24,-0.0016008669512705964,-0.0007109528378010932,7.695906756644e-05,-0.00039528857455606303
2026-04-25,0.00036720560087344367,0.00021012956893118329,0.0,-0.00019177598274400243
2026-04-26,0.0020174533735830558,0.0023263117656677768,0.0009619143165515709,0.00143703220114344
2026-04-27,-0.002508047537652436,-0.0030565963488439207,-0.0027035849934536893,-0.0030164814378103033
2026-04-28,-0.0020106345311736717,-0.0006642852484444184,-0.0009764430223062615,-0.0011852856341204587
2026-04-29,-0.00110233285840311,-0.0017035665504933073,-0.0013117701882582322,-0.0014531682242270305
2026-04-30,0.0011110008492274392,0.0002154119246768893,6.438692105237287e-05,6.409080732905359e-05
2026-05-01,0.003691378269892631,0.001780853382659764,0.0008627291936240677,0.0014948897743305434
2026-05-02,0.0008893577164270638,0.0009951692810552526,0.0006432727862237808,0.0008554518392658306
2026-05-03,-0.0009391415684334437,0.0005935448052354353,-0.002135694036158653,-0.0014477520783710007
2026-05-04,0.007175843884660527,0.003537007212859322,0.0008173003441804827,0.002015556442311217
2026-05-05,0.005757976555594846,0.001957119602727486,0.01074900175542326,0.006907686435458915
2026-05-06,0.002967934041755438,-0.0014251459882165252,0.014120778236825338,0.005761644400961163
2026-05-07,-0.007874876484337934,-0.00859182438003736,-0.0031865222545752747,-0.0092254964937869
2026-05-08,0.0011408558412380199,0.0028033881638069857,0.014661479767118957,0.010688613913995448
2026-05-09,0.003452974533662445,0.0034837862720085155,0.0045079615816092655,0.003324365586816258
2026-05-10,0.011040410991829841,0.009275872999138457,0.01525130863306523,0.01608009276316502
2026-05-11,-0.003311024804070195,-0.00648462715671505,0.004085053737303834,-0.00022230621883667645
2026-05-12,-0.008878234965613685,-0.013492498559589672,-0.013968289949680912,-0.015413951886287358
2026-05-13,-0.0085945978473696,-0.0034366423710098237,-0.01425785748072006,-0.008306822144816706
2026-05-14,0.012931516140147314,0.00520128404736786,0.0045578143559694695,0.010918827018206123
2026-05-15,-0.01420665473457372,-0.012323836499604224,-0.013472512925819635,-0.01614220273178446
2026-05-16,-0.005687288186013939,-0.007661809044420709,-0.009797614097330598,-0.008358098845164807
2026-05-17,-0.004004738605357994,-0.008652531162634536,-0.004638200561523864,-0.005695560404692546
2026-05-18,-0.0023908625600446154,-0.00019401361904403114,0.0005018260920723883,0.006123719218660506
2026-05-19,-0.0006140465459710809,-0.0014341812125975295,-0.00204138378215013,-0.0006995762265376015
2026-05-20,0.0017326473574348356,0.0012237960236609613,0.0027437500499671863,0.009805892726639565
2026-05-21,0.00011844380329306681,0.0004551623968496177,0.003051874263105825,7.774152286144087e-06
2026-05-22,-0.009956933923413458,-0.009498013086017387,-0.008291622568726842,-0.013890505908958573
2026-05-23,0.0014206198409629778,0.0019092242286293803,0.0007006382213021745,0.0020100912118217185
2026-05-24,0.00043345528888116824,-0.0007267307453590055,-0.00039843087891811013,0.0007462611670181474
2026-05-25,0.0008054034305557956,0.0013231975045213673,-0.0008364700982773643,-0.0009278269973894693
2026-05-26,-0.00539945690671173,-0.004384859318017131,-0.003211940673301994,-0.008699349448358817
2026-05-27,-0.0023233120478972635,-0.0022069236157544747,-0.001493961302733493,-0.0018272437572538491
2026-05-28,-0.0012031209867411352,-0.0006308518721505063,-0.0003057873596121752,-2.156691003918354e-05
2026-05-29,-0.00022697110114433539,0.00019605090041485695,-6.488382602609644e-05,-0.0005687041651605274
2026-05-30,0.000613582501920229,0.00033372813119525446,0.0006396106426431736,0.00018178833249105075
2026-05-31,-0.0003039829563020735,-0.0006516084974257375,-0.00026865003287912526,0.0011643554403508727
2026-06-01,-0.003280536003511414,-1.1832102593256622e-05,-0.00107488890045504,-0.0010311481147898816
2026-06-02,-0.00010374377879251995,-8.480041492808787e-05,-0.00018849349281535588,-0.00013442297913723866
2026-06-03,0.0,0.0,0.0,0.0
2026-06-04,0.0,0.0,0.0,0.0
2026-06-05,0.0,0.0,0.0,0.0
2026-06-06,0.0,0.0,0.0,0.0
2026-06-07,0.0,0.0,0.0,0.0
2026-06-08,0.0,0.0,0.0,0.0
2026-06-09,0.0,0.0,0.0,0.0
2026-06-10,0.0,0.0,0.0,0.0
2026-06-11,0.0,0.0,0.0,0.0
2026-06-12,0.0,0.0,0.0,0.0
2026-06-13,0.0,0.0,0.0,0.0
2026-06-14,0.0,0.0,0.0,0.0
2026-06-15,0.0,0.0,0.0,0.0
2026-06-16,0.0,0.0,0.0,0.0
2026-06-17,0.0,0.0,0.0,0.0
2026-06-18,0.0,0.0,0.0,0.0
2026-06-19,0.0,0.0,0.0,0.0
2026-06-20,0.0,0.0,0.0,0.0
2026-06-21,0.0,0.0,0.0,0.0
2026-06-22,0.0,0.0,0.0,0.0
2026-06-23,0.0,0.0,0.0,0.0
2026-06-24,0.0,0.0,0.0,0.0
2026-06-25,0.0,0.0,0.0,0.0
2026-06-26,0.0,0.0,0.0,0.0
2026-06-27,0.0,0.0,0.0,0.0
2026-06-28,0.0,0.0,0.0,0.0
2026-06-29,0.0,0.0,0.0,0.0
2026-06-30,0.0,0.0,0.0,0.0
2026-07-01,0.0,0.0,0.0,0.0
2026-07-02,0.0,0.0,0.0,0.0
2026-07-03,0.0,0.0,0.0,0.0
2026-07-04,0.0,0.0,0.0,0.0
2026-07-05,0.0,0.0,0.0,0.0
2026-07-06,0.0,0.0,0.0,0.0
2026-07-07,0.0,0.0,0.0,0.0
2026-07-08,0.0,0.0,0.0,0.0
2026-07-09,0.0,0.0,0.0,0.0
2026-07-10,0.0,0.0,0.0,0.0
2026-07-11,0.0,0.0,0.0,0.0
2026-07-12,0.0,0.0,0.0,0.0
2026-07-13,0.0,0.0,0.0,0.0
2026-07-14,0.0,0.0,0.0,0.0
2026-07-15,0.0,0.0,0.0,0.0
2026-07-16,0.0,0.0,0.0,0.0
2026-07-17,0.0,0.0,0.0,0.0
2026-07-18,0.0,0.0,0.0,0.0
2026-07-19,0.0,0.0,0.0,0.0
2026-07-20,0.0,0.0,0.0,0.0
2026-07-21,0.0,0.0,0.0,0.0
2026-07-22,0.0,0.0,0.0,0.0
2026-07-23,0.0,0.0,0.0,0.0
2026-07-24,0.0,0.0,0.0,0.0
2026-07-25,0.0,0.0,0.0,0.0
2026-07-26,0.0,0.0,0.0,0.0
2026-07-27,0.0,0.0,0.0,0.0
2026-07-28,0.0,0.0,0.0,0.0
2026-07-29,0.0,0.0,0.0,0.0
2026-07-30,0.0,0.0,0.0,0.0
2026-07-31,0.0,0.0,0.0,0.0
2026-08-01,0.0,0.0,0.0,0.0
2026-08-02,0.0,0.0,0.0,0.0
2026-08-03,0.0,0.0,0.0,0.0
2026-08-04,0.0,0.0,0.0,0.0
2026-08-05,0.0,0.0,0.0,0.0
2026-08-06,0.0,0.0,0.0,0.0
2026-08-07,0.0,0.0,0.0,0.0
2026-08-08,0.0,0.0,0.0,0.0
2026-08-09,0.0,0.0,0.0,0.0
2026-08-10,0.0,0.0,0.0,0.0
2026-08-11,0.0,0.0,0.0,0.0
2026-08-12,0.0,0.0,0.0,0.0
2026-08-13,0.0,0.0,0.0,0.0
2026-08-14,0.0,0.0,0.0,0.0
2026-08-15,0.0,0.0,0.0,0.0
2026-08-16,0.0,0.0,0.0,0.0
2026-08-17,0.0,0.0,0.0,0.0
2026-08-18,0.0,0.0,0.0,0.0
2026-08-19,0.0,0.0,0.0,0.0
2026-08-20,0.03504063598788454,0.010671278889571534,0.011220186874719706,0.02607377098050012
2026-08-21,0.042859852458591474,0.027876864203957075,0.03253726662703582,0.04072132782450555
2026-08-22,-0.008824737644113845,-0.013411552173355212,0.0005199992373730034,-0.003881291458382008
2026-08-23,0.004611970015224065,0.005920658628658426,0.008367636557076175,0.008768129633963007
2026-08-24,0.00982610515922766,0.002725847175229612,0.01824573219030734,0.002274824409624232
2026-08-25,-0.0035313883886135544,-0.006731485539039905,-0.011996478541860256,-0.010610744625556667
2026-08-26,0.004054900845024356,0.010859170345160152,0.03086993670844751,0.01064024562711574
2026-08-27,0.011191900640937114,0.0006967393926127219,0.038869520238234756,0.01328602824689984
2026-08-28,-0.021816081564016154,-0.013330861576063224,-0.023901101082196785,-0.019975819881870027
2026-08-29,0.003564120559623074,0.0029333195880851815,0.007120884978631059,0.004705521025352599
2026-08-30,-0.005794176398580153,-0.008981309022790596,-0.018693336229905877,-0.01316868171859542
2026-08-31,0.009413849973403998,0.011211649873712481,0.006464963250189415,0.008090117186914103
2026-09-01,-0.011846078988981712,-0.010718273951551005,-0.01718569777436374,-0.013301038099466811
2026-09-02,-0.0010388790186862673,-0.005882982080436805,0.0024329912739347037,-0.001283004443995206
2026-09-03,0.04383629136861256,0.028829919300606077,0.019811796610123666,0.029081761771100334
2026-09-04,-0.017218403313910557,-0.012552766475674937,-0.011124814303893449,-0.014477974374527025
2026-09-05,0.001391781219231003,0.005145353947702658,0.006996248824653328,0.0053652901512197815
2026-09-06,0.005141438449713043,0.008196116303554657,0.018730841205496285,0.010421049351180045
2026-09-07,-0.012577918253561915,-0.005843640287215068,-0.015003777695242304,-0.02135559000070475
2026-09-08,-0.006796842800319669,-0.0012326375255338196,-0.0027675577719760147,0.005185373131462168
2026-09-09,-0.0015577209856872942,-0.004096923218806281,-0.011007814706552543,0.00620653584158859
2026-09-10,-0.018150167078641144,-0.0072556044086606875,-0.017932206994655697,-0.03352899301837042
2026-09-11,0.006988925404965762,0.01913070167484343,0.023863464063311746,0.02821471473176218
2026-09-12,0.0005445002429740331,0.002281602945645611,-0.0043047731593345295,-0.006790589384990442
2026-09-13,-0.004894553847832328,-0.01309752664899333,-0.015193607852366231,-0.016533650038432213
2026-09-14,0.01600745949630622,0.010449459459217492,0.020257109208967616,0.02390908298736827
2026-09-15,-0.02985398688552332,-0.0314362428438173,-0.034730718285383655,-0.025140644331282047
2026-09-16,0.006790417674350291,0.005524990209941905,0.010260725389255487,0.038447005478549734
2026-09-17,0.0025343518366691686,0.007972711640863217,0.017216898493722876,0.01895971650813677
2026-09-18,0.053516478684774604,0.04493400913717793,0.06293103131518074,0.03433763106695942
2026-09-19,0.003693720938942713,0.0053602227262665725,-0.006544639832443688,-0.009649636788864324
2026-09-20,-0.000740277664370903,0.002875769405044526,0.0004048223849995036,0.004533497340587056
2026-09-21,0.05237307156172455,0.030674210608730768,0.02843646133886435,0.013940963762488101
2026-09-22,-0.003007630853363641,-0.0051260884428645515,-0.001180409054027165,0.014543137894573954
2026-09-23,-0.011330863832812788,-0.013397232339195653,-0.010784104361211355,-0.01775083106763453
2026-09-24,7.962079816681289e-05,0.0006532822542992811,0.006136144363356522,0.006383049518658979
2026-09-25,-0.0028889686220452404,0.0007536872451414656,0.02055839179382568,0.00824581329143137
2026-09-26,0.0031210585810126368,0.001276341829565375,-0.002963335248755805,0.009773280042182142
2026-09-27,0.00033944670374919106,-0.0021638964959920237,0.0024434852392853923,-0.007355993722987564
2026-09-28,-0.009996144591086775,-5.1219558230175544e-05,-0.013695279818816686,-0.017404811868231507
2026-09-29,0.0017000036597889512,-0.003308214105774865,0.0011472007885040547,-0.008697886218062223
2026-09-30,-0.0005310037767058962,0.0026217233089602665,-0.0058061794403171385,0.0017677269212328373
2026-10-01,0.014211050690105642,0.006820977959637986,0.0015987193964084323,-0.013173435245408927
2026-10-02,-0.004037468954059986,-0.012557052989370265,0.001320966266773027,-0.00803751094718086
2026-10-03,0.0022907865677606054,0.005721665576267521,0.005331862118210129,0.0038607232811069814
2026-10-04,0.017925762485551777,0.012264270112795739,0.01082587277826974,0.014317642285690768
2026-10-05,-0.007565010148614215,-0.0051745639676894495,-0.004435424915851027,-0.005102073868024415
