,BTC only (ref),"BTC+SOL, BTC signal, own-vol","BTC+SOL, BTC signal, BTC-vol (swap)","BTC+SOL, each on own signal","BTC+ETH, own signals (final)"
2017-08-17,0.0,0.0,0.0,,
2017-08-18,0.0,0.0,0.0,,
2017-08-19,0.0,0.0,0.0,,
2017-08-20,0.0,0.0,0.0,,
2017-08-21,0.0,0.0,0.0,,
2017-08-22,0.0,0.0,0.0,,
2017-08-23,0.0,0.0,0.0,,
2017-08-24,0.0,0.0,0.0,,
2017-08-25,0.0,0.0,0.0,,
2017-08-26,0.0,0.0,0.0,,
2017-08-27,0.0,0.0,0.0,,
2017-08-28,0.0,0.0,0.0,,
2017-08-29,0.0,0.0,0.0,,
2017-08-30,0.0,0.0,0.0,,
2017-08-31,0.0,0.0,0.0,,
2017-09-01,0.0,0.0,0.0,,
2017-09-02,0.0,0.0,0.0,,
2017-09-03,0.0,0.0,0.0,,
2017-09-04,0.0,0.0,0.0,,
2017-09-05,0.0,0.0,0.0,,
2017-09-06,0.0,0.0,0.0,,
2017-09-07,0.0,0.0,0.0,,
2017-09-08,0.0,0.0,0.0,,
2017-09-09,0.0,0.0,0.0,,
2017-09-10,0.0,0.0,0.0,,
2017-09-11,0.0,0.0,0.0,,
2017-09-12,0.0,0.0,0.0,,
2017-09-13,0.0,0.0,0.0,,
2017-09-14,0.0,0.0,0.0,,
2017-09-15,0.0,0.0,0.0,,
2017-09-16,0.0,0.0,0.0,,
2017-09-17,0.0,0.0,0.0,,
2017-09-18,0.0,0.0,0.0,,
2017-09-19,0.0,0.0,0.0,,
2017-09-20,0.0,0.0,0.0,,
2017-09-21,0.0,0.0,0.0,,
2017-09-22,0.0,0.0,0.0,,
2017-09-23,0.0,0.0,0.0,,
2017-09-24,0.0,0.0,0.0,,
2017-09-25,0.0,0.0,0.0,,
2017-09-26,0.0,0.0,0.0,,
2017-09-27,0.0,0.0,0.0,,
2017-09-28,0.0,0.0,0.0,,
2017-09-29,0.0,0.0,0.0,,
2017-09-30,0.0,0.0,0.0,,
2017-10-01,0.0,0.0,0.0,,
2017-10-02,0.0,0.0,0.0,,
2017-10-03,0.0,0.0,0.0,,
2017-10-04,0.0,0.0,0.0,,
2017-10-05,0.0,0.0,0.0,,
2017-10-06,0.0,0.0,0.0,,
2017-10-07,0.0,0.0,0.0,,
2017-10-08,0.0,0.0,0.0,,
2017-10-09,0.0,0.0,0.0,,
2017-10-10,0.0,0.0,0.0,,
2017-10-11,0.0,0.0,0.0,,
2017-10-12,0.0,0.0,0.0,,
2017-10-13,0.0,0.0,0.0,,
2017-10-14,0.0,0.0,0.0,,
2017-10-15,0.0,0.0,0.0,,
2017-10-16,0.0,0.0,0.0,,
2017-10-17,0.0,0.0,0.0,,
2017-10-18,0.0,0.0,0.0,,
2017-10-19,0.0,0.0,0.0,,
2017-10-20,0.0,0.0,0.0,,
2017-10-21,0.0,0.0,0.0,,
2017-10-22,0.0,0.0,0.0,,
2017-10-23,0.0,0.0,0.0,,
2017-10-24,0.0,0.0,0.0,,
2017-10-25,0.0,0.0,0.0,,
2017-10-26,0.0,0.0,0.0,,
2017-10-27,0.0,0.0,0.0,,
2017-10-28,0.0,0.0,0.0,,
2017-10-29,0.0,0.0,0.0,,
2017-10-30,0.0,0.0,0.0,,
2017-10-31,0.0,0.0,0.0,,
2017-11-01,0.0,0.0,0.0,,
2017-11-02,0.0,0.0,0.0,,
2017-11-03,0.0,0.0,0.0,,
2017-11-04,0.0,0.0,0.0,,
2017-11-05,0.0,0.0,0.0,,
2017-11-06,0.0,0.0,0.0,,
2017-11-07,0.0,0.0,0.0,,
2017-11-08,0.0,0.0,0.0,,
2017-11-09,0.0,0.0,0.0,,
2017-11-10,0.0,0.0,0.0,,
2017-11-11,0.0,0.0,0.0,,
2017-11-12,0.0,0.0,0.0,,
2017-11-13,0.0,0.0,0.0,,
2017-11-14,0.0,0.0,0.0,,
2017-11-15,0.0,0.0,0.0,,
2017-11-16,0.0,0.0,0.0,,
2017-11-17,0.0,0.0,0.0,,
2017-11-18,0.0,0.0,0.0,,
2017-11-19,0.0,0.0,0.0,,
2017-11-20,0.0,0.0,0.0,,
2017-11-21,0.0,0.0,0.0,,
2017-11-22,0.0,0.0,0.0,,
2017-11-23,0.0,0.0,0.0,,
2017-11-24,0.0,0.0,0.0,,
2017-11-25,0.0,0.0,0.0,,
2017-11-26,0.0,0.0,0.0,,
2017-11-27,0.0,0.0,0.0,,
2017-11-28,0.0,0.0,0.0,,
2017-11-29,0.0,0.0,0.0,,
2017-11-30,0.0,0.0,0.0,,
2017-12-01,0.0,0.0,0.0,,
2017-12-02,0.0,0.0,0.0,,
2017-12-03,0.0,0.0,0.0,,
2017-12-04,0.0,0.0,0.0,,
2017-12-05,0.0,0.0,0.0,,
2017-12-06,0.0,0.0,0.0,,
2017-12-07,0.0,0.0,0.0,,
2017-12-08,0.0,0.0,0.0,,
2017-12-09,0.0,0.0,0.0,,
2017-12-10,0.0,0.0,0.0,,
2017-12-11,0.0,0.0,0.0,,
2017-12-12,0.0,0.0,0.0,,
2017-12-13,0.0,0.0,0.0,,
2017-12-14,0.0,0.0,0.0,,
2017-12-15,0.0,0.0,0.0,,
2017-12-16,0.0,0.0,0.0,,
2017-12-17,0.0,0.0,0.0,,
2017-12-18,0.0,0.0,0.0,,
2017-12-19,0.0,0.0,0.0,,
2017-12-20,0.0,0.0,0.0,,
2017-12-21,0.0,0.0,0.0,,
2017-12-22,0.0,0.0,0.0,,
2017-12-23,0.0,0.0,0.0,,
2017-12-24,0.0,0.0,0.0,,
2017-12-25,0.0,0.0,0.0,,
2017-12-26,0.0,0.0,0.0,,
2017-12-27,0.0,0.0,0.0,,
2017-12-28,0.0,0.0,0.0,,
2017-12-29,0.0,0.0,0.0,,
2017-12-30,0.0,0.0,0.0,,
2017-12-31,0.0,0.0,0.0,,
2018-01-01,0.0,0.0,0.0,,
2018-01-02,0.0,0.0,0.0,,
2018-01-03,0.0,0.0,0.0,,
2018-01-04,0.0,0.0,0.0,,
2018-01-05,0.0,0.0,0.0,,
2018-01-06,0.0,0.0,0.0,,
2018-01-07,0.0,0.0,0.0,,
2018-01-08,0.0,0.0,0.0,,
2018-01-09,0.0,0.0,0.0,,
2018-01-10,0.0,0.0,0.0,,
2018-01-11,0.0,0.0,0.0,,
2018-01-12,0.0,0.0,0.0,,
2018-01-13,0.0,0.0,0.0,,
2018-01-14,0.0,0.0,0.0,,
2018-01-15,0.0,0.0,0.0,,
2018-01-16,0.0,0.0,0.0,,
2018-01-17,0.0,0.0,0.0,,
2018-01-18,0.0,0.0,0.0,,
2018-01-19,0.0,0.0,0.0,,
2018-01-20,0.0,0.0,0.0,,
2018-01-21,0.0,0.0,0.0,,
2018-01-22,0.0,0.0,0.0,,
2018-01-23,0.0,0.0,0.0,,
2018-01-24,0.0,0.0,0.0,,
2018-01-25,0.0,0.0,0.0,,
2018-01-26,0.0,0.0,0.0,,
2018-01-27,0.0,0.0,0.0,,
2018-01-28,0.0,0.0,0.0,,
2018-01-29,0.0,0.0,0.0,,
2018-01-30,0.0,0.0,0.0,,
2018-01-31,0.0,0.0,0.0,,
2018-02-01,0.0,0.0,0.0,,
2018-02-02,0.0,0.0,0.0,,
2018-02-03,0.0,0.0,0.0,,
2018-02-04,0.0,0.0,0.0,,
2018-02-05,0.0,0.0,0.0,,
2018-02-06,0.0,0.0,0.0,,
2018-02-07,0.0,0.0,0.0,,
2018-02-08,0.0,0.0,0.0,,
2018-02-09,0.0,0.0,0.0,,
2018-02-10,0.0,0.0,0.0,,
2018-02-11,0.0,0.0,0.0,,
2018-02-12,0.0,0.0,0.0,,
2018-02-13,0.0,0.0,0.0,,
2018-02-14,0.0,0.0,0.0,,
2018-02-15,0.0,0.0,0.0,,
2018-02-16,0.0,0.0,0.0,,
2018-02-17,0.0,0.0,0.0,,
2018-02-18,0.0,0.0,0.0,,
2018-02-19,0.0,0.0,0.0,,
2018-02-20,0.0,0.0,0.0,,
2018-02-21,0.0,0.0,0.0,,
2018-02-22,0.0,0.0,0.0,,
2018-02-23,0.0,0.0,0.0,,
2018-02-24,0.0,0.0,0.0,,
2018-02-25,0.0,0.0,0.0,,
2018-02-26,0.0,0.0,0.0,,
2018-02-27,0.0,0.0,0.0,,
2018-02-28,0.0,0.0,0.0,,
2018-03-01,0.0,0.0,0.0,,
2018-03-02,0.0,0.0,0.0,,
2018-03-03,0.0,0.0,0.0,,
2018-03-04,0.0,0.0,0.0,,
2018-03-05,0.0,0.0,0.0,,
2018-03-06,0.0,0.0,0.0,,
2018-03-07,0.0,0.0,0.0,,
2018-03-08,0.0,0.0,0.0,,
2018-03-09,0.0,0.0,0.0,,
2018-03-10,0.0,0.0,0.0,,
2018-03-11,0.0,0.0,0.0,,
2018-03-12,0.0,0.0,0.0,,
2018-03-13,0.0,0.0,0.0,,
2018-03-14,0.0,0.0,0.0,,
2018-03-15,0.0,0.0,0.0,,
2018-03-16,0.0,0.0,0.0,,
2018-03-17,0.0,0.0,0.0,,
2018-03-18,0.0,0.0,0.0,,
2018-03-19,0.0,0.0,0.0,,
2018-03-20,0.0,0.0,0.0,,
2018-03-21,0.0,0.0,0.0,,
2018-03-22,0.0,0.0,0.0,,
2018-03-23,0.0,0.0,0.0,,
2018-03-24,0.0,0.0,0.0,,
2018-03-25,0.0,0.0,0.0,,
2018-03-26,0.0,0.0,0.0,,
2018-03-27,0.0,0.0,0.0,,
2018-03-28,0.0,0.0,0.0,,
2018-03-29,0.0,0.0,0.0,,
2018-03-30,0.0,0.0,0.0,,
2018-03-31,0.0,0.0,0.0,,
2018-04-01,0.0,0.0,0.0,,
2018-04-02,0.0,0.0,0.0,,
2018-04-03,0.0,0.0,0.0,,
2018-04-04,0.0,0.0,0.0,,
2018-04-05,0.0,0.0,0.0,,
2018-04-06,0.0,0.0,0.0,,
2018-04-07,0.0,0.0,0.0,,
2018-04-08,0.0,0.0,0.0,,
2018-04-09,0.0,0.0,0.0,,
2018-04-10,0.0,0.0,0.0,,
2018-04-11,0.0,0.0,0.0,,
2018-04-12,0.0,0.0,0.0,,
2018-04-13,0.0,0.0,0.0,,
2018-04-14,0.0,0.0,0.0,,
2018-04-15,0.0,0.0,0.0,,
2018-04-16,0.0,0.0,0.0,,
2018-04-17,0.0,0.0,0.0,,
2018-04-18,0.0,0.0,0.0,,
2018-04-19,0.0,0.0,0.0,,
2018-04-20,0.0,0.0,0.0,,
2018-04-21,0.0,0.0,0.0,,
2018-04-22,0.0,0.0,0.0,,
2018-04-23,0.0,0.0,0.0,,
2018-04-24,0.0,0.0,0.0,,
2018-04-25,0.0,0.0,0.0,,
2018-04-26,0.0,0.0,0.0,,
2018-04-27,0.0,0.0,0.0,,
2018-04-28,0.0,0.0,0.0,,
2018-04-29,0.0,0.0,0.0,,
2018-04-30,0.0,0.0,0.0,,
2018-05-01,-0.0027982059544582327,-0.0008333333333332416,0.0,,
2018-05-02,0.0014363173768843218,-0.0004166666666666208,0.0,,
2018-05-03,0.0043052963820187085,0.0,0.0,,
2018-05-04,-0.0003074102236572118,-0.0003115630737631214,-0.00043671376957965524,,
2018-05-05,0.0012809993921654161,0.0007692660293965314,0.0007693623456379584,,
2018-05-06,-0.0017482575526660549,-0.0010504008375001872,-0.001050532252225178,,
2018-05-07,-0.0025317452018508435,-0.0015081373964225264,-0.001508326276590588,,
2018-05-08,-0.002579422074733273,-0.0009115611463837991,-0.000911675483388219,,
2018-05-09,0.0017844972390999025,0.0006295839739645093,0.0006296630146658266,,
2018-05-10,-0.0044780286549308546,-0.0015817054836927413,-0.0015819039328992535,,
2018-05-11,-0.006076696336336562,-0.002558649766178478,-0.0022660849951153805,,
2018-05-12,0.0,0.0,0.0,,
2018-05-13,0.0,0.0,0.0,,
2018-05-14,0.0,0.0,0.0,,
2018-05-15,0.0,0.0,0.0,,
2018-05-16,0.0,0.0,0.0,,
2018-05-17,0.0,0.0,0.0,,
2018-05-18,0.0,0.0,0.0,,
2018-05-19,0.0,0.0,0.0,,
2018-05-20,0.0,0.0,0.0,,
2018-05-21,0.0,0.0,0.0,,
2018-05-22,0.0,0.0,0.0,,
2018-05-23,0.0,0.0,0.0,,
2018-05-24,0.0,0.0,0.0,,
2018-05-25,0.0,0.0,0.0,,
2018-05-26,0.0,0.0,0.0,,
2018-05-27,0.0,0.0,0.0,,
2018-05-28,0.0,0.0,0.0,,
2018-05-29,0.0,0.0,0.0,,
2018-05-30,0.0,0.0,0.0,,
2018-05-31,0.0,0.0,0.0,,
2018-06-01,0.0,0.0,0.0,,
2018-06-02,0.0,0.0,0.0,,
2018-06-03,0.0,0.0,0.0,,
2018-06-04,0.0,0.0,0.0,,
2018-06-05,0.0,0.0,0.0,,
2018-06-06,0.0,0.0,0.0,,
2018-06-07,0.0,0.0,0.0,,
2018-06-08,0.0,0.0,0.0,,
2018-06-09,0.0,0.0,0.0,,
2018-06-10,0.0,0.0,0.0,,
2018-06-11,0.0,0.0,0.0,,
2018-06-12,0.0,0.0,0.0,,
2018-06-13,0.0,0.0,0.0,,
2018-06-14,0.0,0.0,0.0,,
2018-06-15,0.0,0.0,0.0,,
2018-06-16,0.0,0.0,0.0,,
2018-06-17,0.0,0.0,0.0,,
2018-06-18,0.0,0.0,0.0,,
2018-06-19,0.0,0.0,0.0,,
2018-06-20,0.0,0.0,0.0,,
2018-06-21,0.0,0.0,0.0,,
2018-06-22,0.0,0.0,0.0,,
2018-06-23,0.0,0.0,0.0,,
2018-06-24,0.0,0.0,0.0,,
2018-06-25,0.0,0.0,0.0,,
2018-06-26,0.0,0.0,0.0,,
2018-06-27,0.0,0.0,0.0,,
2018-06-28,0.0,0.0,0.0,,
2018-06-29,0.0,0.0,0.0,,
2018-06-30,0.0,0.0,0.0,,
2018-07-01,0.0,0.0,0.0,,
2018-07-02,0.0,0.0,0.0,,
2018-07-03,0.0,0.0,0.0,,
2018-07-04,0.0,0.0,0.0,,
2018-07-05,0.0,0.0,0.0,,
2018-07-06,0.0,0.0,0.0,,
2018-07-07,0.0,0.0,0.0,,
2018-07-08,0.0,0.0,0.0,,
2018-07-09,0.0,0.0,0.0,,
2018-07-10,0.0,0.0,0.0,,
2018-07-11,0.0,0.0,0.0,,
2018-07-12,0.0,0.0,0.0,,
2018-07-13,0.0,0.0,0.0,,
2018-07-14,0.0,0.0,0.0,,
2018-07-15,0.0,0.0,0.0,,
2018-07-16,0.0,0.0,0.0,,
2018-07-17,0.0,0.0,0.0,,
2018-07-18,0.0,0.0,0.0,,
2018-07-19,0.0,0.0,0.0,,
2018-07-20,0.0,0.0,0.0,,
2018-07-21,0.0,0.0,0.0,,
2018-07-22,0.0,0.0,0.0,,
2018-07-23,0.0008519360645293794,9.301365597735867e-06,0.0002877295977565808,,
2018-07-24,0.01526529218537287,0.007205261041399291,0.007481369937945681,,
2018-07-25,-0.006129605587570031,-0.0030834473476498703,-0.003082600663185109,,
2018-07-26,-0.007114785796505596,-0.003568098071203618,-0.0035671152768305125,,
2018-07-27,0.007528205685134015,0.003761991842204271,0.0037609519323915652,,
2018-07-28,0.0010146412803380134,0.000508938571887052,0.0005087984154990011,,
2018-07-29,-0.0003902145349597985,-0.0001958284282932432,-0.0001957745266062405,,
2018-07-30,-0.001030968891375994,-0.0005172892002950347,-0.0005171467887947756,,
2018-07-31,-0.012473593737840183,-0.006600656796861948,-0.0063122719923407455,,
2018-08-01,-0.0032262887894044523,-0.0033606847465982304,-0.0030909407463116656,,
2018-08-02,-0.0008186168054691301,-0.0012426417360679176,-0.000670020169711627,,
2018-08-03,0.0,0.0,0.0,,
2018-08-04,0.0,0.0,0.0,,
2018-08-05,0.0,0.0,0.0,,
2018-08-06,0.0,0.0,0.0,,
2018-08-07,0.0,0.0,0.0,,
2018-08-08,0.0,0.0,0.0,,
2018-08-09,0.0,0.0,0.0,,
2018-08-10,0.0,0.0,0.0,,
2018-08-11,0.0,0.0,0.0,,
2018-08-12,0.0,0.0,0.0,,
2018-08-13,0.0,0.0,0.0,,
2018-08-14,0.0,0.0,0.0,,
2018-08-15,0.0,0.0,0.0,,
2018-08-16,0.0,0.0,0.0,,
2018-08-17,0.0,0.0,0.0,,
2018-08-18,0.0,0.0,0.0,,
2018-08-19,0.0,0.0,0.0,,
2018-08-20,0.0,0.0,0.0,,
2018-08-21,0.0,0.0,0.0,,
2018-08-22,0.0,0.0,0.0,,
2018-08-23,0.0,0.0,0.0,,
2018-08-24,0.0,0.0,0.0,,
2018-08-25,0.0,0.0,0.0,,
2018-08-26,0.0,0.0,0.0,,
2018-08-27,0.0,0.0,0.0,,
2018-08-28,0.0005012620383049171,-0.0004166666666666208,0.0,,
2018-08-29,-0.000575495888590627,0.0,0.0,,
2018-08-30,-0.002154383413272676,-0.00041684035014588616,0.0,,
2018-08-31,0.00026214393319157203,-0.0004166666666666208,0.0,,
2018-09-01,0.00255245784693936,0.0,0.0,,
2018-09-02,0.00137546534998223,0.0,0.0,,
2018-09-03,-0.0005250561759312378,-0.0003176146310477357,-0.00044286438862217725,,
2018-09-04,0.0012939955305382167,0.0006591504812234472,0.000659233076239607,,
2018-09-05,-0.008868373327031276,-0.004520341074679801,-0.004520907123993667,,
2018-09-06,-9.096251953855106e-05,-0.000464752721056394,-0.00017195962802796227,,
2018-09-07,0.0,0.0,0.0,,
2018-09-08,0.0,0.0,0.0,,
2018-09-09,0.0,0.0,0.0,,
2018-09-10,0.0,0.0,0.0,,
2018-09-11,0.0,0.0,0.0,,
2018-09-12,0.0,0.0,0.0,,
2018-09-13,0.0,0.0,0.0,,
2018-09-14,0.0,0.0,0.0,,
2018-09-15,0.0,0.0,0.0,,
2018-09-16,0.0,0.0,0.0,,
2018-09-17,0.0,0.0,0.0,,
2018-09-18,0.0,0.0,0.0,,
2018-09-19,0.0,0.0,0.0,,
2018-09-20,0.0,0.0,0.0,,
2018-09-21,-0.0009502141534112329,-0.001308440410038969,-0.0007811399703739896,,
2018-09-22,-0.000550868092866752,-0.0011087673797667286,-0.0005845632091008302,,
2018-09-23,-0.0013602153441024667,-0.0015134410053844194,-0.0009983983603299995,,
2018-09-24,0.0,0.0,0.0,,
2018-09-25,0.0,0.0,0.0,,
2018-09-26,0.0,0.0,0.0,,
2018-09-27,0.0,0.0,0.0,,
2018-09-28,0.0,0.0,0.0,,
2018-09-29,0.0,0.0,0.0,,
2018-09-30,0.0,0.0,0.0,,
2018-10-01,0.0,0.0,0.0,,
2018-10-02,0.0,0.0,0.0,,
2018-10-03,0.0,0.0,0.0,,
2018-10-04,0.0,0.0,0.0,,
2018-10-05,0.0,0.0,0.0,,
2018-10-06,0.0,0.0,0.0,,
2018-10-07,0.0,0.0,0.0,,
2018-10-08,0.0,0.0,0.0,,
2018-10-09,0.0,0.0,0.0,,
2018-10-10,0.0,0.0,0.0,,
2018-10-11,0.0,0.0,0.0,,
2018-10-12,0.0,0.0,0.0,,
2018-10-13,0.0,0.0,0.0,,
2018-10-14,0.0,0.0,0.0,,
2018-10-15,-0.006977567353077085,-0.00432211700987184,-0.003746000160610885,,
2018-10-16,-0.0033881264054346216,-0.004754989689836453,-0.002961129889818226,,
2018-10-17,0.0,0.0,0.0,,
2018-10-18,0.0,0.0,0.0,,
2018-10-19,0.0,0.0,0.0,,
2018-10-20,0.0,0.0,0.0,,
2018-10-21,0.0,0.0,0.0,,
2018-10-22,0.0,0.0,0.0,,
2018-10-23,0.0,0.0,0.0,,
2018-10-24,0.0,0.0,0.0,,
2018-10-25,0.0,0.0,0.0,,
2018-10-26,0.0,0.0,0.0,,
2018-10-27,0.0,0.0,0.0,,
2018-10-28,0.0,0.0,0.0,,
2018-10-29,0.0,0.0,0.0,,
2018-10-30,0.0,0.0,0.0,,
2018-10-31,0.0,0.0,0.0,,
2018-11-01,0.0,0.0,0.0,,
2018-11-02,0.0,0.0,0.0,,
2018-11-03,0.0,0.0,0.0,,
2018-11-04,0.0,0.0,0.0,,
2018-11-05,0.0,0.0,0.0,,
2018-11-06,0.0,0.0,0.0,,
2018-11-07,0.0,0.0,0.0,,
2018-11-08,0.0,0.0,0.0,,
2018-11-09,0.0,0.0,0.0,,
2018-11-10,0.0,0.0,0.0,,
2018-11-11,0.0,0.0,0.0,,
2018-11-12,0.0,0.0,0.0,,
2018-11-13,0.0,0.0,0.0,,
2018-11-14,0.0,0.0,0.0,,
2018-11-15,0.0,0.0,0.0,,
2018-11-16,0.0,0.0,0.0,,
2018-11-17,0.0,0.0,0.0,,
2018-11-18,0.0,0.0,0.0,,
2018-11-19,0.0,0.0,0.0,,
2018-11-20,0.0,0.0,0.0,,
2018-11-21,0.0,0.0,0.0,,
2018-11-22,0.0,0.0,0.0,,
2018-11-23,0.0,0.0,0.0,,
2018-11-24,0.0,0.0,0.0,,
2018-11-25,0.0,0.0,0.0,,
2018-11-26,0.0,0.0,0.0,,
2018-11-27,0.0,0.0,0.0,,
2018-11-28,0.0,0.0,0.0,,
2018-11-29,0.0,0.0,0.0,,
2018-11-30,0.0,0.0,0.0,,
2018-12-01,0.0,0.0,0.0,,
2018-12-02,0.0,0.0,0.0,,
2018-12-03,0.0,0.0,0.0,,
2018-12-04,0.0,0.0,0.0,,
2018-12-05,0.0,0.0,0.0,,
2018-12-06,0.0,0.0,0.0,,
2018-12-07,0.0,0.0,0.0,,
2018-12-08,0.0,0.0,0.0,,
2018-12-09,0.0,0.0,0.0,,
2018-12-10,0.0,0.0,0.0,,
2018-12-11,0.0,0.0,0.0,,
2018-12-12,0.0,0.0,0.0,,
2018-12-13,0.0,0.0,0.0,,
2018-12-14,0.0,0.0,0.0,,
2018-12-15,0.0,0.0,0.0,,
2018-12-16,0.0,0.0,0.0,,
2018-12-17,0.0,0.0,0.0,,
2018-12-18,0.0,0.0,0.0,,
2018-12-19,0.0,0.0,0.0,,
2018-12-20,0.0,0.0,0.0,,
2018-12-21,0.0,0.0,0.0,,
2018-12-22,0.0,0.0,0.0,,
2018-12-23,0.0,0.0,0.0,,
2018-12-24,0.0,0.0,0.0,,
2018-12-25,0.0,0.0,0.0,,
2018-12-26,0.0,0.0,0.0,,
2018-12-27,0.0,0.0,0.0,,
2018-12-28,0.0,0.0,0.0,,
2018-12-29,0.0,0.0,0.0,,
2018-12-30,0.0,0.0,0.0,,
2018-12-31,0.0,0.0,0.0,,
2019-01-01,0.0,0.0,0.0,,
2019-01-02,0.0,0.0,0.0,,
2019-01-03,0.0,0.0,0.0,,
2019-01-04,0.0,0.0,0.0,,
2019-01-05,0.0,0.0,0.0,,
2019-01-06,0.0,0.0,0.0,,
2019-01-07,0.0,0.0,0.0,,
2019-01-08,0.0,0.0,0.0,,
2019-01-09,0.0,0.0,0.0,,
2019-01-10,0.0,0.0,0.0,,
2019-01-11,0.0,0.0,0.0,,
2019-01-12,0.0,0.0,0.0,,
2019-01-13,0.0,0.0,0.0,,
2019-01-14,0.0,0.0,0.0,,
2019-01-15,0.0,0.0,0.0,,
2019-01-16,0.0,0.0,0.0,,
2019-01-17,0.0,0.0,0.0,,
2019-01-18,0.0,0.0,0.0,,
2019-01-19,0.0,0.0,0.0,,
2019-01-20,0.0,0.0,0.0,,
2019-01-21,0.0,0.0,0.0,,
2019-01-22,0.0,0.0,0.0,,
2019-01-23,0.0,0.0,0.0,,
2019-01-24,0.0,0.0,0.0,,
2019-01-25,0.0,0.0,0.0,,
2019-01-26,0.0,0.0,0.0,,
2019-01-27,0.0,0.0,0.0,,
2019-01-28,0.0,0.0,0.0,,
2019-01-29,0.0,0.0,0.0,,
2019-01-30,0.0,0.0,0.0,,
2019-01-31,0.0,0.0,0.0,,
2019-02-01,0.0,0.0,0.0,,
2019-02-02,0.0,0.0,0.0,,
2019-02-03,0.0,0.0,0.0,,
2019-02-04,0.0,0.0,0.0,,
2019-02-05,0.0,0.0,0.0,,
2019-02-06,0.0,0.0,0.0,,
2019-02-07,0.0,0.0,0.0,,
2019-02-08,0.0,0.0,0.0,,
2019-02-09,0.0,0.0,0.0,,
2019-02-10,0.0,0.0,0.0,,
2019-02-11,0.0,0.0,0.0,,
2019-02-12,0.0,0.0,0.0,,
2019-02-13,0.0,0.0,0.0,,
2019-02-14,0.0,0.0,0.0,,
2019-02-15,0.0,0.0,0.0,,
2019-02-16,0.0,0.0,0.0,,
2019-02-17,0.0,0.0,0.0,,
2019-02-18,0.0,0.0,0.0,,
2019-02-19,0.00017514343308966396,-0.0003290949501218998,-8.141328459032593e-05,,
2019-02-20,0.0021476721550413025,0.0010743777251418507,0.0010741115998111894,,
2019-02-21,-0.0011218683667503226,-0.0005618188257859869,-0.0005616798115505306,,
2019-02-22,0.0008550736795902569,0.00042797114865145147,0.0004278651936446831,,
2019-02-23,0.007492647806776276,0.0026987553432589184,0.002698087484346079,,
2019-02-24,-0.016333577626437945,-0.006411610839564763,-0.00616322509733036,,
2019-02-25,0.00042565314828624246,-0.0002038400925232775,6.956536526625534e-05,,
2019-02-26,-0.0005619823348039787,-0.0002811680855056009,-0.00028109121796393577,,
2019-02-27,0.00026595598153966726,0.00013302434044804023,0.00013298796317195993,,
2019-02-28,-0.00013173953312217712,-6.590148362983772e-05,-6.588346438884951e-05,,
2019-03-01,0.0002800585964710667,0.00014008749968996703,0.000140049193468883,,
2019-03-02,-9.23242932149293e-05,-4.618779648191129e-05,-4.617516843030689e-05,,
2019-03-03,-0.0003663236874675846,-0.0001832551615957856,-0.00018320505609881188,,
2019-03-04,-0.0027815300163889223,-0.0013912187977412893,-0.001390838341976175,,
2019-03-05,0.004297224033778191,0.0021463207054681632,0.002145732934946354,,
2019-03-06,0.00012347131722401095,6.180218453533115e-05,6.178529622768991e-05,,
2019-03-07,0.00035444809549778356,0.00017742596352365858,0.00017737748240365114,,
2019-03-08,-0.0002627391468135176,-0.0001315425237234935,-0.0001315065864921916,,
2019-03-09,0.002347252637838304,0.0011750172194719966,0.001174696164209399,,
2019-03-10,-0.000785679345853052,-0.0003937657445035603,-0.0003936582803485411,,
2019-03-11,-0.001445276681968477,-0.0006792205166635812,-0.0006790350749255047,,
2019-03-12,0.0005071827049762945,0.00016717685774381152,0.0001671311838697953,,
2019-03-13,-0.0007626677433494322,-0.00025147494033017637,-0.00025140624711716963,,
2019-03-14,0.0005073125119674504,0.00016719095865003197,0.0001671452770717341,,
2019-03-15,0.0021267138574714295,0.0007011225548574362,0.0007009310191852247,,
2019-03-16,0.0037411519884504862,0.0012351180887484325,0.0012347809102213336,,
2019-03-17,-0.0011260501721809257,-0.0003726889593224092,-0.00037258734333844856,,
2019-03-18,0.0003027061863647429,0.00010011119756381248,0.00010008389144333663,,
2019-03-19,0.001257642615049459,0.00041601268477431397,0.0004158992253828764,,
2019-03-20,0.0012465473084637413,0.00041268938950556056,0.0004125768832690113,,
2019-03-21,-0.0028239807575989317,-0.0009357031911005897,-0.0010621979921948688,,
2019-03-22,0.0002854670342662402,9.440841954178048e-05,9.439464440963441e-05,,
2019-03-23,0.0008656846742585156,0.00028635017517175676,0.00028630839776222494,,
2019-03-24,-0.0006269425403458984,-0.00020749943588738162,-0.00020746917116809538,,
2019-03-25,-0.0025429101523904984,-0.0008412749527876295,-0.0008411522236163593,,
2019-03-26,0.0005652685579826677,0.00018669019483730231,0.00018666293665980938,,
2019-03-27,0.00406781611353213,0.0024511239296545195,0.002451115273974569,,
2019-03-28,-0.00046352716068598365,-0.0002855878750127605,-0.0002855878774788989,,
2019-03-29,0.0021077433381617716,0.0001517842454827889,0.00039623867528071344,,
2019-03-30,-0.0015901969513915093,-0.0016281043134781514,-0.0013704744429287041,,
2019-03-31,-0.0005774171479179246,-0.0007053552643077055,-0.0005826938425838035,,
2019-04-01,0.0046216450309057855,0.0023111183664128454,0.0023108347160669673,,
2019-04-02,0.07685646323047401,0.03771969059109037,0.037700454472543665,,
2019-04-03,0.008283188232274474,0.004173964167428101,0.0041732692124945014,,
2019-04-04,-0.0037023220625861386,-0.0018732638396177226,-0.001872953241929265,,
2019-04-05,0.011637659493501928,0.00587751613469889,0.005876539780775847,,
2019-04-06,0.004214481948548565,0.0021406825527661155,0.0021403290270289865,,
2019-04-07,0.014078704180491286,0.006932757036960613,0.0069316145632718484,,
2019-04-08,0.007810270527166097,0.0036299193273963137,0.0036293252579404633,,
2019-04-09,-0.010107348962005935,-0.004717081031665571,-0.004845085474870059,,
2019-04-10,0.01965604716306446,0.008630793547942384,0.008630496125359377,,
2019-04-11,-0.03638648614171358,-0.015972073673660603,-0.015971582293562547,,
2019-04-12,0.003977517829241606,0.0019935854801740316,0.001993585499306505,,
2019-04-13,-0.00036074771559946317,-0.00018116961562897327,-0.00018116961736425186,,
2019-04-14,0.01205607376026574,0.005590647448050046,0.0054603798745540555,,
2019-04-15,-0.014787653003898615,-0.007150361842279129,-0.007151021520114931,,
2019-04-16,0.022660301521381987,0.011220812660691637,0.011220812180735118,,
2019-04-17,0.004345354128145962,0.002170480747825554,0.002170480656016327,,
2019-04-18,0.008269516079405959,0.004139542323153833,0.0040088284943164965,,
2019-04-19,-1.2452353358671786e-05,1.7788466686097237e-05,1.779078184971361e-05,,
2019-04-20,0.005188675564126832,0.002449576525683561,0.0024498953316587357,,
2019-04-21,-0.005303301474578137,-0.0023896816580004643,-0.0023902621172521288,,
2019-04-22,0.01653609922010424,0.008474411214676847,0.00847441078645117,,
2019-04-23,0.022722427763801623,0.011329342719738733,0.011198705621247917,,
2019-04-24,-0.012777113069531332,-0.0064424030713998715,-0.006443235044753526,,
2019-04-25,-0.03224464265807181,-0.01615455094165641,-0.016156650672990103,,
2019-04-26,0.016145887091001843,0.00792796350894398,0.007929010889548227,,
2019-04-27,-0.0028823619888199703,-0.001537216487851767,-0.0015374179752891681,,
2019-04-28,0.0016869168563926618,0.0009893138939904844,0.000989443765908371,,
2019-04-29,-0.011553483288394117,-0.0057963448824609465,-0.005797105043953588,,
2019-04-30,0.013197964446529209,0.006946923313310149,0.006947839679651846,,
2019-05-01,0.01073679704824304,0.005206585127409902,0.005207267187476772,,
2019-05-02,0.018672803405536342,0.00910480201223618,0.009105988558118172,,
2019-05-03,0.04676982254555728,0.023021050749966854,0.023024023801169635,,
2019-05-04,0.009063129026164018,0.0045646155612724115,0.004565191790947942,,
2019-05-05,-0.008518082037155872,-0.004309315811512282,-0.0043098573403779206,,
2019-05-06,-0.004441665477683321,-0.0022375497772275654,-0.002237832175337684,,
2019-05-07,0.016717495166142182,0.007941251898113677,0.007942256400609748,,
2019-05-08,0.020885157305140067,0.011268398674096014,0.01126981280169792,,
2019-05-09,0.032205756944062136,0.017541568257191553,0.017543745103509645,,
2019-05-10,0.02235952532724017,0.012622759385090498,0.012625219803275023,,
2019-05-11,0.09336596957712207,0.048097091690217475,0.04809703324316006,,
2019-05-12,-0.009997577710429972,-0.004677016714051518,-0.004832145046232528,,
2019-05-13,0.07369526766955037,0.0475628986212846,0.04757006134491726,,
2019-05-14,0.011149206048931104,0.006985542284337676,0.006983592994818766,,
2019-05-15,0.013308332856821092,0.010012070778322668,0.010012090803001472,,
2019-05-16,-0.01791706268956117,-0.01171123311171629,-0.011711233833103907,,
2019-05-17,-0.030759278896667408,-0.019893535546467334,-0.019893535560988607,,
2019-05-18,-0.005392801760396138,-0.0038825826165747035,-0.0038825826194663904,,
2019-05-19,0.04888898894597671,0.03550742999007017,0.03550743001661738,,
2019-05-20,-0.01100247587405112,-0.008094218342454829,-0.008094218348299043,,
2019-05-21,-0.001760262010849778,-0.001291179402733933,-0.0012911794036735147,,
2019-05-22,-0.014647382698851796,-0.010739035314824896,-0.01073903532265219,,
2019-05-23,0.011995769322852068,0.008760202582835719,0.00876020258928989,,
2019-05-24,0.006023495777450538,0.0044129134597719055,0.004412913462995105,,
2019-05-25,0.003197592125790738,0.0023463657057913867,0.0023463657074975774,,
2019-05-26,0.034937518424461134,0.0227753734631575,0.02277537347967984,,
2019-05-27,0.006894253921482019,0.005364225075723317,0.005364225079528273,,
2019-05-28,-0.001983434109824933,-0.001529722731530625,-0.0015297227326098728,,
2019-05-29,-0.0034178176178970565,-0.002634792603856795,-0.002634792605718639,,
2019-05-30,-0.020802548005658505,-0.014203387675117418,-0.014203387685179591,,
2019-05-31,0.01608169600663456,0.010934536054995503,0.010934536062854106,,
2019-06-01,-0.0006060076700444839,-0.0004141448146098847,-0.00041414481490420485,,
2019-06-02,0.010092012933107908,0.006895544063580061,0.0068955440684841385,,
2019-06-03,-0.036281516673242975,-0.022970543900614926,-0.022970543916839392,,
2019-06-04,-0.02422604885517754,-0.016522072987859238,-0.016687442330492797,,
2019-06-05,0.005168584504606333,0.0035685454322096355,0.0035691990750585934,,
2019-06-06,0.0005862130050138248,0.0003324481101369958,0.000332448127078111,,
2019-06-07,0.011133244798270603,0.0063153923409116075,0.006315392662630037,,
2019-06-08,-0.004936988583494117,-0.0028139409178356,-0.0028139410602835424,,
2019-06-09,-0.015156187089722217,-0.008620197057473522,-0.008620197495078363,,
2019-06-10,0.022980253252445904,0.01161427713961638,0.011614277734342648,,
2019-06-11,-0.006222277982093294,-0.0031679246225655433,-0.003167924782921494,,
2019-06-12,0.015532475251769595,0.007883759241699151,0.007883759642032029,,
2019-06-13,0.006143150504564154,0.003148770789430433,0.0029943524485567252,,
2019-06-14,0.03201279276519986,0.016505770866077407,0.016508312051885854,,
2019-06-15,0.012300086829474477,0.005972585162050237,0.005973489752557848,,
2019-06-16,0.013211662915400657,0.005410752452745138,0.0054115670835042096,,
2019-06-17,0.02510801436047183,0.01341892127875921,0.013420930727197966,,
2019-06-18,-0.015784676960418853,-0.008533389228888022,-0.00853465015879995,,
2019-06-19,0.01200301174825813,0.00644151640469337,0.006442476424002752,,
2019-06-20,0.019481244904059336,0.009626926348076825,0.009500509777202959,,
2019-06-21,0.04700378080462597,0.02342472558455211,0.023431128208762253,,
2019-06-22,0.03973714850425347,0.020008215582218103,0.020143356609702234,,
2019-06-23,0.0098026836540126,0.005209461173518948,0.005209461435617513,,
2019-06-24,0.008275338351257489,0.004417876087295491,0.004417876308415947,,
2019-06-25,0.04167342716660638,0.022333238302359337,0.02233323941524823,,
2019-06-26,0.06605465671746269,0.03464289508854468,0.03464289630310158,,
2019-06-27,-0.0530795358163737,-0.03312442870334853,-0.03329259222870962,,
2019-06-28,0.029191578453382272,0.02075627602130603,0.020759886677975237,,
2019-06-29,-0.013200513319825635,-0.009448807445266216,-0.009450417683596224,,
2019-06-30,-0.028206988919672882,-0.020113835627787346,-0.02011729607189683,,
2019-07-01,-0.006340927870790547,-0.004484242883271539,-0.004615151768833647,,
2019-07-02,0.006068128047061583,0.004283317963567512,0.004284633430532647,,
2019-07-03,0.030366606574310673,0.021473012803532754,0.02147957933148481,,
2019-07-04,-0.01733792691881708,-0.0152195230829818,-0.015224079402467727,,
2019-07-05,-0.003872127067319986,-0.0034036882113704925,-0.0034047229376393817,,
2019-07-06,0.006349606666516072,0.0055788259184192945,0.0055805276838203355,,
2019-07-07,0.0033064604777635065,0.0029073149649132546,0.0029081968908366562,,
2019-07-08,0.021971033952355112,0.01611297210568652,0.016117845757503746,,
2019-07-09,0.007891486002717496,0.0058069978988435356,0.005808726466704606,,
2019-07-10,-0.01117493467975772,-0.008240185629276753,-0.008242624317949754,,
2019-07-11,-0.01988521012863176,-0.014619588422857377,-0.014623951059804852,,
2019-07-12,0.010981603867860068,0.008030521579510674,0.008032953535315634,,
2019-07-13,-0.010524910726992576,-0.007719087637953481,-0.007721406650865292,,
2019-07-14,-0.031306492047827095,-0.02289560824079262,-0.022902540196166,,
2019-07-15,0.018176322238996345,0.013178598166396105,0.01318268168844039,,
2019-07-16,-0.03758546796513329,-0.027385466931630353,-0.027527610984876327,,
2019-07-17,0.006373275579570903,0.004594987173677456,0.004597064295751796,,
2019-07-18,0.026605284415822883,0.019215761530282816,0.019224408091357725,,
2019-07-19,-0.003319578846109561,-0.0024149605862943124,-0.002416026755279521,,
2019-07-20,0.006395621858774181,0.004648532123679994,0.0046505893514148244,,
2019-07-21,-0.0040612170732236,-0.0029569490834764345,-0.00295825163627772,,
2019-07-22,-0.006737880120743167,-0.004900378847338516,-0.00490254389670719,,
2019-07-23,-0.012944197301411386,-0.008591467077528225,-0.00859431617129891,,
2019-07-24,-0.002803471634310384,-0.0014761181012403757,-0.0014761182330542688,,
2019-07-25,0.0032251861421910277,0.0016959069742894517,0.0016959071259541325,,
2019-07-26,-0.001540542654227206,-0.0008113037736567907,-0.000811303846088407,,
2019-07-27,-0.009596092685190016,-0.005049950547966753,-0.0050499509991839275,,
2019-07-28,0.0018130059996708248,0.0009497362171337898,0.0009497363024242311,,
2019-07-29,-0.000943550846786656,-0.0004947017688705646,-0.0004947018132547276,,
2019-07-30,0.0018546165879009813,0.0009719349994894433,0.0009719350867338772,,
2019-07-31,0.017533304541338612,0.007385192944386221,0.007385193606663343,,
2019-08-01,0.010059166207449177,0.004263512180854079,0.00426351256038715,,
2019-08-02,0.0053370057541055616,0.0024109429149405948,0.002263825578546763,,
2019-08-03,0.012098317257631885,0.0059036396658882495,0.005904506232571327,,
2019-08-04,0.005010753429414372,0.002250003573646131,0.002250331902159175,,
2019-08-05,0.03991323291728488,0.017971806094717824,0.01783240894968663,,
2019-08-06,-0.01480989446621106,-0.006812211706034854,-0.0068141366378864365,,
2019-08-07,0.02136540483042726,0.009748458991554632,0.009751232520242237,,
2019-08-08,0.0010490189859606591,0.0004841457634230384,0.0004842821772639283,,
2019-08-09,-0.005073557860247657,-0.0023428826613608456,-0.0023435424769459035,,
2019-08-10,-0.024295731987387104,-0.011188647125201623,-0.011191805535813226,,
2019-08-11,0.010500815868156321,0.0047717248452530114,0.004773087087512895,,
2019-08-12,-0.00630954677615303,-0.002756418143431749,-0.002757600864853438,,
2019-08-13,-0.02486800076472151,-0.012454800863139437,-0.012454800066409644,,
2019-08-14,-0.03953007225413696,-0.02110473491997522,-0.02110473355288467,,
2019-08-15,0.009812672612877105,0.004884830515625049,0.004712943331966146,,
2019-08-16,0.0015103010448480614,0.0007588536955849268,0.0007589835209500517,,
2019-08-17,-0.004631929590008688,-0.002329069559514396,-0.0023294677166109112,,
2019-08-18,0.0036560788270323386,0.0018341398554193589,0.0018344541358248367,,
2019-08-19,0.02443330704254265,0.012279713717639584,0.012281813997341073,,
2019-08-20,-0.008132015869105613,-0.00401948766631588,-0.004215434445474453,,
2019-08-21,-0.025818958840319373,-0.015122151690897478,-0.01535558627971867,,
2019-08-22,-0.0015893316570378957,-0.0007930740537320791,-0.0007932600051248073,,
2019-08-23,0.012103069320763105,0.005385619547071396,0.00538688331115833,,
2019-08-24,-0.010652724472454689,-0.004719327888791591,-0.004720429370466794,,
2019-08-25,0.0003518822115355924,0.00015496012658311464,0.00015499646550165558,,
2019-08-26,0.009682214161756297,0.004264644504878179,0.004265644430185844,,
2019-08-27,-0.007819871324500904,-0.0034629345999378502,-0.0034637431006546704,,
2019-08-28,-0.019537456077010185,-0.008614097154984957,-0.008616115301912197,,
2019-08-29,-0.00522183804757248,-0.003022531810653928,-0.0027899323219756633,,
2019-08-30,0.0018506415795882525,0.000974712488589935,0.0009744851366668694,,
2019-08-31,5.07933654723125e-05,3.313735904098003e-05,3.312963726842533e-05,,
2019-09-01,0.0023836999771209566,0.0015551424058417584,0.0015547800336441764,,
2019-09-02,0.010635858561036882,0.0069446482862927095,0.006943032588046183,,
2019-09-03,0.010299040572798512,0.004179757086073543,0.004436541208246325,,
2019-09-04,-0.0019347562762928039,-0.0008448317513822801,-0.001035398841967461,,
2019-09-05,-0.0003640671862771283,-6.00848818573807e-05,-6.0096358002525996e-05,,
2019-09-06,-0.01596877983251721,-0.00828056982737857,-0.008418680192685768,,
2019-09-07,0.007847402000109582,0.004541803690351731,0.004251369319024034,,
2019-09-08,-0.004399676498392013,-0.002149149171973841,-0.00215007135246148,,
2019-09-09,-0.006296725429532191,-0.0022506547218386075,-0.0022516225383145683,,
2019-09-10,-0.008225279541848929,-0.004647465947153151,-0.004557326116885307,,
2019-09-11,0.0015765188248832995,0.001033408533610558,0.0010333143019294333,,
2019-09-12,0.008764449507962402,0.004403148359862996,0.00440274727185086,,
2019-09-13,-0.007253226705403293,-0.004461075352156119,-0.0044895784087755075,,
2019-09-14,-0.004034051943056838,-0.0032650150112453202,-0.003123623728784164,,
2019-09-15,-0.0017596904273472491,-0.001298838782128664,-0.0012461346284966535,,
2019-09-16,-0.002955893846676827,-0.0011292429432406825,-0.0011291833531900108,,
2019-09-17,-0.002723705897780704,-0.0016487202393158373,-0.0018268179297354914,,
2019-09-18,-0.001169934147485563,-0.0004836074639462673,-0.0004836938014358694,,
2019-09-19,0.000894272948517072,0.0013700732686261485,0.0013703179834794188,,
2019-09-20,-0.0023732334620661932,-0.001186399133146332,-0.001186610751164996,,
2019-09-21,-0.005222220544008782,-0.002858899352638611,-0.0028594099003501627,,
2019-09-22,0.0010407093906066311,0.0006684645553221014,0.0006685842733227254,,
2019-09-23,-0.007993481983000317,-0.005136253344790398,-0.0052716964728881655,,
2019-09-24,-0.012981315502731627,-0.007214755920774474,-0.006948180111586266,,
2019-09-25,-0.0005686491087776302,-0.00028317029679114647,-0.000283094268563322,,
2019-09-26,-0.004633886362466755,-0.0027257206242840004,-0.002412685335929976,,
2019-09-27,0.0,0.0,0.0,,
2019-09-28,0.0,0.0,0.0,,
2019-09-29,0.0,0.0,0.0,,
2019-09-30,0.0,0.0,0.0,,
2019-10-01,0.0,-0.0008333333333332416,0.0,,
2019-10-02,0.0,0.0,0.0,,
2019-10-03,0.0,0.0,0.0,,
2019-10-04,0.0,0.0,0.0,,
2019-10-05,0.0,0.0,0.0,,
2019-10-06,0.0,0.0,0.0,,
2019-10-07,0.0,0.0,0.0,,
2019-10-08,0.0,0.0,0.0,,
2019-10-09,-0.00040188803417007257,-0.0004166666666666208,0.0,,
2019-10-10,-5.3035442996285376e-05,-0.00041684035014588616,0.0,,
2019-10-11,0.0,0.0,0.0,,
2019-10-12,0.0,0.0,0.0,,
2019-10-13,0.0,0.0,0.0,,
2019-10-14,0.0,0.0,0.0,,
2019-10-15,0.0,0.0,0.0,,
2019-10-16,0.0,0.0,0.0,,
2019-10-17,0.0,0.0,0.0,,
2019-10-18,0.0,0.0,0.0,,
2019-10-19,0.0,0.0,0.0,,
2019-10-20,0.0,0.0,0.0,,
2019-10-21,0.0,0.0,0.0,,
2019-10-22,0.0,0.0,0.0,,
2019-10-23,0.0,0.0,0.0,,
2019-10-24,0.0,0.0,0.0,,
2019-10-25,0.0,0.0,0.0,,
2019-10-26,-0.003579071727189076,-0.0004166666666666208,0.0,,
2019-10-27,0.0011243497244082246,-0.001956554594924609,-0.0018062355752629378,,
2019-10-28,-0.0032551251665271508,-0.0020457540481028103,-0.0017790569328072214,,
2019-10-29,0.001961707435860438,0.0009796650700915066,0.0009794033305936534,,
2019-10-30,-0.0024453994563274906,-0.0012224161132355915,-0.001222089836907858,,
2019-10-31,-0.0001344437963044509,-6.712401270980717e-05,-6.710607464954776e-05,,
2019-11-01,0.0008798673159589043,0.00043926347168410373,0.00043914607608819267,,
2019-11-02,0.0005609114554543382,0.00028015181443397097,0.00028007697517473673,,
2019-11-03,-0.0009178069855669824,-0.0004585348721115601,-0.00045841241421629153,,
2019-11-04,0.0019246984668177536,0.0009611343851461118,0.0009608775835807659,,
2019-11-05,-0.0008190172410413865,-0.00040938537721812995,-0.00040927610021557204,,
2019-11-06,0.00040760528282568487,0.0001469632418682476,0.00014692399699289815,,
2019-11-07,-0.0018495106729691235,-0.0005940039919448692,-0.000593845393183634,,
2019-11-08,-0.003000843089442373,-0.0013800630630355082,-0.0010775428401613718,,
2019-11-09,0.0,0.0,0.0,,
2019-11-10,0.0,0.0,0.0,,
2019-11-11,0.0,0.0,0.0,,
2019-11-12,0.0,0.0,0.0,,
2019-11-13,0.0,0.0,0.0,,
2019-11-14,0.0,0.0,0.0,,
2019-11-15,0.0,0.0,0.0,,
2019-11-16,0.0,0.0,0.0,,
2019-11-17,0.0,0.0,0.0,,
2019-11-18,0.0,0.0,0.0,,
2019-11-19,0.0,0.0,0.0,,
2019-11-20,0.0,0.0,0.0,,
2019-11-21,0.0,0.0,0.0,,
2019-11-22,0.0,0.0,0.0,,
2019-11-23,0.0,0.0,0.0,,
2019-11-24,0.0,0.0,0.0,,
2019-11-25,0.0,0.0,0.0,,
2019-11-26,0.0,0.0,0.0,,
2019-11-27,0.0,0.0,0.0,,
2019-11-28,0.0,0.0,0.0,,
2019-11-29,0.0,0.0,0.0,,
2019-11-30,0.0,0.0,0.0,,
2019-12-01,0.0,0.0,0.0,,
2019-12-02,0.0,0.0,0.0,,
2019-12-03,0.0,0.0,0.0,,
2019-12-04,0.0,0.0,0.0,,
2019-12-05,0.0,0.0,0.0,,
2019-12-06,0.0,0.0,0.0,,
2019-12-07,0.0,0.0,0.0,,
2019-12-08,0.0,0.0,0.0,,
2019-12-09,0.0,0.0,0.0,,
2019-12-10,0.0,0.0,0.0,,
2019-12-11,0.0,0.0,0.0,,
2019-12-12,0.0,0.0,0.0,,
2019-12-13,0.0,0.0,0.0,,
2019-12-14,0.0,0.0,0.0,,
2019-12-15,0.0,0.0,0.0,,
2019-12-16,0.0,0.0,0.0,,
2019-12-17,0.0,0.0,0.0,,
2019-12-18,0.0,0.0,0.0,,
2019-12-19,0.0,0.0,0.0,,
2019-12-20,0.0,0.0,0.0,,
2019-12-21,0.0,0.0,0.0,,
2019-12-22,0.0,0.0,0.0,,
2019-12-23,0.0,0.0,0.0,,
2019-12-24,0.0,0.0,0.0,,
2019-12-25,0.0,0.0,0.0,,
2019-12-26,0.0,0.0,0.0,,
2019-12-27,0.0,0.0,0.0,,
2019-12-28,0.0,0.0,0.0,,
2019-12-29,0.0,0.0,0.0,,
2019-12-30,0.0,0.0,0.0,,
2019-12-31,0.0,0.0,0.0,,
2020-01-01,0.0,0.0,0.0,,
2020-01-02,0.0,0.0,0.0,,
2020-01-03,0.0,0.0,0.0,,
2020-01-04,0.0,0.0,0.0,,
2020-01-05,0.0,0.0,0.0,,
2020-01-06,0.0,0.0,0.0,,
2020-01-07,0.0029003714852895435,0.00103351907597804,0.0013055704421147674,,
2020-01-08,-0.0012976834006305227,-0.000650051741406088,-0.0006498751245276324,,
2020-01-09,-0.002696207283377161,-0.0017662497116245346,-0.0014938961846926446,,
2020-01-10,0.002883497699181392,0.0010250821829240753,0.001312846345833174,,
2020-01-11,-0.0022847674326478273,-0.0011445045659028708,-0.0011441756503198786,,
2020-01-12,0.002134236628466457,0.0010678789814611012,0.001067571735521522,,
2020-01-13,-0.0009635701239356642,-0.000482642062747618,-0.000482503346961205,,
2020-01-14,0.01360548196470357,0.00637635263563463,0.006609425613204989,,
2020-01-15,0.0003322692419818196,0.0001668806978709636,0.00016684192894733663,,
2020-01-16,-0.0035865336314705454,-0.0014841122219049208,-0.0014837674975820558,,
2020-01-17,0.006769238653531406,0.002838211972965743,0.0027093190341007656,,
2020-01-18,0.00010870132928619824,5.436143779058433e-05,5.436143852710629e-05,,
2020-01-19,-0.024930757624137545,-0.013239351633099417,-0.013174548497557725,,
2020-01-20,-0.0026688407676564996,-0.0013354185969843835,-0.0013353415528364332,,
2020-01-21,0.004223859212280301,0.002110687466214678,0.0021105655317466,,
2020-01-22,-0.0024097035184934557,-0.0012066823225792556,-0.0012066127593288734,,
2020-01-23,-0.01403786055530909,-0.006580886653990259,-0.006370218306720354,,
2020-01-24,-3.91267391200989e-05,-0.0004356918671237775,-0.0002627117750165775,,
2020-01-25,-0.00539963261195453,-0.0031166749253604964,-0.0029894416806257595,,
2020-01-26,0.009934349341697235,0.004544945666863365,0.004644857942193381,,
2020-01-27,0.015092077135840709,0.0075747733642390624,0.007574018555375206,,
2020-01-28,0.039849444866591366,0.019501886020758752,0.01951356250340819,,
2020-01-29,-0.0060158021119383065,-0.0030679337489714076,-0.003067898611944897,,
2020-01-30,0.018659488037084504,0.008962833316935592,0.008962730349767245,,
2020-01-31,-0.013979751885234926,-0.006727876776066344,-0.006727800171200893,,
2020-02-01,0.002805169476721714,0.0013401556946450732,0.0012126147975914936,,
2020-02-02,-0.005299147507305868,-0.002240448502691117,-0.002240708219191756,,
2020-02-03,-0.004205684188385184,-0.0016606398379386267,-0.001660832774372678,,
2020-02-04,-0.008386060218457336,-0.004033337221934774,-0.004033806602625534,,
2020-02-05,0.038551702238127206,0.018751563816182815,0.018752720892105,,
2020-02-06,0.015094442110609396,0.007616562178738073,0.007616561832075375,,
2020-02-07,0.0038792485413414735,0.0019719717258204206,0.001971971636745895,,
2020-02-08,0.007530349164040162,0.003835253684643325,0.0037053485711007195,,
2020-02-09,0.02359312537567848,0.012060356648916137,0.012061917023401536,,
2020-02-10,-0.026930081881471724,-0.013923015166604324,-0.01392479506373323,,
2020-02-11,0.03425742077226657,0.017477668938943536,0.017479934809397912,,
2020-02-12,0.009186855242410807,0.004783311762689202,0.004783921235592681,,
2020-02-13,-0.010345696748662259,-0.004458919980029452,-0.004459485415066244,,
2020-02-14,0.010467217808952878,0.005306859072992776,0.005307535049578815,,
2020-02-15,-0.04218320360491745,-0.020228287369478903,-0.020230850402937928,,
2020-02-16,0.001147643017764377,0.0005893601192690223,0.0005894363363208033,,
2020-02-17,-0.020151219774125262,-0.009915599360138194,-0.010072742831724435,,
2020-02-18,0.039697483820969826,0.02174438497405129,0.02175064754124656,,
2020-02-19,-0.05104279912171783,-0.02648755782769685,-0.026692817078968978,,
2020-02-20,-0.000182317305521984,-3.761076237385197e-05,-0.00044798883463470496,,
2020-02-21,0.00475404985251604,0.002767842756384198,0.002768979127440341,,
2020-02-22,-0.0017510652488192946,-0.0008965610222627651,-0.0008969280997190854,,
2020-02-23,0.018752453522235202,0.010109340871008232,0.009951177778015907,,
2020-02-24,-0.020596725707900942,-0.011060979072930355,-0.0110627448121704,,
2020-02-25,-0.02694262283622828,-0.013579901835459096,-0.013582093938126483,,
2020-02-26,-0.03852040753879171,-0.02319330182433821,-0.023390280704154942,,
2020-02-27,0.0005459314119709013,-0.0009662896343233252,-0.0005875975728145688,,
2020-02-28,-0.010250390219607941,-0.005948593010839831,-0.005814326659068669,,
2020-02-29,-0.008195577879731797,-0.0049932029687003165,-0.004724951813417366,,
2020-03-01,0.00029401317239452496,0.00014966535475724463,0.00014964564601416264,,
2020-03-02,0.016613453844498194,0.007947915953383955,0.008152006341097584,,
2020-03-03,-0.008503986458383683,-0.004271739131103236,-0.00427087206487009,,
2020-03-04,-0.0005085242345550522,-0.00025435715387889246,-0.00025430530369530135,,
2020-03-05,0.01702602596516334,0.008401729096413124,0.00840001598554485,,
2020-03-06,0.0037385065030055564,0.0021171436588198755,0.0021167155696111273,,
2020-03-07,-0.011830855305053234,-0.006710740171226637,-0.006709386116960148,,
2020-03-08,-0.028564676220713903,-0.0173652445701995,-0.016718896956908758,,
2020-03-09,0.0,0.0,0.0,,
2020-03-10,0.0,0.0,0.0,,
2020-03-11,0.0,0.0,0.0,,
2020-03-12,0.0,0.0,0.0,,
2020-03-13,0.0,0.0,0.0,,
2020-03-14,0.0,0.0,0.0,,
2020-03-15,0.0,0.0,0.0,,
2020-03-16,0.0,0.0,0.0,,
2020-03-17,0.0,0.0,0.0,,
2020-03-18,0.0,0.0,0.0,,
2020-03-19,0.0,0.0,0.0,,
2020-03-20,0.0,0.0,0.0,,
2020-03-21,0.0,0.0,0.0,,
2020-03-22,0.0,0.0,0.0,,
2020-03-23,0.0,0.0,0.0,,
2020-03-24,0.0,0.0,0.0,,
2020-03-25,0.0,0.0,0.0,,
2020-03-26,0.0,0.0,0.0,,
2020-03-27,0.0,0.0,0.0,,
2020-03-28,0.0,0.0,0.0,,
2020-03-29,0.0,0.0,0.0,,
2020-03-30,0.0,0.0,0.0,,
2020-03-31,0.0,0.0,0.0,,
2020-04-01,0.0,0.0,0.0,,
2020-04-02,0.0,0.0,0.0,,
2020-04-03,0.0,0.0,0.0,,
2020-04-04,0.0,0.0,0.0,,
2020-04-05,0.0,0.0,0.0,,
2020-04-06,0.0,0.0,0.0,,
2020-04-07,0.0,0.0,0.0,,
2020-04-08,0.0,0.0,0.0,,
2020-04-09,0.0,0.0,0.0,,
2020-04-10,0.0,0.0,0.0,,
2020-04-11,0.0,0.0,0.0,,
2020-04-12,0.0,0.0,0.0,,
2020-04-13,0.0,0.0,0.0,,
2020-04-14,0.0,0.0,0.0,,
2020-04-15,0.0,0.0,0.0,,
2020-04-16,0.0,0.0,0.0,,
2020-04-17,0.0,0.0,0.0,,
2020-04-18,0.0,0.0,0.0,,
2020-04-19,0.0,0.0,0.0,,
2020-04-20,0.0,0.0,0.0,,
2020-04-21,0.0,0.0,0.0,,
2020-04-22,0.0,0.0,0.0,,
2020-04-23,0.0,0.0,0.0,,
2020-04-24,0.0,0.0,0.0,,
2020-04-25,0.0,0.0,0.0,,
2020-04-26,0.0,0.0,0.0,,
2020-04-27,0.0,0.0,0.0,,
2020-04-28,0.0,0.0,0.0,,
2020-04-29,0.023723241188633448,0.009597591771611125,0.01050895163080856,,
2020-04-30,-0.009514225681425459,-0.0026476563017960864,-0.00278286027887098,,
2020-05-01,0.006840428863022385,0.0034648017066125636,0.003463589365053199,,
2020-05-02,0.00470091551946572,0.0024206238398631896,0.0024197797818525935,,
2020-05-03,-0.0030849900513439943,-0.0012963478031707831,-0.0012958968651044511,,
2020-05-04,-0.000881996584786493,-0.00036996119075571876,-0.00036983233177356745,,
2020-05-05,0.0059595278220141434,0.0024984956824094517,0.0024976251242763148,,
2020-05-06,0.002483232191390572,0.0027445896668500946,0.002611672372433649,,
2020-05-07,0.04406255336918563,0.019640645549410696,0.019642727762214873,,
2020-05-08,-0.009724540405323667,-0.005066411849070973,-0.005066411706306062,,
2020-05-09,-0.01454795048378521,-0.007119915937314203,-0.007119915735662619,,
2020-05-10,-0.047347780062145794,-0.022470478505068447,-0.02247047786409173,,
2020-05-11,-0.007918634036805483,-0.004538964977733095,-0.00453896484528149,,
2020-05-12,0.012338809814593343,0.007048599859529547,0.007048599652906384,,
2020-05-13,0.024378794313784313,0.013999652846697463,0.013999652439182997,,
2020-05-14,0.023036320222044715,0.013364137134588061,0.013364136750944056,,
2020-05-15,-0.02218865902082956,-0.012995242696691833,-0.012995242328557421,,
2020-05-16,0.003094429896271844,0.0017954355117608678,0.001795435460229644,,
2020-05-17,0.013724416716667465,0.008256914145959415,0.00825691390939931,,
2020-05-18,0.0028179540877617537,0.0014771267277808864,0.0014771266858077947,,
2020-05-19,0.002169186831026515,0.00113857559050623,0.0011385755582007384,,
2020-05-20,-0.013741400078075117,-0.007220092202637751,-0.0072200919980123235,,
2020-05-21,-0.023885686533739237,-0.012192965899868402,-0.012192965551792945,,
2020-05-22,0.004704240775233348,0.0028253548575556398,0.0028253547759038433,,
2020-05-23,0.00042271596224918717,0.00025435778655147345,0.00025435777922133695,,
2020-05-24,-0.02407665028575845,-0.01275106224701228,-0.012751061879643144,,
2020-05-25,0.00959685550826439,0.005067379703833419,0.005067379555951712,,
2020-05-26,-0.003124538671505417,-0.0016572697648188361,-0.0016572697166985506,,
2020-05-27,0.021756740014204468,0.010180918920098758,0.010180918623996504,,
2020-05-28,0.021880904625506403,0.010326319630779235,0.010326319333474832,,
2020-05-29,-0.009120830373133493,-0.004090839592423956,-0.004241239951035314,,
2020-05-30,0.01719756468331446,0.008346300415368102,0.00834674555854975,,
2020-05-31,-0.015582499322990051,-0.008146523376127424,-0.008146523056267951,,
2020-06-01,0.04775081482501187,0.024776946557749868,0.02477694557693355,,
2020-06-02,-0.04132922065977995,-0.021936175882507403,-0.021936175035140892,,
2020-06-03,0.008958298319013736,0.004868474960467273,0.004868474768185971,,
2020-06-04,0.007608194013945191,0.0040151762006612746,0.004015176042849733,,
2020-06-05,-0.01032218150373121,-0.005466960475955296,-0.005466960261942377,,
2020-06-06,0.0028040678199066082,0.0014778745735113397,0.00147787451533965,,
2020-06-07,0.004998395157626456,0.002637876014811358,0.0026378759111331807,,
2020-06-08,0.0023497231803439877,0.001141843801454101,0.0011418437566936834,,
2020-06-09,-0.0006508796861761645,-0.00031200420874410995,-0.0003120041965273268,,
2020-06-10,0.00765315730475713,0.0036673565248583895,0.0035401423672454246,,
2020-06-11,-0.04271087057140299,-0.01962496133324909,-0.01980459180630545,,
2020-06-12,0.009221342113312714,0.006116258776817318,0.005842561109381306,,
2020-06-13,0.0004992246803041667,0.00027017391225658827,0.0002703312079181952,,
2020-06-14,-0.00797631608256033,-0.004317667126306324,-0.004320180199297363,,
2020-06-15,0.0032221410778940918,0.0005103983901544318,0.0005043429981435033,,
2020-06-16,0.006445806542927812,0.00271703320751171,0.0027170336865056655,,
2020-06-17,-0.0038882543841247674,-0.0020238485668458983,-0.002023848521269689,,
2020-06-18,-0.005089636128471908,-0.0025768548165142624,-0.0025768548163965788,,
2020-06-19,-0.005532923202164142,-0.002494029937382569,-0.0024940299372684382,,
2020-06-20,0.003476621068980279,0.0016009060806621012,0.0016009060805886044,,
2020-06-21,-0.004727296199704356,-0.0021081649426595295,-0.0022643924089550405,,
2020-06-22,0.02963083300281899,0.014267468529942429,0.014137548416510493,,
2020-06-23,-0.005007743235726836,-0.002294556260493019,-0.002294851626001959,,
2020-06-24,-0.026850676225226855,-0.012422126227141117,-0.01259367522077992,,
2020-06-25,-0.0033655878972719266,-0.0018001939436966818,-0.001800739006304397,,
2020-06-26,-0.006271074184867054,-0.0033490273542039484,-0.0033500432017695703,,
2020-06-27,-0.010860707446331386,-0.005783086767965684,-0.005784846825665713,,
2020-06-28,0.0076277116747545115,0.004040844784198416,0.004042081753688365,,
2020-06-29,0.005528580960665552,0.0029392755128136994,0.0029401716514458887,,
2020-06-30,-0.00389656091564472,-0.0020769587605657946,-0.002077590136101648,,
2020-07-01,0.006768339876416896,0.003601106384722552,0.0036022033655891406,,
2020-07-02,-0.010464461554239746,-0.00558520473708457,-0.00558690001378348,,
2020-07-03,-0.0020559914886983943,-0.0010919615399215266,-0.0010922948450533543,,
2020-07-04,0.006003704978021718,0.00298414367910671,0.002985055540910775,,
2020-07-05,-0.005485493738102476,-0.002545547373808854,-0.0025463228991919884,,
2020-07-06,0.019685668691434843,0.010617351920807261,0.01062059485630007,,
2020-07-07,-0.0069239234276325945,-0.003318931539135095,-0.0034527627830165386,,
2020-07-08,0.015287815916209757,0.006899159766248886,0.006736522011717039,,
2020-07-09,-0.019887793705225754,-0.00993638778020589,-0.010101961225607803,,
2020-07-10,0.005164817222266249,0.0023626584759848246,0.0023630493984969636,,
2020-07-11,-0.0053382422833021526,-0.0027034478785636917,-0.0028626762190545607,,
2020-07-12,0.006724454195815577,0.003353344306599393,0.0033538797869554493,,
2020-07-13,-0.0058445957052253306,-0.0029243698492896764,-0.0029248352677012646,,
2020-07-14,0.0008654072867597673,0.0006453165990221166,0.0006454196035223791,,
2020-07-15,-0.005647536377914486,-0.0028394142316268134,-0.002839867162480747,,
2020-07-16,-0.006780493452760439,-0.003122717006703968,-0.0032476672066034107,,
2020-07-17,0.00130553577410919,0.0005922089727907753,0.0005916420479799012,,
2020-07-18,0.0015284386020970597,0.0007647376041786114,0.000764737604141974,,
2020-07-19,0.0037014764983283044,0.001853406731539664,0.00185340673145018,,
2020-07-20,-0.004592872542546811,-0.0023039896132707183,-0.0024395024224905804,,
2020-07-21,0.022191844874288824,0.011066688253531742,0.011068080846395434,,
2020-07-22,0.013521398592014844,0.006787483650182002,0.0067874832450456335,,
2020-07-23,0.008892741359168399,0.004477123562275587,0.004477123296843466,,
2020-07-24,-0.006780354708819547,-0.0034286312605369407,-0.003428631058172038,,
2020-07-25,0.016956598186101957,0.00854562813506754,0.008420191907881236,,
2020-07-26,0.023697355440702284,0.012042371240424288,0.012043868463825103,,
2020-07-27,0.11001684956896529,0.05655151173944595,0.05655845909419721,,
2020-07-28,-0.011376946833630441,-0.006191105825340548,-0.006191997690890849,,
2020-07-29,0.016462599659375243,0.008569070746658136,0.008569071282183538,,
2020-07-30,-7.670284211813705e-05,-4.0237642302320964e-05,-4.023764479565983e-05,,
2020-07-31,0.019664948915715907,0.010186739878072837,0.010315685214785209,,
2020-08-01,0.038081584900906185,0.020163971436574446,0.02016139918326565,,
2020-08-02,-0.05376733786766141,-0.0292842560318457,-0.029492966781176744,,
2020-08-03,0.00891486892510085,0.004966062005974159,0.004967144792413336,,
2020-08-04,-0.0016569912472849113,-0.0009266602134364588,-0.0009268612612357563,,
2020-08-05,0.0343237856488503,0.018421794106354472,0.01842579459874072,,
2020-08-06,0.0010896219685578856,0.0005741208934881836,0.0005742433143653969,,
2020-08-07,-0.010433480667949246,-0.005500224423422129,-0.005501396573510564,,
2020-08-08,0.011187837077717866,0.005496124939993852,0.005497302695744555,,
2020-08-09,-0.005370166273630961,-0.002606835572544486,-0.0027317820070671406,,
2020-08-10,0.015028123089606327,0.0069247108871266505,0.006927054432383173,,
2020-08-11,-0.035103426954501527,0.0231268354662868,0.017087023190531125,,
2020-08-12,0.012512064544641044,0.04985890480016342,0.06609129370728595,,
2020-08-13,0.015472456739263007,0.0074770816293170395,0.004661337826187495,,
2020-08-14,-0.001374814887704523,-0.019339640568980854,-0.03494015533004158,,
2020-08-15,0.006426424386788643,-0.010829316396644195,-0.02301568818611377,,
2020-08-16,0.004374402585586079,0.015052197065966055,0.02660474502258836,,
2020-08-17,0.027509315550990898,-0.003427007345843114,-0.017681980234948713,,
2020-08-18,-0.024312750017510543,0.0018031706194812092,0.01810794184669362,,
2020-08-19,-0.014116975496165418,-0.03365321059198656,-0.05820510948600499,,
2020-08-20,0.007441549893605348,0.025584647108960912,0.04434364256511114,,
2020-08-21,-0.024856883325751422,-0.023160604795579243,-0.03244589077475879,,
2020-08-22,0.009002541863800007,0.00835743812539369,0.010938586408013151,,
2020-08-23,-0.0009900206395954125,0.009796754849531464,0.02102694146407802,,
2020-08-24,0.006484505729111634,0.007145247001304478,0.010619582689747054,,
2020-08-25,-0.032528516676534225,-0.0201310793671603,-0.019052409621647115,,
2020-08-26,0.010935268918057073,0.019270528277845145,0.0321646025340927,,
2020-08-27,-0.009970462021369642,-0.009890993858875041,-0.01357244099031274,,
2020-08-28,0.015102851781022553,0.0303733960861039,0.0497884988042121,,
2020-08-29,-0.004623256386265262,-0.0036674478587102044,-0.005100863044560255,,
2020-08-30,0.01908450484958757,0.022609186034338702,0.038733478418334855,,
2020-08-31,-0.004997847472369754,0.0060605815618035574,0.019100442055400402,,
2020-09-01,0.021521461701113465,-0.00015496496616673738,-0.0150248608925182,0.011082437315622862,0.04058251752295505
2020-09-02,-0.0442435327766314,-0.025696310222287577,-0.023823779761867114,-0.02366718746966001,-0.04773002163367179
2020-09-03,-0.0885773070752458,-0.06365144654407973,-0.06063335996885766,-0.045507500163985526,-0.08018981430891536
2020-09-04,0.012449813346104177,0.007144145578216854,0.0021522567683698313,0.00694166637090432,0.008146398774969033
2020-09-05,-0.013527540498094126,-0.02000901220219231,-0.04215932578558834,-0.007507297745923069,-0.03419987788633572
2020-09-06,0.0011485624485061408,0.007384297811153795,0.01820266651045399,0.0006491164030812957,0.007985674126650188
2020-09-07,-0.0001365124303438492,-0.002423241607973914,-0.0034179362833840488,-7.359048971800064e-05,0.00026230856822828663
2020-09-08,-0.010166631276776528,-0.011355353020647274,-0.013484225707940056,-0.005104448107437265,-0.011399964152151276
2020-09-09,0.0016189832165436346,0.01651785582864429,0.029895899385615765,0.000808897269056752,0.0063590445080683455
2020-09-10,0.0018775748364496803,-0.0007545522400402849,-0.0022113573409113796,0.0009409744962547428,0.008036899680186504
2020-09-11,0.0008777186966155703,-0.0006595995415035194,-0.0016088149087040149,0.0004445233346297428,0.0028883677333533253
2020-09-12,0.0022407822195691374,0.00023331489863820387,-0.0012268959371847243,0.001122442865459039,0.006970268347478603
2020-09-13,-0.005844857990712882,-0.003906360903762285,-0.002615988915987577,-0.0029306070907806347,-0.011678934721753409
2020-09-14,0.013994386464511788,0.007049316319904575,0.002682995101600971,0.0069972631399333185,0.011442645967558729
2020-09-15,0.004376347000465852,-0.0022027730338834983,-0.013889124850403833,0.002359406338088732,-0.003015866091513386
2020-09-16,0.007249943592592789,-0.0019088476073609861,-0.0154555733133096,0.0034974012763355766,0.0039334364311200964
2020-09-17,3.4476016487650085e-05,0.004766890176994387,0.0222962919625167,-0.00022213563119632962,0.009732388456931584
2020-09-18,8.526073029613279e-05,0.00296406027527496,0.014672814608596152,-0.0002487523939342928,-0.0031732039183470784
2020-09-19,0.00942566218911245,0.0033810356131289687,-0.0026148758146731232,0.0044253556660620585,0.00492854914783325
2020-09-20,-0.011036389763559362,-0.007980060531838529,-0.013319206986024401,-0.005520484960297223,-0.013865947442770032
2020-09-21,-0.03804522382112063,-0.019173160724720972,-0.017130859971804524,-0.01741317828860467,-0.035833118840604694
2020-09-22,0.007680517924815833,0.006032114474561201,0.014453851450758615,0.003959268878999778,0.006250030936832074
2020-09-23,-0.01837008213592417,-0.010107190463482074,-0.008748942369329438,-0.01011090093642375,-0.023309486075875796
2020-09-24,0.01739192117856425,0.013745868593696642,0.015568683769153546,0.009663364723093926,0.022565140971871456
2020-09-25,-0.0032492719823702387,-0.0009342414519543096,0.0023702532631992845,-0.0016284596669243756,-0.0002081469378449885
2020-09-26,0.0027529930423100257,0.00048016810423656686,-0.0034848445373942827,0.001377496245095422,0.0023350930356029753
2020-09-27,0.0029890079235628253,0.0018996705930509616,0.0028384815751216763,0.0014976437409031096,0.003204276349386026
2020-09-28,-0.006036606049602988,-0.0052834712272167295,-0.01624247309876148,-0.002559385035753814,-0.004233039965885754
2020-09-29,0.009309701625972666,0.004624443182627447,0.0020864256598611686,0.004741083750182229,0.007522165650602597
2020-09-30,-0.005310117355663446,-0.0028355336226943972,-0.00624789352079802,-0.0020883797863225917,-0.002055567346184284
2020-10-01,-0.020193886569097597,-0.01052995807767465,-0.016888535833830653,-0.010113956101726718,-0.013565169323235926
2020-10-02,-0.006339785236365469,-0.00656586841121376,-0.020105353475177945,-0.0031563102440107516,-0.0066789130101848615
2020-10-03,-0.0016349910489869002,-0.0019329223419809471,-0.006366742016460036,-0.0008181701938704267,-0.0006470855902327433
2020-10-04,0.007919586675582568,0.0032716387176268125,0.0019396339148136654,0.0035992560619844127,0.006727332401674557
2020-10-05,0.009095218943330874,0.008727602071641805,0.015591147972259245,0.004515780800733005,0.005116432422338946
2020-10-06,-0.01669380369898965,-0.024256535006066948,-0.06161999629030901,-0.008101856095421689,-0.014305227349158955
2020-10-07,0.005083972906919421,0.007236422736556891,0.01774448334008638,0.0028106299505989973,0.0026596215925955846
2020-10-08,0.020491323400166683,0.013193141611498538,0.014638033430479647,0.011097137036089944,0.013078194691431344
2020-10-09,0.011151115063218642,0.010932784225574421,0.023712822261881872,0.005952550135506218,0.013872067732969784
2020-10-10,0.021389669485324614,0.0056549789929118965,-0.009583227948830375,0.011476974266982909,0.014731172455126007
2020-10-11,0.0065437519249595955,0.004976871138431038,0.004678244211316018,0.0036535813075662116,0.006924485359204979
2020-10-12,0.01365682860300832,0.015588773805460532,0.023340507827612544,0.00828894049225859,0.016167337718028918
2020-10-13,-0.009111909347602976,-0.014179362068047818,-0.023466487922970902,-0.005117683858369748,-0.009411083139559406
2020-10-14,-0.00022799255528738183,-0.005474715008173869,-0.011533971477260985,-0.00012621634151821493,-0.0018872903662399132
2020-10-15,0.007450309325821136,0.001196670288736268,-0.0029245808167650544,0.00412406040045421,0.003614135448441358
2020-10-16,-0.015751811536603766,-0.014898027528902569,-0.020422450843085582,-0.008748175377118472,-0.0183756356276098
2020-10-17,0.0035212029770017583,0.005460915943420019,0.009219472783456473,0.0019417738968734444,0.004231700540531014
2020-10-18,0.012268950041789184,0.006497106438794642,0.004903279911937286,0.006776400490863699,0.014680974299997596
2020-10-19,0.021056534351102885,0.0014431059311257322,-0.016233285571229827,0.011693417317596655,0.013360439476922892
2020-10-20,0.013164124448809433,-0.002473347232718748,-0.021586306091784246,0.008127987599028996,-0.0014022387529473157
2020-10-21,0.07138900166482376,0.036337925390403925,0.0239938016074821,0.04549112609080774,0.06161654112721404
2020-10-22,0.0143489840426545,0.013155514292445547,0.015186072582636712,0.007558894616740419,0.030070117776493932
2020-10-23,-0.003427894265877196,-0.0017260202871823838,-0.0010600648539181856,-0.0018340399973143517,-0.006305895215593438
2020-10-24,0.014277909770098907,0.0038313576319422005,-0.0016319715219653697,0.007626969154239882,0.010318897508098557
2020-10-25,-0.0061856076087437595,-0.013029445472223955,-0.019878098862648796,-0.0033260357086768444,-0.009054669114099023
2020-10-26,0.001753861894971509,-0.008244564349143446,-0.020480857102661565,0.0009403555712230727,-0.01149626112490354
2020-10-27,0.043768282257735436,0.02600619223987355,0.018732942344966474,0.023485998991632062,0.033736007164980375
2020-10-28,-0.02655150277526741,-0.029915275891189697,-0.04262001210872712,-0.014529839982031612,-0.028227669841611847
2020-10-29,0.014630358454359005,0.0010456686288711214,-0.01158108380817724,0.007548076510235591,0.00657328819458991
2020-10-30,0.006992373890278181,0.0042512319299430334,0.0034437513181810875,0.004131620276737191,-0.00013554820077277263
2020-10-31,0.016112265097099288,0.01753835677487281,0.02634915008846561,0.009715536590902074,0.011041015700915757
2020-11-01,-0.0017687499031857623,0.003647913306982886,0.010027286070695807,-0.0010183697010952564,0.0070514684205458256
2020-11-02,-0.013396062310219947,-0.018321660765643344,-0.029102618897397736,-0.007330406239656639,-0.017790819811572822
2020-11-03,0.03094946605741944,0.011423835080831335,-0.0006955007097380062,0.016506163634513626,0.017190498354854755
2020-11-04,0.007140778887522625,0.0019352591413868137,-0.0010838518456366408,0.004125971031576858,0.014579106918202411
2020-11-05,0.08210518503577968,0.04970232525416329,0.031604502323619776,0.049316734487927505,0.057541095350745364
2020-11-06,-0.0005420298063619766,0.05450088754209492,0.08327314217093318,-0.0003480492394947188,0.030762717614644997
2020-11-07,-0.035178230837128566,0.0011632792680986714,0.01643860525877372,-0.022018953187848744,-0.03504440833960121
2020-11-08,0.03144283557485017,0.027591768932156535,0.020837618536835523,0.01941605680666969,0.031277962878485166
2020-11-09,-0.005304874149329453,-0.012363321491428159,-0.01303588885228657,-0.00425379864480957,-0.009887497024589464
2020-11-10,-0.0013528923925837377,0.013895820223126742,0.020742176018978098,-0.0009086201332298982,0.003128941117527706
2020-11-11,0.01680510545772007,-0.006921715618039337,-0.018350642962379426,0.011281508623945058,0.0175314774340658
2020-11-12,0.025947227185812993,0.009196032701131118,-0.0001519150612230291,0.01751388702545187,0.013955902147178234
2020-11-13,0.0012004086825778693,0.007123010388505602,0.009783193123803713,0.0008169686556560585,0.0094254258498494
2020-11-14,-0.009930054480293493,-0.011818950511719772,-0.011748947337614446,-0.007083200974906001,-0.01538972720143661
2020-11-15,-0.005127468171433502,0.004765532675035988,0.009477943626283514,-0.0032340529036354315,-0.010701463836984448
2020-11-16,0.036352497499394065,0.03384078611595731,0.029568177616289715,0.02163707465348197,0.028742178139248287
2020-11-17,0.0453080006876716,0.021510760262763107,0.006581174256298006,0.026913005251582245,0.04048285398639351
2020-11-18,0.006503255633965255,-0.002525907540937844,-0.005764532563756197,0.0028046411097897295,-0.0003905097481218256
2020-11-19,0.0009345198654775455,-0.0011660938898075957,-0.00227113110661481,0.0006396649178335156,-0.004450233224986833
2020-11-20,0.02982251480951348,0.019964246032755817,0.01241070326639826,0.020449032300333014,0.04530734841755368
2020-11-21,0.0016342748159565712,0.016921725195384596,0.02438230144900011,0.0009955377052093262,0.028560261584980262
2020-11-22,-0.009809650933597647,-0.019102431725423585,-0.022752778435495502,-0.005979477202003758,-0.0014177403551894896
2020-11-23,-0.0015895714136638928,0.006247393212001517,0.010251413578631352,-0.0009651905090198865,0.02306746229562817
2020-11-24,0.027158320970172234,0.017355691406446994,0.01013569358257116,0.016480273069849893,0.013611288460432025
2020-11-25,-0.0147188866823188,-0.010285067335119913,-0.006765871501797194,-0.009025575065016334,-0.02379462456420256
2020-11-26,-0.05488333249782673,-0.05396254044627746,-0.04683849965423714,-0.032424433337230885,-0.05285747475225633
2020-11-27,-0.00026849727734978845,-0.004466844128970804,-0.004512824663351567,-0.0015486516585975219,-0.0007058720888456493
2020-11-28,0.015664208306273242,0.010998786004682293,0.007926773544614685,0.010292392432290187,0.018468766029142936
2020-11-29,0.012361380311722625,0.00918236316352683,0.0069905560003056255,0.0081654085784717,0.02549113784578494
2020-11-30,0.03966228059843058,0.027129858224359316,0.018939459115207447,0.02630827739128616,0.04104400233184902
2020-12-01,-0.023505154929582273,-0.0140573902528901,-0.008126170386000053,-0.015794006194863597,-0.02501003268012214
2020-12-02,0.011354776108305487,0.01543919693552942,0.01686071101824349,0.00756992733470474,0.010971494290805017
2020-12-03,0.005568776047802926,0.0020032112777683686,-2.4360387362754032e-05,0.003726500820060652,0.010012016488605724
2020-12-04,-0.01961275181331079,-0.025790377881128035,-0.02783708420028408,-0.01314850542418089,-0.02866566847174845
2020-12-05,0.012892917757803879,0.015266589759012739,0.015769887116122705,0.008586870636346333,0.01838720790764592
2020-12-06,0.005970423551153292,-0.0041013168656073296,-0.009091950115169944,0.0036261503783032722,0.00493276231609574
2020-12-07,-0.005457528779749032,-0.0043745212741646,-0.0038552088657484163,-0.0032847450506391374,-0.00654238492783854
2020-12-08,-0.026275988391272875,-0.022837856258650535,-0.022351790964274088,-0.014428434149626024,-0.02581359660195337
2020-12-09,0.005837043419290477,0.0032808222180411573,0.0017766847316360579,0.0037723457766594137,0.010000825815455583
2020-12-10,-0.008258078829091797,-0.00999908659546489,-0.010882575205511613,-0.004960533442985415,-0.00954529996413589
2020-12-11,-0.006747604322096978,-0.011793511308477611,-0.01605161839647873,-0.0037930781852247852,-0.008715958964483295
2020-12-12,0.024051469780122847,0.017714633584970052,0.014416443333052253,0.013480123604332261,0.022008366445685157
2020-12-13,0.013000848949951793,0.014301325745741167,0.013542029397421551,0.006309693408454109,0.01700404062816996
2020-12-14,0.0034654848276374217,0.0041024345069740065,0.0039967319101275045,0.0016800800943326255,-0.00012170746391770848
2020-12-15,0.005422266191294822,0.017958393568622277,0.021772424935076362,0.0026195365913375124,0.0038799242741547335
2020-12-16,0.07174110210451312,0.03716076700592952,0.026240288791051336,0.03763913891529813,0.0565929966375045
2020-12-17,0.04639953682778941,0.01733300009837002,0.005783044162870343,0.026330517730656977,0.028366855629597953
2020-12-18,0.008681254107698821,0.006474044875661278,0.0053842134455430735,0.004958369038312149,0.009036852994728228
2020-12-19,0.019814208715950077,0.00799763817508059,0.0030114916768200217,0.011358970988533335,0.012015934271645268
2020-12-20,-0.009958903712900202,-0.014454791770956987,-0.015820431919558398,-0.005756911031412515,-0.013090248169715046
2020-12-21,-0.02060591917589638,-0.013612076515057248,-0.010464550392147554,-0.011637903634148072,-0.022933054958970245
2020-12-22,0.026131304511171516,0.012798372798617397,0.005162872907520377,0.01746021487685878,0.028033572404768003
2020-12-23,-0.013491242167274597,-0.03371453083408282,-0.04728797318522737,-0.00789196201957365,-0.028650048644335624
2020-12-24,0.011745388345065333,0.02925944366174238,0.031528448328406844,0.006787308495174393,0.0183660237844685
2020-12-25,0.02299334571115419,0.025808479194457945,0.02287925022656334,0.013352601218044935,0.019851393837273967
2020-12-26,0.04070998877480547,0.00932171495971823,-0.0020071056093742268,0.023865850424293233,0.02592564792913077
2020-12-27,-0.0019741270836709512,-0.0053682378877445425,-0.0054078612039832885,-0.0027712253483100913,0.015861106556687155
2020-12-28,0.015957134347150737,0.03667229271536776,0.0407788507372191,0.010470356204946851,0.026529824345131292
2020-12-29,0.006016609743423329,0.02219266620496163,0.02570071676528851,0.003969266008957861,0.004072289912449012
2020-12-30,0.029170991335524032,0.0014096016305369385,-0.0066157157400512645,0.017645359120236126,0.024353591369850713
2020-12-31,0.0009144812252617207,-0.0027126634381959835,-0.003643045173790327,0.0005240646450030972,-0.005128336287364088
2021-01-01,0.007752594506428956,0.04446542503718809,0.053009678728539456,0.004444537463344389,0.0018336781708816474
2021-01-02,0.05616772971244699,0.02936862327611256,0.02411846038913601,0.030868045546204037,0.0499003227792405
2021-01-03,0.013118853829865218,0.038816564205526705,0.04502530193734522,0.0068044218148162194,0.06514686572214767
2021-01-04,-0.01214006568696735,0.008251660424924756,0.015741406427257854,-0.008402737101684932,0.004890528693452856
2021-01-05,0.021696154818929614,-0.005909010059666264,-0.017585203031190044,0.01642956254359329,0.018926669480834546
2021-01-06,0.028793293326970337,0.004698372899067493,-0.004551239805446805,0.02324523337751594,0.030992887464734054
2021-01-07,0.026430075877799553,0.03636996571914186,0.03919242601254358,0.017043704165152995,0.016534824520691993
2021-01-08,0.012533217970953414,0.04699431278077659,0.05917175845468137,0.007265939558288359,0.005884205675365406
2021-01-09,-0.003685304417011759,0.001425004239555605,0.003579493180614346,-0.0031009518021319904,0.005996014024668428
2021-01-10,-0.014495396172398034,-0.0059311228693460505,-0.002359687437249791,-0.012189814388067544,-0.010436192684202483
2021-01-11,-0.02083541715194892,-0.01745958816928539,-0.01609287924083458,-0.017480520526587218,-0.033337492529649126
2021-01-12,-0.010487905455513924,0.005897049919744823,0.012641227172679015,-0.00876910865345426,-0.008977249909216112
2021-01-13,0.026004735248331023,0.010383218334220068,0.00412542224058754,0.021705280506675084,0.021097431082613305
2021-01-14,0.013535827247954213,0.001955678993844412,-0.0027936515218670577,0.008679993590251067,0.016471873096955747
2021-01-15,-0.018093858725295453,-0.00997385074607271,-0.0066026745344826,-0.011732636865591117,-0.015195852411525101
2021-01-16,-0.005731888120665718,0.0008059931863830805,0.00350277341798666,-0.0036928159415560158,0.0024482961331606656
2021-01-17,-0.0012835390876680952,0.007650562173961983,0.011312247146676002,-0.0008252381654044738,-0.00024250825605898196
2021-01-18,0.006200454071882078,0.0022153290760560385,0.0006111807476574249,0.003984689206254055,0.005595142885379989
2021-01-19,-0.005679498002817973,-0.006014657974796167,-0.006160059307570909,-0.0036579547493273967,0.006797346658965253
2021-01-20,-0.0032680462832377355,0.0001984762014350938,0.0016057005700369498,-0.0021005572017888108,-0.0006207299947279532
2021-01-21,-0.03577386983785735,-0.03242624530514426,-0.031125328416574116,-0.022966977120178478,-0.042361252059502696
2021-01-22,0.016831236109680736,0.015534825928225304,0.015039022821950354,0.010664084590961131,0.02015966855221274
2021-01-23,-0.006851395832006335,0.00025945882745759263,0.003123086176983092,-0.004367457367548733,-0.003420534947154996
2021-01-24,0.0014470824508152624,0.003205126545737569,0.003911093266569354,0.0009201487601337988,0.015520708599994215
2021-01-25,-4.5280105253953096e-05,0.0015597039887533803,0.002200443408396646,-2.8807181577938934e-05,-0.00685870373607933
2021-01-26,0.0016966508735016816,0.007826703281443192,0.010271420548480403,0.0010793907029076344,0.005295732865658209
2021-01-27,-0.016667490197943002,-0.015554265124357092,-0.015140765958686297,-0.010610212879653691,-0.020068110269065853
2021-01-28,0.024185222436175158,0.014434664479148651,0.0106276647012713,0.015301603690974996,0.020751120967672065
2021-01-29,0.006987586098528897,0.0037842792985609552,0.002515110337262927,0.004459616040241254,0.008123569838699884
2021-01-30,8.351880058787842e-05,0.008240679392719441,0.011515290292958502,5.343750607522679e-05,-8.947816600879399e-05
2021-01-31,-0.009147985485056576,-0.003911048853087684,-0.0018468281270700437,-0.005853295674893344,-0.010609461955601418
2021-02-01,0.003420163086819361,0.009059963100419344,0.011287372327507539,0.0021811228665737925,0.0074077937915524306
2021-02-02,0.01525659902720733,0.019825099669770863,0.021634600132944826,0.009741540788425374,0.020305651232527255
2021-02-03,0.018791409276184057,0.019596502012639183,0.020024773389586414,0.010705678364171023,0.02206795137603601
2021-02-04,-0.0064497939219984035,0.009706315911620855,0.0159120411656537,-0.0033568982561780203,-0.008633089943163585
2021-02-05,0.012880178109114349,0.012552160388529021,0.01254747603602513,0.006682890742691239,0.016127907634089667
2021-02-06,0.008424168352383576,-0.006515181080715249,-0.012105954817446696,0.004397794324109361,-0.0003190447812640995
2021-02-07,-0.0036449449421251945,0.009066344969686613,0.01395448031385138,-0.0019104529429917472,-0.006778013057213039
2021-02-08,0.07086710877090763,0.06014483130174364,0.05652576535470066,0.03707957164953135,0.05146622672856083
2021-02-09,0.00027270877351037726,-0.0007629772506414501,-0.0008162166524529058,0.00021487643436834958,0.001804709867870402
2021-02-10,-0.011885895674006552,0.015526730936193944,0.017569909758390345,-0.00760673669695866,-0.010303312177822765
2021-02-11,0.0235822794179239,0.016730912040447743,0.012132790631937507,0.015027112628865469,0.01950805825566926
2021-02-12,-0.00496864342144232,-0.00033803718889735546,-0.0021821317788756067,-0.0031928072922527972,0.0011690321474919774
2021-02-13,-0.0018119254986391775,-0.0061962193811563315,-0.008295584832401892,-0.0006289954362171946,-0.0027341499732627117
2021-02-14,0.011963563946173705,0.006240187825781618,0.004098335222265659,0.006693422294852036,0.005766824474443988
2021-02-15,-0.00553450971263747,-0.0014031168410411077,0.00021306421424061028,-0.0031126798160989733,-0.005620010981629786
2021-02-16,0.010203779682887326,-0.0011307734250938228,-0.005630428366811824,0.005724795972509744,0.006281386161106184
2021-02-17,0.0246765319651836,0.012973920901699687,0.0085156877646837,0.013906341680451684,0.021973229917898296
2021-02-18,-0.004573377202754192,0.0064010108688614675,0.01099449597708868,-0.002604682215422205,0.006949075870885446
2021-02-19,0.03526866641021531,0.04994768203081601,0.056747883713054836,0.020046967538811966,0.022204617666226056
2021-02-20,-0.0005071651661243681,-0.01752558698526041,-0.024521763013449216,-0.0002925782019302936,-0.004686004169404012
2021-02-21,0.012271623185582392,0.019571212645868474,0.02285788382034859,0.007077849595400698,0.00943047223077964
2021-02-22,-0.025685406667841915,0.02399361630672514,0.04422533966608677,-0.014890860088888513,-0.031483940606047645
2021-02-23,-0.0447152125644702,-0.019624334759205886,-0.007417348340701291,-0.023654009967072787,-0.04926533128302968
2021-02-24,0.0054168718209903766,0.014763370223272343,0.021101507636021255,0.003660632915459816,0.00804325041817422
2021-02-25,-0.017856972556037354,-0.030191481410365983,-0.03890684282588808,-0.01208856448351281,-0.025419409612614352
2021-02-26,-0.005567104693087299,-0.004944938765196749,-0.004798725704802775,-0.0029089040364820296,-0.007272735054793422
2021-02-27,-0.001197411445159613,-0.0031675619759565787,-0.004516112782619541,-0.0006127155098233361,0.0009204262215625203
2021-02-28,-0.00682823669114796,-0.004876841850898095,-0.0039170998064830265,-0.0034919649476120584,-0.008185767176905334
2021-03-01,0.031525468621159014,0.031071650373769355,0.03227681562313478,0.016068170024888362,0.03458906556870289
2021-03-02,-0.007870756955594582,-0.010998927191846808,-0.01340974339451051,-0.004072663028045431,-0.013600075461379757
2021-03-03,0.013208754691405922,0.00902370143329434,0.006886152356760267,0.006808703906264535,0.016395733239864096
2021-03-04,-0.013491162808600188,-0.014465983129366311,-0.015738608367719786,-0.006998483275670764,-0.010480341087775513
2021-03-05,0.002614416192617375,-0.0014090220396359987,-0.003957819303679777,0.0013473497269957946,0.00016607411415625606
2021-03-06,0.0009010793208792389,0.0035712941011938337,0.005398908636635058,0.0004649623945340853,0.014348332675094388
2021-03-07,0.014685454756064642,0.013669059103871506,0.01385199837886364,0.007442031125525661,0.016161694749524003
2021-03-08,0.01127089262641534,0.004748908567716148,0.0020032187427712067,0.004961423619130656,0.01686476079811383
2021-03-09,0.019927871898118843,0.017896489226385315,0.01934552279516688,0.008827282712043694,0.012962347188367529
2021-03-10,0.007530097101302813,0.00041388968075461996,-0.0032933011326965467,0.003372246642898924,-0.004673151585881441
2021-03-11,0.01485018504745006,0.018494420716134385,0.023009408445869406,0.006678002295259722,0.010068075952900601
2021-03-12,-0.0041992524652385566,-0.01053639390446115,-0.015327220738048042,-0.0019036979448553426,-0.008275119600109182
2021-03-13,0.030333836670917158,0.02068909632185867,0.018364911891993296,0.013719977547911766,0.030722880745329473
2021-03-14,-0.016477523295871488,-0.013719513768823743,-0.015015550828906599,-0.007574918214459658,-0.015308290883498388
2021-03-15,-0.025379326497897314,-0.015422308491416126,-0.013471870420946774,-0.01156252445688355,-0.017433357781996395
2021-03-16,0.011225007367341,0.0005488390838728208,-0.003091287198272341,0.007122586728984581,0.005823352061295806
2021-03-17,0.017323128018492007,0.01371003997324749,0.01322705472398944,0.008850306567483202,0.012662503027013106
2021-03-18,-0.010703288365843555,-0.00520163125824169,-0.003573296244587243,-0.005514186029668244,-0.010527185536169492
2021-03-19,0.0032663157502217377,0.0011299230456565112,0.0004537750158744025,0.0016739802335576925,0.005206314819415692
2021-03-20,0.0006161794264658571,0.000618023690248215,0.0006655813305276315,0.00031629271760147404,-2.1375721731553554e-06
2021-03-21,-0.006396753333012817,-0.0017350243033359414,-0.0008736430514633131,-0.0032845190239753075,-0.005743283645945341
2021-03-22,-0.028027983865700268,-0.00928412715752236,-0.0062134757919233286,-0.014346495767154965,-0.025293008714709964
2021-03-23,-0.0006389284981352938,-0.004953313953055316,-0.0074587979610035715,0.0011473914570312438,-0.00024844022824865863
2021-03-24,-0.02353322784017864,-0.013851798899971679,-0.015104568070795632,-0.009062384741144514,-0.018662483069612934
2021-03-25,-0.007759778074149515,-0.010242375362214506,-0.012201073923136185,-0.004533352168526128,-0.0042158389936803875
2021-03-26,0.028491899086993566,0.03341421306131598,0.03886243141645207,0.01682855387045068,0.029949420778241587
2021-03-27,0.0054006049598136485,0.01916921194976018,0.025141689938922962,0.003510410404873099,0.005056886139394257
2021-03-28,-0.0003494343421100998,0.014605915570464312,0.02037615258790959,-0.00017460822093651185,-0.0029530336091323495
2021-03-29,0.01643685213378432,0.015529846616972875,0.01775277089504379,0.008211865071105384,0.024023729907505897
2021-03-30,0.010610495737888082,0.006397990596634262,0.0053649957316459496,0.0048711874170763725,0.008110209693437787
2021-03-31,-5.734101963184024e-05,0.0027878433966470606,0.0038667459611283483,-2.626441844466587e-05,0.010690304657419603
2021-04-01,-0.0001915604701189233,-0.003120629758741056,-0.004238094809173365,-8.77394231827422e-05,0.006454721638537109
2021-04-02,0.00218721844382741,0.007377199601932283,0.00885886491607879,0.0010016960125494023,0.023093978683330407
2021-04-03,-0.01804431461056666,0.01507191120112128,0.02509154312705486,-0.008273670525824395,-0.02600458906213532
2021-04-04,0.011813527844023453,0.013332312778467026,0.02000260168134238,0.0056838527146072515,0.014982503755192056
2021-04-05,0.00981262027665375,-0.0006303784261731948,-0.005456042813440587,0.004925166619184296,0.008939609249169145
2021-04-06,-0.011925272050983371,0.007293450211210306,0.01953361876977122,-0.006014663030602052,-0.005153682402649462
2021-04-07,-0.02131517799246696,-0.0021451484791060738,0.0026243468891089528,-0.0108270179329647,-0.029966239281585705
2021-04-08,0.02316058143868549,0.01424398717063613,0.012375896747679915,0.011409462625501465,0.027042252135478284
2021-04-09,0.000746374520711024,0.004482538187065899,0.006089334206268671,0.00034531569470264145,-0.0014606263638573536
2021-04-10,0.018657949476321933,0.003919455848300224,0.0007423375396005127,0.00863569922245655,0.017156429086416347
2021-04-11,0.002627073204757968,0.007593060079123859,0.014416564782519625,0.0012280040895251698,0.0034998497460128064
2021-04-12,-0.0015996297881237798,0.0033666089905397545,0.006770897277495802,-0.0007487788354523239,-0.0024867073183966193
2021-04-13,0.04178997326934364,0.013411444335548639,0.00626416381596262,0.019545024381079523,0.039697667197156505
2021-04-14,-0.0066456886518654334,-0.009400500777067222,-0.014098711646436946,-0.0031759808692951585,0.01367539828921105
2021-04-15,0.002178888373790322,0.009238484870049302,0.015855891036985703,0.001037668314033624,0.011419652127729663
2021-04-16,-0.019796543675712153,-0.0242701174638692,-0.03520552818443401,-0.009438604230166181,-0.021258281681976632
2021-04-17,-0.014696411316889368,-0.009916872498717644,-0.011576284580085638,-0.0069336917905928885,-0.020606577218990063
2021-04-18,-0.046089674284649496,0.007571260389795054,0.031139100040426637,-0.021185380896322714,-0.04000182536902752
2021-04-19,-0.0037201251100659194,-0.005265975384298738,-0.005979586136697801,-0.0020203111479690783,-0.009308759357805951
2021-04-20,0.0057206222116859,0.0039014410292070867,0.0035823060619850633,0.0031014418126766863,0.01991699196716845
2021-04-21,-0.018944736489011516,-0.006614279206347162,-0.003950798413792089,-0.01029772854108102,-0.006731015083642822
2021-04-22,-0.015351616618290431,0.006704085879152277,0.024701720235452695,-0.008271721267421484,-0.0034565806595900916
2021-04-23,-0.004207471249640382,-0.005616112861120404,-0.007087246098036903,-0.002250875155620169,-0.006889540041730147
2021-04-24,-0.011371947542462069,0.0021522851128088494,0.007304200885374312,0.005317585763509047,-0.01755252742032365
2021-04-25,-0.008320656443469687,0.0031208028624258866,0.010108271193840057,0.01458484858334086,0.0046963471990209005
2021-04-26,0.022154481579857777,0.007997942726692742,-0.0006989556793282059,0.0010965138174943156,0.026148409083544433
2021-04-27,0.0064322031254679946,0.0026118833089141535,0.00046462598301411084,0.0011975416302845154,0.012863809991330966
2021-04-28,-0.0010482335704881107,0.0009119598174605059,0.0042959996920244325,0.004208951270346928,0.005656689183716868
2021-04-29,-0.008174482195833166,-0.0061303317675828195,-0.009716939951016856,-0.0107175630541535,-0.002860661671730047
2021-04-30,0.027614996574530926,0.013559704579949372,0.010105937593133163,0.014263997118297178,0.013409890912033262
2021-05-01,0.0008185836474436936,0.01573306171167399,0.028359630737716968,0.01960055252031001,0.012999734830359655
2021-05-02,-0.010831158116969886,-0.011103445108559873,-0.015054177965120208,-0.012529419103414652,-0.005093315218590466
2021-05-03,0.005729676905903647,0.00021615744618630472,-0.003022333452900039,-0.0003124502791983508,0.037601923703530105
2021-05-04,-0.03603478936091109,-0.02507706744042959,-0.031074045625461677,-0.02682843301451776,-0.03118127434650475
2021-05-05,0.032878055393276595,0.02338551573669445,0.025275576610179984,0.024720666190313212,0.03874210273626222
2021-05-06,-0.009961190228618633,-0.007661136850593442,-0.01184784784655657,-0.008459605000374681,-0.006696597804165427
2021-05-07,0.008132171433885782,0.002239483563660105,0.0010892166513150059,0.0020810804281368167,0.0021684310224305836
2021-05-08,0.016161212957004567,0.013561694426194704,0.020350887029140008,0.014881209567792153,0.037040549727584304
2021-05-09,-0.006385210981747824,-0.006054698984674589,-0.0096225001106518,-0.006731977141922085,-0.002392060010352748
2021-05-10,-0.025082844120687953,-0.015867017873477884,-0.0209983659309817,-0.016658264843025572,-0.011055086338701448
2021-05-11,0.007054038646203464,0.007365834142897931,0.010160860745783928,0.008284358133332725,0.015926400077936664
2021-05-12,-0.06015805412823472,-0.031239788474604513,-0.03194223485177239,-0.03165992410827889,-0.04788443398351894
2021-05-13,-7.973369001867958e-05,-0.0030319132161359397,-0.005818010674186858,-0.007726161522103703,-0.0059718567956150714
2021-05-14,0.0006895789165917154,0.0021270782055879955,0.003704636003121431,0.005159541866328166,0.019489716943472235
2021-05-15,-0.00952083452938457,-0.005385035575479424,-0.003945030393791571,-0.003962684222994284,-0.023972823181636405
2021-05-16,-0.0010100490295845699,0.0029667154712245125,0.006320333021359259,0.009118579875587729,-0.0034480891688285498
2021-05-17,-0.0030118923771006445,-0.0016826018390229125,-0.0017597164501612639,-0.0019384598696934319,-0.014602608452230714
2021-05-18,-0.0006959754122941586,0.008188814210252415,0.004258899221059931,0.026444681294592876,0.003751497035381801
2021-05-19,-0.003732921480215534,-0.002785952680703918,-0.004919594478906109,-0.051209000455261444,-0.043206637387243174
2021-05-20,0.0,0.0,0.0,0.016646296477606848,0.015214730285686207
2021-05-21,0.0,0.0,0.0,-0.009539193251275724,-0.01534762898078701
2021-05-22,0.0,0.0,0.0,-0.013501019151903382,-0.00783852605358537
2021-05-23,0.0,0.0,0.0,-0.011878904389484801,-0.0043712939931602746
2021-05-24,0.0,0.0,0.0,0.012370529279768894,0.012211426571493433
2021-05-25,0.0,0.0,0.0,-0.002562870607181189,0.0012386666965895632
2021-05-26,0.0,0.0,0.0,0.009716923247050868,0.003925085763675451
2021-05-27,0.0,0.0,0.0,-0.002967968581326197,-0.0031027022887871736
2021-05-28,0.0,0.0,0.0,-0.008415705124126038,-0.007199797356201243
2021-05-29,0.0,0.0,0.0,-0.002855799837447659,-0.0029295371574026285
2021-05-30,0.0,0.0,0.0,0.0021466424391782812,0.0023626771350402365
2021-05-31,0.0,0.0,0.0,0.0074293234255904395,0.007037255541655796
2021-06-01,0.0,0.0,0.0,-0.0032106339584545562,-0.0015623158619320066
2021-06-02,0.0,0.0,0.0,0.0054322851060959465,0.0015662907333329201
2021-06-03,0.0,0.0,0.0,0.009914809715786177,0.003296398492965258
2021-06-04,0.0,0.0,0.0,-0.0039634014173755006,-0.0036490840774789923
2021-06-05,0.0,0.0,0.0,0.004033657610685859,-0.0013489094923695433
2021-06-06,0.0,0.0,0.0,0.004502347730802603,0.0018406941658735132
2021-06-07,0.0,0.0,0.0,-0.006918431101754163,-0.00521994447284313
2021-06-08,0.0,0.0,0.0,0.005282003534276658,-0.0034962781757121864
2021-06-09,0.0,0.0,0.0,0.0013737857787528007,0.004258485148965319
2021-06-10,0.0,0.0,0.0,-0.001615949557404961,-0.005729004763460388
2021-06-11,0.0,0.0,0.0,-0.008639331176509168,-0.0037849789471788853
2021-06-12,0.0,0.0,0.0,0.0005618358270267354,0.0003146460980483212
2021-06-13,0.0,0.0,0.0,0.003925361657862725,0.0026056835824270763
2021-06-14,0.0,0.0,0.0,0.0017323288249899704,0.0013396799742788623
2021-06-15,0.0,0.0,0.0,-0.0002765532612718502,-0.0015097580893085327
2021-06-16,0.0,0.0,0.0,0.0003361576880627215,-0.005234972945398653
2021-06-17,0.0,0.0,0.0,-0.0008103578501721387,0.0001010951380975289
2021-06-18,0.0,0.0,0.0,-0.004282790125365699,-0.0026103914401127692
2021-06-19,0.0,0.0,0.0,-0.0028674742071295167,-0.0013053211413035504
2021-06-20,0.0,0.0,0.0,0.00011820445243815314,0.0014836321787468076
2021-06-21,0.0,0.0,0.0,-0.015288909040786614,-0.006729997992778403
2021-06-22,0.0,0.0,0.0,0.0006592447646029953,-0.00038643771374846647
2021-06-23,0.0,0.0,0.0,0.00694436338298976,0.0
2021-06-24,0.0,0.0,0.0,0.0005404814179377215,0.0
2021-06-25,0.0,0.0,0.0,-0.004442347496504295,0.0
2021-06-26,0.0,0.0,0.0,0.001886605478647052,0.0
2021-06-27,0.0,0.0,0.0,0.0039175338965946604,0.0
2021-06-28,0.0,0.0,0.0,0.0019591088544601565,0.0
2021-06-29,0.0,0.0,0.0,0.0017161817262025814,0.0
2021-06-30,0.0,0.0,0.0,0.002722798656748182,0.0
2021-07-01,0.0,0.0,0.0,-0.003947916975701515,0.0
2021-07-02,0.0,0.0,0.0,0.001290504126635117,0.0
2021-07-03,0.0,0.0,0.0,0.0008804427357222977,0.0
2021-07-04,0.0,0.0,0.0,-0.00038507565447809533,0.0
2021-07-05,0.0,0.0,0.0,-0.0024244372520556556,0.0
2021-07-06,0.0,0.0,0.0,0.0023346750678192585,0.0
2021-07-07,0.0,0.0,0.0,0.004324463639125753,-0.0016430481603603164
2021-07-08,0.0,0.0,0.0,-0.0062132947517505865,-0.004698104930661806
2021-07-09,0.0,0.0,0.0,0.0003063212740077592,0.0007227518222601148
2021-07-10,0.0,0.0,0.0,-0.0028711037940540862,-0.000855086197157795
2021-07-11,0.0,0.0,0.0,0.0008680717045395081,0.0007016292986365968
2021-07-12,0.0,0.0,0.0,-0.002504405233509588,-0.002564947056335365
2021-07-13,0.0,0.0,0.0,-0.0029054337145294484,-0.0012339560667294913
2021-07-14,0.0,0.0,0.0,0.00397495886302357,0.0
2021-07-15,0.0,0.0,0.0,-0.005008974232325603,0.0
2021-07-16,0.0,0.0,0.0,-0.004059485419675268,0.0
2021-07-17,0.0,0.0,0.0,0.0009517911163050563,0.0
2021-07-18,0.0,0.0,0.0,-0.00023100622073302102,0.0
2021-07-19,0.0,0.0,0.0,-0.0038760695176154325,0.0
2021-07-20,0.0,0.0,0.0,-0.00312168739481955,0.0
2021-07-21,0.0,0.0,0.0,0.0,0.0
2021-07-22,0.0,0.0,0.0,0.0,0.0
2021-07-23,0.0,0.0,0.0,0.0,0.0
2021-07-24,0.0,0.0,0.0,0.0,0.0
2021-07-25,0.0,0.0,0.0,0.0,0.0
2021-07-26,0.0,0.0,0.0,0.0,-0.003660361629298503
2021-07-27,0.0,0.0,0.0,0.0,0.0021484837318463956
2021-07-28,-0.0044975371403336295,0.0,0.0,0.0,4.23311508235269e-05
2021-07-29,0.0,0.0,0.0,0.0,0.0024623078177008484
2021-07-30,0.0,0.0,0.0,0.0,0.0023625253802319612
2021-07-31,-0.0017595107327911252,0.0,0.0,0.0033877260316306224,0.0020686487937153775
2021-08-01,-0.0036213303659923257,0.0,0.0,-0.0042673993409499955,-0.001679257694763181
2021-08-02,-8.959343685954746e-05,0.0,0.0,-0.0016584399795599447,0.003871210204374087
2021-08-03,0.0,0.0,0.0,0.0015613235305298456,-0.008358465636563284
2021-08-04,0.0,0.0,0.0,0.0027504928434971543,0.012407752816073092
2021-08-05,-0.0008645528323731888,-0.00043218019679358566,0.0012470849128582984,0.005776950665673297,0.008124930125151142
2021-08-06,0.005571357079314998,0.002786129664674286,0.006143576417916963,0.011487571174924271,0.008145999176022212
2021-08-07,0.004870548977152556,0.0024424339110371562,0.002347817716481515,0.0021975864422314473,0.024560122843199084
2021-08-08,-0.0021730770426393597,-0.0010923723673689212,-0.0038771099307542967,-0.008272932825198476,-0.012996427536981159
2021-08-09,0.008815496430338188,0.0018850234800722454,0.0029311534971341313,0.008389459934263321,0.016489168753698324
2021-08-10,-0.0073275908213351615,0.0037094876915724218,0.008097200083209355,0.00463359021967924,-0.004744535306166364
2021-08-11,-0.00081094156072814,0.003052271357419034,0.00518206737084026,0.0035019391260957544,0.0011571577711442238
2021-08-12,-0.009897018041968408,-0.007248442087537166,-0.008945441136080312,-0.006450897829688329,-0.013653149588065405
2021-08-13,0.029942128507166155,0.021959461692908633,0.029568464473180622,0.02974047274667324,0.037595057083857686
2021-08-14,-0.008297694544530443,-0.006584263051211514,-0.008308601977006225,-0.006812425411743428,-0.008800621728713987
2021-08-15,-0.0007553967750189017,0.03252043186759357,0.05642285763931887,0.03569341220688371,0.0029401701453926066
2021-08-16,-0.013430228405012956,0.02655283528618857,0.04430452959536435,0.025574466123610584,-0.018814677591144524
2021-08-17,-0.015298741780489289,-0.0032593287484130595,0.0021588662047797857,-0.002047515840850944,-0.017874026780591024
2021-08-18,-0.006156836098153318,0.007338625510582952,0.014929878958541698,0.017798837163047088,-0.0028488390027647803
2021-08-19,0.015223412728334385,0.0077174570135691845,0.006157080423280226,0.007777135581365835,0.02156859349225604
2021-08-20,0.03374284930794258,0.024209177879972232,0.03985224054847647,0.028422289836599113,0.02490789910891711
2021-08-21,-0.006378321140978804,-0.009065865512168814,-0.021800380001414266,-0.01241146737270038,-0.008025904949691243
2021-08-22,0.005351738639843839,0.00038180089346240287,-0.0014758465585494873,0.0007456687178184485,0.0038458272786985326
2021-08-23,0.003184001190337238,0.007080936605304844,0.012849456577228136,0.007094861882049441,0.008174289237055765
2021-08-24,-0.023074600469362605,-0.02143864383771632,-0.031090905518168954,-0.021446052418116257,-0.023356231501151847
2021-08-25,0.01887357005079293,0.011405684585943598,0.014069787782994725,0.011397866829699677,0.0129859091323683
2021-08-26,-0.030314089790107523,-0.008267911104149483,-0.0014677175869166614,-0.008223425375298743,-0.02429102779401382
2021-08-27,0.03311433684265741,0.03998108826639046,0.056380061435092665,0.04003023422073326,0.029309592835166765
2021-08-28,-0.0025178764130877607,0.014421071819961107,0.02432994885614126,0.014472142205710359,-0.00340130011271611
2021-08-29,-0.0018441138907824284,-0.0045828100322687915,-0.0067164125167449296,-0.00459370236957668,-0.0024811432519762366
2021-08-30,-0.0258600773055625,0.014900857297097003,0.03648463051948925,0.016578000250986324,-0.012933053792830718
2021-08-31,0.00035382022628915877,-0.0017042296856517591,-0.003314595154269684,-0.0018427381675519827,0.01691276058143254
2021-09-01,0.017892779261289515,0.01222558080628744,0.010863076217183298,0.012210622005986993,0.032263408380127645
2021-09-02,0.004254120511882897,0.015780096841261138,0.026957058144419177,0.01578006712127955,6.211796495048105e-05
2021-09-03,0.0074836511506792824,0.017562849257830138,0.025293773918860563,0.017562816694099093,0.011243718100290234
2021-09-04,-0.000683722574276735,-0.006060155295279701,-0.007740263119051294,-0.006060144252924671,-0.0029961046640406552
2021-09-05,0.015086930276738464,0.011166571057151575,0.009115321384668196,0.011166550586217072,0.012040543055997555
2021-09-06,0.007321568155584268,0.020938554857745206,0.024970306694912736,0.020938516896376935,0.0031484016186265062
2021-09-07,-0.04716743901936571,-0.016774161616094907,-0.010025020674737983,-0.017144715997006732,-0.052170894655708344
2021-09-08,-0.005081148790317513,0.004876226002141548,0.007555222945238693,0.005423397398733876,5.843533640303988e-06
2021-09-09,0.0028769378185349304,0.00016884848360376736,-0.0009451934774418191,7.151835533814044e-05,-0.002390835157397908
2021-09-10,-0.009943386451446656,-0.008720454595392946,-0.00725021169199902,-0.00897282781747144,-0.016339925078910245
2021-09-11,0.001564077326754898,0.0005362853957735503,0.0003324929085104511,0.0005188032749250393,0.003884952387396501
2021-09-12,0.003751132118389622,-0.00019351942075040984,-0.0008253034414934524,-0.00034160197152777183,0.009126491890516064
2021-09-13,-0.009933706952167332,-0.007047817345095075,-0.004575010907598154,-0.0071975620480349,-0.01120765802334589
2021-09-14,0.013960040110931216,0.00228624244486908,-0.0013524132754486606,0.0019491365975108366,0.014883170713199778
2021-09-15,0.007266209018236269,0.004268250948572083,0.002768293255950516,0.0042662417606429415,0.013634827180315279
2021-09-16,-0.0033637557020276265,-0.004459149664400197,-0.006952445300622889,-0.004664153376891189,-0.003950069484878194
2021-09-17,-0.0038524403977420185,-0.003927759709590917,-0.005557489275253569,-0.0040779475523907704,-0.010537853199573677
2021-09-18,0.008768818646237797,0.013753141211579,0.022572507484431403,0.014446319805514252,0.0060783934817649765
2021-09-19,-0.009116838337213884,-0.011569163220092049,-0.017671737066783266,-0.01208169192461106,-0.009987748758404247
2021-09-20,-0.022426682756946592,-0.020709338982441428,-0.02088281481182197,-0.021345952139383284,-0.030347439588998215
2021-09-21,-0.007553714817538748,-0.008403992367197244,-0.007052776091814317,-0.008683712930985688,-0.016087723657081776
2021-09-22,0.007022711010268079,0.016432292176814745,0.014749128485125107,0.017223591698606544,0.015112500096153836
2021-09-23,0.005530976512539976,0.003488829730204479,0.0027095684308295898,0.003549583816381263,0.0049356514432365994
2021-09-24,-0.010690456654287028,-0.008874053078559263,-0.007682461649388905,-0.009219813958101009,-0.012351484018650827
2021-09-25,-0.0004463211903720232,-0.001652348073661547,-0.0015723088008031683,-0.0017524454294226555,-0.00032255983069318095
2021-09-26,0.0015644331556390334,0.0008021499427584011,0.0005093724219924489,0.0007887149577165964,0.0045361356298365685
2021-09-27,-0.0032292140609679887,-0.0017277280910562576,-0.0011234236785957474,-0.0017051685193711918,-0.0048443917746864296
2021-09-28,-0.0029628497397439224,-0.003669687102260011,-0.0034565281227525446,-0.003805857651835831,-0.004567252329065519
2021-09-29,-0.002542476663906057,-0.0012009752672139662,-0.00020731776550686476,0.0004137365875960253,0.0003061697802537733
2021-09-30,0.002860068855405462,0.0028830307652361054,0.0,0.005838429250754951,0.00740208388339858
2021-10-01,0.008075147601341426,0.009672625403226442,0.008485326093560452,0.016054340107923837,0.01560466160700047
2021-10-02,-0.002880263728822774,0.0016225072264501872,0.004929919670513039,0.0020614085340158184,0.0008478636487343483
2021-10-03,0.0035151378362709984,0.003248176659926605,0.004938913740851314,0.003481329413607792,0.002491132737508117
2021-10-04,0.00923149238242904,0.0015114549033210523,-0.0013722922363793577,0.0011694929221495176,0.003179077427932997
2021-10-05,0.0187264858824725,0.007646342906724168,0.005787005857225802,0.007502480822254798,0.015159249377087125
2021-10-06,0.031438185224433646,0.010351570162513646,0.002389153008660827,0.009733927973986312,0.018138619999742644
2021-10-07,-0.012133098602842507,-0.0056440494727617585,-0.005425900483708612,-0.005627865897078754,-0.0054517288217129645
2021-10-08,0.0013344474102392478,0.0024961305088182506,0.0059659979219204295,0.002764190564030544,-0.00044768060269884113
2021-10-09,0.00800427272397286,0.0029818586684340342,0.0015076532968538725,0.0028680731920984748,0.004482814998118423
2021-10-10,-0.002312478447894839,-0.004843103000261806,-0.01178695248492656,-0.005380502055530201,-0.008409526242368348
2021-10-11,0.02242216848548284,0.009593819536860337,0.007675294568063151,0.009447556772274046,0.017010854173755696
2021-10-12,-0.010026661281550497,-0.002540347495722406,0.003035652500950725,-0.002113074555024963,-0.008033789802742719
2021-10-13,0.00929156363439887,0.0034656714699417,0.00033427876863600936,0.003224716813614581,0.010640208328450917
2021-10-14,-0.0001280714427345231,0.0007208677096077754,0.00220352004783142,0.0008348959824753255,0.008130532100742105
2021-10-15,0.029061559976786056,0.021563600672860783,0.03164982239393521,0.022342274951877128,0.02018951205111108
2021-10-16,-0.005203795859194726,-0.005148717054455965,-0.009228480252966742,-0.005466119957321158,-0.0047177860407823236
2021-10-17,0.004285120988156699,0.0034363770314211894,0.005340200211077617,0.0035840513710878596,0.0032238442689309643
2021-10-18,0.003147442735475181,0.0006025411601100483,-0.001555996158337014,0.0004353216399763937,-0.0026110701450390295
2021-10-19,0.014796434596987762,0.007861567555191629,0.006972514036490685,0.007793681500134042,0.014410239742006503
2021-10-20,0.011049541775366878,0.014697556573696646,0.029875354675375387,0.015872261059322712,0.016804559483442283
2021-10-21,-0.021901049205296452,-0.005356196800561097,0.004251574037692718,-0.004602868135565763,-0.015542769057960593
2021-10-22,-0.008402551359457888,-0.0019952488168789584,0.0020428788486133165,-0.001675809735769529,-0.00787570285283501
2021-10-23,0.003571441174319512,0.0022484177910326864,0.0032210246656765307,0.00232564324214124,0.01021501248411627
2021-10-24,-0.002807719263116737,0.00047154221002099206,0.0034900110842652765,0.0007114240071359745,-0.00490672975373585
2021-10-25,0.014427444449366611,0.009161475053655499,0.014168087658307238,0.009560462302184103,0.01248158892692719
2021-10-26,-0.017565558950737636,-0.01140813217020431,-0.01779240881480737,-0.011919230336049025,-0.011748005311207343
2021-10-27,-0.012453261844281749,-0.01131907296401291,-0.021698639794403896,-0.012145077815366556,-0.01464350052446528
2021-10-28,0.014237012112122027,0.010421790653392993,0.018038537993554815,0.011022068687582376,0.022354397394461767
2021-10-29,0.010891274197851741,0.006653738654694319,0.010003168392368922,0.006919540163985882,0.010565508407958335
2021-10-30,-0.0025333657897343986,-0.0029120342833655055,-0.006085551465683903,-0.003164647015859612,-0.005209137873016134
2021-10-31,-0.004550573070809416,0.0010147741005646083,0.005712395489805733,0.0013851223575704896,-0.0031282012534383785
2021-11-01,-0.002464476335657828,-0.0008832227248580793,0.00011151862296321369,-0.0008061403602603878,0.00024751795645938657
2021-11-02,0.014675546275023654,0.014989932912114368,0.019601331365919572,0.015898704445537426,0.01824440426675622
2021-11-03,-0.002026531832855616,0.007383487781396969,0.01646725736670751,0.008577622578726185,-0.0003576624980754506
2021-11-04,-0.009424609924176375,-0.003997411809456897,-0.001177513549102116,-0.00379016106840957,-0.007258988409843847
2021-11-05,-0.002901485134070292,-0.005812793817289941,-0.009552007742170354,-0.006381457355863374,-0.003768299329141689
2021-11-06,0.0033903724056516538,0.010444386463406508,0.018540151967705754,0.011618000770444725,0.003393269462249826
2021-11-07,0.01262060862539971,0.003172871903103891,-0.0018374793905039377,0.002697730339064952,0.009176664435996074
2021-11-08,0.030567094876983614,0.014676998366597305,0.010128396068247447,0.014556622079315407,0.02028616461189192
2021-11-09,-0.0026883172400634647,-0.005446834916936982,-0.008371703579567402,-0.005910521918951694,-0.004717892865871431
2021-11-10,-0.011870199366362577,-0.00953188211473821,-0.0098961572247942,-0.009819493763632003,-0.010059285499116832
2021-11-11,-0.0006291908823948811,-0.00028200402897116117,-7.485198915457847e-05,-0.00026657244597316776,0.003451840723627031
2021-11-12,-0.004362666257725523,-0.0041697625972525465,-0.005439711637320266,-0.004419082016263509,-0.004062550870215453
2021-11-13,0.0017443594791852757,0.005868883996777319,0.010684931044571133,0.006553717357490552,-0.000152430402323267
2021-11-14,0.007694998937636699,0.0029650242406966676,0.0007831603007630861,0.00280142314420484,0.002486879418127197
2021-11-15,-0.012819977421396511,-0.006978165508176093,-0.005379104428144266,-0.006983868302107288,-0.008014147710926345
2021-11-16,-0.022971440439832236,-0.01951579405471704,-0.02393716756872477,-0.020484825915337512,-0.024950982802084076
2021-11-17,0.001581406334834723,0.0007363369268216235,0.0006998960030442092,0.0007312271035233575,0.0041910431895269
2021-11-18,-0.01906422732471469,-0.01852478229425092,-0.02795151595867773,-0.019807906179056034,-0.022504889964604757
2021-11-19,0.006531917111031849,0.011109713328762094,0.019401748876044067,0.012229902316073904,0.016501713254689854
2021-11-20,0.009255329994444006,0.005434676853715015,0.006402139108656613,0.005565532849336696,0.009907434833878792
2021-11-21,-0.006013784192544835,0.002005924916454571,0.007065243561466428,0.0026957315024602746,-0.009712830554906238
2021-11-22,-0.013236586610669843,-0.012153017608680483,-0.017952760348032948,-0.012945404068244515,-0.014380546652089099
2021-11-23,0.007309591267781856,0.005938801788029968,0.008411466407199475,0.006274755078372163,0.014925273977158371
2021-11-24,-0.0022596914126863377,-0.0072936876997783395,-0.013623697321132222,-0.008157048430614489,-0.004198191387280503
2021-11-25,0.010240311844865957,0.00666123849523359,0.00842366659258631,0.006899420187386873,0.01640751110663774
2021-11-26,-0.03040804080128734,-0.021697571000567573,-0.031402765534994104,-0.022658625587787307,-0.03717464951325222
2021-11-27,0.003880088780074953,0.002066251539902142,0.001415369274333722,0.0020841562275162318,0.003499223863661527
2021-11-28,0.005707233319875993,0.005979953936507965,0.004604252070139037,0.00641999749070532,0.0088735868959402
2021-11-29,0.002266633620903402,0.0020825802769199875,0.0019402958019696381,0.00226927105398933,0.005177955724784411
2021-11-30,-0.0038862837086147684,0.0005016550923995222,0.0006006422104343212,0.0007466109997367187,0.007151161379175486
2021-12-01,0.0011033518835119605,0.008662701265221395,0.008332363236439377,0.009827455904836135,-0.0016069056329028886
2021-12-02,-0.0033215110898158207,0.00042592625304349596,0.0005095651105653243,0.0006322351332386233,-0.004004876095337506
2021-12-03,-0.013635151421097502,-0.01648177241944282,-0.02049104020877568,-0.017659581833416205,-0.02026971555268553
2021-12-04,-0.015325615612523547,-0.013029827490866341,-0.00926289025647975,-0.011105743440696925,-0.014057200920957635
2021-12-05,0.0002328703211269545,4.40316833423271e-05,-0.0010463092757055925,-0.0015855517740809288,0.002525106588182391
2021-12-06,0.0009982374780614922,0.0012545686020966063,0.0004022775574097359,0.00014943413712731335,0.008129954303370823
2021-12-07,0.00025447042048365454,-3.0053249817862948e-05,-0.0008911849899834179,-0.0013270831772187464,-0.00218820657869101
2021-12-08,-0.0018656973205695149,0.00014372376035920453,0.0012646971169338883,0.0018474023240226956,0.005785774026181301
2021-12-09,-0.002713643802180532,-0.005002320099893431,-0.008000803560796799,-0.01019727210563548,-0.02289105708790573
2021-12-10,-0.00037672691781232004,-0.0015240700876140156,-0.0049319652984956,-0.006864689293000548,-0.012680413514352451
2021-12-11,0.0020929458947391844,0.0034781847496123675,0.004413780777065002,0.005379266116882553,0.009491910784868773
2021-12-12,0.0006164287166496862,0.0009703640805172054,0.0010538130459363249,0.0012322196561531662,0.00287237935260376
2021-12-13,-0.00310956679922203,-0.00589011092240066,-0.00991795891796532,-0.012780369370661848,-0.020264295555670775
2021-12-14,-4.4856654124791895e-05,-0.0003517059744950757,-0.0013874496152859184,0.0027461668614932044,0.0018430212994264838
2021-12-15,0.0,0.0,0.0,0.00800343138338322,0.00396171457170591
2021-12-16,0.0,0.0,0.0,-0.0007636274157875045,-0.001502858256690387
2021-12-17,0.0,0.0,0.0,-0.0006214968880343674,-0.0020413054382257823
2021-12-18,0.0,0.0,0.0,0.00334895720055961,0.0020905017531831493
2021-12-19,0.0,0.0,0.0,-0.0013084828741738441,-0.0008834809450595227
2021-12-20,0.0,0.0,0.0,-0.002772101539062155,0.0005087163498012082
2021-12-21,0.0,0.0,0.0,0.00215808448513366,0.001714285224606149
2021-12-22,0.0,0.0,0.0,-0.00019867804905537856,-0.0008539500903044228
2021-12-23,0.0007582130462444603,0.0,0.0,0.0018789307905271446,0.001688734407959691
2021-12-24,-1.95559214031249e-05,0.0,0.0,5.321447292083725e-05,-0.0016892418179584867
2021-12-25,-0.0004370173715083636,0.0,0.0,0.0004418178701162123,0.0012608162326739336
2021-12-26,0.00039091223224363425,0.0,0.0,0.0018691980367970817,-0.0008123803919517503
2021-12-27,-7.699156390716944e-05,0.0,0.0,-0.0009051801420196792,-0.0006845975901822454
2021-12-28,-0.003283389340867471,0.0,0.0,-0.0077687403366129,-0.006360998052753919
2021-12-29,-4.959902771095592e-05,0.0,0.0,-0.0028544848992215766,-0.004256640633038433
2021-12-30,0.0,0.0,0.0,0.0008087324996899348,0.00040557183158518306
2021-12-31,0.0,0.0,0.0,-0.0010817141901003913,-0.00020006580529052798
2022-01-01,0.0,0.0,0.0,0.0038821233416652667,0.0005409035271497498
2022-01-02,0.0,0.0,0.0,-0.0011554432312625984,0.0003797171072490446
2022-01-03,0.0,0.0,0.0,-0.002646507347978555,-0.0003774551617850008
2022-01-04,0.0,0.0,0.0,-0.001040012538823909,0.00011634221806677836
2022-01-05,0.0,0.0,0.0,-0.0026388737967613096,-0.0014797105460980786
2022-01-06,0.0,0.0,0.0,-0.0003372045443630345,-0.001178888349461782
2022-01-07,0.0,0.0,0.0,-0.0010935130468769927,0.0
2022-01-08,0.0,0.0,0.0,0.0004510427676196471,0.0
2022-01-09,0.0,0.0,0.0,-0.00010458840669291813,0.0
2022-01-10,0.0,0.0,0.0,-0.0006523433339277185,0.0
2022-01-11,0.0,0.0,0.0,0.0,0.0
2022-01-12,0.0,0.0,0.0,0.0,0.0
2022-01-13,0.0,0.0,0.0,0.0,0.0
2022-01-14,0.0,0.0,0.0,0.0,0.0
2022-01-15,0.0,0.0,0.0,0.0,0.0
2022-01-16,0.0,0.0,0.0,0.0,0.0
2022-01-17,0.0,0.0,0.0,0.0,0.0
2022-01-18,0.0,0.0,0.0,0.0,0.0
2022-01-19,0.0,0.0,0.0,0.0,0.0
2022-01-20,0.0,0.0,0.0,0.0,0.0
2022-01-21,0.0,0.0,0.0,0.0,0.0
2022-01-22,0.0,0.0,0.0,0.0,0.0
2022-01-23,0.0,0.0,0.0,0.0,0.0
2022-01-24,0.0,0.0,0.0,0.0,0.0
2022-01-25,0.0,0.0,0.0,0.0,0.0
2022-01-26,0.0,0.0,0.0,0.0,0.0
2022-01-27,0.0,0.0,0.0,0.0,0.0
2022-01-28,0.0,0.0,0.0,0.0,0.0
2022-01-29,0.0,0.0,0.0,0.0,0.0
2022-01-30,0.0,0.0,0.0,0.0,0.0
2022-01-31,0.0,0.0,0.0,0.0,0.0
2022-02-01,0.0,0.0,0.0,0.0,0.0
2022-02-02,0.0,0.0,0.0,0.0,0.0
2022-02-03,0.0,0.0,0.0,0.0,0.0
2022-02-04,0.0,0.0,0.0,0.0,0.0
2022-02-05,0.0,0.0,0.0,0.0,0.0
2022-02-06,0.0,0.0,0.0,0.0,0.0
2022-02-07,0.0,0.0,0.0,0.0,0.0
2022-02-08,0.0,0.0,0.0,0.0,0.0
2022-02-09,0.0,0.0,0.0,0.0,0.0
2022-02-10,0.0,0.0,0.0,0.0,0.0
2022-02-11,0.0,0.0,0.0,0.0,0.0
2022-02-12,0.0,0.0,0.0,0.0,0.0
2022-02-13,0.0,0.0,0.0,0.0,0.0
2022-02-14,0.0,0.0,0.0,0.0,0.0
2022-02-15,0.0,0.0,0.0,0.0,0.0
2022-02-16,0.0,0.0,0.0,0.0,0.0
2022-02-17,0.0,0.0,0.0,0.0,0.0
2022-02-18,0.0,0.0,0.0,0.0,0.0
2022-02-19,0.0,0.0,0.0,0.0,0.0
2022-02-20,0.0,0.0,0.0,0.0,0.0
2022-02-21,0.0,0.0,0.0,0.0,0.0
2022-02-22,0.0,0.0,0.0,0.0,0.0
2022-02-23,0.0,0.0,0.0,0.0,0.0
2022-02-24,0.0,0.0,0.0,0.0,0.0
2022-02-25,0.0,0.0,0.0,0.0,0.0
2022-02-26,0.0,0.0,0.0,0.0,0.0
2022-02-27,0.0,0.0,0.0,0.0,0.0
2022-02-28,0.0,0.0,0.0,0.0,0.0
2022-03-01,0.0,0.0,0.0,0.0,0.0
2022-03-02,0.0,0.0,0.0,0.0,0.0
2022-03-03,0.0,0.0,0.0,0.0,0.0
2022-03-04,0.0,0.0,0.0,0.0,0.0
2022-03-05,0.0,0.0,0.0,0.0,0.0
2022-03-06,0.0,0.0,0.0,0.0,0.0
2022-03-07,0.0,0.0,0.0,0.0,0.0
2022-03-08,0.0,0.0,0.0,0.0,0.0
2022-03-09,0.0,0.0,0.0,0.0,0.0
2022-03-10,0.0,0.0,0.0,0.0,0.0
2022-03-11,0.0,0.0,0.0,0.0,0.0
2022-03-12,0.0,0.0,0.0,0.0,0.0
2022-03-13,0.0,0.0,0.0,0.0,0.0
2022-03-14,0.0,0.0,0.0,0.0,0.0
2022-03-15,0.0,0.0,0.0,0.0,0.0
2022-03-16,0.0,0.0,0.0,0.0,0.0
2022-03-17,0.0,0.0,0.0,0.0,0.0
2022-03-18,0.0,0.0,0.0,0.0,0.0
2022-03-19,0.0,0.0,0.0,0.0,0.0
2022-03-20,0.0,0.0,0.0,0.0,0.0
2022-03-21,0.0,0.0,0.0,0.0,0.0
2022-03-22,-0.0012402844041766725,-0.0006201422020885028,-0.001279176803620996,-0.0006201422020885028,-0.0006201422020885028
2022-03-23,-0.0009037739907082898,-0.00045160658726473013,-0.00034571009566819466,-0.00045160658726473013,-0.00045160658726473013
2022-03-24,0.002945927284631944,0.001472963642315861,0.0059652563304621875,0.001472963642315861,0.0016286418309319206
2022-03-25,0.0008865695759459058,0.0004439367700028729,-0.001867617813655853,0.0004439367700028729,0.0002979481423082131
2022-03-26,0.0005454856109694539,0.00027326480366873795,0.0022195796059072403,0.00027326480366873795,0.0009985815159028189
2022-03-27,0.006374857688155489,0.0031943983218247762,0.006476889597271773,0.0031943983218247762,0.005738958351674928
2022-03-28,0.0008563334592894822,-0.0038808544745492224,-0.0033954511623048855,0.00043017107711529334,0.0010554552472732404
2022-03-29,0.0010235862402758755,0.0053501350866871356,0.007643128066371352,0.000848373880270259,0.001983210482659592
2022-03-30,-0.002473079257867994,0.0060177845551201425,0.009565927129479679,-0.0009946838978366346,-0.0012400941534066456
2022-03-31,-0.009633117955793247,-0.0027205121341142835,-0.0020293009067758883,-0.0042281073054148965,-0.005973479484902011
2022-04-01,0.0026288492563857346,0.006778765428905764,0.009523751417444437,0.002107560343308723,0.004567931490093491
2022-04-02,-0.0027129413700367477,-0.0019833692915954826,-0.0015030086242090457,-0.0012852705029778866,-0.002521099797553661
2022-04-03,0.0020282095647583542,0.003160512440718577,0.00481855351038285,0.0016242829581150087,0.0061222139401035935
2022-04-04,-1.9200760147830565e-05,-0.0012106086727327048,-0.003601639533818868,0.00047087235799203597,-0.0010774946136489216
2022-04-05,-0.007440466703362736,-0.005977529078216692,-0.00789911203933169,-0.003692393328046384,-0.011272166408163309
2022-04-06,-0.009291339382848984,-0.009869996651377555,-0.014357530815544028,-0.004640817393539498,-0.010641475583377469
2022-04-07,0.0011031322513614938,0.0026466598068359826,0.004465073224693139,0.0005484156889512537,0.0020224153012009527
2022-04-08,-0.004799368118138636,-0.005633003489376676,-0.008434868304284193,-0.002387300353668076,-0.0032733878410587947
2022-04-09,0.0020304892656342055,0.00217089824835881,0.0031812751868647293,0.0010075633740869172,0.0026747037154888353
2022-04-10,-0.001751117821236714,-0.0019185207021261697,-0.0025469697998553587,-0.0011933571739300985,-0.002589203407694085
2022-04-11,-0.0032414696130417253,-0.0051017219862197205,-0.00755633172646486,-0.00227321882162812,-0.007888567730444995
2022-04-12,0.0,0.0,0.0,0.0,0.0012109417667156563
2022-04-13,0.0,0.0,0.0,0.0,0.0022872040957209183
2022-04-14,0.0,0.0,0.0,0.0,-0.002425017982625066
2022-04-15,0.0,0.0,0.0,0.0,0.00046901727269510474
2022-04-16,0.0,0.0,0.0,0.0,0.0004728344052795652
2022-04-17,0.0,0.0,0.0,0.0,-0.0017966277088342641
2022-04-18,0.0,0.0,0.0,0.0,-0.0005487958966390316
2022-04-19,0.00016446320467267128,0.0,0.0,0.0,0.0
2022-04-20,-0.00020900493426023736,0.0,0.0,0.0,0.0
2022-04-21,-0.0013599697961315105,0.0,0.0,0.0,0.0
2022-04-22,-6.277364709461608e-05,0.0,0.0,0.0,0.0
2022-04-23,0.0,0.0,0.0,0.0,0.0
2022-04-24,0.0,0.0,0.0,0.0,0.0
2022-04-25,0.0,0.0,0.0,0.0,0.0
2022-04-26,0.0,0.0,0.0,0.0,0.0
2022-04-27,0.0,0.0,0.0,0.0,0.0
2022-04-28,0.0,0.0,0.0,0.0,0.0
2022-04-29,0.0,0.0,0.0,0.0,0.0
2022-04-30,0.0,0.0,0.0,0.0,0.0
2022-05-01,0.0,0.0,0.0,0.0,0.0
2022-05-02,0.0,0.0,0.0,0.0,0.0
2022-05-03,0.0,0.0,0.0,0.0,0.0
2022-05-04,0.0,0.0,0.0,0.0,0.0
2022-05-05,0.0,0.0,0.0,0.0,0.0
2022-05-06,0.0,0.0,0.0,0.0,0.0
2022-05-07,0.0,0.0,0.0,0.0,0.0
2022-05-08,0.0,0.0,0.0,0.0,0.0
2022-05-09,0.0,0.0,0.0,0.0,0.0
2022-05-10,0.0,0.0,0.0,0.0,0.0
2022-05-11,0.0,0.0,0.0,0.0,0.0
2022-05-12,0.0,0.0,0.0,0.0,0.0
2022-05-13,0.0,0.0,0.0,0.0,0.0
2022-05-14,0.0,0.0,0.0,0.0,0.0
2022-05-15,0.0,0.0,0.0,0.0,0.0
2022-05-16,0.0,0.0,0.0,0.0,0.0
2022-05-17,0.0,0.0,0.0,0.0,0.0
2022-05-18,0.0,0.0,0.0,0.0,0.0
2022-05-19,0.0,0.0,0.0,0.0,0.0
2022-05-20,0.0,0.0,0.0,0.0,0.0
2022-05-21,0.0,0.0,0.0,0.0,0.0
2022-05-22,0.0,0.0,0.0,0.0,0.0
2022-05-23,0.0,0.0,0.0,0.0,0.0
2022-05-24,0.0,0.0,0.0,0.0,0.0
2022-05-25,0.0,0.0,0.0,0.0,0.0
2022-05-26,0.0,0.0,0.0,0.0,0.0
2022-05-27,0.0,0.0,0.0,0.0,0.0
2022-05-28,0.0,0.0,0.0,0.0,0.0
2022-05-29,0.0,0.0,0.0,0.0,0.0
2022-05-30,0.0,0.0,0.0,0.0,0.0
2022-05-31,0.0,0.0,0.0,0.0,0.0
2022-06-01,0.0,0.0,0.0,0.0,0.0
2022-06-02,0.0,0.0,0.0,0.0,0.0
2022-06-03,0.0,0.0,0.0,0.0,0.0
2022-06-04,0.0,0.0,0.0,0.0,0.0
2022-06-05,0.0,0.0,0.0,0.0,0.0
2022-06-06,0.0,0.0,0.0,0.0,0.0
2022-06-07,0.0,0.0,0.0,0.0,0.0
2022-06-08,0.0,0.0,0.0,0.0,0.0
2022-06-09,0.0,0.0,0.0,0.0,0.0
2022-06-10,0.0,0.0,0.0,0.0,0.0
2022-06-11,0.0,0.0,0.0,0.0,0.0
2022-06-12,0.0,0.0,0.0,0.0,0.0
2022-06-13,0.0,0.0,0.0,0.0,0.0
2022-06-14,0.0,0.0,0.0,0.0,0.0
2022-06-15,0.0,0.0,0.0,0.0,0.0
2022-06-16,0.0,0.0,0.0,0.0,0.0
2022-06-17,0.0,0.0,0.0,0.0,0.0
2022-06-18,0.0,0.0,0.0,0.0,0.0
2022-06-19,0.0,0.0,0.0,0.0,0.0
2022-06-20,0.0,0.0,0.0,0.0,0.0
2022-06-21,0.0,0.0,0.0,0.0,0.0
2022-06-22,0.0,0.0,0.0,0.0,0.0
2022-06-23,0.0,0.0,0.0,0.0,0.0
2022-06-24,0.0,0.0,0.0,0.0,0.0
2022-06-25,0.0,0.0,0.0,0.0,0.0
2022-06-26,0.0,0.0,0.0,0.0,0.0
2022-06-27,0.0,0.0,0.0,0.0,0.0
2022-06-28,0.0,0.0,0.0,0.0,0.0
2022-06-29,0.0,0.0,0.0,0.0,0.0
2022-06-30,0.0,0.0,0.0,0.0,0.0
2022-07-01,0.0,0.0,0.0,0.0,0.0
2022-07-02,0.0,0.0,0.0,0.0,0.0
2022-07-03,0.0,0.0,0.0,0.0,0.0
2022-07-04,0.0,0.0,0.0,0.0,0.0
2022-07-05,0.0,0.0,0.0,0.0,0.0
2022-07-06,0.0,0.0,0.0,0.0,0.0
2022-07-07,0.0,0.0,0.0,0.0,0.0
2022-07-08,0.0,0.0,0.0,0.0,0.0
2022-07-09,0.0,0.0,0.0,0.0,0.0
2022-07-10,0.0,0.0,0.0,0.0,0.0
2022-07-11,0.0,0.0,0.0,0.0,0.0
2022-07-12,0.0,0.0,0.0,0.0,0.0
2022-07-13,0.0,0.0,0.0,0.0,0.0
2022-07-14,0.0,0.0,0.0,0.0,0.0
2022-07-15,0.0,0.0,0.0,0.0,0.0
2022-07-16,0.0,0.0,0.0,0.0,0.0
2022-07-17,0.0,0.0,0.0,0.0,0.0
2022-07-18,0.0,0.0,0.0,0.0,0.0
2022-07-19,0.0,0.0,0.0,0.0,0.0
2022-07-20,0.0,0.0,0.0,0.0,0.0
2022-07-21,0.0,0.0,0.0,0.0,0.0
2022-07-22,0.0,0.0,0.0,0.0,0.0
2022-07-23,0.0,0.0,0.0,0.0,0.0
2022-07-24,0.0,0.0,0.0,0.0,0.0
2022-07-25,0.0,0.0,0.0,0.0,0.0
2022-07-26,0.0,0.0,0.0,0.0,0.0
2022-07-27,0.0,0.0,0.0,0.0,0.0
2022-07-28,0.0,0.0,0.0,0.0,0.0
2022-07-29,0.0,0.0,0.0,0.0,0.0
2022-07-30,0.0,0.0,0.0,0.0,0.0
2022-07-31,0.0,0.0,0.0,0.0,0.0
2022-08-01,0.0,0.0,0.0,0.0,0.0
2022-08-02,0.0,0.0,0.0,0.0,0.0
2022-08-03,0.0,0.0,0.0,0.0,0.0
2022-08-04,0.0,0.0,0.0,0.0,0.0
2022-08-05,0.0,0.0,0.0,0.0,0.0
2022-08-06,0.0,0.0,0.0,0.0,0.0
2022-08-07,0.0,0.0,0.0,0.0,0.0
2022-08-08,0.0,0.0,0.0,0.0,0.0
2022-08-09,0.0,0.0,0.0,0.0,0.0
2022-08-10,0.0,0.0,0.0,0.0,0.0
2022-08-11,0.0,0.0,0.0,0.0,0.0
2022-08-12,0.0,0.0,0.0,0.0,0.0
2022-08-13,0.0,0.0,0.0,0.0,0.0
2022-08-14,0.0,0.0,0.0,0.0,0.0
2022-08-15,0.0,0.0,0.0,0.0,0.0
2022-08-16,0.0,0.0,0.0,0.0,0.0
2022-08-17,0.0,0.0,0.0,0.0,0.0
2022-08-18,0.0,0.0,0.0,0.0,0.0
2022-08-19,0.0,0.0,0.0,0.0,0.0
2022-08-20,0.0,0.0,0.0,0.0,0.0
2022-08-21,0.0,0.0,0.0,0.0,0.0
2022-08-22,0.0,0.0,0.0,0.0,0.0
2022-08-23,0.0,0.0,0.0,0.0,0.0
2022-08-24,0.0,0.0,0.0,0.0,0.0
2022-08-25,0.0,0.0,0.0,0.0,0.0
2022-08-26,0.0,0.0,0.0,0.0,0.0
2022-08-27,0.0,0.0,0.0,0.0,0.0
2022-08-28,0.0,0.0,0.0,0.0,0.0
2022-08-29,0.0,0.0,0.0,0.0,0.0
2022-08-30,0.0,0.0,0.0,0.0,0.0
2022-08-31,0.0,0.0,0.0,0.0,0.0
2022-09-01,0.0,0.0,0.0,0.0,0.0
2022-09-02,0.0,0.0,0.0,0.0,0.0
2022-09-03,0.0,0.0,0.0,0.0,0.0
2022-09-04,0.0,0.0,0.0,0.0,0.0
2022-09-05,0.0,0.0,0.0,0.0,0.0
2022-09-06,0.0,0.0,0.0,0.0,0.0
2022-09-07,0.0,0.0,0.0,0.0,0.0
2022-09-08,0.0,0.0,0.0,0.0,0.0
2022-09-09,0.0,0.0,0.0,0.0,0.0
2022-09-10,0.0,0.0,0.0,0.0,0.0
2022-09-11,0.0,0.0,0.0,0.0,0.0
2022-09-12,0.0003308573072831056,0.00016542865364144177,-0.0004222105744290383,0.00016542865364144177,0.00016542865364144177
2022-09-13,-0.009007042006098032,-0.004504265891239201,-0.008618131681223273,-0.004504265891239201,-0.004504265891239201
2022-09-14,0.0,0.0,0.0,0.0,0.0
2022-09-15,0.0,0.0,0.0,0.0,0.0
2022-09-16,0.0,0.0,0.0,0.0,0.0
2022-09-17,0.0,0.0,0.0,0.0,0.0
2022-09-18,0.0,0.0,0.0,0.0,0.0
2022-09-19,0.0,0.0,0.0,0.0,0.0
2022-09-20,0.0,0.0,0.0,0.0,0.0
2022-09-21,0.0,0.0,0.0,0.0,0.0
2022-09-22,0.0,0.0,0.0,0.0,0.0
2022-09-23,0.0,0.0,0.0,0.0,0.0
2022-09-24,0.0,0.0,0.0,0.0,0.0
2022-09-25,0.0,0.0,0.0,0.0,0.0
2022-09-26,0.0,0.0,0.0,0.0,0.0
2022-09-27,0.0,0.0,0.0,0.0,0.0
2022-09-28,0.0,0.0,0.0,0.0,0.0
2022-09-29,0.0,0.0,0.0,0.0,0.0
2022-09-30,0.0,0.0,0.0,0.0,0.0
2022-10-01,0.0,0.0,0.0,0.0,0.0
2022-10-02,0.0,0.0,0.0,0.0,0.0
2022-10-03,0.0,0.0,0.0,0.0,0.0
2022-10-04,0.0,0.0,0.0,0.0,0.0
2022-10-05,0.0,0.0,0.0,0.0,0.0
2022-10-06,0.0,0.0,0.0,0.0,0.0
2022-10-07,0.0,0.0,0.0,0.0,0.0
2022-10-08,0.0,0.0,0.0,0.0,0.0
2022-10-09,0.0,0.0,0.0,0.0,0.0
2022-10-10,0.0,0.0,0.0,0.0,0.0
2022-10-11,0.0,0.0,0.0,0.0,0.0
2022-10-12,0.0,0.0,0.0,0.0,0.0
2022-10-13,0.0,0.0,0.0,0.0,0.0
2022-10-14,0.0,0.0,0.0,0.0,0.0
2022-10-15,0.0,0.0,0.0,0.0,0.0
2022-10-16,0.0,0.0,0.0,0.0,0.0
2022-10-17,0.0,0.0,0.0,0.0,0.0
2022-10-18,0.0,0.0,0.0,0.0,0.0
2022-10-19,0.0,0.0,0.0,0.0,0.0
2022-10-20,0.0,0.0,0.0,0.0,0.0
2022-10-21,0.0,0.0,0.0,0.0,0.0
2022-10-22,0.0,0.0,0.0,0.0,0.0
2022-10-23,0.0,0.0,0.0,0.0,0.0
2022-10-24,0.0,0.0,0.0,0.0,0.0
2022-10-25,0.0,0.0,0.0,0.0,0.0
2022-10-26,0.0,0.0,0.0,0.0,0.0026245968840197254
2022-10-27,0.0,0.0,0.0,0.0,-0.003776246047009768
2022-10-28,0.0,0.0,0.0,0.0,0.0010950802121523218
2022-10-29,0.0,0.0,0.0,0.0,0.004387055252729644
2022-10-30,0.0,0.0,0.0,0.0,-0.001951939931042479
2022-10-31,0.0,0.0,0.0,0.0,-0.0011925350317735228
2022-11-01,0.0,0.0,0.0,0.0,0.0003894660199834643
2022-11-02,0.0,0.0,0.0,0.0,-0.004043759538974179
2022-11-03,0.0,0.0,0.0,0.0,-0.0005485768937844027
2022-11-04,0.002686510125773145,0.0013432550628866835,0.0033338469857440156,0.0013432550628866835,0.00788209802518991
2022-11-05,0.002094262444912287,0.00919581438746575,0.015622267524872946,0.0045014576869755185,3.319698512571634e-05
2022-11-06,-0.005859539227143773,-0.014145189189550655,-0.02258428667958956,-0.013500064130304912,-0.0062788553672682434
2022-11-07,-0.0025984774070939576,-0.009288171601509965,-0.008965214165718383,-0.0015043680164389395,-0.0013105182997429354
2022-11-08,-0.00016074268035870531,-0.00027995117196477626,-0.00026731324468909357,-8.028327265541257e-05,-0.007965587627555948
2022-11-09,0.0,0.0,0.0,0.0,-2.1992629077982606e-05
2022-11-10,0.0,0.0,0.0,0.0,0.0
2022-11-11,0.0,0.0,0.0,0.0,0.0
2022-11-12,0.0,0.0,0.0,0.0,0.0
2022-11-13,0.0,0.0,0.0,0.0,0.0
2022-11-14,0.0,0.0,0.0,0.0,0.0
2022-11-15,0.0,0.0,0.0,0.0,0.0
2022-11-16,0.0,0.0,0.0,0.0,0.0
2022-11-17,0.0,0.0,0.0,0.0,0.0
2022-11-18,0.0,0.0,0.0,0.0,0.0
2022-11-19,0.0,0.0,0.0,0.0,0.0
2022-11-20,0.0,0.0,0.0,0.0,0.0
2022-11-21,0.0,0.0,0.0,0.0,0.0
2022-11-22,0.0,0.0,0.0,0.0,0.0
2022-11-23,0.0,0.0,0.0,0.0,0.0
2022-11-24,0.0,0.0,0.0,0.0,0.0
2022-11-25,0.0,0.0,0.0,0.0,0.0
2022-11-26,0.0,0.0,0.0,0.0,0.0
2022-11-27,0.0,0.0,0.0,0.0,0.0
2022-11-28,0.0,0.0,0.0,0.0,0.0
2022-11-29,0.0,0.0,0.0,0.0,0.0
2022-11-30,0.0,0.0,0.0,0.0,0.0
2022-12-01,0.0,0.0,0.0,0.0,0.0
2022-12-02,0.0,0.0,0.0,0.0,0.0
2022-12-03,0.0,0.0,0.0,0.0,0.0
2022-12-04,0.0,0.0,0.0,0.0,0.0
2022-12-05,0.0,0.0,0.0,0.0,0.0
2022-12-06,0.0,0.0,0.0,0.0,0.0
2022-12-07,0.0,0.0,0.0,0.0,0.0
2022-12-08,0.0,0.0,0.0,0.0,0.0
2022-12-09,0.0,0.0,0.0,0.0,0.0
2022-12-10,0.0,0.0,0.0,0.0,0.0
2022-12-11,0.0,0.0,0.0,0.0,0.0
2022-12-12,0.0,0.0,0.0,0.0,0.0
2022-12-13,0.0,0.0,0.0,0.0,0.0
2022-12-14,0.0,0.0,0.0,0.0,0.0
2022-12-15,0.0,0.0,0.0,0.0,0.0
2022-12-16,0.0,0.0,0.0,0.0,0.0
2022-12-17,0.0,0.0,0.0,0.0,0.0
2022-12-18,0.0,0.0,0.0,0.0,0.0
2022-12-19,0.0,0.0,0.0,0.0,0.0
2022-12-20,0.0,0.0,0.0,0.0,0.0
2022-12-21,0.0,0.0,0.0,0.0,0.0
2022-12-22,0.0,0.0,0.0,0.0,0.0
2022-12-23,0.0,0.0,0.0,0.0,0.0
2022-12-24,0.0,0.0,0.0,0.0,0.0
2022-12-25,0.0,0.0,0.0,0.0,0.0
2022-12-26,0.0,0.0,0.0,0.0,0.0
2022-12-27,0.0,0.0,0.0,0.0,0.0
2022-12-28,0.0,0.0,0.0,0.0,0.0
2022-12-29,0.0,0.0,0.0,0.0,0.0
2022-12-30,0.0,0.0,0.0,0.0,0.0
2022-12-31,0.0,0.0,0.0,0.0,0.0
2023-01-01,0.0,0.0,0.0,0.0,0.0
2023-01-02,0.0,0.0,0.0,0.0,0.0
2023-01-03,0.0,0.0,0.0,0.0,0.0
2023-01-04,0.0,0.0,0.0,0.0,0.0
2023-01-05,0.0,0.0,0.0,0.0,0.0
2023-01-06,0.0,0.0,0.0,0.0,0.0
2023-01-07,0.0,0.0,0.0,0.0,0.0
2023-01-08,0.0,0.0,0.0,0.0,0.0
2023-01-09,0.0,0.0,0.0,0.0,0.0009577074421693865
2023-01-10,0.0,0.0,0.0,0.0,0.0013172984130935816
2023-01-11,0.0,0.0,0.0,0.0,0.004644645612556841
2023-01-12,0.011911813184069642,0.005817473087184721,0.007195707812150509,0.005956451327021606,0.011900112396408424
2023-01-13,0.021484191555733334,0.016407504531059214,0.02988694928848279,0.01074245169675736,0.019661574034659512
2023-01-14,0.0351417604572537,0.03707849576821354,0.12605077679765686,0.01754184106207557,0.04165831264186326
2023-01-15,-0.002421984781417086,-0.005477931037576211,-0.012201580557691383,-0.001212930298164383,-0.0007502108515318184
2023-01-16,0.00914305682449168,0.006779139512516963,0.008962307095006894,0.004573301269351848,0.008879448824702596
2023-01-17,-0.0014662470801311,-0.003009946120174356,-0.0065907685969400776,-0.0007367440852955598,-0.00272221759523561
2023-01-18,-0.013209246847849965,-0.013205673694701936,-0.022103024859913223,-0.00663239503180435,-0.01610922108320867
2023-01-19,0.011535655334509176,0.007766233804642031,0.010234666562168426,0.005753732659370625,0.013587887457467307
2023-01-20,0.05020222416449416,0.03642229855071699,0.061892078889098645,0.023161091543827617,0.045837038850889966
2023-01-21,0.003727838823364804,-0.0013438883538978708,-0.008864816711397161,0.001569644738432574,-0.004601276831455392
2023-01-22,-0.00245309242024383,-0.0031210751487387167,-0.004550893041039283,-0.001977405775697938,-0.0010784293748140605
2023-01-23,0.007229450070765031,0.004090027962465603,0.0032227575276877474,0.003701411321635595,0.0031789498451264553
2023-01-24,-0.009896001474962057,-0.012726119018704352,-0.019874741686120356,-0.0078012119866347485,-0.018873721388593667
2023-01-25,0.015087888663079863,0.01630946984828907,0.02406963453239186,0.01065387937533635,0.01867521707281461
2023-01-26,-0.0017809963205254187,-0.0018273610353133352,-0.0026193948768853392,-0.0012260529642250662,-0.0030367399704703812
2023-01-27,0.0022440448445621985,0.0015833727306071577,0.0018194730492968603,0.001265059791902834,0.0003503375933573416
2023-01-28,-0.001809579993278354,-0.0035945212003535287,-0.0058644250813788545,-0.0017841323003053855,-0.005991821768183803
2023-01-29,0.02895869046138211,0.029999112727954858,0.039177885198337536,0.01873945472981653,0.030750157912137865
2023-01-30,-0.0368607524340967,-0.0332824775679762,-0.0409843430782294,-0.022380966147716785,-0.03717977589538801
2023-01-31,0.0124896614749328,0.005790711491644229,0.0038068616667996658,0.006002190144217989,0.010518858321707736
2023-02-01,0.025066036095696687,0.020327389690071085,0.023806478483693327,0.014451040915228974,0.02587800863851175
2023-02-02,-0.009809734597294395,-0.009788959146745602,-0.012669591836272032,-0.006202121280147743,-0.004616389112465424
2023-02-03,-0.0023186059852978724,0.0015776983218591667,0.0042543341028495885,-0.00040872440186134895,0.0035274899638439994
2023-02-04,-0.004280484800023188,-0.004672302382071503,-0.006284859395440545,-0.00280442695499461,-0.0014791362536041852
2023-02-05,-0.016407413209902466,-0.014338205535638582,-0.01763496884682003,-0.009662805768077543,-0.016587306281396597
2023-02-06,-0.006996976781502129,-0.009537876834163073,-0.013832339633112256,-0.005093655843401823,-0.006962098533835337
2023-02-07,0.019104327015160072,0.018224572905683356,0.022871241869877323,0.011821422228213585,0.022820749991148137
2023-02-08,-0.011803092686726413,-0.010366756656922327,-0.012353398825991513,-0.007163645328298274,-0.010659621389171203
2023-02-09,-0.04269091776766509,-0.04189239556684399,-0.055642112137196054,-0.02686893148359981,-0.04574576053620283
2023-02-10,-0.00651934638113183,-0.006152811720834261,-0.007672377355497972,-0.003972744049262733,-0.009926039622325078
2023-02-11,0.00910017821311504,0.010057183054540175,0.013421610902833114,0.005919766767078727,0.009830904189969125
2023-02-12,-0.0030018579896551323,0.0038040358880135905,0.009092216012170473,-7.219852930162585e-05,-0.006347638682196344
2023-02-13,-0.00036469152423268536,-0.0057730544960521435,-0.01066632517504884,-0.001666937324410811,-0.0021557938965653944
2023-02-14,0.01623488409191265,0.016447935473276054,0.021047783214232396,0.010192198283983656,0.01679664110730017
2023-02-15,0.09110836755221574,0.060192037270087484,0.05934231261930889,0.04873791009261863,0.06504067731366736
2023-02-16,-0.029078337187107728,-0.03156510490367492,-0.033187701210693366,-0.020100189690628656,-0.024834492648380446
2023-02-17,0.03185113871397882,0.03137151448806086,0.02483868968476899,0.02372137238323413,0.030702907108688837
2023-02-18,0.0018270268209117368,0.004032741687020058,0.004982798607185535,0.001773346061269665,0.0005673394257186271
2023-02-19,-0.01150001699142944,0.006512344549210125,0.01507681820916984,-0.0040817763229523685,-0.008651219525629972
2023-02-20,0.018212072745279695,0.023777147196079262,0.0258375401579769,0.012563254803003021,0.014843214259961712
2023-02-21,-0.012229826920539533,-0.018716505914043946,-0.018320573234618887,-0.01449277374491087,-0.017244998921605914
2023-02-22,-0.008569166610427836,-0.012584627813353122,-0.012175907967237665,-0.010197630006876457,-0.008302687883598114
2023-02-23,-0.007748651799405426,-0.006831043293574091,-0.005531290625034324,-0.005550903438796273,-0.003088582357487324
2023-02-24,-0.026525483429318375,-0.022028645178300943,-0.01803818571713689,-0.017633650721800787,-0.02587153264275721
2023-02-25,-0.0008623009803042647,-0.007361773105483915,-0.008475638524154672,-0.003489721046652128,-0.0033827242952400027
2023-02-26,0.013202891136598227,0.01625361596575492,0.014901015025438946,0.010255704782310193,0.01829805728656475
2023-02-27,-0.0023767130000690306,-0.006603986867208755,-0.009288927408869108,-0.0035110461588401254,-0.003293967131249298
2023-02-28,-0.012811519810354555,-0.015102312335228851,-0.016441026331476594,-0.0102607873969216,-0.015041606646314487
2023-03-01,0.015667547676021742,0.01465194584110563,0.016202427859123736,0.010892655111319538,0.023229618075874425
2023-03-02,-0.0070882670614144105,-0.00902298186952366,-0.0097239559938741,-0.005941449889589556,-0.008719487889794375
2023-03-03,-0.043218192620495643,-0.0264295794538435,-0.026985258586680105,-0.022936805616011413,-0.042527751673906655
2023-03-04,-0.00017811228872788298,-0.004238186007785916,-0.004452508576017755,-0.0018004132995715905,-0.0005404012319727425
2023-03-05,0.0019183153174717749,0.0010674850795513446,0.0006867248909983026,0.0011060297278167042,0.0006965187201193324
2023-03-06,-0.0004631571982135485,-0.0028912390787103615,-0.0035873526785609178,-0.001586730139008674,-4.782418383819653e-05
2023-03-07,-0.004854414973304411,-0.005836438261953125,-0.005810032465228487,-0.004341774344020832,-0.0032839230113167472
2023-03-08,-0.011330689885787337,-0.020351818346086015,-0.02323029697740986,-0.008503953436040712,-0.011015074979555006
2023-03-09,-0.031255653165553676,-0.02427468393607668,-0.024195716185743787,-0.01573170679350555,-0.029215459541740763
2023-03-10,-0.005316923105622262,-0.0017731143543449068,-0.00041543034931113,-0.0026799847079077566,-0.004396473328468153
2023-03-11,6.565634717103919e-05,0.0010008062287309993,0.0006373961177925658,0.0012658621201957487,0.002285912468385609
2023-03-12,0.023005573284901493,0.0163243138026139,0.023746666913270653,0.010741656510277142,0.019357980902195315
2023-03-13,0.03224231764978214,0.01617094022128085,0.015330995809950787,0.016275384248396474,0.023591827049466163
2023-03-14,0.011542198165550577,0.00905276867022442,0.009700851285662893,0.005828062557905245,0.009512003044195527
2023-03-15,-0.009012610479244065,-0.015276991400692497,-0.019596511977896358,-0.004049643128445912,-0.01098915575473458
2023-03-16,0.01920081331515222,0.01310890642856588,0.01359308721976693,0.009082337136802954,0.01292757752272844
2023-03-17,0.06268956763879285,0.048542751345018065,0.0520907011026881,0.03024535227355951,0.05104050949671457
2023-03-18,-0.008294627693474999,-0.008161169891679698,-0.004446665603609068,-0.0044147995023835485,-0.009752256630229383
2023-03-19,0.019266664275621403,0.016715003591768696,0.014575132185023154,0.01051473898451638,0.014427914477553427
2023-03-20,-0.004539589314731751,0.0003682479532804983,0.0005713569818004416,-0.007127761825889478,-0.009963984556570993
2023-03-21,0.006923671951373667,0.0064231352257748675,0.006729672482530091,0.0053151315856156955,0.013525989370567704
2023-03-22,-0.015125359049748544,-0.015529212566434136,-0.016848299797806554,-0.012484817338285548,-0.017690861475679
2023-03-23,0.018070964639214537,0.015223214086798276,0.015101896313022278,0.011194808418088176,0.021684688671264052
2023-03-24,-0.015273895603837406,-0.017932420150104766,-0.020419415003410823,-0.01019807340141976,-0.017122676413094062
2023-03-25,0.00011122713574107657,-0.001565257532735509,-0.003065866850405441,-0.0002457095723962244,-0.0011385154827161514
2023-03-26,0.010297291629714156,0.009719800470470386,0.010521900135376683,0.0057006971194415446,0.010656743999374552
2023-03-27,-0.017577222643632817,-0.017585048695828,-0.02033736817681997,-0.00965252300851771,-0.01851559684041426
2023-03-28,0.0033443097814336298,0.006313284972719213,0.007901263759124033,0.0020688262878405528,0.01162677487889674
2023-03-29,0.024505779785449544,0.016767068503750204,0.018371395058805806,0.01164903500005754,0.014292162902004302
2023-03-30,-0.004296181326771342,-0.008064417352930953,-0.008540723258694038,-0.0038575152345567965,-0.002972744214941203
2023-03-31,0.008773908169970923,0.009826530600941297,0.010673069483831732,0.005100676794358883,0.008187069059592433
2023-04-01,-5.9436578976557186e-05,-0.000838688561968226,-0.0010434575597866314,-0.00022809340123808308,-0.0002240929342651743
2023-04-02,-0.005051171687253886,-0.007762635045923116,-0.008874671534813472,-0.003482566620029881,-0.006381078545280139
2023-04-03,-0.006494150882248251,-0.004305559334415454,-0.0043721473099298525,-0.0037478379313634624,-0.0013960365056464585
2023-04-04,0.008641845001950532,0.008523167321728753,0.012188950902361606,0.004880775210320154,0.016008157051971894
2023-04-05,-0.00036605409672552103,0.0005051795703385764,0.0008916139292194369,0.00012196809529907426,0.007467206303731988
2023-04-06,-0.003081402451207027,-0.004829323245819417,-0.007511052382398797,-0.00215431272777189,-0.008630158644055252
2023-04-07,-0.0035079716054174925,-0.0033998755507148593,-0.0052366242627027715,-0.0020154992753559364,-0.0034334302596142896
2023-04-08,0.0007297492121665083,-0.003282833276529784,-0.00540699311152959,-0.0001891805215918918,-0.0025599024736416842
2023-04-09,0.008528966451780473,0.006230109074347734,0.00784487800967093,0.004891941483633033,0.006544003856073122
2023-04-10,0.0323226493839468,0.021640464532446835,0.02650475173441147,0.01686343774975474,0.025964530447490253
2023-04-11,0.009940420031197661,0.021136391979633462,0.03330089996055552,0.010280984203523191,0.0028764120350237565
2023-04-12,-0.0046394019397746344,0.002840344171364473,0.005915620096571983,0.0007819057003790597,0.0009247633852098591
2023-04-13,0.007665780770662378,0.007529705089628802,0.009836464402176448,0.005978508261947457,0.014805847634485447
2023-04-14,0.0015399436342433681,0.0024223699160428325,0.0034380093100159215,0.0017366477834546146,0.010930392819353596
2023-04-15,-0.0035912977257701595,-0.005875852553803296,-0.009026588693065052,-0.004285600552644597,-0.00289458828038458
2023-04-16,0.00020296272023934137,0.00814947894545992,0.016788545359573748,0.004957085053446386,0.0039706497406846175
2023-04-17,-0.01855967903132061,-0.013908607791914829,-0.01854132330522651,-0.012226285864943565,-0.015591566347629371
2023-04-18,0.022214639738691977,0.011646043066378287,0.012928954168081486,0.011286514947117743,0.014517448192656213
2023-04-19,-0.03669754742641029,-0.03010467241451731,-0.04379992491703566,-0.029759203138339685,-0.04063836004496901
2023-04-20,-0.014202163420753755,-0.008964303488218861,-0.012064009248540564,-0.009616519187798267,-0.005181177830175243
2023-04-21,-0.023103779725814233,-0.016899975654648736,-0.023466996532266582,-0.013412141608403205,-0.027255349650487704
2023-04-22,0.013241221976898698,0.009732315786598722,0.013620934505104154,0.007687699130327408,0.010902060617102416
2023-04-23,-0.005434561523231518,-0.004582942748476704,-0.006849426316472007,-0.003373611588031511,-0.004718472955219877
2023-04-24,-0.0018855641808368517,-0.001473085971660404,-0.0021159198321645256,-0.001132946008554181,-0.0044619942059653805
2023-04-25,0.01813416092310871,0.012387120560655829,0.01629463741298065,0.010353112658688879,0.01341106206486642
2023-04-26,0.0014533935512954788,-0.0029410727579297635,-0.007592983949285981,-0.0003964498804525096,0.001289610024133081
2023-04-27,0.018926345164604008,0.017843369619262806,0.016838441669455362,0.01248856884645222,0.014960416563039702
2023-04-28,-0.002867080595314375,0.007884757479177829,0.007835798126352156,0.0011191616886949696,-0.0036300767896225716
2023-04-29,-0.001408104621929196,-0.0020785913013432467,-0.0020560685348720575,-0.0010890464750674678,0.0013657544404770405
2023-04-30,4.78996786084096e-05,-0.0041127733529015,-0.004081124519720425,-0.0011225511649304298,-0.0046148457802511755
2023-05-01,-0.020216687639776354,-0.016904674427404176,-0.017107643837300346,-0.012152754031341972,-0.015093975205254684
2023-05-02,0.008970023944953942,0.007318630113738012,0.006576647805297098,0.00606180509837051,0.01030137775277673
2023-05-03,0.006455744801459273,0.0030621877951018117,0.0028227603130157597,0.003101991116815972,0.007496308603654578
2023-05-04,-0.003970101856824115,-0.00722427744898424,-0.008711632174910666,-0.0038165819358080277,-0.005991680425680546
2023-05-05,0.013871925911412397,0.01732301882572984,0.020426779903488512,0.010416520450589495,0.021809670750680965
2023-05-06,-0.012497462270984028,-0.014585234859167628,-0.017826552361997705,-0.010791659753549121,-0.021461161764218417
2023-05-07,-0.009838695189419377,-0.007208556715563974,-0.007428297897891789,-0.008652837429574456,-0.008547628850364308
2023-05-08,-0.015031653661995215,-0.01777565514275925,-0.0213153828659004,-0.010393233724118933,-0.01229088439291881
2023-05-09,-0.0010469105425846559,-9.27432026339714e-05,-6.631933690748326e-05,-0.00031403043053157553,-0.0004968291870092179
2023-05-10,-0.0004610712980566145,0.0015436024857888864,0.002457571510125822,0.0002380362201144237,-0.0009459904164371702
2023-05-11,-0.009761303497474727,-0.010845170447822072,-0.013145537918915928,-0.007699529848898434,-0.011342732284596813
2023-05-12,-0.00308382329222745,0.0033943703886811782,0.006180835920784,-0.0016099168837533373,-0.0010942064493660864
2023-05-13,-0.0003515468325524518,-0.0005942754390465543,-0.0008006270938003546,-0.0001832548783364807,-0.0016522444536811731
2023-05-14,0.002537089378898738,0.0019412154887237243,0.0021833705897496003,0.0013223152747245948,0.0018212766253542512
2023-05-15,0.004347331362841711,0.0026814534559294056,0.0027521014604172667,0.002268550990847107,0.004305954309835158
2023-05-16,-0.002271177534097446,-0.003370489676573718,-0.004452289649222063,-0.0011876178360931133,-0.000245472621813847
2023-05-17,0.005300761241895158,0.005307171317104231,0.007324757528341497,0.002639664813955722,0.0023910024875029023
2023-05-18,-0.008424830650046511,-0.009112382181890255,-0.013231635764123229,-0.004223595456598006,-0.006772263747919394
2023-05-19,0.0008575947648854498,0.0005664548153618831,0.0006125948950683746,0.0004281215282990747,0.001828412772570065
2023-05-20,0.0032276800580821607,0.0010662799571317105,0.0006682905003485562,0.001611988068223047,0.0024574107122565803
2023-05-21,-0.005135769477302876,-0.007170092146991824,-0.009471374583140402,-0.0025690754447551534,-0.0042894149843432094
2023-05-22,0.0014772874001838243,0.00018996503021262434,-0.00015426093134884855,0.0007370845659073755,0.0022187894823866294
2023-05-23,0.00538271343094987,0.0060923399445800275,0.007756080409984767,0.0026876622618956514,0.00676301519431588
2023-05-24,-0.013335732622547725,-0.012287172098771393,-0.014860477576473796,-0.006675075415899956,-0.015653382120670467
2023-05-25,0.0011597301841541618,0.0006924320563821418,0.0007443429793472234,0.0005799160546702264,0.0013279424810213047
2023-05-26,0.001615489155931904,0.0010510607150102658,0.0011643301223354108,0.0008086990223499235,0.0039117466663427525
2023-05-27,0.0018953771823380094,0.00887519878644305,0.012408262422956007,0.0011222107083508348,0.0012691892000660232
2023-05-28,0.02185688543117692,0.013459599478585105,0.014671907132782325,0.01043685549248985,0.02498837741700788
2023-05-29,-0.006001498794990789,-0.004731337459917717,-0.0054849420793964265,-0.0030680351583449728,-0.006573403259345301
2023-05-30,-0.0019249866856237974,0.00418410703448413,0.008034269531202787,-0.0006493819777501075,0.00040230093105741993
2023-05-31,-0.010926977573966212,-0.008748059933261332,-0.010224586511357825,-0.0058911848912454046,-0.01024725571761087
2023-06-01,-0.007624900456243977,-0.006796271513107355,-0.007889835426518887,-0.004690586688320231,-0.006551627902740997
2023-06-02,0.004593750629843907,0.005929225374849523,0.007767332495989043,0.004670183300058417,0.010970277656412897
2023-06-03,-0.003725478969692775,-0.0025122956745942115,-0.002827935762212075,-0.0020799807799930514,-0.005033905033769215
2023-06-04,0.0009919563292870581,0.006367416844363927,0.00923012604854545,0.002762176835025665,4.4681196752272e-05
2023-06-05,-0.02017551077188695,-0.020799040655745782,-0.026484344223461687,-0.024103590215960646,-0.02514657775814033
2023-06-06,0.011033893019518848,0.007919614231701066,0.007736438360600895,0.006333863296557718,0.017782582708534944
2023-06-07,-0.01165029909741,-0.01458213269834141,-0.018804375368783766,-0.00703752162434812,-0.017158403266654076
2023-06-08,0.0015349960326584977,0.00204829370637416,0.0023936062622689214,0.0007660706568712872,0.003084495355312189
2023-06-09,-0.00020015686172070168,-0.007696440135121829,-0.009736422985250903,-9.996906027864849e-05,-0.0010961915774390096
2023-06-10,-0.007723920001973306,-0.018079136458091782,-0.01579511259079025,-0.004009028600350462,-0.02105010690563902
2023-06-11,0.0006683383915646601,7.701004015658874e-05,-0.00022314998755790239,0.00017652564274661664,0.00030029515911711435
2023-06-12,-0.00016123169787451985,-0.0006373818088348804,-0.0024314924632518053,-4.2606447168358486e-05,-0.0015472936903910828
2023-06-13,0.0002301644742603859,-0.0001872844423547182,-0.0009374979855165666,6.081513309674769e-05,-3.716306848833284e-05
2023-06-14,-0.004690715175611593,-0.002610119397284394,-0.005406550232855412,-0.0016859164652384129,-0.005258126092270832
2023-06-15,0.0011678749236674335,0.001465606004320108,0.0014954097152035661,0.0009849601171736388,0.0016343619555032607
2023-06-16,0.0019866698014081585,0.002456246923589811,0.0028069310369842615,0.0015632574978992064,0.003617757012110756
2023-06-17,-5.16050412862068e-05,0.0009040617815183616,0.001118143416492856,0.00035960001659929297,0.0007544073482443903
2023-06-18,-0.0009198685458333689,-0.0006827216119197344,-0.000805450864890811,-0.00036998379165231743,-0.000643170451561037
2023-06-19,0.003014892549246584,0.00212597933446923,0.003873472566440439,0.0010545785445750244,0.0017039220850716408
2023-06-20,0.016726481666615056,0.010883337264627979,0.014630311677041874,0.008436836665594694,0.010635668460640346
2023-06-21,0.032316923702585765,0.02032421861712108,0.02588374733987342,0.016092927352774344,0.02067839772477109
2023-06-22,-0.001769774577109362,-0.005159257994520106,-0.009396563988900763,-0.0008921388811005126,-0.0023717773186684443
2023-06-23,0.013074027819353518,0.01018763855635485,0.013797352823009312,0.0065847950075064166,0.008364603106472135
2023-06-24,-0.0025867458601545046,-0.004721693707514185,-0.008113236727021467,-0.0013112256402040279,-0.0033617947582293972
2023-06-25,-0.0010428884700874885,0.001709778343784274,0.003950053087715455,-0.0005279666654741666,0.0021854862676247144
2023-06-26,-0.003137734225510558,-0.006406926667789414,-0.011210723271122047,-0.0015876727414149139,-0.008371942030226731
2023-06-27,0.006862913213879107,0.006014434140197755,0.008578811882797188,0.0034671973575333137,0.007570006255936956
2023-06-28,-0.009876610455967771,-0.009629633423112516,-0.01425986325397599,-0.0050066259397684165,-0.012183736371778608
2023-06-29,0.0067151918668877375,0.01729942584214994,0.03938293628176126,0.003575206655865859,0.004017830061767924
2023-06-30,0.0011254012878567643,0.006233875308445658,0.013379151108378506,0.00017106572630232186,0.011748597120897042
2023-07-01,0.002468181687333537,0.00012596642403517322,0.001265260664005119,0.001314881325932049,1.2899560695389667e-05
2023-07-02,0.0006568894737557507,0.005496330704240382,0.010749506760745264,0.00035004486391621015,0.00245665870057854
2023-07-03,0.01136982320588098,0.00433963594232134,0.0015638392017591762,0.006060637556601911,0.009038080692845618
2023-07-04,-0.0072896328503126995,-0.004532932743029128,-0.004716658898623272,-0.0040100599898598155,-0.006729402745986324
2023-07-05,-0.00423942807142863,-0.003008543417289178,-0.003506744657773231,-0.0024199802351443367,-0.005873281785561901
2023-07-06,-0.011782738623625,-0.0007506838776747404,0.0021154913664871433,-0.007104654912260311,-0.017964320612279372
2023-07-07,0.009098628182203194,0.017065561179602895,0.030287217195029914,0.009141653757948287,0.0069566261825850795
2023-07-08,-0.0014278120301769448,0.0013888699966149165,0.004012476830194567,8.412127431300931e-05,-0.002392054445459646
2023-07-09,-0.002949682989219715,-0.004770373692245755,-0.008479673449143355,-0.0031079862911993494,-0.0022592627225590522
2023-07-10,0.005988916815639067,0.002833317925057477,0.00220136482711375,0.003362216327925438,0.006162602077832258
2023-07-11,0.004655912910342064,0.007697410539128091,0.013566741301856089,0.0045821002888308815,0.001964466138597576
2023-07-12,-0.005301587821360143,-0.003708835475391359,-0.004286316848856719,-0.003150426842324805,-0.004612394980691548
2023-07-13,0.021458609521862737,0.03809518218700303,0.06891604237172944,0.024154771171607914,0.035452480176450196
2023-07-14,-0.020864760008266092,-0.0016548219142805687,-0.0022936552163743684,-0.010952794093463836,-0.025358930005337954
2023-07-15,-0.0005808039733207204,0.00279527209176611,0.006000435570111318,0.0019165578744031464,-0.0013627432333832568
2023-07-16,-0.001398546260377831,-0.0008200653700628502,-0.0006815804407419579,-0.0008387452857382405,-0.002505901312587877
2023-07-17,-0.0023574240638891686,-0.003500158041198964,-0.005407086588168686,-0.0037521381042249224,-0.0033388301352971217
2023-07-18,-0.006661453525077854,-0.008157370188142554,-0.011620235921857569,-0.009658620322939515,-0.006532638112807021
2023-07-19,0.0011593963294305176,0.003618617418072567,0.0063921919773017866,0.004347770173945387,-0.0007575465743943077
2023-07-20,-0.00252538025307536,-0.004922573251384232,-0.007990254619780979,-0.005878430982378613,-0.0027503540849450614
2023-07-21,0.002358136120185872,0.0016645260806458229,0.0016173706380602226,0.0019219662183584951,0.001330209767046675
2023-07-22,-0.002491356882346585,-0.005118158893569813,-0.008425467359672756,-0.005932596683210445,-0.0060425193836571855
2023-07-23,0.006718098643042625,0.004354903106433161,0.0038302387202278076,0.004547564332977316,0.006853074866943976
2023-07-24,-0.02265187291027393,-0.016092885856696215,-0.021348448791189467,-0.018915841371602737,-0.019836958864101195
2023-07-25,0.0009515141613145595,0.00022275889309453234,-0.000614660841858905,3.8100940198404487e-06,0.0012995032584104393
2023-07-26,0.002829768890807438,0.009070890680725086,0.02159101542342956,0.010788176870996535,0.0030376151078095326
2023-07-27,-0.0029623571190157127,-0.0017998410102494367,-0.0018588410971185354,-0.0019274404628910613,-0.0035798586175631586
2023-07-28,0.0021012932621913283,-3.4693923535611404e-05,-0.0021697414141809146,-0.00022559035418190376,0.0034107631305657637
2023-07-29,0.0008896162818614606,0.001848939915965797,0.004048990763708238,0.002073352870297196,0.0014898381675971795
2023-07-30,-0.0016467121787890893,-0.004496763512127355,-0.0103395256257931,-0.005464871324929121,-0.0050183627069674275
2023-07-31,-0.0014617170830681925,-0.0026507943831475256,-0.005977392567526496,-0.0032248072838259034,-0.0018966928437045283
2023-08-01,0.011807711009504285,0.006900842555919384,0.0076090129608485935,0.00840976507659974,0.005462766626118443
2023-08-02,-0.012808973126205547,-0.00970068314132666,-0.014136087470802416,-0.011936212491648446,-0.014641894229570407
2023-08-03,-1.594988388597951e-05,-0.001913256914893191,-0.005336553809818345,-0.0023451441038352394,-0.0002817553292865371
2023-08-04,-0.0017648190248911177,-0.0003473775421429792,0.0009198362264934978,-0.0002614470711771455,-0.0018431047212217333
2023-08-05,-0.0009291391269019567,-0.0011018941203364552,-0.0020013293611359506,-0.0012571779586341147,-0.0003524938372150288
2023-08-06,0.0003619147779534426,0.0024064244071793084,0.006128406710974588,0.002898543207892068,-3.9790216756707686e-05
2023-08-07,0.0027237059858655766,0.0011400106439807267,2.3243336451761465e-05,0.0011394889381903806,0.0014863722908078358
2023-08-08,0.013432878606980614,0.013472240397215618,0.020266599367976257,0.013889271831189154,0.009735676289001738
2023-08-09,-0.0037870109775036687,-0.0008875735347435576,0.0001903750947334082,-0.0014844790980624856,-0.003651787384176597
2023-08-10,-0.0026913257845943006,0.0003468633869159188,0.001401790234841993,0.00011756614673807952,-0.0024151647671684096
2023-08-11,-0.0006161982759637086,-0.00027079843759136857,-0.00011364404183977772,-0.00043717102500362426,-0.0009204808635202566
2023-08-12,8.588942769272023e-05,0.0018470958281469052,0.003610559849427375,0.002154385171996509,0.00010575914328114777
2023-08-13,-0.0026206472330551067,-0.005384087561077555,-0.009616555543891403,-0.006950389514841171,-0.003208555747629238
2023-08-14,0.002554643150272984,0.007008687683285553,0.01306027921552122,0.00899847868261916,0.00174955930042886
2023-08-15,-0.005764499593626238,-0.01321458522026997,-0.021502345955499602,-0.016172473806478127,-0.005346208165561528
2023-08-16,-0.011127658510266758,-0.014711686454702111,-0.022473782322669056,-0.018258338495001802,-0.009060046240494501
2023-08-17,-0.019351753998008148,-0.009792175706004769,-0.013288807031958227,-0.018341167043171236,-0.01249301870776165
2023-08-18,-0.0002052280528893613,-0.00020350197177443352,-0.0003606723104722098,-0.0020861526660921337,-0.00011434461987747113
2023-08-19,0.0,0.0,0.0,0.0016948672972498802,0.0
2023-08-20,0.0,0.0,0.0,-0.00039278561736399986,0.0
2023-08-21,0.0,0.0,0.0,-0.0017228905873923894,0.0
2023-08-22,0.0,0.0,0.0,-0.0007343248802090807,0.0
2023-08-23,0.0,0.0,0.0,0.0,0.0
2023-08-24,0.0,0.0,0.0,-0.003573895537411831,0.0
2023-08-25,0.0,0.0,0.0,0.0,0.0
2023-08-26,0.0,0.0,0.0,0.0,0.0
2023-08-27,0.0,0.0,0.0,0.0,0.0
2023-08-28,0.0,0.0,0.0,0.0,0.0
2023-08-29,-0.0007857943376565757,-0.00039289716882828785,-0.0002793167152580489,-0.00020527662707769956,-0.00039289716882828785
2023-08-30,-0.0015648082656770645,-0.0007820966076440561,-0.0018332462435483032,-0.005421771509130369,-0.0007820966076440561
2023-08-31,0.0,0.0,0.0,0.0,0.0
2023-09-01,0.0,0.0,0.0,0.0,0.0
2023-09-02,0.0,0.0,0.0,0.0,0.0
2023-09-03,0.0,0.0,0.0,0.0,0.0
2023-09-04,0.0,0.0,0.0,0.0,0.0
2023-09-05,0.0,0.0,0.0,0.0,0.0
2023-09-06,0.0,0.0,0.0,0.0,0.0
2023-09-07,0.0,0.0,0.0,0.0,0.0
2023-09-08,0.0,0.0,0.0,0.0,0.0
2023-09-09,0.0,0.0,0.0,0.0,0.0
2023-09-10,0.0,0.0,0.0,0.0,0.0
2023-09-11,0.0,0.0,0.0,0.0,0.0
2023-09-12,0.0,0.0,0.0,0.0,0.0
2023-09-13,0.0,0.0,0.0,0.0,0.0
2023-09-14,0.0,0.0,0.0,0.0,0.0
2023-09-15,0.0,0.0,0.0,0.0,0.0
2023-09-16,0.0,0.0,0.0,0.0,0.0
2023-09-17,0.0,0.0,0.0,0.0,0.0
2023-09-18,0.0,0.0,0.0,0.0,0.0
2023-09-19,0.0,0.0,0.0,0.0,0.0
2023-09-20,0.0,0.0,0.0,0.0,0.0
2023-09-21,0.0,0.0,0.0,0.0,0.0
2023-09-22,0.0,0.0,0.0,0.0,0.0
2023-09-23,0.0,0.0,0.0,0.0,0.0
2023-09-24,0.0,0.0,0.0,0.0,0.0
2023-09-25,0.0,0.0,0.0,0.0,0.0
2023-09-26,0.0,0.0,0.0,0.0,0.0
2023-09-27,0.0,0.0,0.0,0.0,0.0
2023-09-28,0.0,0.0,0.0,0.0,0.0
2023-09-29,0.0,0.0,0.0,0.0,0.0
2023-09-30,0.0,0.0,0.0,-0.0017555867458992624,0.0
2023-10-01,0.0,0.0,0.0,0.017713114519190443,0.0
2023-10-02,-0.009106379463696634,-0.005708424077933039,-0.007829787112614062,-0.008463430753684165,-0.003991034859320397
2023-10-03,-0.00039328839416030714,-0.0003676349610524099,-0.0005972834497902646,0.0019058099638065151,-0.0001692961740260568
2023-10-04,0.0,0.0,0.0,-0.004233770540363668,0.0
2023-10-05,0.0,0.0,0.0,-0.003889918666365122,0.0
2023-10-06,-0.0004181369654503442,-0.0002090684827251721,-0.0015879834805246906,0.00623707982175481,-0.0002090684827251721
2023-10-07,0.0001931883685728497,9.657398526408123e-05,-0.00039471071494368015,-0.0008959974340974064,9.657398526408123e-05
2023-10-08,-0.0012239848363062578,-0.001109862555644936,-0.0022961259816648427,-0.0013366576147889608,-0.0006118924532162451
2023-10-09,-0.003727929244395578,-0.004276963195946282,-0.007035565820977752,-0.011997914094277418,-0.0018640403893794844
2023-10-10,0.0,0.0,0.0,-0.0014360685452059485,0.0
2023-10-11,0.0,0.0,0.0,-0.0025573029322828456,0.0
2023-10-12,0.0,0.0,0.0,-0.003993398897034206,0.0
2023-10-13,0.0,0.0,0.0,0.0030757118351254498,0.0
2023-10-14,0.0,0.0,0.0,5.245924002639235e-05,0.0
2023-10-15,0.0,0.0,0.0,-0.00037322617162538485,0.0
2023-10-16,0.004293376584829867,0.006223183376369956,0.010335688222904205,0.01593829582193096,0.002150714504085105
2023-10-17,-0.002527500056650145,-0.0013541784068549223,-0.00210535332039552,-0.0015818466501125172,-0.0011968584399159043
2023-10-18,-0.002598190203986883,-0.007181371924675717,-0.011233780154656037,-0.007055288515613656,-0.001566609379046846
2023-10-19,0.013510712215983878,0.02360730654459675,0.03663217040793043,0.024782627123917766,0.008386611061578009
2023-10-20,0.032346468342595136,0.03849058274038719,0.05689616343581805,0.04221589746717069,0.02026032197743488
2023-10-21,0.007896457688374658,0.02828091052590298,0.04549802612361664,0.028076537121572542,0.0050045641935339
2023-10-22,0.0030860118392734837,-0.001606470197421661,-0.002300437459403226,-0.0010496601812568507,0.0017096582114199954
2023-10-23,0.08661727323415636,0.07306454939376938,0.08438662475092995,0.08817383456980155,0.06354396781711058
2023-10-24,0.02196381896584443,-0.0023444067991528206,-0.009246122948791125,-0.0008748832180622834,0.011261083555593965
2023-10-25,0.01328301436400503,0.025263347387058266,0.0265878610858572,0.019930977586307908,0.007089212507873643
2023-10-26,-0.007874433502748523,-0.0012887501850364913,0.0005053961114220851,-0.0014990571509725381,-0.003353277134677368
2023-10-27,-0.005983754217683823,-0.00966241326232975,-0.011836692035318674,-0.008935620553428447,-0.006172202538533789
2023-10-28,0.0043815170741678955,0.0015384726086062894,0.0004973563520129787,0.0013266495631516495,0.0012135401754709285
2023-10-29,0.01026981441776642,0.01275099527452328,0.014933935245679875,0.012235150438335118,0.007232976042540251
2023-10-30,-0.001168969312878687,0.012677888865485487,0.019404589251536875,0.012125212976536792,-0.0008788982189810168
2023-10-31,0.0037754590446612557,0.023319365157279393,0.027803178826393493,0.02249835567874703,0.0028270676742383483
2023-11-01,0.017814017035082452,0.03202215879840553,0.03286307706275893,0.03211980474358356,0.01419063033617296
2023-11-02,-0.010744148340204318,-0.008675662925186511,-0.00823700130619831,-0.008745249283971579,-0.014156389141729342
2023-11-03,-0.004806134743544632,-0.0054711042047047576,-0.005754217906665304,-0.00449115470579764,0.0031855260006901087
2023-11-04,0.008545194564434588,0.015409247361175105,0.018350290541459202,0.014277655910138076,0.009494458737411504
2023-11-05,-0.0012315719415011417,-0.005433602801516391,-0.006994373413185873,-0.00494814260500398,0.00741607589414639
2023-11-06,0.0002655808353193567,0.004315111010224415,0.005603730813440455,0.00392082176796138,0.0025052058058054882
2023-11-07,0.007927114497398913,0.006745928993859618,0.006535535887565391,0.006507504933758179,0.0012054331691773168
2023-11-08,0.004438055880334302,0.0031522165697788207,0.002617169572473488,0.0031157327080386654,0.003019251665266065
2023-11-09,0.022301576778495313,0.01964218589451394,0.018763376967114276,0.019000681618452697,0.06016361758981281
2023-11-10,0.013276878094338862,0.04922895635605573,0.06253431876305826,0.04502882933840935,-0.0008301315352369221
2023-11-11,-0.003799806092719793,-0.00019204830998964528,-9.606390613836613e-05,-0.0005565130719051847,-0.006102915715537338
2023-11-12,-0.0014638927967566273,-0.0007986705680018691,-0.0006491162315687138,-0.0008031331063024227,-0.002195970679311543
2023-11-13,-0.01338063760510011,-0.01773407579925179,-0.02159015701358502,-0.017074731755817196,-0.005151697451699633
2023-11-14,-0.02056739132017349,0.004270886081095604,0.01420977859997552,0.0014388599579828742,-0.024814651522759523
2023-11-15,0.05743712384355204,0.04835467524231318,0.04782236081138791,0.047775332970589,0.04636041769962462
2023-11-16,-0.03520480974449536,-0.03525064947803691,-0.03169040354076369,-0.03410147469312386,-0.03496677960245986
2023-11-17,0.009762631977554115,0.006196682012362453,0.0049492130272059676,0.0060378743929248024,0.0047064329363391
2023-11-18,-0.0010384496875666116,-1.5153908364040625e-05,0.0018344005395813934,-3.81987532838135e-06,0.0011102582013586826
2023-11-19,0.017962846542232125,0.01529314286782979,0.014675181008113602,0.014866374765754475,0.019998566228668357
2023-11-20,0.0019817511961617296,-0.01024264886594628,-0.016441638296244232,-0.00951192205390905,0.0030975897067981872
2023-11-21,-0.03469219109472221,-0.03141963873463438,-0.029582156065888432,-0.030585552050557463,-0.03666417215191975
2023-11-22,0.03794432673427606,0.03453119071026056,0.03411143673660155,0.032650591274976604,0.04343938770696698
2023-11-23,-0.0026500922104844005,-0.0038975033053184616,-0.004711237916380839,-0.0037720296422688593,-0.001587336700208164
2023-11-24,0.008964743876040737,0.005577970277597544,0.003996118492212375,0.005685858641733654,0.00844532386095187
2023-11-25,0.001421902804208841,0.0056379268326458565,0.007879612785337109,0.005345577352388053,0.0012135577694794009
2023-11-26,-0.007051596124556858,-0.006794912986442081,-0.006806507242574589,-0.0067241321211986005,-0.007673846294174558
2023-11-27,-0.004362998955465214,-0.00855449589381807,-0.010830204150296785,-0.008227866322888855,-0.008590108934189433
2023-11-28,0.012332559977955349,0.014346311928664868,0.015662021234625012,0.015362117009042109,0.010810750706715666
2023-11-29,0.0007563073644383245,0.0032036309786045436,0.004498839093121765,0.003084178493553358,-0.0034575547077075885
2023-11-30,-0.0027609604083587147,-0.0014703379127339877,-0.0008548723005644687,-0.0015715662202067104,0.002362689989907185
2023-12-01,0.020308183720207262,0.011734958429616249,0.007695476291853076,0.012002534088983108,0.018493869677598918
2023-12-02,0.012941110547625145,0.016093118254897565,0.019392209333130017,0.017623264300076658,0.020171272207475166
2023-12-03,0.009638264024831589,0.002665935692985455,0.0006852121840823511,0.004265523448808928,0.010224616819161758
2023-12-04,0.0370185359246189,0.013388865854666365,0.0073795146979547255,0.019319185935857908,0.03026294507429106
2023-12-05,0.031054680771608334,0.015459433815098622,0.007701982443375499,0.01683818836485318,0.025600139614734285
2023-12-06,-0.0047310718220238135,-0.0007359708916802044,0.001470823884332173,-0.0009311467575199295,-0.010684998146720304
2023-12-07,-0.006462988413715287,0.010497467706715335,0.01763802631315392,0.009358938756877988,0.011032221874864856
2023-12-08,0.011930428963934148,0.022623182011029197,0.024062575099909944,0.02203087377702828,0.0067516913036693715
2023-12-09,-0.006006040855262462,-0.008943006085836314,-0.009205014836197845,-0.008826536463483303,-0.005359077240107868
2023-12-10,0.0008388870966471451,0.006367244596748867,0.007330074116235208,0.005790274745881341,0.0017465453158782562
2023-12-11,-0.03639355485215079,-0.02697870406836922,-0.024136587355677586,-0.03159420764863474,-0.03498187469338587
2023-12-12,0.0026829007823059303,-0.0025811781240928644,-0.005323709517074171,-0.001653758074455891,-0.0012044308647811697
2023-12-13,0.02237451472276053,0.017896993492972024,0.015635788062615896,0.01618328702174887,0.01961380011453473
2023-12-14,0.002032822627984432,0.012692100781763527,0.01678879880574069,0.012207326559210196,0.007695939662362594
2023-12-15,-0.01567757578801443,-0.015677117174709765,-0.013834644142447616,-0.01631189369253272,-0.019579068661484844
2023-12-16,0.004912380684855888,0.005479729548598877,0.004996350306225361,0.0056500968992516665,0.0036929417183100277
2023-12-17,-0.014990172964003956,-0.014610743388661418,-0.012221145209856732,-0.014202000848506424,-0.011524847000603633
2023-12-18,0.02161588581394458,0.020154313744896513,0.016168729297443063,0.01938294442410249,0.013567286912246512
2023-12-19,-0.006295863022351633,-0.0067079057594879865,-0.005743910910923411,-0.0064314044701776485,-0.010196785249222184
2023-12-20,0.023491328488079777,0.033888407977266555,0.03232442555154513,0.03224157458311816,0.013810737656577032
2023-12-21,0.002104103544789071,0.01863376473926448,0.02809266092362117,0.018992025823357794,0.004998875831868643
2023-12-22,0.0013864493012578638,0.006361606763007899,0.008780926906605924,0.006473043897014641,0.010011062985922026
2023-12-23,-0.0033777632064346808,0.011960453633288903,0.01904368339270035,0.01200628479530863,-0.003406589550493999
2023-12-24,-0.01012566692255823,0.0014897516142318157,0.00599604199830428,0.0012642230667483378,-0.009971566906209817
2023-12-25,0.008874405006668473,0.01582880223563876,0.02036451568721165,0.016196608930822753,0.0050627397624434245
2023-12-26,-0.01687349782530445,-0.019793431194625843,-0.01715146065485107,-0.02006702200429189,-0.014488432253025874
2023-12-27,0.01479448870806288,0.0022950052371539797,-0.004544409392223225,-0.000968556608761717,0.027968275661921282
2023-12-28,-0.013709862262643702,-0.011655102867708433,-0.011581345574284807,-0.013418704423365568,-0.011777270203249812
2023-12-29,-0.009200983038989197,-7.841842267319876e-05,0.004597715151021253,0.0003217897299638839,-0.011954604633612087
2023-12-30,0.0013271945352208991,-0.003310590611768638,-0.006270763207264607,-0.00542441282992312,-0.00043903292295643936
2023-12-31,0.0025901390473297425,0.0010162102446071852,0.00034984816206029556,0.0003676778500956157,-0.0005276774953284491
2024-01-01,0.0341810123398858,0.02314235337664372,0.025396995007699097,0.030669506530609958,0.0298996433764096
2024-01-02,0.013867192458693056,0.0033236159074068183,-0.003214379844505566,0.0038371509342838284,0.009457836122684249
2024-01-03,-0.02714797346719955,-0.020949684842108685,-0.0205809356139236,-0.026346914727656823,-0.031388262404076106
2024-01-04,0.020193812335171257,0.018082906100744145,0.01750440325896152,0.018660416003931868,0.016548473593545943
2024-01-05,-0.0017985325816299857,-0.007887096956911144,-0.010336937545576297,-0.007703522089863357,-0.0013503112694271957
2024-01-06,-0.002379412146438442,-0.009651651304244835,-0.013798618810749508,-0.009425152410172943,-0.003776207159564393
2024-01-07,-0.0007241696743891524,-0.006513681613515954,-0.009396947946928358,-0.006372308888740075,-0.0030874431207033037
2024-01-08,0.055726239206632,0.03925101834840383,0.03329859197373186,0.036890576855544754,0.04276714641829549
2024-01-09,-0.011033771575485463,-0.003980467936298915,-0.00024432871991508787,-0.003601675874191246,-0.004660973049781414
2024-01-10,0.007674381672881481,0.007150849651470725,0.007373425274663337,0.0068682969211000255,0.02926129348428086
2024-01-11,-0.004143066876886592,-0.004895312565983967,-0.00541540773359328,-0.0047211041241772556,0.0012247910667404494
2024-01-12,-0.04128825919144341,-0.03355576796035831,-0.026566942029491725,-0.03193525953106202,-0.02981290925136182
2024-01-13,0.0006808677574916544,0.005626001794764912,0.005820260143216904,0.005637343018813912,0.006131411246856011
2024-01-14,-0.013036091943500971,-0.010187038322754138,-0.006992442050023917,-0.009731716649012623,-0.01725118879918175
2024-01-15,0.0063931246035200395,0.004280207196203589,0.0036044728731936537,0.0041407154050194794,0.008635055700803251
2024-01-16,0.006984915575097617,0.008778791056797797,0.007086324008779066,0.008528203557591763,0.011483182682686666
2024-01-17,-0.004347352849111807,0.003997003194226467,0.005385030663685564,0.003973436424542287,-0.007942876911520291
2024-01-18,-0.015154112068826886,-0.01865527189450833,-0.016453317720395377,-0.019726554422529685,-0.014527551363351265
2024-01-19,0.00350384589756203,0.0006819656850813871,1.345035207300782e-05,0.001012568238298872,0.004711903119794192
2024-01-20,0.00042845858438078643,-0.0008622860138586264,-0.0009783170603731017,-0.0008089236807633515,-0.002300651694549405
2024-01-21,-0.0013851384204860429,-0.00320439938216166,-0.003102439777075805,-0.0032672979499499544,-0.002566889097650793
2024-01-22,-0.02412232378441359,-0.021447353279010706,-0.019987422192378257,-0.023154606471060046,-0.02991003624550692
2024-01-23,-0.00019390723726753212,0.000363702134126509,0.0002939616949335644,0.0014681634741005034,-0.008308817888975528
2024-01-24,0.002541298263137648,0.007787079326149193,0.010461646389608337,0.007676617546589659,0.0002720454505302783
2024-01-25,-0.00167551195173532,-0.0035546044149110667,-0.004519660714911389,-0.0035088779496458278,-0.002992566211291181
2024-01-26,0.02276410033019971,0.020473948799170083,0.018580904788155994,0.020342102155692876,0.018813534859194236
2024-01-27,0.002600720920572286,0.004110699983677302,0.003713242641350867,0.0040623156244363745,0.0016394632371399265
2024-01-28,-0.001232148437424807,0.002008354815615565,0.0023749267417174647,0.001967594099380632,-0.0016587715163408623
2024-01-29,0.01773650160875251,0.01684912905021796,0.01966880692393924,0.016712937425472196,0.015231743990651525
2024-01-30,-0.0057564457219342335,-0.003536783408698785,-0.00323885064104501,-0.003530352827275318,-0.00047807092499319026
2024-01-31,-0.011195340317653124,-0.011577009289815199,-0.015259305830345293,-0.011472587027435366,-0.014288040372393507
2024-02-01,0.00848735104061804,0.004955907277196969,0.004823022357241413,0.0049357358651607175,0.006009824371225214
2024-02-02,0.0022085094203867506,0.004999171306201644,0.008937933113928764,0.004933697906780665,0.0015864924393216295
2024-02-03,-0.0032912392779334,-0.005412295956204849,-0.008895343291506985,-0.005351036589180014,-0.0030847200003517594
2024-02-04,-0.007003045898962279,-0.006888066817548055,-0.010127744139444395,-0.0068297016305580716,-0.004114129535304878
2024-02-05,0.000507150932664846,0.00044124225737407485,0.0013526756730906087,0.00040407743983705835,0.0014716534947969429
2024-02-06,0.005568626855128711,0.004528932296800958,0.0048597301233774814,0.00449986441923822,0.011124565882775217
2024-02-07,0.017102632771772486,0.014947299939269021,0.016859212831204395,0.014846685659734904,0.016362977187533545
2024-02-08,0.012068793340415773,0.008843149501254643,0.008737645056587917,0.008806427011797124,0.005761802268178462
2024-02-09,0.02157652573782398,0.01725480109945221,0.019337825357583105,0.017416735591863963,0.01947223494807737
2024-02-10,0.006620585960585901,0.006146904068687675,0.007889195135893257,0.006270365308478576,0.004704122800484267
2024-02-11,0.005838624663838221,0.0008206423256784667,-0.000735949556259996,0.001006115397034657,0.0037235329665328276
2024-02-12,0.01710307632868635,0.014290842696308426,0.017570785413820955,0.014634935051473619,0.0231348235543698
2024-02-13,-0.0022633023737489433,-1.9026652883669115e-05,0.0016482737882870246,-9.649368190156604e-05,-0.0029926129882879016
2024-02-14,0.021504065784124782,0.01701698150414921,0.016240597877934748,0.01747301478694041,0.023674179252398453
2024-02-15,0.0007703096771229934,-0.00412877883226892,-0.005701552311232927,-0.004026077735176381,0.004676619857155728
2024-02-16,0.002214965902583854,-0.002923392019341997,-0.0045847647533452385,-0.0027853791568323016,-0.0005289539422733691
2024-02-17,-0.004359029643034362,-0.0043731206135242395,-0.004374447549110427,-0.004465157708612555,-0.003962020659062926
2024-02-18,0.004501418072506258,0.007005876596811955,0.00781699225898258,0.007057020049252571,0.011066489887289865
2024-02-19,-0.003285504844685039,-0.0028214657805476495,-0.0026686017899170134,-0.002899133365315665,0.0036383449196326634
2024-02-20,0.0043966572856066755,-0.001750433529638773,-0.0037450493451594014,-0.0015480399009838441,0.008648351846572977
2024-02-21,-0.0037022940196070886,-0.006489822158290859,-0.007397450168083575,-0.006518247443418446,-0.006189691694915012
2024-02-22,-0.0050914531294735665,-0.007313766743993422,-0.008038423372326742,-0.007382590332193906,-0.0026459329621202343
2024-02-23,-0.004965161153056896,-0.005380715208132658,-0.00551356388564761,-0.0054800864014523665,-0.007151713471304388
2024-02-24,0.007555179192233252,0.009942571587827631,0.01072214494134549,0.010063528257383103,0.010550777170582837
2024-02-25,0.0014616334882251447,0.00012110583913793604,-0.0003196046705560285,0.00017639836895066985,0.011259208166147117
2024-02-26,0.024965149924756957,0.023070866024281766,0.022429654471117333,0.02363936316674975,0.019215332242303207
2024-02-27,0.022701572597031427,0.011148524884690314,0.007326690418258952,0.01183704567788224,0.017555712692500336
2024-02-28,0.042347405259905324,0.039914127098517715,0.03621033135621787,0.038496840872290994,0.03302811726330668
2024-02-29,-0.008307808759655533,0.0034027945436894136,0.006417437920031244,0.00280905790518049,-0.007886201067803689
2024-03-01,0.008092820008193335,0.011124781162342723,0.008171187666683677,0.011398963448804977,0.011042398989024482
2024-03-02,-0.0025587293438567027,-0.0009979693719796012,-0.0004248997748067529,-0.001135859131654482,-0.0023428490209377317
2024-03-03,0.007214543045444222,0.004286751924367227,0.0033718028512101927,0.004669437808678234,0.008701937910032376
2024-03-04,0.03262473900670293,0.021462772912408168,0.018286304908507134,0.02318139445808498,0.02891859435566757
2024-03-05,-0.026426585567245975,-0.022691632983488974,-0.022002389703069447,-0.022740885223088814,-0.02035468265253093
2024-03-06,0.01322227209393434,0.011080515431814097,0.01117535195691488,0.012067290960441346,0.018288180671348186
2024-03-07,0.003326514624797383,0.0126497782036612,0.017922215859057955,0.01287592151214123,0.004337186239065094
2024-03-08,0.005758030105277312,0.0043703975407891615,0.0032785545280551442,0.004878262876624628,0.004526361620931896
2024-03-09,0.0008320358578861597,0.00012194619388816719,-5.538151059303331e-05,0.00019901534203237148,0.0014600114285863164
2024-03-10,0.0028254181513982513,0.0018471318785000523,0.0013004955829889475,0.0020978135844289536,0.0008387673084964131
2024-03-11,0.016359912647555097,0.012100782694185463,0.00957780908402861,0.01328870233076307,0.016949132239646003
2024-03-12,-0.0031764736774477775,4.502395079075683e-05,0.0006433453347223228,-0.00020972837109334286,-0.0052430425432394845
2024-03-13,0.008247312461323597,0.014485961007913994,0.013546290547858053,0.01501471223562545,0.0058024362634225835
2024-03-14,-0.008498230818963282,0.005367955700201543,0.007177807234167277,0.004643237619517793,-0.009887072534885188
2024-03-15,-0.01094233021632085,0.0005963982359356024,0.0023824072310976163,-0.00016154212198227214,-0.011261483045905796
2024-03-16,-0.018509223652429685,-0.012215056783680511,-0.00920681385220512,-0.013802832302827861,-0.018403194649376897
2024-03-17,0.013889679031624524,0.018071658393208345,0.0216975643931554,0.01937339404644467,0.012112738414318258
2024-03-18,-0.0034703726174459826,-0.004942253888180037,-0.006107566839513856,-0.005264236723770965,-0.006876499821272364
2024-03-19,-0.02294942935954547,-0.027746946029717945,-0.0275391104346846,-0.02731353632406386,-0.027850989954658845
2024-03-20,0.022081087564823187,0.027094899471854283,0.02286860477642838,0.024373744297596867,0.02901897709718715
2024-03-21,-0.008561089026537627,-0.012080991561348231,-0.010761457855746004,-0.011207163868019232,-0.005972760794172638
2024-03-22,-0.006292430093944201,-0.005264042805752767,-0.005414637033540282,-0.005908826094731201,-0.007991825755825022
2024-03-23,0.0007183213438901603,-0.0009057087431502131,-0.0010105482279453293,-0.0008495419358953704,0.00026406057593098
2024-03-24,0.011952836998221139,0.011591814954889035,0.012009502006497419,0.012842655773020573,0.010714925759788052
2024-03-25,0.009794269840868175,0.007443607594667334,0.007615728697538238,0.008434285196087243,0.009612430408655337
2024-03-26,0.0003922908601763364,0.0009130714207756796,0.0009694133493907131,0.0009583588414472377,0.000163098061721767
2024-03-27,-0.001881015854093726,-0.0029567750346362054,-0.0031122921737462006,-0.0031601598614509063,-0.0033975425591661335
2024-03-28,0.004768101301186878,0.004019938900342357,0.004134825514449547,0.004503963022934654,0.0045019329951814235
2024-03-29,-0.0036959955537548828,-0.0008422301889972061,-0.0004463275897156338,-0.0008695201149256926,-0.003404730562864944
2024-03-30,-0.0011962534924944146,0.0003752009457052008,0.0006597341795713252,0.0004857049553383952,-0.0007120079738196505
2024-03-31,0.007577387128827384,0.008358854408369476,0.007417073794683704,0.007758100512281096,0.008046817430259923
2024-04-01,-0.007220884751238388,-0.00906125860695739,-0.00826013678225046,-0.008504317531582095,-0.009487160759278357
2024-04-02,-0.018675564560326374,-0.01594532588643649,-0.013249937103861797,-0.014420949565353447,-0.018828080003443493
2024-04-03,0.002270045086165462,0.003039990260238712,0.0027941337854970882,0.0028609070141452086,0.002503272970621584
2024-04-04,0.011451805404522952,0.006046673775937261,0.004093999165539763,0.005074484179785177,0.00650572070669142
2024-04-05,-0.002992183198021414,-0.006435884863040808,-0.006309710383237133,-0.006224151118249144,-0.0019256711269647342
2024-04-06,0.005581596832874958,0.00491953461528305,0.005420666303046495,0.004526826890614455,0.0038829801898492278
2024-04-07,0.0024184780767968483,0.0016136085644695708,0.0015436616522310764,0.0014411503022213612,0.005365780225537575
2024-04-08,0.011739341056444141,0.006406646926628179,0.005095774873654202,0.0071890135395296095,0.015161426253156973
2024-04-09,-0.01270402353589617,-0.010367871739319967,-0.011261739271280935,-0.011297350996916755,-0.013267476232041164
2024-04-10,0.007724032217842902,0.004290345639002879,0.0034755100869650057,0.004842079188956738,0.0049979829822077715
2024-04-11,-0.0032249900990487523,-0.0020740737737082737,-0.001922944045845032,-0.00230651802885673,-0.0031958585636854275
2024-04-12,-0.014962691820521012,-0.016896678512288377,-0.021172326964598143,-0.018041477215689383,-0.01755957489379345
2024-04-13,-0.014352835803120967,-0.0157296326642411,-0.01838945496354616,-0.017006637205731923,-0.017100527501632712
2024-04-14,0.007954937057505163,0.01112161695147762,0.014304790360318398,0.010872746423071789,0.010446865397214733
2024-04-15,-0.01127475320745297,-0.012314216133348377,-0.015022883397077469,-0.012611596296645211,-0.007457327046403117
2024-04-16,0.0018993245557630267,-0.00016116405678390233,-0.0012515723893029573,-0.00013718043623422993,0.00010789184420856301
2024-04-17,-0.012773645954962998,-0.00896344188110032,-0.00860381305377933,-0.009245232165883133,-0.00984135265625874
2024-04-18,0.013270046086286458,0.011164869213248885,0.013129703105230428,0.01145516911089528,0.00702677444191524
2024-04-19,0.002058783610430881,0.0011479783471901595,0.0010340319886736893,0.0011857978490894538,0.0008760180841631549
2024-04-20,0.0066289222687732074,0.007407354856390658,0.009608637759345395,0.007573265298913556,0.005920918355160287
2024-04-21,3.2850671296547063e-06,-0.0012131781658478724,-0.0020504509672791826,-0.0012273908095932207,-0.00018678986255205032
2024-04-22,0.01101766832463369,0.009080963446993495,0.010485765383443368,0.009316885392795404,0.007209698594362823
2024-04-23,-0.0023517658715080936,-0.0021618037731658823,-0.0030011209613318712,-0.0022143253491200277,-0.0008391572136001724
2024-04-24,-0.012706127105294285,-0.009078933422753455,-0.01164069402144885,-0.009329068958024211,-0.008547509522994767
2024-04-25,0.0012281480587201798,-0.0009254396766028572,-0.0019351500979126746,-0.0009220066998844034,0.0010164023204735084
2024-04-26,-0.004279759752422341,-0.004767552142998399,-0.006798440419336749,-0.004874184940045545,-0.0028952902405314784
2024-04-27,-0.0018178032347377915,0.00022947810808626734,0.0016149574312656068,0.00021086893133559492,0.0017821892455813781
2024-04-28,-0.0020299892434351152,-0.002599806335264021,-0.005099250212338702,-0.0026546852587616687,-0.0007263994878473623
2024-04-29,0.004427596316204374,0.0018926763487734366,0.0018004679186751638,0.0019673388856398244,0.00019138916520877736
2024-04-30,-0.022146738204752214,-0.016672044188559276,-0.02265527927776434,-0.01673205984198356,-0.02000966201822718
2024-05-01,-0.014495388411611021,-0.0031833378698644665,-0.005309903364389079,-0.003134783157315524,-0.009402828635522553
2024-05-02,0.0018975112974422004,0.0024636623542027003,0.002692727819654017,0.002481759253312177,0.0012379897371768145
2024-05-03,0.012027610297640656,0.00832204912373169,0.009529855638347628,0.00835918397288049,0.007657244372021088
2024-05-04,0.00431468635821286,0.002517337955680432,0.003241841865932127,0.0025315149198077425,0.001625616659602036
2024-05-05,-0.00018689683103756405,0.00011713072961838655,-7.050075233683284e-05,0.00011519181005348322,0.0006813450771800955
2024-05-06,-0.003909359593482042,0.0016378800128069582,0.005423400775419918,0.0016808487652140158,-0.003519971020307322
2024-05-07,-0.0037332994709646794,-0.004430273271449958,-0.006666520509701623,-0.004459079534609778,-0.0031928971388298644
2024-05-08,-0.004915431780121993,-0.005615568313718566,-0.008361127305923866,-0.005651062383823513,-0.0032937466796952863
2024-05-09,0.008303025429733824,0.009778870297115771,0.014745808550839623,0.009842619870582103,0.005746800150520537
2024-05-10,-0.013709815158637562,-0.009166490411342543,-0.011794218235970932,-0.009205849513413855,-0.008505268931134013
2024-05-11,6.5607636380971e-05,-0.0002705574942764022,-0.0002740930198967817,-0.0002741617159690568,8.485711733352552e-05
2024-05-12,0.001294961192441102,-0.0003745015823853892,-0.001312752142515028,-0.0003866576960103174,0.0010039703596853577
2024-05-13,0.00385810482286586,0.004043611926608737,0.0050852648321138005,0.003963510552893679,0.002387440305972044
2024-05-14,-0.007611700551665712,-0.0066284707637045415,-0.00805668931586423,-0.008332343786058072,-0.005265460149922574
2024-05-15,0.028303704274085684,0.02381758082135499,0.03557049656752831,0.023143268508635684,0.01690041474152637
2024-05-16,-0.007865122613374131,-0.0032381497321811725,-0.0016871829688518414,-0.0032023237611723543,-0.005789385072526576
2024-05-17,0.013839846440186987,0.014898688661558968,0.020629562285863212,0.015326168071685409,0.00934483455841506
2024-05-18,-0.0008636476164874951,0.0021266099070038624,0.0037618929475908836,0.00224925660333275,0.0002654870278790966
2024-05-19,-0.00509412577237256,-0.004289718087926331,-0.005631833837218325,-0.004390494819534463,-0.0032958836818369752
2024-05-20,0.04130576433335453,0.03557303532060718,0.044910678296950834,0.03627346943483101,0.033585571254200364
2024-05-21,-0.009956140624447718,-0.012357794236649178,-0.01679429110441344,-0.012693379620462575,-0.00011882730317946955
2024-05-22,-0.006900470463971686,-0.004551620205432427,-0.005196836520155679,-0.004600222923367703,-0.00567929263107203
2024-05-23,-0.008053845888081224,-0.004689433980341051,-0.005124008373418754,-0.0047221498847135335,-0.002106015686703211
2024-05-24,0.0056241142906852115,-0.003965675352653908,-0.008497514592125888,-0.004312377472727391,0.0008290510535622353
2024-05-25,0.0060461889644845,0.0038115115420218615,0.004225859900967244,0.0038380848070107554,0.004226955132336618
2024-05-26,-0.00635328166567628,-0.007569545654230625,-0.011667511190396551,-0.007771726056149286,0.0008107952385747463
2024-05-27,0.007585135038666868,0.009789317493848815,0.015515419054715318,0.01006937321870316,0.007804144105288957
2024-05-28,-0.008413799360503571,-0.0057770324682147045,-0.00682200680432854,-0.005836345579095847,-0.007225265231470157
2024-05-29,-0.006097740668983276,-0.003591355699472998,-0.003750342875298185,-0.003605842160209871,-0.007520870658605183
2024-05-30,0.005755019737116784,0.001883956639034512,0.0004926650912242536,0.0018242544559023965,0.0020123185800040577
2024-05-31,-0.006641303042290048,-0.004621144037980196,-0.005528220256242555,-0.004671811383380131,-0.0027884141590641676
2024-06-01,0.0018673479173776375,0.0014203706750359757,0.0018042392210597669,0.0014407318990097284,0.003971315404138753
2024-06-02,-3.3000469906063756e-05,-0.002526680339236753,-0.005132498395440943,-0.0026505207621851934,-0.0019331001016161808
2024-06-03,0.009367428677539591,0.006110024529160096,0.007444756066652181,0.006183080142275088,0.0038447643634849094
2024-06-04,0.013895226662508975,0.013418842591127245,0.01909000645479475,0.013703967897934266,0.009979913837751875
2024-06-05,0.004499881211669221,0.0038167363830212686,0.0053190002754983645,0.004014179089248504,0.0055259905375217855
2024-06-06,-0.002406775370260794,-0.003923147698837726,-0.006935548645699674,-0.0042766443506006,-0.0041889187891647195
2024-06-07,-0.0102020731109278,-0.011611814344243188,-0.01885994905893107,-0.012944055566869506,-0.013643235576964452
2024-06-08,-0.00032232848935820346,-0.004084604367025957,-0.00819542986335664,-0.003462681192456296,-0.00011382536407467114
2024-06-09,0.002412028778982611,0.004865932874500434,0.008855061956130061,0.0036583134424763575,0.002523133454657156
2024-06-10,-0.0007705791286909403,-0.0029726524917400576,-0.005395937225436409,-0.0040664280098206,-0.0017185112399145108
2024-06-11,-0.01542641951560153,-0.01642678866300673,-0.022988947511971558,-0.01316865242480092,-0.015057275078003918
2024-06-12,0.007284790891998849,0.008625814130763798,0.013038427063378322,0.005287627276617357,0.005541918959998782
2024-06-13,-0.011367669842421657,-0.012283149216604117,-0.018933060469170315,-0.01003681263713374,-0.011056207072986268
2024-06-14,-0.0077533367570312706,-0.007631677176647478,-0.011518867653044773,-0.006103510757981101,-0.005753758257477037
2024-06-15,0.0006771386541908342,0.002505022111949584,0.002348476406022648,0.0006757257894123292,0.005103465811687968
2024-06-16,0.002191539868336312,0.0058821617858071384,0.00551357380480777,0.0019131696014356159,0.00396474957622428
2024-06-17,-0.000841026743754747,-0.007228458751563749,-0.006825442905478152,-0.0017515345296127416,-0.006549615026329669
2024-06-18,-0.007000142722687008,-0.007721732861917796,-0.007144924964954891,-0.003690526946771633,-0.005596165080887006
2024-06-19,-0.0008212905555816663,-0.0014045836977873982,-0.0018326766830388808,-0.0007192828372249993,0.004261984836648969
2024-06-20,-0.0004269558212014468,-0.0012142856509553823,-0.0018946005822947365,-0.0005748395916164162,-0.00312077640375219
2024-06-21,-0.00344900144464122,-0.0009596667826483607,-0.00043193010713049595,-0.002297085776627905,-0.0011226727499504818
2024-06-22,0.0003807988974633414,-0.0002022736798664715,-0.0005406068405897635,0.00023901901126532898,-0.0011650114646221121
2024-06-23,-0.0033807340649507633,-0.004559736959305449,-0.006022339398051635,-0.002122312480882127,-0.0067341371333641264
2024-06-24,-0.007649997016553334,-0.0028843665483541114,-0.003993589434783007,-0.004636884880152015,-0.008464685394251048
2024-06-25,0.002061300661358123,0.003107799307103587,0.00242180190966379,0.0010299157651811885,0.002589731966158304
2024-06-26,-0.00127964713427009,-0.00046317287835251353,-0.0005628986174376349,-0.0006400263074107793,-0.001815763649392621
2024-06-27,0.0011457537107126825,0.0020962231845469415,0.00479282102472256,0.0005726916074701993,0.004007846084214561
2024-06-28,-0.0017389818707128635,-0.0020071160866663718,-0.004016349807479225,-0.0044460750116100956,-0.004581068703004898
2024-06-29,0.0007613661005212435,0.00040804624213630625,0.000460647619664023,0.00047113699169609724,-0.00019331179690929012
2024-06-30,0.00243049103583437,0.0019571837731240382,0.00327902754095466,0.0034798176435602013,0.003772167349027633
2024-07-01,0.00017380543722933517,9.3550410384724e-05,0.00010599491228102664,0.00010844813347210547,0.0002848348015649371
2024-07-02,-0.0010380890921355412,0.00035210891802539557,0.0018813556034653622,0.002098825730096898,-0.0015400459764391972
2024-07-03,-0.0026191101881196666,-0.002857401442279417,-0.005587881740067413,-0.005992250963425594,-0.006101494222939818
2024-07-04,-0.0034130278796762337,-0.002694953165588654,-0.004458174803578241,-0.0035471046930587447,-0.004857413727634929
2024-07-05,0.0,0.0,0.0,0.0,-4.1051216275178604e-05
2024-07-06,0.0,0.0,0.0,0.0,0.0
2024-07-07,0.0,0.0,0.0,0.0,0.0
2024-07-08,0.0,0.0,0.0,0.0,0.0
2024-07-09,0.0,0.0,0.0,0.0,0.0
2024-07-10,0.0,0.0,0.0,0.0,0.0
2024-07-11,0.0,0.0,0.0,0.0,0.0
2024-07-12,0.0,0.0,0.0,0.0,0.0
2024-07-13,0.0,0.0,0.0,0.0,0.0
2024-07-14,0.0005566112174169024,0.0,0.0,0.0,0.0
2024-07-15,0.004624881550071125,0.0,0.0,0.007527789207186553,0.005157410856109879
2024-07-16,-0.004235968616720598,-0.00685038695908835,-0.009870849658682679,-0.000825635702055183,-0.005422429592691458
2024-07-17,-0.006353002202382885,-0.007389740454485039,-0.010090777325152955,-0.010684775894334253,-0.008078647882971413
2024-07-18,-0.007812124847163648,-0.005800130485800747,-0.0070419018737784,0.0012995240456843415,-0.002414502284163289
2024-07-19,0.005305079980870264,0.0017225378420897552,0.0018000518281804379,0.015418618647741855,0.00722843210807711
2024-07-20,0.005109157473019321,0.007530128696802807,0.010728866138221216,0.008321516241074134,0.003409455874905154
2024-07-21,0.013146988275413607,0.02252629639657222,0.03131952623044221,0.021046854409594085,0.008005923634243128
2024-07-22,-0.008001106277053416,-0.011927975965810078,-0.01624845720879764,-0.01124505537918108,-0.013774290695074187
2024-07-23,-0.020325520589038026,-0.019343010594438437,-0.024036316175063743,-0.018603649078246187,-0.005687407742562489
2024-07-24,-0.007279855822479697,0.003798190705921911,0.007919477233901295,0.0031525382281305525,-0.01938225032885066
2024-07-25,-0.005754681266156969,-0.013803347256634568,-0.019299258642360595,-0.01172104066318036,-0.008218419150851308
2024-07-26,0.028176892331830627,0.03040138586055874,0.0427059712948461,0.029725103445338963,0.014136348434787616
2024-07-27,-0.0009287382783038645,0.0011547539746004087,0.0020579320501656895,0.001089605304518626,-0.0006197693892596723
2024-07-28,0.004918149348766221,0.003713075232390617,0.004708537016654413,0.0036407339722264176,0.002803391222160778
2024-07-29,-0.02046728343765092,-0.012871175355345321,-0.01516241595789214,-0.01270367443306597,-0.010912740816636735
2024-07-30,-0.007913760119136803,-0.008858777230440928,-0.012424371973615123,-0.008600862549131727,-0.004590192059432674
2024-07-31,-0.020854956803348812,-0.021236051895938246,-0.029181154073798177,-0.020663225966707333,-0.011233626777911399
2024-08-01,-0.006602773715934651,-0.010881112894528644,-0.016222166125974824,-0.009419935582269279,-0.0040574603156485756
2024-08-02,-0.025758984109362837,-0.027617311050261883,-0.037429030913954886,-0.03227485905414862,-0.012923611334790364
2024-08-03,-0.002563055350903065,-0.004662814044053554,-0.0069137615671209796,-0.005587170829537191,-0.0012786270391973442
2024-08-04,0.0,0.0,0.0,0.0,0.0
2024-08-05,0.0,0.0,0.0,0.0,0.0
2024-08-06,0.0,0.0,0.0,0.0,0.0
2024-08-07,0.0,0.0,0.0,0.0,0.0
2024-08-08,0.0,0.0,0.0,0.0024720682638539326,0.0
2024-08-09,0.0,0.0,0.0,-0.002954448163714374,0.0
2024-08-10,0.0,0.0,0.0,-0.0009819664729305844,0.0
2024-08-11,0.0,0.0,0.0,-0.005386638804106836,0.0
2024-08-12,0.0,0.0,0.0,-0.00015408289393925578,0.0
2024-08-13,0.0,0.0,0.0,0.0,0.0
2024-08-14,0.0,0.0,0.0,0.0,0.0
2024-08-15,0.0,0.0,0.0,0.0,0.0
2024-08-16,0.0,0.0,0.0,0.0,0.0
2024-08-17,0.0,0.0,0.0,0.0,0.0
2024-08-18,0.0,0.0,0.0,0.0,0.0
2024-08-19,0.0,0.0,0.0,0.0,0.0
2024-08-20,0.0,0.0,0.0,0.0,0.0
2024-08-21,0.0,0.0,0.0,0.0,0.0
2024-08-22,0.0,0.0,0.0,0.0,0.0
2024-08-23,0.0,0.0,0.0,0.0,0.0
2024-08-24,0.00022591427512441697,0.0041422602582417145,0.006063650817571986,0.002603162850764118,0.00011295713756220849
2024-08-25,0.0002689188195077463,-0.0008721980104774429,-0.0013461604385267556,-0.0013527688817533967,0.00012765142936710383
2024-08-26,-0.006974465625851023,-0.00492713075002571,-0.005653394939214351,-0.005044606258571838,-0.0035199353035548775
2024-08-27,-0.00015595499167431193,-0.00020714101319874167,-0.0002741217246768901,-0.01159722007950359,-7.791798941170214e-05
2024-08-28,0.0,0.0,0.0,-0.00039995687963934046,0.0
2024-08-29,0.0,0.0,0.0,0.0,0.0
2024-08-30,0.0,0.0,0.0,0.0,0.0
2024-08-31,0.0,0.0,0.0,0.0,0.0
2024-09-01,0.0,0.0,0.0,0.0,0.0
2024-09-02,0.0,0.0,0.0,0.0,0.0
2024-09-03,0.0,0.0,0.0,0.0,0.0
2024-09-04,0.0,0.0,0.0,0.0,0.0
2024-09-05,0.0,0.0,0.0,0.0,0.0
2024-09-06,0.0,0.0,0.0,0.0,0.0
2024-09-07,0.0,0.0,0.0,0.0,0.0
2024-09-08,0.0,0.0,0.0,0.0,0.0
2024-09-09,0.0,0.0,0.0,0.0,0.0
2024-09-10,0.0,0.0,0.0,0.0,0.0
2024-09-11,0.0,0.0,0.0,0.0,0.0
2024-09-12,0.0,0.0,0.0,0.0,0.0
2024-09-13,0.0,0.0,0.0,0.0,0.0
2024-09-14,0.0,0.0,0.0,0.0,0.0
2024-09-15,0.0,0.0,0.0,0.0,0.0
2024-09-16,0.0,0.0,0.0,0.0,0.0
2024-09-17,0.0,0.0,0.0,0.0,0.0
2024-09-18,0.0,0.0,0.0,0.0,0.0
2024-09-19,7.121616143068721e-05,-0.0003575392127579402,0.0030815314647516523,3.845237638344656e-05,3.845237638344656e-05
2024-09-20,-8.48829954258612e-06,0.002454963692556822,0.0029439220605642635,-0.003339119258001122,-2.8910474890730953e-06
2024-09-21,0.0005390708574481984,0.0020573076175283145,0.002855092628901046,0.00026958659478881764,0.00026957075655031915
2024-09-22,0.0013196706944935688,-0.0020961131669625654,-0.004042926145784831,0.0010061045910052524,0.0010061045780764832
2024-09-23,-0.0014650961773036153,-0.0006495923817809723,-0.0005312393853811326,-0.0007523410737064751,-0.0007523410737048097
2024-09-24,0.0056700691170963324,0.008079546866085918,0.014002145491015305,0.002909558549946123,0.0029095585499394616
2024-09-25,-0.01075327919935809,-0.0118580255261731,-0.015200047135312644,-0.008493870911600365,-0.005377081666901762
2024-09-26,0.019945247374047126,0.018636600334250186,0.023728875002942962,0.013682898464373094,0.009355630395759151
2024-09-27,0.0077987826893370915,0.007611453353906894,0.009640716935676696,0.006918513570630669,0.003918842862614014
2024-09-28,0.0011433132547302716,-0.0009957105026280333,-0.0018549302514846433,-0.0006964067582093669,0.0005767286053182108
2024-09-29,-0.0035410639394857224,0.001350370834869441,0.0030079551934045767,0.0010981097843858478,-0.0018065451003004274
2024-09-30,-0.031216605472496495,-0.02627872721657709,-0.031374540714646404,-0.026531425681836085,-0.015981456971388308
2024-10-01,-0.02524083351353068,-0.025576430411574758,-0.03323491450958338,-0.02541407119356065,-0.012693656507068662
2024-10-02,-0.0038104697925320785,-0.005699708490291,-0.007909865932676619,-0.0019051715436911865,-0.0019050854185957977
2024-10-03,-0.0022979489924180863,-0.004046861252187339,-0.005722440470788959,-0.0011488833945731969,-0.0011488833945731969
2024-10-04,0.0030561067775698447,0.0034314600096845282,0.004567581039315982,0.0015280533887851444,0.0015280533887851444
2024-10-05,-0.00010657979989303623,-0.00039370148043860187,-0.0005962259799396907,-5.337120551973662e-05,-5.337120551973662e-05
2024-10-06,0.0029004596781447844,0.003488257856864019,0.004700439476178042,0.0014523652001010579,0.0014523652001010579
2024-10-07,-0.01896081445847486,-0.018901527914708227,-0.02459406156244659,-0.013089687461701804,-0.009616130737427397
2024-10-08,-0.0009657158437634816,-0.0012806279336372572,-0.001770881658777923,-0.000650943923051428,-0.00048351687196945825
2024-10-09,-0.0057876813787186565,-0.0050276045197790165,-0.006312154796202396,-0.0028929291962365156,-0.002892444607325184
2024-10-10,-0.007230320644333821,-0.006238601710020442,-0.007789596075701843,-0.003615194387832754,-0.003615175069097476
2024-10-11,0.0031902542004293988,0.0028301122331819695,0.003539662532528798,0.0015995181714798523,0.0015995181714798523
2024-10-12,0.002876374901365386,0.001549279667834469,0.001620599656799948,0.0014164885681609007,0.0014164885681609007
2024-10-13,-0.004340958875524437,-0.0012121625542714787,-0.0008913523594969996,-0.0017868409709401734,-0.0017868409709401734
2024-10-14,0.0390558156284202,0.03537331846845104,0.04372178520774539,0.027331931340588644,0.01947079139357455
2024-10-15,0.014316325063908009,0.0014498071009405589,-0.001474286183797635,0.0028851179308435615,0.00726896447689418
2024-10-16,0.00778119628228624,0.002982820436008504,0.002478093866671749,0.003115138782884719,0.003978463048627923
2024-10-17,-0.002803885494339964,-0.009053908499839669,-0.012919456539159935,-0.00915117016794098,-0.0014390341029397735
2024-10-18,0.014272605454295206,0.01636772047607904,0.021016477216460716,0.013604231202739792,0.007315096592548365
2024-10-19,-0.000699238969040783,0.009352031443015774,0.014273040530996761,0.009369681872579694,-0.0003608542141519955
2024-10-20,0.009152305515932602,0.01974094117584202,0.02724058290436271,0.01979740370329397,0.004721604761242393
2024-10-21,-0.022943878340073276,-0.013917718869339235,-0.014908468796311136,-0.013986607111077576,-0.0137157272252878
2024-10-22,0.0006883747203794144,0.0031438145151529984,0.004511140719541729,0.0031514145805611182,0.00035335595274399445
2024-10-23,-0.010741896158058428,0.001077404718528685,0.004289102366338504,0.0006976494473762695,-0.0055158680653001335
2024-10-24,0.021931134381504513,0.023214404178956594,0.029027384882104323,0.02445068415947005,0.011202263261872902
2024-10-25,-0.021044075682973395,-0.033906532770695774,-0.04485506630961,-0.03507687149437799,-0.010863208907399446
2024-10-26,0.00565275123231701,0.014690237064440836,0.020495147943465408,0.01503348199546739,0.0028879849976548577
2024-10-27,0.013238218703298221,0.017775756695048273,0.023093267720431188,0.018527000934363214,0.006996768105421269
2024-10-28,0.027292681686536868,0.016565721254684806,0.01776348094430169,0.019537697582977964,0.01619920904252159
2024-10-29,0.03798179308785854,0.020943740675570588,0.021484097752540787,0.025000899375577257,0.022891906687461994
2024-10-30,-0.005166278225899101,-0.011036333468311676,-0.014959055830620072,-0.011538547818376155,-0.00270054159299582
2024-10-31,-0.027216214950275264,-0.025366702483553882,-0.030613613072870027,-0.028226185863318154,-0.0191397739985113
2024-11-01,-0.010849073255823738,-0.010464903002999737,-0.01279963416847274,-0.011617803042527797,-0.006535061666907871
2024-11-02,-0.001670976681255154,-0.0007080975872246764,-0.0006294287283158395,-0.0007886512809391899,-0.0010021609023244116
2024-11-03,-0.008263972076907322,-0.011251518396039883,-0.014662969276605042,-0.012073059558232124,-0.005680308742489815
2024-11-04,-0.012886911041732563,-0.01553429822884611,-0.019927013954236128,-0.01661442415412817,-0.007515914418886549
2024-11-05,0.021458282861999356,0.028218285735560844,0.03684726724348941,0.02863103087735097,0.011083382671579267
2024-11-06,0.08415941590485998,0.08053329327179659,0.09709290022583472,0.08171337699135961,0.04780729547207607
2024-11-07,0.0032146591315762585,0.015742720753611383,0.019255713771892502,0.015403480935931801,0.005496856800014438
2024-11-08,0.007306362626595453,0.008622836836216452,0.009230798161450782,0.008439842120201657,0.007492406093806858
2024-11-09,0.0019056427088974814,0.000983980491050307,0.0008143125165118725,0.0009632731243907067,0.015063490681707314
2024-11-10,0.04401603839528967,0.03476835640250853,0.03453276332935218,0.03403737823886699,0.02959042331654338
2024-11-11,0.09135326883957262,0.0606506689530073,0.056245413128065636,0.05941750846717242,0.07081496086510253
2024-11-12,-0.006125849277527462,-0.016990172128826475,-0.01997153888885761,-0.016664099280178202,-0.015637924584759988
2024-11-13,0.023567872127019163,0.015385400018149475,0.015613171509144541,0.015014365502335592,0.009535494065022299
2024-11-14,-0.021799911580903553,-0.01730928772799578,-0.01610404876598137,-0.01690036030200437,-0.026362781228155385
2024-11-15,0.024772680742627617,0.02339229172288615,0.02259247051587976,0.022826738584243556,0.020970664090793845
2024-11-16,-0.0029095288458673707,-0.004464312565368278,-0.004784748559821361,-0.004358788098522526,0.0019000107879989514
2024-11-17,-0.00531144629783975,0.01973224471361723,0.025709252093290003,0.019263785051463866,-0.008786119399190273
2024-11-18,0.00439836902549362,0.004567368469261535,0.004627661749676548,0.004460984751435193,0.015345626512699884
2024-11-19,0.01329892401579702,0.004534911777255735,0.002556837887048191,0.004429753155767102,-0.0006206096243851489
2024-11-20,0.014041600383736252,0.004991332669974646,0.0029279249470695046,0.00487610069929767,0.005835307157566083
2024-11-21,0.028248138949584334,0.03535102759643127,0.037173568281175795,0.034538859364516616,0.04532441312321178
2024-11-22,0.0038771457055186698,0.002509365221966986,0.0021950739141249898,0.0024536388176190638,0.00010018843754844298
2024-11-23,-0.008928705076279853,-0.006847856397783292,-0.005698914689844736,-0.006734157610387537,0.00037679727193307144
2024-11-24,0.0017557778373182842,-0.0011765045204137348,-0.0018885324265476289,-0.0011437041312765128,-0.0018705379753518603
2024-11-25,-0.03884638489357528,-0.03763665348537437,-0.038270613978863666,-0.03693952651949273,-0.017248598686086414
2024-11-26,-0.007761000472369939,-0.00787944959642728,-0.007913104801328119,-0.007729702634135194,-0.01286457330866364
2024-11-27,0.030161371839222628,0.0278527303522329,0.02756046180977667,0.02732637591352516,0.04804229155921491
2024-11-28,-0.0016459301644838886,-0.0052128613965942705,-0.006070743312140525,-0.005101265442208458,-0.007456354640167695
2024-11-29,0.013662985272574257,0.013176653376397951,0.013173420565329552,0.012930749139856923,0.00926204549564913
2024-11-30,-0.008493467687022305,-0.010137504267049291,-0.011079436799295128,-0.009953617342291388,0.00504506872737287
2024-12-01,0.006705921939936799,0.0028140122376780763,0.0014530037971243193,0.0026016824137269356,0.0037577745822103825
2024-12-02,-0.011521505671807541,-0.019662185883881467,-0.020578951168444992,-0.019280055375721084,-0.011411276120262825
2024-12-03,7.862653060741742e-05,0.01009408811979462,0.012168265226550012,0.009943342704909597,-0.002480380689647066
2024-12-04,0.02518182119877399,0.007002138833358096,0.002300856407674745,0.00792664244318253,0.03165370496446096
2024-12-05,-0.008709645420073686,0.00044509201520659403,0.0042106713329792544,-0.0011322099770201266,-0.011511729665142578
2024-12-06,0.018064095332081198,0.012065976346935736,0.010906451286914809,0.011887692938666872,0.030465664990553476
2024-12-07,0.0006491790894274097,0.001862637436183201,0.0021287844321769,0.0015556595577401744,0.00016417521356593134
2024-12-08,0.009451255780018819,0.00358159063836605,0.0026393203018435507,0.0038870422692383055,0.006049025279422748
2024-12-09,-0.02840727788799835,-0.03882123054878073,-0.04186945674854481,-0.03397865045724757,-0.04022150739196484
2024-12-10,-0.008328950651356193,-0.006455748043744269,-0.006887646300684502,-0.005681401074941195,-0.011344753795409113
2024-12-11,0.032302404491495684,0.03515040066590136,0.03385126601043331,0.031612966790736774,0.0353750760039826
2024-12-12,-0.007863115293839873,-0.00473845500348502,-0.003666930053229933,-0.0046747868393738345,-2.3912921466973103e-05
2024-12-13,0.01004166922090155,0.002918395955886277,0.0008861723664077559,0.003480126022884722,0.007458487357393961
2024-12-14,-0.0002469326831174845,-0.005846804101416692,-0.00723463262839219,-0.004640045325453812,-0.0030649384078540454
2024-12-15,0.023788353161884768,0.01712522796790883,0.016691789993632522,0.01606333118018033,0.019449233409299937
2024-12-16,0.012515337829142936,-0.0034629921459715662,-0.006355794596625164,-0.0014570892705173533,0.008890466860592028
2024-12-17,0.0005819617032207791,0.00857524717528979,0.010370505198874946,0.006846209027637995,-0.007282611374089032
2024-12-18,-0.04593591716781564,-0.042271237242487714,-0.04360569691090066,-0.03827206868304667,-0.046566285868548385
2024-12-19,-0.017248068696079644,-0.025845052062095863,-0.02756427696777719,-0.023300490089647963,-0.02595460665536342
2024-12-20,-0.0020688840003676434,-0.007887871001181934,-0.005084132869889846,-0.012789215586016534,0.003812681056731826
2024-12-21,-0.002740978233293667,-0.013395395700089296,-0.016641785591635205,-0.008170415835319522,-0.008209668108869583
2024-12-22,-0.011271976552847618,-0.007046029086867023,-0.005547152590410054,-0.006971385639711225,-0.008697411526088827
2024-12-23,-0.0016502037656878077,0.008044355583133322,0.010930756274379672,0.003984460825847025,0.0064807376805253725
2024-12-24,0.020333708733621725,0.017557042513964394,0.016250273351233968,0.015150317682024683,0.014008532863612588
2024-12-25,0.003946972935738868,0.002527238585121605,0.002556995399224382,0.00292817683284885,0.0028003506526426136
2024-12-26,-0.021412939863541314,-0.018610369412685235,-0.019956941376694792,-0.017547296418077174,-0.01988196013283261
2024-12-27,-0.0090608326994015,-0.008293812657119037,-0.009019070404515328,-0.007677684181073063,-0.00501020650731232
2024-12-28,0.005403924691511408,0.013472033258382865,0.016283589196294468,0.0088517280296192,0.006425665225899602
2024-12-29,-0.009464193586940506,-0.009667864025456718,-0.010704476206490732,-0.00753173329822987,-0.006726263291718326
2024-12-30,-0.005788259736923207,-0.0014487947905662546,-0.0007842163632816312,-0.00211936560059911,-0.0023216050843875013
2024-12-31,0.004823891094626553,0.000386683434274282,-0.00040292890244564283,0.0013069024236462834,0.0009025841951499913
2025-01-01,0.006220468721521266,0.007614633243036462,0.008672576769374274,0.00563809012189842,0.003976816633389113
2025-01-02,0.014716461245740664,0.02004310461089376,0.023020943421960816,0.014925493740811646,0.011641060859574948
2025-01-03,0.009211500378374593,0.012981299744134311,0.018322737469243622,0.011528775796578516,0.015831781890585317
2025-01-04,0.00031665517484702477,-0.001511183847616504,-0.0021478522746021245,-0.0008824392568977935,0.004347581256445077
2025-01-05,0.0012907862205169263,-0.0033876680301878626,-0.005203362982598825,-0.002731887515190712,-0.0012360591082122285
2025-01-06,0.03670436383403053,0.024355607915726774,0.02437537335505091,0.023266979147114952,0.02294396728677439
2025-01-07,-0.047882201183994666,-0.043611885899299985,-0.05267477845981228,-0.040133737923265134,-0.04980444468666845
2025-01-08,-0.013606883368054934,-0.01322050788661544,-0.013885894244300423,-0.013322612960814606,-0.011307872803023478
2025-01-09,-0.017706862701693415,-0.02578329950150282,-0.02886455693363499,-0.018372232115982712,-0.017871232143755744
2025-01-10,0.015621970741405367,0.012317887131620298,0.012224670544682459,0.01012110655627474,0.012289920031447465
2025-01-11,-0.0008924914686423424,-0.0001742409347903484,0.0002341584480896053,-0.0004761865523847941,-0.0002999212073017121
2025-01-12,-0.0008022634423834329,0.0003573217455055122,0.0004989693937953454,3.4887642785808026e-05,-0.0010395349645736518
2025-01-13,-0.0035381377057573937,-0.009506431955502603,-0.011454370586983398,-0.006010941634280509,-0.009624707866299764
2025-01-14,0.015208620055225719,0.011622089803806857,0.013733456397590604,0.007460378123133715,0.009240082494399449
2025-01-15,0.03350301533500932,0.04001409702365932,0.049764639616620476,0.01864946739920681,0.027540750852161233
2025-01-16,-0.004406264416396244,0.004638499018547293,0.007850268852432896,0.0009564929194538774,-0.009107970366291518
2025-01-17,0.03549098631810388,0.026476010818799578,0.02957298849912826,0.021601811810561422,0.02466253014396491
2025-01-18,0.004011789267638788,0.050649478057468444,0.07734400347848713,0.040665592112691495,-0.006188212312349006
2025-01-19,-0.02691376421309677,-0.02171563503370344,-0.025610155174259686,-0.021902277900584632,-0.02543021081360508
2025-01-20,0.018748038959985447,0.0030492112170035224,-0.0025416510314503205,-0.0014166585381784058,0.004851290864340996
2025-01-21,0.022701323978846943,0.015922880258084415,0.017882783122826762,0.017478397558295056,0.012219773658970867
2025-01-22,-0.013929272497204215,-0.002436793389506642,0.0011673901153723687,-0.0033644593433220793,-0.010939557226283925
2025-01-23,0.001180550889290144,-0.00215413675072873,-0.0037719392783267525,-0.0020578748680673,0.0039403232896289
2025-01-24,0.005558626985486592,0.0029194083836274753,0.0025899107955860146,0.003272329409793162,0.0019961236194492304
2025-01-25,-0.0008520873980263355,0.0015879076775728862,0.00275456968509169,0.0015412749320009578,-0.0006825798088900825
2025-01-26,-0.013413116535849423,-0.01737514677228935,-0.02106676290253029,-0.018234216850080642,-0.010981070135481774
2025-01-27,-0.006019389763625482,-0.005506531112387525,-0.007063969641569523,-0.007522326516869349,-0.005083877910609824
2025-01-28,-0.004953265358391579,-0.007719776595433214,-0.009923449682229135,-0.00797390398994069,-0.005064267548367196
2025-01-29,0.01636737919713349,0.009046874608348077,0.007153800702723645,0.009791174967637595,0.009742289575349838
2025-01-30,0.006909354955445313,0.010066630845888103,0.01295254228648468,0.010331572199002936,0.006059431900144352
2025-01-31,-0.017174769286124048,-0.013211036900438455,-0.01319017194194938,-0.012725168253674868,-0.008378409135902931
2025-02-01,-0.012696072063819841,-0.019406683347042986,-0.02786852284281993,-0.018998224925551033,-0.010811928760704914
2025-02-02,-0.020330285666855463,-0.017344468297006532,-0.019977340208786276,-0.014445994277096141,-0.012956760952736013
2025-02-03,0.019119208428819423,0.018450789660863,0.020039642900961052,0.014750714864695924,0.009721863973273459
2025-02-04,-0.020818903558336155,-0.017823337216454238,-0.016447651438839195,-0.01509302819860936,-0.01135050444614305
2025-02-05,-0.005426275045424145,-0.010063544385384593,-0.012964959501969409,-0.007018615096506697,-0.0028721575852814762
2025-02-06,-0.0026497202834538935,-0.004685031955987906,-0.006923043879638269,-0.002749155815755522,-0.00014154762184148684
2025-02-07,-0.0013343222334701865,0.0009307357937313743,0.002459602437869357,-0.00046332607744270504,-0.0007815570065857758
2025-02-08,-0.0004224454472160355,0.004887003135896073,0.007498076734465009,0.0007204997227101551,-0.0001917052993245516
2025-02-09,0.00011446364783185281,0.0008485491285499247,0.0012216643364397761,0.0001986534915778826,5.5644125875664585e-05
2025-02-10,0.005597925157868167,0.0029825788266280018,0.0018834792643083187,0.0029893176620117146,0.002990805757826953
2025-02-11,-0.009588401981901029,-0.006800733886422661,-0.005791116358027093,-0.005399124578523429,-0.005090465502738506
2025-02-12,0.007804884370027132,0.003598251808104136,0.0029745206033571225,0.0037359814872675035,0.0038834278412116507
2025-02-13,-0.009215921368300073,-0.007171332985906775,-0.008639340142439167,-0.00492314130586502,-0.004609431661087071
2025-02-14,0.004994083348758505,0.003617700195348794,0.006825060196141708,0.0027118991230361544,0.0020702121899458525
2025-02-15,0.0003514510547526495,-0.0030116284753067823,-0.005347778653332247,-0.00043684685128020373,0.00017435475697125113
2025-02-16,-0.005860717125309112,-0.006604955974128024,-0.00923787170736523,-0.003691729895026752,-0.002918919443331225
2025-02-17,-0.0010580218272321362,-0.00457340073341117,-0.008782022786476218,-0.0019410697943343935,-0.0005282442626642903
2025-02-18,-0.000339118534004923,-0.0032761779628304177,-0.0065440465915534984,-0.00016950064592979874,-0.00016922379311867797
2025-02-19,0.0019622993297083724,0.0013847210422175404,0.001185534744040151,0.001523086662702955,0.001520598517652516
2025-02-20,0.005483617421271569,0.006805072728022443,0.011061506963212953,0.003062148003393217,0.003058552817056137
2025-02-21,-0.01395933049152509,-0.011942033216616355,-0.019949593971977708,-0.006976353732807805,-0.00697635337776914
2025-02-22,0.0011922476137460336,0.001858692445388943,0.003457178467445532,0.0005952249892502426,0.0005952249892502426
2025-02-23,-0.0009455178953966525,-0.002135360661283281,-0.004233320278397623,-0.00047232779049066753,-0.0004723277904905565
2025-02-24,-0.015197384176316109,-0.018145362117835906,-0.031514418000242794,-0.0075881680198859325,-0.007588168019885599
2025-02-25,-0.009682673339210579,-0.0034203115723734356,-0.003405801554128396,-0.006346607613218147,-0.006346607613217925
2025-02-26,-0.004559797809796096,-0.005936899168597409,-0.005055477265157093,-0.002281482563536663,-0.002281482563536663
2025-02-27,0.00047405219428475753,0.001204919752773037,0.0009718163525413992,0.00023664910871712408,0.00023664910871712408
2025-02-28,-0.004975829030457679,-0.006467042901279418,-0.005491347499806731,-0.002484547063456799,-0.002484547063456799
2025-03-01,0.0,0.0,0.0,0.0,0.0
2025-03-02,0.00010433983067326125,5.2169915336630623e-05,0.002447437941268893,5.2169915336630623e-05,5.2169915336630623e-05
2025-03-03,-0.010221795257995603,-0.005111164250184985,-0.01780849402550788,-0.005111164250184985,-0.005111164250184985
2025-03-04,0.000343476374379037,0.0006774061235179651,0.0016156361933057362,0.0006774061235179651,0.0006774061235179651
2025-03-05,0.0013148546737273836,0.002120084401834532,0.0026670153090793125,0.002120084401834532,0.002120084401834532
2025-03-06,-0.003376284369467908,-0.000429047782681824,-0.0014799094150266257,-0.000429047782681824,-0.000429047782681824
2025-03-07,-0.0011629888887866313,-0.001993051795286638,-0.003397067305089263,-0.001993051795286638,-0.001993051795286638
2025-03-08,-0.00021548681650651602,-0.0003695938929318965,-0.0012169567703878004,-0.0003695938929318965,-0.0003695938929318965
2025-03-09,-0.0014654684227256576,-0.002513897080585026,-0.006377744898875548,-0.002513897080585026,-0.002513897080585026
2025-03-10,0.0,0.0,0.0,0.0,0.0
2025-03-11,0.0,0.0,0.0,0.0,0.0
2025-03-12,0.0,0.0,0.0,0.0,0.0
2025-03-13,0.0,0.0,0.0,0.0,0.0
2025-03-14,0.0,0.0,0.0,0.0,0.0
2025-03-15,0.0,0.0,0.0,0.0,0.0
2025-03-16,0.0,0.0,0.0,0.0,0.0
2025-03-17,0.0,0.0,0.0,0.0,0.0
2025-03-18,0.0,0.0,0.0,0.0,0.0
2025-03-19,0.0,0.0,0.0,0.0,0.0
2025-03-20,-0.0018671959260662119,0.0,0.0,0.0,0.0
2025-03-21,0.0,0.0,0.0,0.0,0.0
2025-03-22,0.0,0.0,0.0,0.0,0.0
2025-03-23,0.0008984887944814002,0.0,0.0,0.0,0.0
2025-03-24,0.0012969829160076607,0.0,0.0,0.0,0.0
2025-03-25,-9.633841849354674e-05,0.0,0.0,0.0,0.0
2025-03-26,-0.00044261926794098017,0.0,0.0,0.0,0.0
2025-03-27,0.0002955519550138508,0.0,0.0,0.0,0.0
2025-03-28,-0.0018871565510003574,0.0,0.0,0.0,0.0
2025-03-29,0.0,0.0,0.0,0.0,0.0
2025-03-30,0.0,0.0,0.0,0.0,0.0
2025-03-31,0.0,0.0,0.0,0.0,0.0
2025-04-01,0.0,0.0,0.0,0.0,0.0
2025-04-02,-0.0044507507654251155,0.0,0.0,0.0,0.0
2025-04-03,-8.813466462587183e-05,0.0,0.0,0.0,0.0
2025-04-04,0.0,0.0,0.0,0.0,0.0
2025-04-05,0.0,0.0,0.0,0.0,0.0
2025-04-06,0.0,0.0,0.0,0.0,0.0
2025-04-07,0.0,0.0,0.0,0.0,0.0
2025-04-08,0.0,0.0,0.0,0.0,0.0
2025-04-09,0.0,0.0,0.0,0.0,0.0
2025-04-10,0.0,0.0,0.0,0.0,0.0
2025-04-11,0.0,0.0,0.0,0.0,0.0
2025-04-12,0.0,0.0,0.0,0.0,0.0
2025-04-13,0.0,0.0,0.0,0.0,0.0
2025-04-14,0.0,0.0,0.0,0.0,0.0
2025-04-15,0.0,0.0,0.0,0.0,0.0
2025-04-16,0.0,0.0,0.0,0.0,0.0
2025-04-17,0.0,0.0,0.0,0.0,0.0
2025-04-18,0.0,0.0,0.0,0.0,0.0
2025-04-19,0.0,0.0,0.0,0.0,0.0
2025-04-20,0.0,0.0,0.0,0.0,0.0
2025-04-21,0.0,0.0,0.0,0.0,0.0
2025-04-22,0.010993856608765284,0.0076189933265045084,0.01190403791189909,0.005489924750270214,0.005489924750270214
2025-04-23,0.001196266025594861,0.0018882642641333547,0.004065842863820501,0.0005530178977120048,0.0005530178977120048
2025-04-24,-0.0012058600301484423,0.0007202334798888099,-0.000855999048504752,-0.0006236158253687396,-0.0006236158253687396
2025-04-25,0.004336061894191889,0.0003995116825741274,-0.0018397386200460497,0.0021686410939001366,0.0021686410939001366
2025-04-26,-7.385247624924762e-05,-0.0021320245537339577,-0.004340300405206721,-9.825956306652728e-05,-9.825956306652728e-05
2025-04-27,-0.007874800361459489,-0.0058121525267907925,-0.007076562936018438,-0.0037096224049482096,-0.0037096224049482096
2025-04-28,0.011854232732966263,0.005619171557314395,0.005528208368178467,0.0058430463995942095,0.0058430463995942095
2025-04-29,-0.007003515456037723,-0.005940306422637764,-0.008004564960542582,-0.0034727195493921004,-0.0034727195493921004
2025-04-30,-0.0007930270417033647,0.0016004647245608794,0.003224890144025272,-0.00039183221203453744,-0.00039183221203453744
2025-05-01,0.02168856616313386,0.016081186607792564,0.020627168132632434,0.010711952565095384,0.010711952565095384
2025-05-02,0.0036379588273525165,-0.002650317348364073,-0.006228875142871293,0.001816296350687585,0.001816296350687585
2025-05-03,-0.009759630773609973,-0.006845865885299562,-0.008661384554876528,-0.004704324607039179,-0.004704324607039179
2025-05-04,-0.015408064615435646,-0.012685978027449307,-0.016524717903934394,-0.008920805300116408,-0.008920805300116408
2025-05-05,0.004520502169581109,0.007680513374813014,0.011538546983943965,0.002525778768912801,0.002525778768912801
2025-05-06,0.020725045725433544,0.010024057369851569,0.01041186491736501,0.011602922194634546,0.011602922194634546
2025-05-07,0.001899395795031289,0.0017661739090435447,0.00237053480318683,0.0010729662237412008,0.0010729662237412008
2025-05-08,0.0601225966460921,0.06218177470927855,0.08551911758679975,0.033991215039923084,0.033991215039923084
2025-05-09,-0.002635909346391241,0.014118003056355244,0.023875449115995817,-0.0015132494775326188,-0.0015279131638562538
2025-05-10,0.01676872298539145,0.018113079624136885,0.0237250909085176,0.012279148520663474,0.009709256900366947
2025-05-11,-0.006217699266906962,-0.011677423143964805,-0.016779321888847676,-0.005944708266546805,-0.006021428669861439
2025-05-12,-0.01263476628619331,-0.004429437798922575,-0.003090187391539101,-0.006451428716113816,-0.0076326455950362915
2025-05-13,0.012658709145922264,0.023635976632380817,0.03429448994725193,0.01173014305675446,0.013261670795749803
2025-05-14,-0.005675883632976109,-0.015441270474498725,-0.023020234391230132,-0.009178369610468362,-0.005480943499085678
2025-05-15,0.0024512377646792594,-0.01232203869407933,-0.020739694729076774,-0.003396740551246058,-0.00072414361535178
2025-05-16,-0.0028649363820945073,-0.004660401842715101,-0.006669555085371814,-0.002706480555713653,-0.001972368288853499
2025-05-17,-0.0032319664088074074,-0.004310335601278692,-0.0059873584086950205,-0.0027209154923188983,-0.003890887002713228
2025-05-18,0.031992869833511905,0.029690995437595014,0.038085019715902835,0.022410308339694485,0.018409889503558707
2025-05-19,-0.00820320012086373,-0.015694148653500828,-0.022820179738614055,-0.008612612651910823,-0.003563818153681786
2025-05-20,0.011988287071339476,0.009242560879024975,0.011135514878176211,0.007789624578314003,0.006532019822616197
2025-05-21,0.025934166501458744,0.02213152338428781,0.027514557170287945,0.01764371278483856,0.0153925178954053
2025-05-22,0.018567366731510715,0.020361469695520107,0.023732040211507544,0.013831139192501674,0.013786898088578692
2025-05-23,-0.03888691322067506,-0.029662738740175665,-0.03133185427004248,-0.031604952581813284,-0.0244726427380626
2025-05-24,0.004099807622466978,0.00539280217475846,0.006577738592598248,0.0034001245941643887,0.0022051745545736967
2025-05-25,0.01143417304315153,0.005539679058466973,0.004683123305611492,0.005724949044397798,0.006490620865894581
2025-05-26,0.003918516408205175,0.0005232631053977421,-0.0003770008768474442,0.0013326785257845586,0.0024090161496006512
2025-05-27,-0.004501667199977355,0.0008844643519700934,0.002575221907016312,-0.0008483028586930841,0.0009001351432613713
2025-05-28,-0.010529626587216345,-0.013271006315954681,-0.01603500870460861,-0.009064579968837805,-0.0042186038275827675
2025-05-29,-0.020172157067520624,-0.020078594244239856,-0.023090311561471455,-0.015229342189247985,-0.016323124782793963
2025-05-30,-0.015067234012463904,-0.026824201270736703,-0.03438722328190602,-0.013031383378105721,-0.01381485243296765
2025-05-31,0.005782407289590896,0.003441377140434021,0.0033014470532273243,0.003335522034285665,0.00301614379792281
2025-06-01,0.009964805527114873,0.007432450951442293,0.007870502737081564,0.006101068309491531,0.00614275168288092
2025-06-02,0.002018825827969417,-0.0005330341465684674,-0.0013754223532446153,0.0005767459225460847,0.0046886735022877435
2025-06-03,-0.004507115490752445,-0.00537667214095916,-0.006490018812635889,-0.002939868388814104,-0.0030061230984326226
2025-06-04,-0.006399606073325348,-0.006917064759634717,-0.008177717361052217,-0.004327993505506611,-0.0027180395518151546
2025-06-05,-0.030196474947366547,-0.03250785148039703,-0.03844061116608122,-0.020345723940258353,-0.02712310589820377
2025-06-06,0.027147944797248247,0.020985716363999485,0.02264566281972291,0.014552327850222646,0.01827130570277591
2025-06-07,0.012015561670600139,0.010524336181876537,0.011798150703787647,0.006591000519387213,0.009284590839952367
2025-06-08,0.0017085306311317439,0.005391698647463139,0.007381689246120926,0.0009422457469667744,0.00012541461231285744
2025-06-09,0.04247880885603483,0.03846871170514943,0.04719317378085752,0.023444776638232856,0.032765371735809845
2025-06-10,0.00010229662859906341,0.007189837490332973,0.011683863441926956,3.938347209020421e-06,0.014913266080716303
2025-06-11,-0.014657148651028962,-0.015050004158876806,-0.01748672406741636,-0.01131649234471288,-0.01386956253915661
2025-06-12,-0.027146943430393145,-0.02984087880910502,-0.03505108439316584,-0.018698737779734964,-0.030884952290602063
2025-06-13,0.0037056547548217633,-0.0050316162726911084,-0.009931168374199606,-0.0006728231054389244,-0.003763186268493701
2025-06-14,-0.006095786284945448,-0.010661407255979971,-0.013243898733512616,-0.0031465158241348323,-0.006415825247603979
2025-06-15,0.0016874103908870453,0.016737591281211106,0.023830484893809345,0.0009912314320197346,0.0020979688310533984
2025-06-16,0.011274780485131641,0.0016651945112413635,-0.001781620265402517,0.0059038270797149295,0.005684698115500764
2025-06-17,-0.021398701361178163,-0.018059839612391992,-0.016679210751469054,-0.015263378279880668,-0.01672316745794422
2025-06-18,0.0030766304240772424,-0.0013398231205160593,-0.002170718315886555,0.0005323261513652255,0.0015181401428234764
2025-06-19,-0.0021229076210534936,0.00031673375316709773,0.0011010760743168646,-0.0011355109005131148,-0.0013917270597959552
2025-06-20,-0.012754696020905731,-0.019888827815143006,-0.024205265982939483,-0.009101121997567074,-0.01653333169137905
2025-06-21,-0.01044190638893261,-0.012548201010718074,-0.017728882291142778,-0.005221936321360365,-0.010069093849463862
2025-06-22,-0.010356452327048737,-0.011103222646260957,-0.01598807091759402,-0.0051520240517004545,-0.006506627836913803
2025-06-23,0.036497380727006146,0.03890381726470826,0.04675087284680535,0.019574836072382862,0.0231597116617408
2025-06-24,0.006047366895804318,0.0055993049358138425,0.005801344052354551,0.0032908950307777296,0.003976300183744064
2025-06-25,0.011801163374209,0.0023269236183129927,-0.0015475212786486559,0.005506813605456573,0.0049746563620607365
2025-06-26,-0.0036497308283276464,-0.010683310235717447,-0.014147589038523867,-0.0020848053513689013,-0.0021883705003903353
2025-06-27,0.0009357884195817512,0.006359234224574628,0.008809359074834378,0.0004828508555676514,0.0006592134075327216
2025-06-28,0.0023175216726267767,0.017823491713825357,0.024733487166336277,0.0011541954085507733,0.0013521950625219326
2025-06-29,0.009836343010603876,0.009819985021809918,0.010847099190281817,0.00625465266883074,0.007427000785785065
2025-06-30,-0.011121391424841809,-0.0027321598679734826,-0.0003781853828873638,-0.008147892129823697,-0.007353492026890618
2025-07-01,-0.013615098806688986,-0.021641764215746484,-0.02639010951726961,-0.009953304692608023,-0.010108443746201679
2025-07-02,0.02984546007212363,0.025207007159321115,0.026438495711587073,0.019017304717569017,0.021989868781829403
2025-07-03,0.006724371120543582,0.0035265114261724406,0.003172118133444757,0.004352973737451693,0.006069585895065455
2025-07-04,-0.014541658469591212,-0.015999904216582483,-0.019833571670914485,-0.012383558587068633,-0.01687485878500994
2025-07-05,0.0019718746941461696,0.0007040735264456366,0.0004239329614985632,0.001246029045641528,0.000903385953059832
2025-07-06,0.009254025539886968,0.014343031340086076,0.017316696050021063,0.005795538670447797,0.011597350576353804
2025-07-07,-0.008578208250528685,-0.010902216231735151,-0.012764586541798684,-0.007851298848844834,-0.008665140810365846
2025-07-08,0.006069667652901289,0.009302158710189357,0.011113448870322173,0.004740225735082815,0.011339970806766297
2025-07-09,0.021123623849430118,0.02251086472848285,0.02666847304056108,0.017048702301269092,0.03226276483892687
2025-07-10,0.04275171135927214,0.03717181086944321,0.04246227932360913,0.03615373239844799,0.04987706805627079
2025-07-11,0.013028123098871358,0.003575127691558766,0.0024671379264669113,0.006405031362511693,0.009575601650139154
2025-07-12,-0.0009123053861485042,-0.005141632343082514,-0.006736899358777193,-0.0018221133931514144,-0.002219655900255857
2025-07-13,0.00875845848802781,0.005179802941268186,0.005461879809275594,0.006161430538415669,0.007971577068628166
2025-07-14,0.0035594848389948197,0.0030629973978422154,0.0036178748835293817,0.002993457987620074,0.005046763535674348
2025-07-15,-0.010056492676368878,-0.002789889619878916,-0.0018665404910498395,-0.0059380389693722835,0.0009608249805435065
2025-07-16,0.0037108286615414876,0.013686536695935558,0.018706491955574833,0.0076376828509541195,0.017070635651178057
2025-07-17,0.002318819982474629,0.003938627751514989,0.005062033936162003,0.0032369475327356234,0.007998703179661781
2025-07-18,-0.005296934857349278,-0.0012442786434185837,-0.000516223071891253,-0.0022339601552821,0.0009407429349570506
2025-07-19,-0.0005907336031037991,-0.0005767009367402265,-0.0007353009142241351,-0.0005354452461828751,0.0023201508333270393
2025-07-20,-0.0027185314702687924,0.003960477718371269,0.006211215094527489,0.0019193930177736629,0.00827566516368572
2025-07-21,0.0005464402300918714,0.017142948633764643,0.02421978204601194,0.01227939455823246,0.0006975774231878784
2025-07-22,0.012198904477934924,0.01655823939731449,0.022106870045049964,0.0162350279679504,0.006963226919783239
2025-07-23,-0.005611112470749857,-0.016990159814854966,-0.025615105428622775,-0.01688438872320419,-0.010764413110948334
2025-07-24,-0.001954016093090427,-0.006775498047627337,-0.009877613816964281,-0.006677397959755971,0.0034975928024520986
2025-07-25,-0.003428251665013926,0.0018253252874649295,0.0037280751273121027,0.0009493027011435728,-0.001150357374598343
2025-07-26,0.0014470646737734238,-0.0009849838947958434,-0.0018981824756737486,-0.0006010124397364258,0.0019234891029740186
2025-07-27,0.007069631221590766,0.0068104886253128605,0.008586415842757322,0.007810113694915355,0.012543416284075626
2025-07-28,-0.006351920243218734,-0.008018208581257569,-0.010615992657812545,-0.008764033746482491,-0.008492171011309835
2025-07-29,-0.0005269984369673519,-0.0017218655081557843,-0.0025090992455389927,-0.0017041473727321677,-0.0006568529271686607
2025-07-30,-0.0005220772793692596,-0.0035954114932053027,-0.005398087071748714,-0.003434265822719884,0.000638840816623798
2025-07-31,-0.009818155792358785,-0.009815588732194569,-0.012500969312420729,-0.011185181737179972,-0.01330338323615099
2025-08-01,-0.012883243128587796,-0.014437684133138728,-0.019157317908917837,-0.015899702932553827,-0.020267099535001165
2025-08-02,-0.003989039243165737,-0.006424561437197163,-0.01034321232323654,-0.007334753756877199,-0.008188736508321304
2025-08-03,0.00923813866316614,0.008001709767285758,0.010474830479643149,0.006145712989779506,0.01189814459029348
2025-08-04,0.005135298634161067,0.009407253147004191,0.016122691000968636,0.010834025982138451,0.01702933784059768
2025-08-05,-0.005586321634128089,-0.007599403514416347,-0.012303729173195221,-0.009175969700269793,-0.009982494427808741
2025-08-06,0.0052366656559634794,0.0061323332740912395,0.009643878884614043,0.007468243150412057,0.007529215114939536
2025-08-07,0.01497695410293498,0.013642075979293677,0.019893894324641614,0.01682479569119466,0.02283189541363595
2025-08-08,-0.004744239363345448,-0.0006350496694214058,0.0003194302685516348,-0.0018437647435193272,0.002606209002656401
2025-08-09,-0.001270471615154256,0.003222016870992439,0.004980154929768998,0.002440576500861047,0.01413744503493386
2025-08-10,0.016952549549700713,0.011082575083295465,0.012400192655555031,0.014426720716183228,0.010824279468299336
2025-08-11,-0.0013563697874729996,-0.010933964830854404,-0.01510454574924458,-0.010492954618689265,-0.004019310572267232
2025-08-12,0.007544732824038114,0.02430980937449778,0.031802581021678655,0.022528216690601344,0.02647339220058309
2025-08-13,0.016404691549762207,0.018508799821496114,0.02079688846488348,0.020793340812552463,0.018121984606484176
2025-08-14,-0.022265425776506365,-0.019372622144029128,-0.0198180069702959,-0.025878406611782978,-0.026023541525988292
2025-08-15,-0.00513104551479826,-0.008188751877419853,-0.009879289432076166,-0.008488346270491665,-0.008259959434591346
2025-08-16,0.00018990315592226636,0.0034746114315422627,0.004603613018614672,0.003069108102379481,-0.0006785628954872891
2025-08-17,0.0001197426540873181,0.0013316103393878898,0.0016649459585329485,0.001132710079644994,0.002429644435309797
2025-08-18,-0.005791998722102565,-0.010448614848015514,-0.011916689899734934,-0.010872095610016341,-0.012141180692702536
2025-08-19,-0.01826163566903838,-0.01516129737757943,-0.016799117194051916,-0.01729451204826904,-0.02148608768416338
2025-08-20,0.00812022880454566,0.014748546048922728,0.021384195285662377,0.016752201400807465,0.016921095697198574
2025-08-21,-0.01020311991708045,-0.011786764985845632,-0.015576997856177832,-0.01339896225371362,-0.010716960818752397
2025-08-22,0.025816660135375535,0.031027409943765072,0.04016729974175526,0.03531880248320607,0.042371492840555636
2025-08-23,-0.008324276673839726,3.6060643655577707e-06,0.0008044394113126963,-0.0007867185951363487,-0.0059309710985196995
2025-08-24,-0.01027202743342881,-0.003976963690500823,-0.002059690048410334,-0.0029109033730683187,-0.004075210763278103
2025-08-25,-0.02097873473844003,-0.022006613018364485,-0.029267237813973113,-0.02903547712409893,-0.022246366268793727
2025-08-26,0.004721711030187592,0.007088917392187977,0.006767640055771018,0.011306847162950051,0.009709300271261823
2025-08-27,-0.005220107327670309,-7.287182229009925e-05,0.00224886469346397,0.004797470177149377,-0.005494859161370935
2025-08-28,0.002570612741531475,0.005405450564411884,0.008071255144458167,0.013117215354221612,0.001274308215860609
2025-08-29,-0.014557706097806156,-0.010625162177725134,-0.010098988291367572,-0.016631724488747168,-0.01169000047050417
2025-08-30,0.001234316267056501,-0.00024196090753259014,-0.0008333005994151099,-0.001858291593909711,0.0010264186005086717
2025-08-31,-0.001160031183324084,-0.0015521079414803074,-0.00173716940142421,-0.0029592756892817818,-9.294678945448442e-05
2025-09-01,0.0021017633508155775,0.00020243621510007692,-0.0007532732644564,-0.0020531680959373633,-0.002534815976519944
2025-09-02,0.004237987794002862,0.007275827114871625,0.00886465378596979,0.015698241215324815,0.0031183723355991955
2025-09-03,-0.0002383236401239941,0.0006907361533345924,0.0004378576852841487,0.0014222310410108019,0.006039413988515152
2025-09-04,-0.0022378029668499444,-0.004148728784494682,-0.005413615564029639,-0.009801143923478972,-0.008371136275760693
2025-09-05,-0.004850661931075861,-0.002046326215398797,-0.005181322281672007,-0.001344188806719493,-0.001957961530374086
2025-09-06,-0.0009765248497262125,-0.0016426908102563642,-0.002142641700457748,-0.003812805778842021,-0.0021320412626214535
2025-09-07,0.0019659963592448815,0.0032204098474994947,0.004188677832239973,0.007441283852392955,0.0025704617578572453
2025-09-08,0.0016557617990136109,0.003446108245898749,0.004489250049718896,0.008856583136453988,0.0008362894738915827
2025-09-09,-0.00404753858808149,-0.0007866321098669582,0.00015072822669082164,0.0015361200675174658,-0.001465908047452058
2025-09-10,0.009311106114800127,0.007124685668959518,0.010263007183557882,0.011511829598368717,0.006356430124119017
2025-09-11,0.0069681856670678055,0.005981650359725643,0.008917174594465616,0.008204264966968244,0.008709496628819702
2025-09-12,0.0028689462820810085,0.008582612598211137,0.016980524000203445,0.01502053863374897,0.013469068361527503
2025-09-13,-0.0006023403588988341,-0.00017590145094970033,-6.967400023782933e-05,-6.647855514363421e-05,-0.0023909704148911137
2025-09-14,-0.00352673410788229,-0.003688894640918594,-0.006641453423118726,-0.00478127408293616,-0.005092240056117192
2025-09-15,-0.0003089353628870084,-0.003821627141858963,-0.00724916656437169,-0.005775254654036721,-0.005055942496430932
2025-09-16,0.008678817444666809,0.005881582332048829,0.007558834897980926,0.0082532886251927,0.004287442371428973
2025-09-17,-0.0017907052595954598,0.004911665914994812,0.009878207939619355,0.006501724023310951,0.0038472208456055146
2025-09-18,0.003460242976476513,0.0036410412891023647,0.005276040521668746,0.004975364017241191,0.0019676884419761453
2025-09-19,-0.007939312669904552,-0.010441279256902747,-0.0159241610373676,-0.014942858698047568,-0.013044625188327275
2025-09-20,0.00029570256508626436,0.0008486684687969426,0.0014462229685363592,0.0011765461030959212,0.0009218474781880204
2025-09-21,-0.002516698075522017,-0.004353324182089224,-0.005765367246241437,-0.005261951923420938,-0.004036931292779378
2025-09-22,-0.014699857148676165,-0.021819194624970728,-0.028417517523322555,-0.02604508291592178,-0.024681310660119915
2025-09-23,-0.00261918215046808,-0.004528304691379326,-0.008561106591266188,-0.008634151580133476,-0.0034510505528616564
2025-09-24,0.003845503154497054,-0.0006578940272842226,-0.0026413407563656843,-0.000159319640676725,0.0008845844955167603
2025-09-25,-0.019277807029063898,-0.01867604261171374,-0.030449257903685467,-0.029767064350122774,-0.026981016652812717
2025-09-26,0.0012210347616614659,0.003392184663641773,0.00715256305811085,0.013882670340032766,0.01037014929466884
2025-09-27,-1.4300726423943644e-05,-0.0003884686432232831,-0.0009005985540436745,-0.001807743416453178,-0.0008551719862186502
2025-09-28,0.003503435284008427,0.004016806064266909,0.006221269202702384,0.01013015305479037,0.009931456748039968
2025-09-29,0.007163425308851723,0.0052369533618101816,0.007078497107709358,0.005638705975748781,0.008055505103160554
2025-09-30,-0.005315102060859833,-0.007211757831314336,-0.012482455926065117,-0.0070072398448811635,-0.006523192302094749
2025-10-01,0.0279589816306689,0.025942756021739788,0.03627061808773635,0.03263677290655864,0.02823988054725257
2025-10-02,0.010073709324875946,0.017231818454982006,0.024126379623538474,0.021253183745605142,0.014676092531273
2025-10-03,0.00795833458666495,0.0020475428578603516,0.0011199725760266954,0.004253881070680254,0.007432874614641927
2025-10-04,0.0007659985878123443,-0.00398512068820045,-0.006485703552980171,-0.003922047862302547,-0.0005556100175353462
2025-10-05,0.006005257917884643,0.0032669668601752466,0.004879254414245304,0.005384086601095683,0.006063605985405118
2025-10-06,0.005050393526093044,0.006175204916024857,0.007205302438624939,0.006660926531326883,0.011466865725707542
2025-10-07,-0.01420737472373168,-0.017602354224805494,-0.02212613592523438,-0.019919661245554887,-0.021285917712930202
2025-10-08,0.00956344950024346,0.01206524155464872,0.015414821786497779,0.013324826908028164,0.011045463275817236
2025-10-09,-0.00796610029586331,-0.010414580745428559,-0.013279628576747915,-0.011357924214148052,-0.014227708296303154
2025-10-10,-0.04342324589817148,-0.046934105968932105,-0.059671921941038764,-0.05378557498170966,-0.050879909281191016
2025-10-11,-0.005919823276127278,-0.006625919070986641,-0.007972642429029508,-0.006334643643951865,-0.003952715973088106
2025-10-12,0.010671228599456128,0.011576356542946087,0.013704654521518034,0.010859866557150877,0.011585844168184645
2025-10-13,-6.243143951156771e-05,0.007262587821126321,0.010375468675289934,0.004242937572842331,0.004335356630933207
2025-10-14,-0.011974732373693064,-0.012781664188596498,-0.013670277979920598,-0.011724351637083075,-0.013856083945293252
2025-10-15,-0.004584105581684539,-0.004046516602135841,-0.004249585184875615,-0.007807985536511741,-0.007631027610785046
2025-10-16,-0.00396219183950941,-0.003822277720168188,-0.004670287223739411,-0.005528755185905232,-0.003693896920497708
2025-10-17,-0.0028062280683400775,-0.002818460032207648,-0.002957506105644714,-0.0030842497185822326,-0.0031652063984221046
2025-10-18,0.0,0.0,0.0,0.002190219042195851,0.0011833257870139668
2025-10-19,0.0004586426186077297,0.0,0.0,0.00011707673927086049,0.0019145825987638698
2025-10-20,0.0011524820631803046,0.0,0.0,0.0007218887091287041,-6.876624785945307e-05
2025-10-21,-0.0018903556082182638,0.0,0.0,-0.0022280988208258634,-0.0021730400672933525
2025-10-22,0.0,0.0,0.0,-0.0005821677662354308,-0.0013849787708429817
2025-10-23,0.0005085784326184228,0.0,0.0,0.0011872145727247485,0.001053115260008175
2025-10-24,0.00045794082721606344,0.0,0.0,0.00023652779653260403,0.0016021208472605242
2025-10-25,0.0003167977529692223,7.229077460801925e-05,0.0003284864340153959,9.867348954628596e-05,0.00046029804024794174
2025-10-26,0.003960301323911342,0.003041209114037935,0.004858878506820208,0.003506928518522745,0.006532503799897116
2025-10-27,-0.005115888274019098,-0.005294518114286162,-0.007874520661987239,-0.0030791968969001715,-0.006949408942599322
2025-10-28,-0.011742303906029372,-0.012265069818130026,-0.017695797791727697,-0.007907668882910723,-0.00963075002136382
2025-10-29,-0.007449770700172165,-0.0036505031252249687,-0.0023516255599951297,-0.0033785429709352055,-0.005150328284137751
2025-10-30,-0.0028779711365931604,-0.0039008069214474528,-0.0069189150165496205,-0.00617154506422779,-0.004557747485421704
2025-10-31,-0.0008462913999238708,-0.0004231456999619354,-0.000814094724310932,-0.00014907640348915674,0.0006447040965469331
2025-11-01,0.00036530209466012487,0.00018265104732972937,-0.00019060561027306466,8.908949200203686e-05,0.0008242305745285172
2025-11-02,0.0004247674436810289,0.00021242250686559494,0.0005948182798405366,0.0003603870077892868,0.0010281470134572146
2025-11-03,-0.0029178843297311685,-0.0014595183832667447,-0.004646023812006628,-0.002692811939947859,-0.007143681043317418
2025-11-04,0.0,0.0,0.0,0.0,-0.002305933173643915
2025-11-05,0.0,0.0,0.0,0.0,-2.3982689430379622e-05
2025-11-06,0.0,0.0,0.0,0.0,0.0
2025-11-07,0.0,0.0,0.0,0.0,0.0
2025-11-08,0.0,0.0,0.0,0.0,0.0
2025-11-09,0.0,0.0,0.0,0.0,0.0
2025-11-10,0.0,0.0,0.0,0.0,0.0
2025-11-11,0.0,0.0,0.0,0.0,0.0
2025-11-12,0.0,0.0,0.0,0.0,0.0
2025-11-13,0.0,0.0,0.0,0.0,0.0
2025-11-14,0.0,0.0,0.0,0.0,0.0
2025-11-15,0.0,0.0,0.0,0.0,0.0
2025-11-16,0.0,0.0,0.0,0.0,0.0
2025-11-17,0.0,0.0,0.0,0.0,0.0
2025-11-18,0.0,0.0,0.0,0.0,0.0
2025-11-19,0.0,0.0,0.0,0.0,0.0
2025-11-20,0.0,0.0,0.0,0.0,0.0
2025-11-21,0.0,0.0,0.0,0.0,0.0
2025-11-22,0.0,0.0,0.0,0.0,0.0
2025-11-23,0.0,0.0,0.0,0.0,0.0
2025-11-24,0.0,0.0,0.0,0.0,0.0
2025-11-25,0.0,0.0,0.0,0.0,0.0
2025-11-26,0.0,0.0,0.0,0.0,0.0
2025-11-27,0.0,0.0,0.0,0.0,0.0
2025-11-28,0.0,0.0,0.0,0.0,0.0
2025-11-29,0.0,0.0,0.0,0.0,0.0
2025-11-30,0.0,0.0,0.0,0.0,0.0
2025-12-01,0.0,0.0,0.0,0.0,0.0
2025-12-02,0.0,0.0,0.0,0.0,0.0
2025-12-03,0.0,0.0,0.0,0.0,0.0
2025-12-04,0.0,0.0,0.0,0.0,0.0
2025-12-05,0.0,0.0,0.0,0.0,0.0
2025-12-06,0.0,0.0,0.0,0.0,0.0
2025-12-07,0.0,0.0,0.0,0.0,0.0
2025-12-08,0.0,0.0,0.0,0.0,0.0
2025-12-09,0.0,0.0,0.0,0.0,0.0
2025-12-10,0.0,0.0,0.0,0.0,0.0
2025-12-11,0.0,0.0,0.0,0.0,0.0
2025-12-12,0.0,0.0,0.0,0.0,0.0
2025-12-13,0.0,0.0,0.0,0.0,0.0
2025-12-14,0.0,0.0,0.0,0.0,0.0
2025-12-15,0.0,0.0,0.0,0.0,0.0
2025-12-16,0.0,0.0,0.0,0.0,0.0
2025-12-17,0.0,0.0,0.0,0.0,0.0
2025-12-18,0.0,0.0,0.0,0.0,0.0
2025-12-19,0.0,0.0,0.0,0.0,0.0
2025-12-20,0.0,0.0,0.0,0.0,0.0
2025-12-21,0.0,0.0,0.0,0.0,0.0
2025-12-22,0.0,0.0,0.0,0.0,0.0
2025-12-23,0.0,0.0,0.0,0.0,0.0
2025-12-24,0.0,0.0,0.0,0.0,0.0
2025-12-25,0.0,0.0,0.0,0.0,0.0
2025-12-26,0.0,0.0,0.0,0.0,0.0
2025-12-27,0.0,0.0,0.0,0.0,0.0
2025-12-28,0.0,0.0,0.0,0.0,0.0
2025-12-29,0.0,0.0,0.0,0.0,0.0
2025-12-30,0.0,0.0,0.0,0.0,0.0
2025-12-31,0.0,0.0,0.0,0.0,0.0
2026-01-01,0.0,0.0,0.0,0.0,0.0
2026-01-02,0.0,0.0,0.0,0.0,0.0
2026-01-03,0.0,0.0,0.0,0.0,0.0
2026-01-04,0.0,0.0,0.0,0.0,0.0
2026-01-05,0.0,0.0,0.0,0.0,0.0
2026-01-06,0.0,0.0,0.0,0.0,0.0
2026-01-07,0.0,0.0,0.0,0.0,0.0
2026-01-08,0.0,0.0,0.0,0.0,0.0
2026-01-09,0.0,0.0,0.0,0.0,0.0
2026-01-10,0.0,0.0,0.0,0.0,0.0
2026-01-11,0.0,0.0,0.0,0.0,0.0
2026-01-12,0.0,0.0,0.0,0.0,0.0
2026-01-13,0.0,0.0,0.0,0.0,0.0
2026-01-14,0.0,0.0,0.0,0.0,0.0
2026-01-15,0.0,0.0,0.0,0.0,-0.0018139417240927713
2026-01-16,0.0,0.0,0.0,0.0,0.0
2026-01-17,0.0,0.0,0.0,0.0,-0.00022602458679654713
2026-01-18,0.0,0.0,0.0,0.0,-0.0007285746451999309
2026-01-19,0.0,0.0,0.0,0.0,-6.156213699959334e-05
2026-01-20,0.0,0.0,0.0,0.0,0.0
2026-01-21,0.0,0.0,0.0,0.0,0.0
2026-01-22,0.0,0.0,0.0,0.0,0.0
2026-01-23,0.0,0.0,0.0,0.0,0.0
2026-01-24,0.0,0.0,0.0,0.0,0.0
2026-01-25,0.0,0.0,0.0,0.0,0.0
2026-01-26,0.0,0.0,0.0,0.0,0.0
2026-01-27,0.0,0.0,0.0,0.0,0.0
2026-01-28,0.0,0.0,0.0,0.0,0.0
2026-01-29,0.0,0.0,0.0,0.0,0.0
2026-01-30,0.0,0.0,0.0,0.0,0.0
2026-01-31,0.0,0.0,0.0,0.0,0.0
2026-02-01,0.0,0.0,0.0,0.0,0.0
2026-02-02,0.0,0.0,0.0,0.0,0.0
2026-02-03,0.0,0.0,0.0,0.0,0.0
2026-02-04,0.0,0.0,0.0,0.0,0.0
2026-02-05,0.0,0.0,0.0,0.0,0.0
2026-02-06,0.0,0.0,0.0,0.0,0.0
2026-02-07,0.0,0.0,0.0,0.0,0.0
2026-02-08,0.0,0.0,0.0,0.0,0.0
2026-02-09,0.0,0.0,0.0,0.0,0.0
2026-02-10,0.0,0.0,0.0,0.0,0.0
2026-02-11,0.0,0.0,0.0,0.0,0.0
2026-02-12,0.0,0.0,0.0,0.0,0.0
2026-02-13,0.0,0.0,0.0,0.0,0.0
2026-02-14,0.0,0.0,0.0,0.0,0.0
2026-02-15,0.0,0.0,0.0,0.0,0.0
2026-02-16,0.0,0.0,0.0,0.0,0.0
2026-02-17,0.0,0.0,0.0,0.0,0.0
2026-02-18,0.0,0.0,0.0,0.0,0.0
2026-02-19,0.0,0.0,0.0,0.0,0.0
2026-02-20,0.0,0.0,0.0,0.0,0.0
2026-02-21,0.0,0.0,0.0,0.0,0.0
2026-02-22,0.0,0.0,0.0,0.0,0.0
2026-02-23,0.0,0.0,0.0,0.0,0.0
2026-02-24,0.0,0.0,0.0,0.0,0.0
2026-02-25,0.0,0.0,0.0,0.0,0.0
2026-02-26,0.0,0.0,0.0,0.0,0.0
2026-02-27,0.0,0.0,0.0,0.0,0.0
2026-02-28,0.0,0.0,0.0,0.0,0.0
2026-03-01,0.0,0.0,0.0,0.0,0.0
2026-03-02,0.0,0.0,0.0,0.0,0.0
2026-03-03,0.0,0.0,0.0,0.0,0.0
2026-03-04,0.0,0.0,0.0,0.0,0.0
2026-03-05,0.0,0.0,0.0,0.0,0.0
2026-03-06,0.0,0.0,0.0,0.0,0.0
2026-03-07,0.0,0.0,0.0,0.0,0.0
2026-03-08,0.0,0.0,0.0,0.0,0.0
2026-03-09,0.0,0.0,0.0,0.0,0.0
2026-03-10,0.0,0.0,0.0,0.0,0.0
2026-03-11,0.0,0.0,0.0,0.0,0.0
2026-03-12,0.0,0.0,0.0,0.0,0.0
2026-03-13,0.0,0.0,0.0,0.0,0.0
2026-03-14,0.0,0.0,0.0,0.0,0.0
2026-03-15,0.0,0.0,0.0,0.0,0.0
2026-03-16,0.0,0.0,0.0,0.0,0.0
2026-03-17,0.0,0.0,0.0,0.0,0.0
2026-03-18,0.0,0.0,0.0,0.0,0.0
2026-03-19,0.0,0.0,0.0,0.0,0.0
2026-03-20,0.0,0.0,0.0,0.0,0.0
2026-03-21,0.0,0.0,0.0,0.0,0.0
2026-03-22,0.0,0.0,0.0,0.0,0.0
2026-03-23,0.0,0.0,0.0,0.0,0.0
2026-03-24,0.0,0.0,0.0,0.0,0.0
2026-03-25,0.0,0.0,0.0,0.0,0.0
2026-03-26,0.0,0.0,0.0,0.0,0.0
2026-03-27,0.0,0.0,0.0,0.0,0.0
2026-03-28,0.0,0.0,0.0,0.0,0.0
2026-03-29,0.0,0.0,0.0,0.0,0.0
2026-03-30,0.0,0.0,0.0,0.0,0.0
2026-03-31,0.0,0.0,0.0,0.0,0.0
2026-04-01,0.0,0.0,0.0,0.0,0.0
2026-04-02,0.0,0.0,0.0,0.0,0.0
2026-04-03,0.0,0.0,0.0,0.0,0.0
2026-04-04,0.0,0.0,0.0,0.0,0.0
2026-04-05,0.0,0.0,0.0,0.0,0.0
2026-04-06,0.0,0.0,0.0,0.0,0.0
2026-04-07,0.0,0.0,0.0,0.0,0.0
2026-04-08,0.0,0.0,0.0,0.0,0.0
2026-04-09,0.0,0.0,0.0,0.0,0.0
2026-04-10,0.0,0.0,0.0,0.0,0.0
2026-04-11,0.0,0.0,0.0,0.0,0.0
2026-04-12,0.0,0.0,0.0,0.0,0.0
2026-04-13,0.0,0.0,0.0,0.0,0.0
2026-04-14,0.0,0.0,0.0,0.0,-0.000826129223868266
2026-04-15,0.0,0.0,0.0,0.0,0.00021300083231112765
2026-04-16,-0.0012776091454734795,-0.0011406617341600533,-0.001325304302625896,-0.0006388045727367953,-0.0015077378980757894
2026-04-17,0.0015088063501362825,-0.00033099401286551533,-0.0007599724427812538,0.0007553867459575425,0.0014407818348189938
2026-04-18,-0.0028169051360630304,-0.003038193757249563,-0.0036862385647637996,-0.0014104772572580693,-0.0030745373896478023
2026-04-19,-0.0038680993088292537,-0.003626354748838212,-0.004301632377419096,-0.0019341020447232182,-0.0032978238792361614
2026-04-20,0.0010723722254859513,0.000402698661084111,0.00034925606587954405,0.0005363774711837355,0.0006164580107619333
2026-04-21,0.0010565137427933635,0.0010395209783471415,0.0012362163578578667,0.0005285800171255239,0.0008697631999317057
2026-04-22,0.003926105328348362,0.0025359489740941488,0.0027554785677730287,0.001965289952194027,0.00316836013568933
2026-04-23,0.00016824841541307478,-0.0004248243445251765,-0.0006205601597576438,8.438490005735488e-05,-0.0010360623089967769
2026-04-24,-0.0017413169641508075,-0.0008321863593089285,-0.000816321539263587,-0.0008734298005965702,-0.0012638829492039871
2026-04-25,0.0003994781109171175,0.00020007867202997964,0.00020003170701032857,0.0002002007729906552,0.00031577446149788635
2026-04-26,0.0021946900092928434,0.0016090868992351126,0.0018048638021859187,0.0011001007689910303,0.0023794587800187728
2026-04-27,-0.002727901176390546,-0.0027988724572066692,-0.0033485226320014716,-0.001368870949785106,-0.0030480312044699476
2026-04-28,-0.0021873674142602884,-0.001613550284177201,-0.0018128242782377013,-0.0010961353429291831,-0.001461706298957366
2026-04-29,-0.001199439286690862,-0.0012959914133610084,-0.001564076697905814,-0.0006004073737104765,-0.0015384860106388842
2026-04-30,0.0012089883860790795,0.0006398671457026328,0.0006533859198600833,0.0006048246542746938,0.0007242808035414772
2026-05-01,0.0030288939631273326,0.001295002191576966,0.0013422802747600215,0.001519400727700182,0.0025010876166879914
2026-05-02,0.0015243689433446228,0.001012766980376778,0.001077547118011779,0.000762275443530358,0.0013093923664422302
2026-05-03,-0.0020997164137053215,-0.002391642369591662,-0.0027391474022268048,-0.0010765821826321798,-0.0009310590873784497
2026-05-04,0.006915399440548642,0.003941427088459237,0.004043564389524912,0.003552666020104178,0.004180457272784599
2026-05-05,0.005717981307228337,0.0073112369100549746,0.008479865131108433,0.0028609905592991147,0.0032062836442978693
2026-05-06,0.0029474358035368464,0.007262301625943213,0.008772540187500955,0.0007973126393023833,0.0012248165319330706
2026-05-07,-0.007820647949692394,-0.005371987005660883,-0.005745827812709159,-0.004471873222082312,-0.005445588193701778
2026-05-08,0.0014086295195647747,0.007737121299433047,0.009613515184266896,0.0031408688173897303,0.0009215573360046303
2026-05-09,0.0030135382748814887,0.0035448097841452864,0.0041154042302053995,0.0021432564822565503,0.001822898349719937
2026-05-10,0.01030783190348572,0.011695673613774549,0.01340160721824879,0.007527532450545937,0.0062375941004841895
2026-05-11,-0.003135841044141885,0.00024369309891292268,0.0006971581690153883,-0.0009030490302106564,-0.002350193245372445
2026-05-12,-0.00840701675919886,-0.010161798457086424,-0.01169731485099712,-0.006390521513095382,-0.0058134297146800185
2026-05-13,-0.008134566376752472,-0.01013869915519694,-0.013596410851598462,-0.006276629358748731,-0.0044370222789357205
2026-05-14,0.012233671619002129,0.007930215424422071,0.009017577689403034,0.006741247787231508,0.006655048630067828
2026-05-15,-0.01344926350291864,-0.012380537857419882,-0.015535130064966096,-0.008775484227662389,-0.008151880056251004
2026-05-16,-0.00626812259451015,-0.008701219600712684,-0.010134531085913556,-0.005261631096305397,-0.004405312076519063
2026-05-17,-0.003909560229282016,-0.0049938272991186805,-0.005633668986104512,-0.0033176486376172987,-0.0036390069746002895
2026-05-18,-0.003046469014576614,-0.0024702878418509933,-0.002521186283439558,-0.002033502322448477,-0.0019289704562259757
2026-05-19,-0.0004363666510827091,-0.0011305164184262084,-0.0015048077909926016,-0.00021818714045318544,-0.00021818708190679548
2026-05-20,0.00207156060944369,0.003501968853195425,0.0045176208137809315,0.0010354592432511023,0.0010354590244916473
2026-05-21,0.0003018383840149852,0.0019835580420028975,0.002736094309077952,-0.00014426576344772624,0.0001509676236217672
2026-05-22,-0.005709548013531962,-0.005811196870088242,-0.006884793530025024,-0.0052056829781762515,-0.003258812710515313
2026-05-23,0.0021730866329428,0.0018336750363823207,0.0021603833909125125,0.000947438277818291,0.0010853319200261335
2026-05-24,-0.0007706534295542911,-0.0006497345798222032,-0.0018514514357712564,-0.00038347423407480985,-0.0003844039184422998
2026-05-25,0.0004958672974777478,-0.000698967120631,-0.0001156428481655647,0.0003785852131326095,0.0003785852131334977
2026-05-26,-0.005120704047282931,-0.0045366264275826795,-0.004911239616331442,-0.002482901237052637,-0.002482901237052637
2026-05-27,-0.0019030684584132596,-0.0014609892509686029,-0.0016988272518856373,-0.0009514469285535343,-0.0009514469285535343
2026-05-28,-0.001071088549013277,-0.0006668568199528213,-0.0007284353202265947,-0.0005349850657775379,-0.0005349850657775379
2026-05-29,-0.0002020362189320002,-0.00012885503705961643,-0.00014193168314902138,-0.00010085849903196387,-0.00010085849903196387
2026-05-30,0.0005461611472399319,0.0005480668713297998,0.0006767799230729121,0.0002726215125945508,0.0002726215125945508
2026-05-31,-0.00027059909151094796,-0.0002507919518844881,-0.00030482616835669774,-0.0001351090384890119,-0.0001351090384890119
2026-06-01,-0.0016329795005004533,-0.001546293631516149,-0.0018878263652621907,-0.0008152296140531146,-0.0008152296140531146
2026-06-02,0.0,0.0,0.0,0.0,0.0
2026-06-03,0.0,0.0,0.0,0.0,0.0
2026-06-04,0.0,0.0,0.0,0.0,0.0
2026-06-05,0.0,0.0,0.0,0.0,0.0
2026-06-06,0.0,0.0,0.0,0.0,0.0
2026-06-07,0.0,0.0,0.0,0.0,0.0
2026-06-08,0.0,0.0,0.0,0.0,0.0
2026-06-09,0.0,0.0,0.0,0.0,0.0
2026-06-10,0.0,0.0,0.0,0.0,0.0
2026-06-11,0.0,0.0,0.0,0.0,0.0
2026-06-12,0.0,0.0,0.0,0.0,0.0
2026-06-13,0.0,0.0,0.0,0.0,0.0
2026-06-14,0.0,0.0,0.0,0.0,0.0
2026-06-15,0.0,0.0,0.0,0.0,0.0
2026-06-16,0.0,0.0,0.0,0.0,0.0
2026-06-17,0.0,0.0,0.0,0.0,0.0
2026-06-18,0.0,0.0,0.0,0.0,0.0
2026-06-19,0.0,0.0,0.0,0.0,0.0
2026-06-20,0.0,0.0,0.0,0.0,0.0
2026-06-21,0.0,0.0,0.0,0.0,0.0
2026-06-22,0.0,0.0,0.0,0.0,0.0
2026-06-23,0.0,0.0,0.0,0.0,0.0
2026-06-24,0.0,0.0,0.0,0.0,0.0
2026-06-25,0.0,0.0,0.0,0.0,0.0
2026-06-26,0.0,0.0,0.0,0.0,0.0
2026-06-27,0.0,0.0,0.0,0.0,0.0
2026-06-28,0.0,0.0,0.0,0.0,0.0
2026-06-29,0.0,0.0,0.0,0.0,0.0
2026-06-30,0.0,0.0,0.0,0.0,0.0
2026-07-01,0.0,0.0,0.0,0.0,0.0
2026-07-02,0.0,0.0,0.0,0.0,0.0
2026-07-03,0.0,0.0,0.0,0.0,0.0
2026-07-04,0.0,0.0,0.0,-0.0020040898980037136,0.0
2026-07-05,0.0,0.0,0.0,-0.0008821820355087162,0.0
2026-07-06,0.0,0.0,0.0,0.0,0.0
2026-07-07,0.0,0.0,0.0,-0.002405217461768916,0.0
2026-07-08,0.0,0.0,0.0,-0.0024205195923701073,0.0
2026-07-09,0.0,0.0,0.0,0.0,0.0
2026-07-10,0.0,0.0,0.0,0.0,0.0
2026-07-11,0.0,0.0,0.0,0.0,0.0
2026-07-12,0.0,0.0,0.0,0.0,0.0
2026-07-13,0.0,0.0,0.0,0.0,0.0
2026-07-14,0.0,0.0,0.0,0.0,0.0
2026-07-15,0.0,0.0,0.0,0.0,0.0
2026-07-16,0.0,0.0,0.0,0.0,0.0
2026-07-17,0.0,0.0,0.0,0.0,0.0
2026-07-18,0.0,0.0,0.0,0.0,0.0
2026-07-19,0.0,0.0,0.0,0.0,0.0
2026-07-20,0.0,0.0,0.0,0.0,0.0
2026-07-21,0.0,0.0,0.0,0.0,0.0
2026-07-22,0.0,0.0,0.0,0.0,0.0
2026-07-23,0.0,0.0,0.0,0.0,0.0
2026-07-24,0.0,0.0,0.0,0.0,0.0
2026-07-25,0.0,0.0,0.0,0.0,0.0
2026-07-26,0.0,0.0,0.0,0.0,0.0
2026-07-27,0.0,0.0,0.0,0.0,-0.0003171660127827547
2026-07-28,0.0,0.0,0.0,0.0,0.0
2026-07-29,0.0,0.0,0.0,0.0,0.0
2026-07-30,0.0,0.0,0.0,0.0,0.0
2026-07-31,0.0,0.0,0.0,0.0,0.0
2026-08-01,0.0,0.0,0.0,0.0,0.0
2026-08-02,0.0,0.0,0.0,0.0,0.0
2026-08-03,0.0,0.0,0.0,0.0,0.0
2026-08-04,0.0,0.0,0.0,0.0,0.0
2026-08-05,0.0,0.0,0.0,0.0,0.0
2026-08-06,0.0,0.0,0.0,0.0,0.0
2026-08-07,0.0,0.0,0.0,0.0,-0.0003185999852146626
2026-08-08,0.0,0.0,0.0,0.0,2.6840370991765283e-05
2026-08-09,0.0,0.0,0.0,0.0,-0.0002530944724344897
2026-08-10,0.0,0.0,0.0,0.0,-0.0016138836488489572
2026-08-11,0.0,0.0,0.0,0.0,0.0
2026-08-12,0.0,0.0,0.0,0.0,-0.0014212114536394926
2026-08-13,0.0,0.0,0.0,0.0,-0.0007596083777424711
2026-08-14,0.0,0.0,0.0,0.0,0.0
2026-08-15,0.0,0.0,0.0,0.0,-0.00015011821260479952
2026-08-16,0.0,0.0,0.0,0.0,-0.0002669533429557891
2026-08-17,0.0,0.0,0.0,0.0,0.0015120671596868807
2026-08-18,0.0,0.0,0.0,-3.781240105293904e-05,0.0001706538064909502
2026-08-19,0.0036441468467949267,0.005904006886251034,0.006840216569724111,0.02017827897761837,0.03162233079129839
2026-08-20,0.040967650505448816,0.028323226433983884,0.030869876896804538,0.02897962075078797,0.03114536915019328
2026-08-21,0.05191153139849969,0.04734454820434042,0.05219377248831414,0.04774987612110171,0.0522371828156849
2026-08-22,-0.011269609897800903,-0.0051719343449667665,-0.005826228339759654,-0.00515331094562077,-0.01751384490315544
2026-08-23,0.005416784082367121,0.006654088962024796,0.008287335757014347,0.006654145997286864,0.008050966157332029
2026-08-24,0.01178305508543498,0.013841673179772807,0.01766082751667475,0.01384179703198285,0.007765275041233588
2026-08-25,-0.004231763454233484,-0.007511053501698894,-0.009998013054954069,-0.007511134462393598,-0.006967275214521118
2026-08-26,0.004540177857115468,0.01542529164638351,0.021280938986325104,0.015425481812469277,0.010615811736069958
2026-08-27,0.012257950321955313,0.022498890445078024,0.02978145264961163,0.02249912831460832,0.006453361100896782
2026-08-28,-0.023704312049681375,-0.02275775579906003,-0.027549875860091055,-0.022757913438342436,-0.020146592071789593
2026-08-29,0.004381093873535802,0.0056588319594463865,0.008165080490420085,0.005669642170640143,0.004139334084510171
2026-08-30,-0.006037036222641068,-0.012042064141822517,-0.018828979080026564,-0.012053343800253136,-0.0082666512505154
2026-08-31,0.009967191097817407,0.008202357132049087,0.010505024813511676,0.008230556161472169,0.01158692618879864
2026-09-01,-0.012535513523278974,-0.015081034508788171,-0.01897548054018605,-0.015269053996150861,-0.013719672401895977
2026-09-02,-0.0011001086859563358,0.0006952709674288293,0.001252952445863098,0.0006381567964268697,-0.004315544367634705
2026-09-03,0.04372749862602299,0.032245728967425835,0.036933043884364025,0.03512318233055445,0.04239609632482755
2026-09-04,-0.015287393730291643,-0.013345230698879273,-0.015842322438109013,-0.014325536991535714,-0.01641426638059784
2026-09-05,0.001782816533938636,0.0043627427458206025,0.005951481964127536,0.004629540656635456,0.004117678019130544
2026-09-06,0.005297245544698015,0.012131035882467556,0.016375659247856555,0.012702748017863197,0.007260571277275307
2026-09-07,-0.01270453774566993,-0.014205599625742305,-0.017575063384047462,-0.014903822242454456,-0.010658674940586699
2026-09-08,-0.006866145776236787,-0.004734548545284989,-0.005286741022080932,-0.0055341794978179815,-0.004581944149976702
2026-09-09,-0.0015737138606816137,-0.005953792545272729,-0.008234854843574335,-0.0062133864987443665,-0.004274457465808568
2026-09-10,-0.01977143698085637,-0.017743204760854114,-0.021520826770588086,-0.01849143531636921,-0.014465106722538645
2026-09-11,0.00754230854440352,0.014723883072000676,0.01977132616144095,0.015142006013176834,0.015658866888691003
2026-09-12,0.0006042414043230249,-0.0017341827191892367,-0.002630315747335743,-0.0017552282828121601,0.001720843088540036
2026-09-13,-0.00497312752329393,-0.009490524032641612,-0.012673725131680302,-0.009757841448026161,-0.00976511019123294
2026-09-14,0.01541784867595375,0.01632378165202164,0.021137971204440165,0.01608850319499444,0.012208178673388526
2026-09-15,-0.028680625679265437,-0.030697312960325185,-0.03722984894214487,-0.03247704828376563,-0.03339805379892491
2026-09-16,0.006515651147205537,0.008596424077775167,0.010830184747907756,0.009002208894371089,0.006693600067477101
2026-09-17,0.002432466024810287,0.010243846831623271,0.013875623768710987,0.01028640710046358,0.0057843251789202466
2026-09-18,0.051370234113326196,0.05782544576246229,0.07111767122496171,0.06110406414024161,0.05346368741628016
2026-09-19,0.003648781554494329,-0.0028409979342671754,-0.004305230897728385,-0.002467470053280074,0.005174546947027903
2026-09-20,-0.0006968522958801238,-5.848568635058449e-05,-3.9314094291142965e-07,-0.00012076260346716161,0.0013636685374989188
2026-09-21,0.05271446991515227,0.050297629725910564,0.05255144211409468,0.05415177910052571,0.0514171303723463
2026-09-22,-0.005083340349105514,-0.004954389068722587,-0.0045488010234477905,-0.005386450182831792,-0.007017961515194626
2026-09-23,-0.014114727122687465,-0.014910182177027997,-0.01559960047740283,-0.015716159045279232,-0.015987554421607597
2026-09-24,0.0008611821214752347,0.006294388423507602,0.007367199362452448,0.006350494752059177,0.0010066190431061717
2026-09-25,-0.0031282365979370397,0.013247198932671678,0.016031508583303156,0.012771397662701744,-0.0013670222666465337
2026-09-26,0.003630640216921499,-0.00046518666339212533,-0.0009575413546200062,0.00016223555521244215,0.002724090870828366
2026-09-27,0.00041562147449081266,0.0018520806688004932,0.0018297965609743727,0.0018949018433189746,-0.0009424828835116195
2026-09-28,-0.010380773368033003,-0.013661971259902761,-0.015481593304385033,-0.015121843703428173,-0.006491249418658085
2026-09-29,0.001766102064290953,0.0016690558056002835,0.002028958326577124,0.0019290829624767358,-0.0004815109757250191
2026-09-30,-0.00043156319692672085,-0.0032030604285350206,-0.0042103277634994996,-0.003236012130284127,0.0009154985695178919
2026-10-01,0.013541480019845231,0.00795810284885845,0.007778010069205976,0.010007179022266,0.011463440751219967
2026-10-02,-0.003849780351096732,-0.0013442403170268458,-0.0009719973123688552,-0.000683786441436407,-0.007923837624315144
2026-10-03,0.002376349981820347,0.00399850801442736,0.004994460099749354,0.004249327426801175,0.00431877221377297
2026-10-04,0.017603284572434763,0.014486783962573746,0.016918593607121002,0.016815181591643524,0.018097284197401642
2026-10-05,-0.007431272602041905,-0.006047952143484303,-0.007318804854514527,-0.007018992272703084,-0.008090596327563926
