,BTC only (BTC signal),"BTC+ETH (BTC signal, own vol)","BTC+ETH+SOL (BTC signal, own vol)","BTC+ETH+SOL (BTC signal, BTC vol)",official BTC+ETH (own signals)
2017-08-17,0.0,0.0,0.0,0.0,
2017-08-18,0.0,0.0,0.0,0.0,
2017-08-19,0.0,0.0,0.0,0.0,
2017-08-20,0.0,0.0,0.0,0.0,
2017-08-21,0.0,0.0,0.0,0.0,
2017-08-22,0.0,0.0,0.0,0.0,
2017-08-23,0.0,0.0,0.0,0.0,
2017-08-24,0.0,0.0,0.0,0.0,
2017-08-25,0.0,0.0,0.0,0.0,
2017-08-26,0.0,0.0,0.0,0.0,
2017-08-27,0.0,0.0,0.0,0.0,
2017-08-28,0.0,0.0,0.0,0.0,
2017-08-29,0.0,0.0,0.0,0.0,
2017-08-30,0.0,0.0,0.0,0.0,
2017-08-31,0.0,0.0,0.0,0.0,
2017-09-01,0.0,0.0,0.0,0.0,
2017-09-02,0.0,0.0,0.0,0.0,
2017-09-03,0.0,0.0,0.0,0.0,
2017-09-04,0.0,0.0,0.0,0.0,
2017-09-05,0.0,0.0,0.0,0.0,
2017-09-06,0.0,0.0,0.0,0.0,
2017-09-07,0.0,0.0,0.0,0.0,
2017-09-08,0.0,0.0,0.0,0.0,
2017-09-09,0.0,0.0,0.0,0.0,
2017-09-10,0.0,0.0,0.0,0.0,
2017-09-11,0.0,0.0,0.0,0.0,
2017-09-12,0.0,0.0,0.0,0.0,
2017-09-13,0.0,0.0,0.0,0.0,
2017-09-14,0.0,0.0,0.0,0.0,
2017-09-15,0.0,0.0,0.0,0.0,
2017-09-16,0.0,0.0,0.0,0.0,
2017-09-17,0.0,0.0,0.0,0.0,
2017-09-18,0.0,0.0,0.0,0.0,
2017-09-19,0.0,0.0,0.0,0.0,
2017-09-20,0.0,0.0,0.0,0.0,
2017-09-21,0.0,0.0,0.0,0.0,
2017-09-22,0.0,0.0,0.0,0.0,
2017-09-23,0.0,0.0,0.0,0.0,
2017-09-24,0.0,0.0,0.0,0.0,
2017-09-25,0.0,0.0,0.0,0.0,
2017-09-26,0.0,0.0,0.0,0.0,
2017-09-27,0.0,0.0,0.0,0.0,
2017-09-28,0.0,0.0,0.0,0.0,
2017-09-29,0.0,0.0,0.0,0.0,
2017-09-30,0.0,0.0,0.0,0.0,
2017-10-01,0.0,0.0,0.0,0.0,
2017-10-02,0.0,0.0,0.0,0.0,
2017-10-03,0.0,0.0,0.0,0.0,
2017-10-04,0.0,0.0,0.0,0.0,
2017-10-05,0.0,0.0,0.0,0.0,
2017-10-06,0.0,0.0,0.0,0.0,
2017-10-07,0.0,0.0,0.0,0.0,
2017-10-08,0.0,0.0,0.0,0.0,
2017-10-09,0.0,0.0,0.0,0.0,
2017-10-10,0.0,0.0,0.0,0.0,
2017-10-11,0.0,0.0,0.0,0.0,
2017-10-12,0.0,0.0,0.0,0.0,
2017-10-13,0.0,0.0,0.0,0.0,
2017-10-14,0.0,0.0,0.0,0.0,
2017-10-15,0.0,0.0,0.0,0.0,
2017-10-16,0.0,0.0,0.0,0.0,
2017-10-17,0.0,0.0,0.0,0.0,
2017-10-18,0.0,0.0,0.0,0.0,
2017-10-19,0.0,0.0,0.0,0.0,
2017-10-20,0.0,0.0,0.0,0.0,
2017-10-21,0.0,0.0,0.0,0.0,
2017-10-22,0.0,0.0,0.0,0.0,
2017-10-23,0.0,0.0,0.0,0.0,
2017-10-24,0.0,0.0,0.0,0.0,
2017-10-25,0.0,0.0,0.0,0.0,
2017-10-26,0.0,0.0,0.0,0.0,
2017-10-27,0.0,0.0,0.0,0.0,
2017-10-28,0.0,0.0,0.0,0.0,
2017-10-29,0.0,0.0,0.0,0.0,
2017-10-30,0.0,0.0,0.0,0.0,
2017-10-31,0.0,0.0,0.0,0.0,
2017-11-01,0.0,0.0,0.0,0.0,
2017-11-02,0.0,0.0,0.0,0.0,
2017-11-03,0.0,0.0,0.0,0.0,
2017-11-04,0.0,0.0,0.0,0.0,
2017-11-05,0.0,0.0,0.0,0.0,
2017-11-06,0.0,0.0,0.0,0.0,
2017-11-07,0.0,0.0,0.0,0.0,
2017-11-08,0.0,0.0,0.0,0.0,
2017-11-09,0.0,0.0,0.0,0.0,
2017-11-10,0.0,0.0,0.0,0.0,
2017-11-11,0.0,0.0,0.0,0.0,
2017-11-12,0.0,0.0,0.0,0.0,
2017-11-13,0.0,0.0,0.0,0.0,
2017-11-14,0.0,0.0,0.0,0.0,
2017-11-15,0.0,0.0,0.0,0.0,
2017-11-16,0.0,0.0,0.0,0.0,
2017-11-17,0.0,0.0,0.0,0.0,
2017-11-18,0.0,0.0,0.0,0.0,
2017-11-19,0.0,0.0,0.0,0.0,
2017-11-20,0.0,0.0,0.0,0.0,
2017-11-21,0.0,0.0,0.0,0.0,
2017-11-22,0.0,0.0,0.0,0.0,
2017-11-23,0.0,0.0,0.0,0.0,
2017-11-24,0.0,0.0,0.0,0.0,
2017-11-25,0.0,0.0,0.0,0.0,
2017-11-26,0.0,0.0,0.0,0.0,
2017-11-27,0.0,0.0,0.0,0.0,
2017-11-28,0.0,0.0,0.0,0.0,
2017-11-29,0.0,0.0,0.0,0.0,
2017-11-30,0.0,0.0,0.0,0.0,
2017-12-01,0.0,0.0,0.0,0.0,
2017-12-02,0.0,0.0,0.0,0.0,
2017-12-03,0.0,0.0,0.0,0.0,
2017-12-04,0.0,0.0,0.0,0.0,
2017-12-05,0.0,0.0,0.0,0.0,
2017-12-06,0.0,0.0,0.0,0.0,
2017-12-07,0.0,0.0,0.0,0.0,
2017-12-08,0.0,0.0,0.0,0.0,
2017-12-09,0.0,0.0,0.0,0.0,
2017-12-10,0.0,0.0,0.0,0.0,
2017-12-11,0.0,0.0,0.0,0.0,
2017-12-12,0.0,0.0,0.0,0.0,
2017-12-13,0.0,0.0,0.0,0.0,
2017-12-14,0.0,0.0,0.0,0.0,
2017-12-15,0.0,0.0,0.0,0.0,
2017-12-16,0.0,0.0,0.0,0.0,
2017-12-17,0.0,0.0,0.0,0.0,
2017-12-18,0.0,0.0,0.0,0.0,
2017-12-19,0.0,0.0,0.0,0.0,
2017-12-20,0.0,0.0,0.0,0.0,
2017-12-21,0.0,0.0,0.0,0.0,
2017-12-22,0.0,0.0,0.0,0.0,
2017-12-23,0.0,0.0,0.0,0.0,
2017-12-24,0.0,0.0,0.0,0.0,
2017-12-25,0.0,0.0,0.0,0.0,
2017-12-26,0.0,0.0,0.0,0.0,
2017-12-27,0.0,0.0,0.0,0.0,
2017-12-28,0.0,0.0,0.0,0.0,
2017-12-29,0.0,0.0,0.0,0.0,
2017-12-30,0.0,0.0,0.0,0.0,
2017-12-31,0.0,0.0,0.0,0.0,
2018-01-01,0.0,0.0,0.0,0.0,
2018-01-02,0.0,0.0,0.0,0.0,
2018-01-03,0.0,0.0,0.0,0.0,
2018-01-04,0.0,0.0,0.0,0.0,
2018-01-05,0.0,0.0,0.0,0.0,
2018-01-06,0.0,0.0,0.0,0.0,
2018-01-07,0.0,0.0,0.0,0.0,
2018-01-08,0.0,0.0,0.0,0.0,
2018-01-09,0.0,0.0,0.0,0.0,
2018-01-10,0.0,0.0,0.0,0.0,
2018-01-11,0.0,0.0,0.0,0.0,
2018-01-12,0.0,0.0,0.0,0.0,
2018-01-13,0.0,0.0,0.0,0.0,
2018-01-14,0.0,0.0,0.0,0.0,
2018-01-15,0.0,0.0,0.0,0.0,
2018-01-16,0.0,0.0,0.0,0.0,
2018-01-17,0.0,0.0,0.0,0.0,
2018-01-18,0.0,0.0,0.0,0.0,
2018-01-19,0.0,0.0,0.0,0.0,
2018-01-20,0.0,0.0,0.0,0.0,
2018-01-21,0.0,0.0,0.0,0.0,
2018-01-22,0.0,0.0,0.0,0.0,
2018-01-23,0.0,0.0,0.0,0.0,
2018-01-24,0.0,0.0,0.0,0.0,
2018-01-25,0.0,0.0,0.0,0.0,
2018-01-26,0.0,0.0,0.0,0.0,
2018-01-27,0.0,0.0,0.0,0.0,
2018-01-28,0.0,0.0,0.0,0.0,
2018-01-29,0.0,0.0,0.0,0.0,
2018-01-30,0.0,0.0,0.0,0.0,
2018-01-31,0.0,0.0,0.0,0.0,
2018-02-01,0.0,0.0,0.0,0.0,
2018-02-02,0.0,0.0,0.0,0.0,
2018-02-03,0.0,0.0,0.0,0.0,
2018-02-04,0.0,0.0,0.0,0.0,
2018-02-05,0.0,0.0,0.0,0.0,
2018-02-06,0.0,0.0,0.0,0.0,
2018-02-07,0.0,0.0,0.0,0.0,
2018-02-08,0.0,0.0,0.0,0.0,
2018-02-09,0.0,0.0,0.0,0.0,
2018-02-10,0.0,0.0,0.0,0.0,
2018-02-11,0.0,0.0,0.0,0.0,
2018-02-12,0.0,0.0,0.0,0.0,
2018-02-13,0.0,0.0,0.0,0.0,
2018-02-14,0.0,0.0,0.0,0.0,
2018-02-15,0.0,0.0,0.0,0.0,
2018-02-16,0.0,0.0,0.0,0.0,
2018-02-17,0.0,0.0,0.0,0.0,
2018-02-18,0.0,0.0,0.0,0.0,
2018-02-19,0.0,0.0,0.0,0.0,
2018-02-20,0.0,0.0,0.0,0.0,
2018-02-21,0.0,0.0,0.0,0.0,
2018-02-22,0.0,0.0,0.0,0.0,
2018-02-23,0.0,0.0,0.0,0.0,
2018-02-24,0.0,0.0,0.0,0.0,
2018-02-25,0.0,0.0,0.0,0.0,
2018-02-26,0.0,0.0,0.0,0.0,
2018-02-27,0.0,0.0,0.0,0.0,
2018-02-28,0.0,0.0,0.0,0.0,
2018-03-01,0.0,0.0,0.0,0.0,0.0
2018-03-02,0.0,0.0,0.0,0.0,0.0
2018-03-03,0.0,0.0,0.0,0.0,0.0
2018-03-04,0.0,0.0,0.0,0.0,0.0
2018-03-05,0.0,0.0,0.0,0.0,0.0
2018-03-06,0.0,0.0,0.0,0.0,0.0
2018-03-07,0.0,0.0,0.0,0.0,0.0
2018-03-08,0.0,0.0,0.0,0.0,0.0
2018-03-09,0.0,0.0,0.0,0.0,0.0
2018-03-10,0.0,0.0,0.0,0.0,0.0
2018-03-11,0.0,0.0,0.0,0.0,0.0
2018-03-12,0.0,0.0,0.0,0.0,0.0
2018-03-13,0.0,0.0,0.0,0.0,0.0
2018-03-14,0.0,0.0,0.0,0.0,0.0
2018-03-15,0.0,0.0,0.0,0.0,0.0
2018-03-16,0.0,0.0,0.0,0.0,0.0
2018-03-17,0.0,0.0,0.0,0.0,0.0
2018-03-18,0.0,0.0,0.0,0.0,0.0
2018-03-19,0.0,0.0,0.0,0.0,0.0
2018-03-20,0.0,0.0,0.0,0.0,0.0
2018-03-21,0.0,0.0,0.0,0.0,0.0
2018-03-22,0.0,0.0,0.0,0.0,0.0
2018-03-23,0.0,0.0,0.0,0.0,0.0
2018-03-24,0.0,0.0,0.0,0.0,0.0
2018-03-25,0.0,0.0,0.0,0.0,0.0
2018-03-26,0.0,0.0,0.0,0.0,0.0
2018-03-27,0.0,0.0,0.0,0.0,0.0
2018-03-28,0.0,0.0,0.0,0.0,0.0
2018-03-29,0.0,0.0,0.0,0.0,0.0
2018-03-30,0.0,0.0,0.0,0.0,0.0
2018-03-31,0.0,0.0,0.0,0.0,0.0
2018-04-01,0.0,0.0,0.0,0.0,0.0
2018-04-02,0.0,0.0,0.0,0.0,0.0
2018-04-03,0.0,0.0,0.0,0.0,0.0
2018-04-04,0.0,0.0,0.0,0.0,0.0
2018-04-05,0.0,0.0,0.0,0.0,0.0
2018-04-06,0.0,0.0,0.0,0.0,0.0
2018-04-07,0.0,0.0,0.0,0.0,0.0
2018-04-08,0.0,0.0,0.0,0.0,0.0
2018-04-09,0.0,0.0,0.0,0.0,0.0
2018-04-10,0.0,0.0,0.0,0.0,0.0
2018-04-11,0.0,0.0,0.0,0.0,0.0
2018-04-12,0.0,0.0,0.0,0.0,0.0
2018-04-13,0.0,0.0,0.0,0.0,0.0
2018-04-14,0.0,0.0,0.0,0.0,0.0
2018-04-15,0.0,0.0,0.0,0.0,0.0
2018-04-16,0.0,0.0,0.0,0.0,0.0
2018-04-17,0.0,0.0,0.0,0.0,0.0
2018-04-18,0.0,0.0,0.0,0.0,0.0
2018-04-19,0.0,0.0,0.0,0.0,0.0
2018-04-20,0.0,0.0,0.0,0.0,0.0
2018-04-21,0.0,0.0,0.0,0.0,0.0
2018-04-22,0.0,0.0,0.0,0.0,0.0
2018-04-23,0.0,0.0,0.0,0.0,0.0
2018-04-24,0.0,0.0,0.0,0.0,0.0
2018-04-25,0.0,0.0,0.0,0.0,0.0
2018-04-26,0.0,0.0,0.0,0.0,0.0
2018-04-27,0.0,0.0,0.0,0.0,0.0
2018-04-28,0.0,0.0,0.0,0.0,0.0
2018-04-29,0.0,0.0,0.0,0.0,0.0
2018-04-30,0.0,0.0,0.0,0.0,0.0
2018-05-01,-0.0027982059544582327,0.0,-0.0005555555555555314,0.0,0.0
2018-05-02,0.0014363173768843218,0.0,-0.0002777777777778212,0.0,0.0
2018-05-03,0.0043052963820187085,0.0,0.0,0.0,0.007434514235075351
2018-05-04,-0.0003074102236572118,-0.0003115630737631214,0.0,0.0,0.0010106442349626654
2018-05-05,0.0012809993921654161,0.0007692660293965314,0.0,0.0,0.006908505553105293
2018-05-06,-0.0017482575526660549,-0.0010504008375001872,0.0,0.0,-0.005629733888221522
2018-05-07,-0.0025317452018508435,-0.0015081373964225264,0.0,0.0,-0.009156930578356093
2018-05-08,-0.002579422074733273,-0.0009115611463837991,0.0,0.0,-0.0015646481865165818
2018-05-09,0.0017844972390999025,0.0006295839739645093,0.0,0.0,0.0011451328652272164
2018-05-10,-0.0044780286549308546,-0.0041714898485435414,0.0,0.0,-0.008155735538162512
2018-05-11,-0.006076696336336562,-0.005153416719094306,-0.00027785495971099916,0.0,-0.01051154588370129
2018-05-12,0.0,0.0,0.0,0.0,-0.0038292358169859098
2018-05-13,0.0,0.0,0.0,0.0,0.006845757512330408
2018-05-14,0.0,0.0,0.0,0.0,-0.00024256859987881185
2018-05-15,0.0,0.0,0.0,0.0,-0.0034456150340294034
2018-05-16,0.0,0.0,0.0,0.0,0.0002113104126233445
2018-05-17,0.0,0.0,0.0,0.0,-0.005920034293186882
2018-05-18,0.0,0.0,0.0,0.0,0.0031586227339019946
2018-05-19,0.0,0.0,0.0,0.0,0.0007163814639576938
2018-05-20,0.0,0.0,0.0,0.0,0.0031172824842080615
2018-05-21,0.0,0.0,0.0,0.0,-0.003156252777409607
2018-05-22,0.0,0.0,0.0,0.0,-0.005553499921044591
2018-05-23,0.0,0.0,0.0,0.0,-5.0990101755576944e-05
2018-05-24,0.0,0.0,0.0,0.0,0.0
2018-05-25,0.0,0.0,0.0,0.0,0.0
2018-05-26,0.0,0.0,0.0,0.0,0.0
2018-05-27,0.0,0.0,0.0,0.0,0.0
2018-05-28,0.0,0.0,0.0,0.0,0.0
2018-05-29,0.0,0.0,0.0,0.0,0.0
2018-05-30,0.0,0.0,0.0,0.0,0.0
2018-05-31,0.0,0.0,0.0,0.0,0.0
2018-06-01,0.0,0.0,0.0,0.0,0.0
2018-06-02,0.0,0.0,0.0,0.0,0.0
2018-06-03,0.0,0.0,0.0,0.0,0.0
2018-06-04,0.0,0.0,0.0,0.0,0.0
2018-06-05,0.0,0.0,0.0,0.0,0.0
2018-06-06,0.0,0.0,0.0,0.0,0.0
2018-06-07,0.0,0.0,0.0,0.0,0.0
2018-06-08,0.0,0.0,0.0,0.0,0.0
2018-06-09,0.0,0.0,0.0,0.0,0.0
2018-06-10,0.0,0.0,0.0,0.0,0.0
2018-06-11,0.0,0.0,0.0,0.0,0.0
2018-06-12,0.0,0.0,0.0,0.0,0.0
2018-06-13,0.0,0.0,0.0,0.0,0.0
2018-06-14,0.0,0.0,0.0,0.0,0.0
2018-06-15,0.0,0.0,0.0,0.0,0.0
2018-06-16,0.0,0.0,0.0,0.0,0.0
2018-06-17,0.0,0.0,0.0,0.0,0.0
2018-06-18,0.0,0.0,0.0,0.0,0.0
2018-06-19,0.0,0.0,0.0,0.0,0.0
2018-06-20,0.0,0.0,0.0,0.0,0.0
2018-06-21,0.0,0.0,0.0,0.0,0.0
2018-06-22,0.0,0.0,0.0,0.0,0.0
2018-06-23,0.0,0.0,0.0,0.0,0.0
2018-06-24,0.0,0.0,0.0,0.0,0.0
2018-06-25,0.0,0.0,0.0,0.0,0.0
2018-06-26,0.0,0.0,0.0,0.0,0.0
2018-06-27,0.0,0.0,0.0,0.0,0.0
2018-06-28,0.0,0.0,0.0,0.0,0.0
2018-06-29,0.0,0.0,0.0,0.0,0.0
2018-06-30,0.0,0.0,0.0,0.0,0.0
2018-07-01,0.0,0.0,0.0,0.0,0.0
2018-07-02,0.0,0.0,0.0,0.0,0.0
2018-07-03,0.0,0.0,0.0,0.0,0.0
2018-07-04,0.0,0.0,0.0,0.0,0.0
2018-07-05,0.0,0.0,0.0,0.0,0.0
2018-07-06,0.0,0.0,0.0,0.0,0.0
2018-07-07,0.0,0.0,0.0,0.0,0.0
2018-07-08,0.0,0.0,0.0,0.0,0.0
2018-07-09,0.0,0.0,0.0,0.0,0.0
2018-07-10,0.0,0.0,0.0,0.0,0.0
2018-07-11,0.0,0.0,0.0,0.0,0.0
2018-07-12,0.0,0.0,0.0,0.0,0.0
2018-07-13,0.0,0.0,0.0,0.0,0.0
2018-07-14,0.0,0.0,0.0,0.0,0.0
2018-07-15,0.0,0.0,0.0,0.0,0.0
2018-07-16,0.0,0.0,0.0,0.0,0.0
2018-07-17,0.0,0.0,0.0,0.0,0.0
2018-07-18,0.0,0.0,0.0,0.0,0.0
2018-07-19,0.0,0.0,0.0,0.0,0.0
2018-07-20,0.0,0.0,0.0,0.0,0.0
2018-07-21,0.0,0.0,0.0,0.0,0.0
2018-07-22,0.0,0.0,0.0,0.0,0.0
2018-07-23,0.0008519360645293794,0.00042596803226446767,-0.0002777777777778212,0.0,0.00042596803226446767
2018-07-24,0.01526529218537287,0.010547676677382656,0.005429118510148934,0.006038645720650493,0.007622700981931629
2018-07-25,-0.006129605587570031,-0.004428320499017868,-0.0029615764585625426,-0.0032008380518426804,-0.0030821674783922948
2018-07-26,-0.007114785796505596,-0.005354415374899002,-0.003575663173087218,-0.0038929773215445884,-0.003566612455475404
2018-07-27,0.007528205685134015,0.005181241823587035,0.003453841773307431,0.0037055820770171,0.0037604198901906027
2018-07-28,0.0010146412803380134,0.00035644857917938033,0.00023801944525692065,0.00021099814976777154,0.0005087267080983171
2018-07-29,-0.0003902145349597985,-0.0007433162930507997,-0.0004964101135378485,-0.0005936127797395718,-0.00019574694919277658
2018-07-30,-0.001030968891375994,-0.0024458785121433957,-0.001633031468641355,-0.0019754838092738147,-0.0005170739276144642
2018-07-31,-0.012473593737840183,-0.010755059624461327,-0.007454462589340238,-0.007986917044238262,-0.006180611669015179
2018-08-01,-0.0032262887894044523,-0.005726849726387706,-0.004085687034719232,-0.004488233714901146,-0.0029413950553609514
2018-08-02,-0.0008186168054691301,-0.0010824117718163384,-0.0005555555555555314,0.0,-0.0004093084027347871
2018-08-03,0.0,0.0,0.0,0.0,0.0
2018-08-04,0.0,0.0,0.0,0.0,0.0
2018-08-05,0.0,0.0,0.0,0.0,0.0
2018-08-06,0.0,0.0,0.0,0.0,0.0
2018-08-07,0.0,0.0,0.0,0.0,0.0
2018-08-08,0.0,0.0,0.0,0.0,0.0
2018-08-09,0.0,0.0,0.0,0.0,0.0
2018-08-10,0.0,0.0,0.0,0.0,0.0
2018-08-11,0.0,0.0,0.0,0.0,0.0
2018-08-12,0.0,0.0,0.0,0.0,0.0
2018-08-13,0.0,0.0,0.0,0.0,0.0
2018-08-14,0.0,0.0,0.0,0.0,0.0
2018-08-15,0.0,0.0,0.0,0.0,0.0
2018-08-16,0.0,0.0,0.0,0.0,0.0
2018-08-17,0.0,0.0,0.0,0.0,0.0
2018-08-18,0.0,0.0,0.0,0.0,0.0
2018-08-19,0.0,0.0,0.0,0.0,0.0
2018-08-20,0.0,0.0,0.0,0.0,0.0
2018-08-21,0.0,0.0,0.0,0.0,0.0
2018-08-22,0.0,0.0,0.0,0.0,0.0
2018-08-23,0.0,0.0,0.0,0.0,0.0
2018-08-24,0.0,0.0,0.0,0.0,0.0
2018-08-25,0.0,0.0,0.0,0.0,0.0
2018-08-26,0.0,0.0,0.0,0.0,0.0
2018-08-27,0.0,0.0,0.0,0.0,0.0
2018-08-28,0.0005012620383049171,0.0,-0.0002777777777778212,0.0,0.0
2018-08-29,-0.000575495888590627,0.0,0.0,0.0,0.0
2018-08-30,-0.002154383413272676,0.0,-0.00027785495971099916,0.0,0.0
2018-08-31,0.00026214393319157203,0.0,-0.0002777777777778212,0.0,0.0
2018-09-01,0.00255245784693936,0.0,0.0,0.0,0.0
2018-09-02,0.00137546534998223,0.0,0.0,0.0,0.0
2018-09-03,-0.0005250561759312378,-0.0003176146310477357,0.0,0.0,-0.0003176146310477357
2018-09-04,0.0012939955305382167,0.0006591504812234472,0.0,0.0,0.0006591504812234472
2018-09-05,-0.008868373327031276,-0.004520341074679801,0.0,0.0,-0.004520341074679801
2018-09-06,-9.096251953855106e-05,-4.616243013355614e-05,-0.00027785495971099916,0.0,-4.616243013355614e-05
2018-09-07,0.0,0.0,0.0,0.0,0.0
2018-09-08,0.0,0.0,0.0,0.0,0.0
2018-09-09,0.0,0.0,0.0,0.0,0.0
2018-09-10,0.0,0.0,0.0,0.0,0.0
2018-09-11,0.0,0.0,0.0,0.0,0.0
2018-09-12,0.0,0.0,0.0,0.0,0.0
2018-09-13,0.0,0.0,0.0,0.0,0.0
2018-09-14,0.0,0.0,0.0,0.0,0.0
2018-09-15,0.0,0.0,0.0,0.0,0.0
2018-09-16,0.0,0.0,0.0,0.0,0.0
2018-09-17,0.0,0.0,0.0,0.0,0.0
2018-09-18,0.0,0.0,0.0,0.0,0.0
2018-09-19,0.0,0.0,0.0,0.0,0.0
2018-09-20,0.0,0.0,0.0,0.0,0.0
2018-09-21,-0.0009502141534112329,-0.0004751070767057275,-0.0005555555555555314,0.0,-0.0004751070767057275
2018-09-22,-0.000550868092866752,-0.00027543404643326497,-0.0005555555555555314,0.0,-0.00027543404643326497
2018-09-23,-0.0013602153441024667,-0.0006801076720511778,-0.0005555555555555314,0.0,-0.0006801076720511778
2018-09-24,0.0,0.0,0.0,0.0,0.0
2018-09-25,0.0,0.0,0.0,0.0,0.0
2018-09-26,0.0,0.0,0.0,0.0,0.0
2018-09-27,0.0,0.0,0.0,0.0,0.0
2018-09-28,0.0,0.0,0.0,0.0,0.0
2018-09-29,0.0,0.0,0.0,0.0,0.0
2018-09-30,0.0,0.0,0.0,0.0,0.0
2018-10-01,0.0,0.0,0.0,0.0,0.0
2018-10-02,0.0,0.0,0.0,0.0,0.0
2018-10-03,0.0,0.0,0.0,0.0,0.0
2018-10-04,0.0,0.0,0.0,0.0,0.0
2018-10-05,0.0,0.0,0.0,0.0,0.0
2018-10-06,0.0,0.0,0.0,0.0,0.0
2018-10-07,0.0,0.0,0.0,0.0,0.0
2018-10-08,0.0,0.0,0.0,0.0,0.0
2018-10-09,0.0,0.0,0.0,0.0,0.0
2018-10-10,0.0,0.0,0.0,0.0,0.0
2018-10-11,0.0,0.0,0.0,0.0,0.0
2018-10-12,0.0,0.0,0.0,0.0,0.0
2018-10-13,0.0,0.0,0.0,0.0,0.0
2018-10-14,0.0,0.0,0.0,0.0,0.0
2018-10-15,-0.006977567353077085,-0.005916839686287645,-0.002881411339914597,-0.004842498209279733,-0.0034887836765385982
2018-10-16,-0.0033881264054346216,-0.003831432164241755,-0.0031698886377677926,-0.003488439447732028,-0.00225465402013858
2018-10-17,0.0,0.0,0.0,0.0,0.0
2018-10-18,0.0,0.0,0.0,0.0,0.0
2018-10-19,0.0,0.0,0.0,0.0,0.0
2018-10-20,0.0,0.0,0.0,0.0,0.0
2018-10-21,0.0,0.0,0.0,0.0,0.0
2018-10-22,0.0,0.0,0.0,0.0,0.0
2018-10-23,0.0,0.0,0.0,0.0,0.0
2018-10-24,0.0,0.0,0.0,0.0,0.0
2018-10-25,0.0,0.0,0.0,0.0,0.0
2018-10-26,0.0,0.0,0.0,0.0,0.0
2018-10-27,0.0,0.0,0.0,0.0,0.0
2018-10-28,0.0,0.0,0.0,0.0,0.0
2018-10-29,0.0,0.0,0.0,0.0,0.0
2018-10-30,0.0,0.0,0.0,0.0,0.0
2018-10-31,0.0,0.0,0.0,0.0,0.0
2018-11-01,0.0,0.0,0.0,0.0,0.0
2018-11-02,0.0,0.0,0.0,0.0,0.0
2018-11-03,0.0,0.0,0.0,0.0,0.0
2018-11-04,0.0,0.0,0.0,0.0,0.0
2018-11-05,0.0,0.0,0.0,0.0,0.0
2018-11-06,0.0,0.0,0.0,0.0,0.0
2018-11-07,0.0,0.0,0.0,0.0,0.0
2018-11-08,0.0,0.0,0.0,0.0,0.0
2018-11-09,0.0,0.0,0.0,0.0,0.0
2018-11-10,0.0,0.0,0.0,0.0,0.0
2018-11-11,0.0,0.0,0.0,0.0,0.0
2018-11-12,0.0,0.0,0.0,0.0,0.0
2018-11-13,0.0,0.0,0.0,0.0,0.0
2018-11-14,0.0,0.0,0.0,0.0,0.0
2018-11-15,0.0,0.0,0.0,0.0,0.0
2018-11-16,0.0,0.0,0.0,0.0,0.0
2018-11-17,0.0,0.0,0.0,0.0,0.0
2018-11-18,0.0,0.0,0.0,0.0,0.0
2018-11-19,0.0,0.0,0.0,0.0,0.0
2018-11-20,0.0,0.0,0.0,0.0,0.0
2018-11-21,0.0,0.0,0.0,0.0,0.0
2018-11-22,0.0,0.0,0.0,0.0,0.0
2018-11-23,0.0,0.0,0.0,0.0,0.0
2018-11-24,0.0,0.0,0.0,0.0,0.0
2018-11-25,0.0,0.0,0.0,0.0,0.0
2018-11-26,0.0,0.0,0.0,0.0,0.0
2018-11-27,0.0,0.0,0.0,0.0,0.0
2018-11-28,0.0,0.0,0.0,0.0,0.0
2018-11-29,0.0,0.0,0.0,0.0,0.0
2018-11-30,0.0,0.0,0.0,0.0,0.0
2018-12-01,0.0,0.0,0.0,0.0,0.0
2018-12-02,0.0,0.0,0.0,0.0,0.0
2018-12-03,0.0,0.0,0.0,0.0,0.0
2018-12-04,0.0,0.0,0.0,0.0,0.0
2018-12-05,0.0,0.0,0.0,0.0,0.0
2018-12-06,0.0,0.0,0.0,0.0,0.0
2018-12-07,0.0,0.0,0.0,0.0,0.0
2018-12-08,0.0,0.0,0.0,0.0,0.0
2018-12-09,0.0,0.0,0.0,0.0,0.0
2018-12-10,0.0,0.0,0.0,0.0,0.0
2018-12-11,0.0,0.0,0.0,0.0,0.0
2018-12-12,0.0,0.0,0.0,0.0,0.0
2018-12-13,0.0,0.0,0.0,0.0,0.0
2018-12-14,0.0,0.0,0.0,0.0,0.0
2018-12-15,0.0,0.0,0.0,0.0,0.0
2018-12-16,0.0,0.0,0.0,0.0,0.0
2018-12-17,0.0,0.0,0.0,0.0,0.0
2018-12-18,0.0,0.0,0.0,0.0,0.0
2018-12-19,0.0,0.0,0.0,0.0,0.0
2018-12-20,0.0,0.0,0.0,0.0,0.0
2018-12-21,0.0,0.0,0.0,0.0,0.0
2018-12-22,0.0,0.0,0.0,0.0,0.0
2018-12-23,0.0,0.0,0.0,0.0,0.0
2018-12-24,0.0,0.0,0.0,0.0,0.0
2018-12-25,0.0,0.0,0.0,0.0,0.0
2018-12-26,0.0,0.0,0.0,0.0,0.0
2018-12-27,0.0,0.0,0.0,0.0,0.0
2018-12-28,0.0,0.0,0.0,0.0,0.0
2018-12-29,0.0,0.0,0.0,0.0,0.0
2018-12-30,0.0,0.0,0.0,0.0,0.0
2018-12-31,0.0,0.0,0.0,0.0,0.0
2019-01-01,0.0,0.0,0.0,0.0,0.0
2019-01-02,0.0,0.0,0.0,0.0,0.0
2019-01-03,0.0,0.0,0.0,0.0,0.0
2019-01-04,0.0,0.0,0.0,0.0,0.0
2019-01-05,0.0,0.0,0.0,0.0,0.0
2019-01-06,0.0,0.0,0.0,0.0,0.0
2019-01-07,0.0,0.0,0.0,0.0,0.0
2019-01-08,0.0,0.0,0.0,0.0,0.0
2019-01-09,0.0,0.0,0.0,0.0,0.0
2019-01-10,0.0,0.0,0.0,0.0,0.0
2019-01-11,0.0,0.0,0.0,0.0,0.0
2019-01-12,0.0,0.0,0.0,0.0,0.0
2019-01-13,0.0,0.0,0.0,0.0,0.0
2019-01-14,0.0,0.0,0.0,0.0,0.0
2019-01-15,0.0,0.0,0.0,0.0,0.0
2019-01-16,0.0,0.0,0.0,0.0,0.0
2019-01-17,0.0,0.0,0.0,0.0,0.0
2019-01-18,0.0,0.0,0.0,0.0,0.0
2019-01-19,0.0,0.0,0.0,0.0,0.0
2019-01-20,0.0,0.0,0.0,0.0,0.0
2019-01-21,0.0,0.0,0.0,0.0,0.0
2019-01-22,0.0,0.0,0.0,0.0,0.0
2019-01-23,0.0,0.0,0.0,0.0,0.0
2019-01-24,0.0,0.0,0.0,0.0,0.0
2019-01-25,0.0,0.0,0.0,0.0,0.0
2019-01-26,0.0,0.0,0.0,0.0,0.0
2019-01-27,0.0,0.0,0.0,0.0,0.0
2019-01-28,0.0,0.0,0.0,0.0,0.0
2019-01-29,0.0,0.0,0.0,0.0,0.0
2019-01-30,0.0,0.0,0.0,0.0,0.0
2019-01-31,0.0,0.0,0.0,0.0,0.0
2019-02-01,0.0,0.0,0.0,0.0,0.0
2019-02-02,0.0,0.0,0.0,0.0,0.0
2019-02-03,0.0,0.0,0.0,0.0,0.0
2019-02-04,0.0,0.0,0.0,0.0,0.0
2019-02-05,0.0,0.0,0.0,0.0,0.0
2019-02-06,0.0,0.0,0.0,0.0,0.0
2019-02-07,0.0,0.0,0.0,0.0,0.0
2019-02-08,0.0,0.0,0.0,0.0,0.0
2019-02-09,0.0,0.0,0.0,0.0,0.0
2019-02-10,0.0,0.0,0.0,0.0,0.0
2019-02-11,0.0,0.0,0.0,0.0,0.0
2019-02-12,0.0,0.0,0.0,0.0,0.0
2019-02-13,0.0,0.0,0.0,0.0,0.0
2019-02-14,0.0,0.0,0.0,0.0,0.0
2019-02-15,0.0,0.0,0.0,0.0,0.0
2019-02-16,0.0,0.0,0.0,0.0,0.0
2019-02-17,0.0,0.0,0.0,0.0,0.0
2019-02-18,0.0,0.0,0.0,0.0,0.001906202516298361
2019-02-19,0.00017514343308966396,8.757171654472096e-05,-0.0010598051560609667,-0.0020534163620816726,-0.0007469382500645549
2019-02-20,0.0021476721550413025,0.0010739301069551122,0.0008176602100187225,0.0026063655103381045,0.0029309905691881077
2019-02-21,-0.0011218683667503226,-0.000561585006212395,-0.00042768453038455334,-0.0014081244449075658,-0.0015789128297297728
2019-02-22,0.0008550736795902569,0.0004277929341538478,0.00032574927954343025,0.0009222692816650557,0.001046934230690022
2019-02-23,0.007492647806776276,0.0065643805484103535,0.002054361485071654,0.005775284993507768,0.006558778568647394
2019-02-24,-0.016333577626437945,-0.012711897066535305,-0.004844790667804411,-0.011529236483379224,-0.01541944464073508
2019-02-25,0.00042565314828624246,0.00021282657414323225,-0.0002777777777778212,0.0,0.0023692657489966518
2019-02-26,-0.0005619823348039787,-0.0002810509570647657,0.0,0.0,-0.0008961932717905796
2019-02-27,0.00026595598153966726,0.00013296890985414755,0.0,0.0,-0.00031461725119508177
2019-02-28,-0.00013173953312217712,-6.587402645419349e-05,0.0,0.0,5.3461739115245877e-05
2019-03-01,0.0002800585964710667,0.0001400291298281342,0.0,0.0,0.00013274300298626862
2019-03-02,-9.23242932149293e-05,-4.616855423822397e-05,0.0,0.0,-0.0010760954811418477
2019-03-03,-0.0003663236874675846,-0.00018317881235252464,0.0,0.0,-0.0009157450784113008
2019-03-04,-0.0027815300163889223,-0.0013906390707512095,0.0,0.0,-0.00324560179663802
2019-03-05,0.004297224033778191,0.0021454250786989704,0.0,0.0,0.006308342508739129
2019-03-06,0.00012347131722401095,6.177645064009418e-05,0.0,0.0,0.0003152935954799929
2019-03-07,0.00035444809549778356,0.00017735208945035552,0.0,0.0,-4.2413081546732734e-05
2019-03-08,-0.0002627391468135176,-0.00013148776364935166,0.0,0.0,-0.0013575983391799218
2019-03-09,0.002347252637838304,0.0011745280051116413,0.0,0.0,0.0025761502304728623
2019-03-10,-0.000785679345853052,-0.00039360199382587613,8.181846335175713e-05,2.174038771007858e-06,-0.001100991650538341
2019-03-11,-0.001445276681968477,-0.0006789379460838685,-0.0005849233412602572,-0.00159509031534677,-0.001685830028064883
2019-03-12,0.0005071827049762945,0.00016710726126589748,0.00014395386698051738,0.00048135572535268345,0.0005033986585092354
2019-03-13,-0.0007626677433494322,-0.0005549803226442274,-0.0002165469022884503,-0.0009358194372786066,-0.0009681085056125749
2019-03-14,0.0005073125119674504,0.0003754160302096299,0.00014396432227514744,0.0003503643820010893,0.00037293939013061106
2019-03-15,0.0021267138574714295,0.002351084403784842,0.0006037346656657672,0.002238434509225007,0.002330002926626884
2019-03-16,0.0037411519884504862,0.002879005532418377,0.0010636602373395032,0.0026935567861081644,0.0023881423063927265
2019-03-17,-0.0011260501721809257,-0.0012184972182385234,-0.00032100762403663996,-0.0011594255677076504,-0.0022659505627027343
2019-03-18,0.0003027061863647429,-0.00030729343285440525,8.622417025527795e-05,-0.0003170899897151358,-0.0003188387796968506
2019-03-19,0.001257642615049459,0.000777037386327617,0.0003583100344721757,0.0007165682734664447,0.0007769527372969431
2019-03-20,0.0012465473084637413,0.0005848953612803687,0.000355468196692188,0.000526745668212758,0.00028352391091224227
2019-03-21,-0.0028239807575989317,-0.0024995512985116486,-0.0008060099439733959,-0.002356666023984877,-0.0026741283826950957
2019-03-22,0.0002854670342662402,0.0005208782732539774,8.131237428088411e-05,0.0005038220599875576,0.0005678426572588435
2019-03-23,0.0008656846742585156,0.0007763671273199879,0.00024663179018391546,0.0007323978891455862,0.0008311105685396836
2019-03-24,-0.0006269425403458984,-0.0006556990395375495,-0.0001787251899865172,-0.0006229827855328551,-0.0007054959678751693
2019-03-25,-0.0025429101523904984,-0.001635822352966776,-0.0007245932883689354,-0.0015128652343492366,-0.0027048460301996036
2019-03-26,0.0005652685579826677,0.00026208353115531047,0.00016077819295623463,0.0002357185957835295,0.00025516630398914053
2019-03-27,0.00406781611353213,0.0044420378613792,0.0011574686323285732,0.0031297498112332622,0.00494814837017854
2019-03-28,-0.00046352716068598365,-0.0008830586390990991,-0.00013227682439564958,-0.0007250993431325847,-0.0015985520479969706
2019-03-29,0.0021077433381617716,0.0029707588787641903,0.0007471533053957646,0.0016844890915566069,0.005443207373874603
2019-03-30,-0.0015901969513915093,-0.0022234896202959487,-0.0015997362988144914,-0.0025008680868336963,-0.0014455852755794751
2019-03-31,-0.0005774171479179246,-0.0014231569406399913,-0.0011732527969061657,-0.0016468615861542357,-0.0011789203114371816
2019-04-01,0.0046216450309057855,0.0021746249701557474,0.0014502579310733399,0.0013889261988548895,0.0021966837271916173
2019-04-02,0.07685646323047401,0.06821940539061999,0.04486324397951491,0.048820824239442784,0.062181446710395605
2019-04-03,0.008283188232274474,0.00035747014725551196,-0.0007937259812559327,-0.001065731383205648,0.002838192156692454
2019-04-04,-0.0037023220625861386,-0.005136536416415649,-0.003997890464200404,-0.004206068702446331,-0.004777030124097359
2019-04-05,0.011637659493501928,0.015237002957817491,0.011791051203445146,0.012388984834567518,0.014202827138000806
2019-04-06,0.004214481948548565,0.0030103846215829844,0.002181987940613528,0.0022380842863483075,0.0029149085984283563
2019-04-07,0.014078704180491286,0.017665803347576725,0.013720596204924718,0.014272968969456512,0.016490493788906768
2019-04-08,0.007810270527166097,0.00905126957913538,0.007050882396176572,0.007396053713285111,0.008463186154553437
2019-04-09,-0.010107348962005935,-0.00955434451014403,-0.0073201380020812,-0.007628823438858068,-0.009031986458837182
2019-04-10,0.01965604716306446,0.012356092293102083,0.008268640475899591,0.008452802746143018,0.012029533426520578
2019-04-11,-0.03638648614171358,-0.03393297406402529,-0.023720000185102896,-0.024698778911608987,-0.03221395258112847
2019-04-12,0.003977517829241606,0.0008669601629045509,0.0001872954710369079,0.00011583012061033848,0.0009839272218046258
2019-04-13,-0.00036074771559946317,-0.0004305533485794433,-0.0003117059964108382,-0.0003275517198995104,-0.0004025851463066443
2019-04-14,0.01205607376026574,0.010864855116293759,0.008445692556449558,0.010088561710494215,0.010267425478764691
2019-04-15,-0.014787653003898615,-0.018329786625129074,-0.012542549676024972,-0.01553108680786508,-0.01567936070047593
2019-04-16,0.022660301521381987,0.019763192542948893,0.01273478483949031,0.014931877049926268,0.017244373136546587
2019-04-17,0.004345354128145962,0.002734249756184637,0.001750006215037292,0.0018992080974979952,0.0026419816629652537
2019-04-18,0.008269516079405959,0.015829407074054114,0.010477178903569362,0.013464766028099318,0.01475494582646597
2019-04-19,-1.2452353358671786e-05,-0.0010349157523442676,-0.0007001602109444338,-0.0009666618223219681,-0.0009395642968194062
2019-04-20,0.005188675564126832,0.00275935541005512,0.001767279460069604,0.0018546579977234412,0.0027288244357452918
2019-04-21,-0.005303301474578137,-0.009497409130383883,-0.00581150173109013,-0.006972958850658406,-0.008904894484550563
2019-04-22,0.01653609922010424,0.011317962395086756,0.007643915412590907,0.008859684697499981,0.011042439023513761
2019-04-23,0.022722427763801623,0.007912581307665478,0.006155387364919607,0.005196008133012464,0.009251088415657138
2019-04-24,-0.012777113069531332,-0.014245479316280174,-0.008791276298056983,-0.011807741339277644,-0.012337980952487282
2019-04-25,-0.03224464265807181,-0.03444583377867627,-0.02121839353603605,-0.02829302570790937,-0.02994136200012354
2019-04-26,0.016145887091001843,0.014143906515921456,0.008753633008194539,0.011158044659415722,0.012577739735043059
2019-04-27,-0.0028823619888199703,0.0009917710940607893,0.0003824480388212592,0.0013534139335464879,0.0003821705304722922
2019-04-28,0.0016869168563926618,-0.0017297306085656272,-0.0008571518932941613,-0.0019002135569831102,-0.001072163464560849
2019-04-29,-0.011553483288394117,-0.01095409044942719,-0.007016661019437431,-0.008768656528862051,-0.009664791972157083
2019-04-30,0.013197964446529209,0.019723555632559675,0.014015760075293038,0.016688456259084772,0.016554881560999712
2019-05-01,0.01073679704824304,0.0021647056510449847,0.0012480630582782926,0.0006421443055457665,0.002876815145699707
2019-05-02,0.018672803405536342,0.01212000891974152,0.008344586412075916,0.00900329341018602,0.01133988415178222
2019-05-03,0.04676982254555728,0.03601662144908779,0.023983376229539388,0.026435525965496476,0.031536014632307374
2019-05-04,0.009063129026164018,-0.0045110083160446734,-0.0026975707305444407,-0.004279503804677676,-0.0013432942485217536
2019-05-05,-0.008518082037155872,-0.00564112765246072,-0.003784886212802374,-0.004039072764693397,-0.00514767832137164
2019-05-06,-0.004441665477683321,0.018553093183427682,0.01173835383962718,0.015418927391034343,0.011204436954082242
2019-05-07,0.016717495166142182,-7.75688988909895e-05,0.00027822182141878926,-0.0010898871270866861,0.002682617019655442
2019-05-08,0.020885157305140067,0.013950770375852128,0.009787857336645667,0.010415391335474755,0.013320043858720876
2019-05-09,0.032205756944062136,0.017311107528708236,0.011897248713399033,0.011942340505760152,0.01730629563760555
2019-05-10,0.02235952532724017,0.015919864423135754,0.011239594777910256,0.011969956312128494,0.01513222239848444
2019-05-11,0.09336596957712207,0.08032123348775011,0.058515887389340104,0.064737414144181,0.08236331443662626
2019-05-12,-0.009997577710429972,-0.008302391170543433,-0.00696407116312614,-0.007632069527291674,-0.00930271423600848
2019-05-13,0.07369526766955037,0.05674682965433275,0.04317907055615855,0.045752028809991074,0.05520248815137485
2019-05-14,0.011149206048931104,0.029950207843304266,0.023159790877789632,0.02913968366944575,0.03177117310269906
2019-05-15,0.013308332856821092,0.04234730359059391,0.034321425949263906,0.041352320523904806,0.04463950700365915
2019-05-16,-0.01791706268956117,0.0023074431770377934,0.0014843488689277873,0.00528673619033726,0.0014927686684078623
2019-05-17,-0.030759278896667408,-0.03623005165127646,-0.027246197402563843,-0.03160800741552772,-0.03948609006202486
2019-05-18,-0.005392801760396138,-0.00973904523820568,-0.009832754448871328,-0.012288673613459977,-0.010075113966837246
2019-05-19,0.04888898894597671,0.04369018505633315,0.04347994403165223,0.04744243207336796,0.046361149303169036
2019-05-20,-0.01100247587405112,-0.011719229831302802,-0.011738415836377802,-0.012203194898382619,-0.012330686391017198
2019-05-21,-0.001760262010849778,0.0008948366134484687,0.0009894268918053672,0.0019368185012367256,0.0008489247141663103
2019-05-22,-0.014647382698851796,-0.014205744457767455,-0.014182049437635125,-0.014289667538515016,-0.015002802753502076
2019-05-23,0.011995769322852068,0.007278314577212175,0.007105790141994861,0.005594827701577598,0.0078534030781372
2019-05-24,0.006023495777450538,0.0060493948982467405,0.006046926212064596,0.006168523698233397,0.006383597472645386
2019-05-25,0.003197592125790738,0.002625888736325077,0.0026039149928231975,0.002451570197411268,0.0027909607659026836
2019-05-26,0.034937518424461134,0.02615336791641809,0.025964430353144774,0.02473830399266319,0.027763515366594937
2019-05-27,0.006894253921482019,0.00772497527994509,0.007738068350584326,0.00804661983089483,0.008120315960996605
2019-05-28,-0.001983434109824933,-0.0008671218626260524,-0.000823562756884666,-0.00041645877459195457,-0.0009560860867476872
2019-05-29,-0.0034178176178970565,-0.0033092726085451885,-0.0032986698605323994,-0.003271314601435149,-0.0034935769521626803
2019-05-30,-0.020802548005658505,-0.019305896677643597,-0.01930008476586309,-0.019691303665338555,-0.02032869963133843
2019-05-31,0.01608169600663456,0.01646482232995128,0.016514290178622604,0.017389282921741467,0.01730069974768611
2019-06-01,-0.0006060076700444839,-0.002448359506711628,-0.002514909464373827,-0.0032238730298832508,-0.0025112889132145044
2019-06-02,0.010092012933107908,0.007980801269154458,0.007928128094180309,0.007598063024394808,0.008456322617376832
2019-06-03,-0.036281516673242975,-0.03381965803781506,-0.02866550826189951,-0.02839436903463699,-0.03298024938846267
2019-06-04,-0.02422604885517754,-0.022396660171524196,-0.018182796655288436,-0.0163963212864795,-0.020802188784908138
2019-06-05,0.005168584504606333,0.006199497173086321,0.0047380330051203234,0.005632812929463826,0.006518246358196755
2019-06-06,0.0005862130050138248,0.002921031461951218,0.002237465394114402,0.0029415133571391028,0.0029654633124907015
2019-06-07,0.011133244798270603,0.005770724964868412,0.004313262768821602,0.00413840124386855,0.00628976696354866
2019-06-08,-0.004936988583494117,-0.007144209776936639,-0.005445068757332305,-0.00661344095791494,-0.007401324528852338
2019-06-09,-0.015156187089722217,-0.018147187228093387,-0.013778144975321482,-0.016342768806152597,-0.018920382298927785
2019-06-10,0.022980253252445904,0.023956956235022808,0.018101846299183544,0.02143223948741535,0.025023989801331803
2019-06-11,-0.006222277982093294,-0.004740928071273243,-0.0035864153458582404,-0.00400193595057341,-0.005011245902935668
2019-06-12,0.015532475251769595,0.021288755627911327,0.01620924697517534,0.019834837610613665,0.022024856162167428
2019-06-13,0.006143150504564154,-0.002318817883130375,-0.002100279986969933,-0.0036200842418089296,-0.002204597205270775
2019-06-14,0.03201279276519986,0.022943106847220562,0.014392868947823212,0.015734428261793276,0.024516216892709553
2019-06-15,0.012300086829474477,0.011349194192451062,0.0067655475612460325,0.008652111144125785,0.01130785722572547
2019-06-16,0.013211662915400657,0.0052737863721650236,0.0030494703860255434,0.003748933921000397,0.005267229311010313
2019-06-17,0.02510801436047183,0.018750211362404734,0.011071286387745793,0.014015961748710781,0.018641133606424942
2019-06-18,-0.015784676960418853,-0.016782674918210616,-0.010110057387685445,-0.01300955812352389,-0.016634808896018205
2019-06-19,0.01200301174825813,0.009890541639410833,0.005866465333993709,0.007470182976853312,0.009823470163558667
2019-06-20,0.019481244904059336,0.01259570321454162,0.007451412319808615,0.009375715193382428,0.01253172086147969
2019-06-21,0.04700378080462597,0.045792563540857145,0.027643396033375067,0.0355381628204654,0.045390916742727994
2019-06-22,0.03973714850425347,0.03500795360717124,0.02130072529347271,0.027083197026174455,0.03474285463736293
2019-06-23,0.0098026836540126,0.003823280998545675,0.0022340725552958407,0.0017245994652481667,0.00385094333133873
2019-06-24,0.008275338351257489,0.007800764443025354,0.004825392067080436,0.005345183976029455,0.007752674019131378
2019-06-25,0.04167342716660638,0.028891633667600614,0.019072735257966933,0.01995992275063485,0.02910955911941082
2019-06-26,0.06605465671746269,0.055938026397255536,0.03907692947236452,0.044736015834665466,0.05568908063226763
2019-06-27,-0.0530795358163737,-0.06747884716350716,-0.04693564500119307,-0.04667728880256439,-0.06672039951791409
2019-06-28,0.029191578453382272,0.027911588687264066,0.022924960079576673,0.022791009196203138,0.027685188614638534
2019-06-29,-0.013200513319825635,-0.004334831109435999,-0.0034568656091150674,-0.0035198278114194625,-0.004306154016207819
2019-06-30,-0.028206988919672882,-0.03504363214745276,-0.029018975020816073,-0.028771982272824514,-0.03476047483819622
2019-07-01,-0.006340927870790547,-0.00253209882376626,-0.0020240948503402745,-0.002047016001132884,-0.0025136547579633906
2019-07-02,0.006068128047061583,0.0010915280730685595,0.0011566615421076953,0.001192261973474329,0.0010810246867229978
2019-07-03,0.030366606574310673,0.021338750257221095,0.02181963031699241,0.021713565524574152,0.021105846154920727
2019-07-04,-0.01733792691881708,-0.022864236974525776,-0.021906545372683883,-0.021718888977992012,-0.022635521452315066
2019-07-05,-0.003872127067319986,0.0009470493871104324,0.00014473025320471677,9.709740811425505e-05,0.0009455330334522394
2019-07-06,0.006349606666516072,0.004388424401208679,0.0047064323226782,0.004696033959940005,0.004338125887900279
2019-07-07,0.0033064604777635065,0.013329441330999892,0.011647730694705594,0.011478411460069893,0.013205682218484283
2019-07-08,0.021971033952355112,0.015869506741204242,0.016248557587460244,0.016172372214415365,0.015698822208997987
2019-07-09,0.007891486002717496,0.0009182412410413399,0.0018509382815576902,0.0018943677016505234,0.0008987520425458584
2019-07-10,-0.01117493467975772,-0.017827444930987757,-0.016396535820942137,-0.01621562707551316,-0.017658673643488276
2019-07-11,-0.01988521012863176,-0.024112966117173174,-0.022466699684413838,-0.022254348609084262,-0.023873306959809604
2019-07-12,0.010981603867860068,0.00976896376598213,0.007699684984746824,0.00763695913165674,0.009665054008976215
2019-07-13,-0.010524910726992576,-0.009391976941882318,-0.007418515863313657,-0.007358390308659923,-0.00929306379963335
2019-07-14,-0.031306492047827095,-0.04591137231693432,-0.03695102388464744,-0.03650183323949319,-0.045453624752638144
2019-07-15,0.018176322238996345,0.011104871561997243,0.008449507869207284,0.00841995871348833,0.009895498153031035
2019-07-16,-0.03758546796513329,-0.04076950032166793,-0.03219650360220594,-0.0320008059978113,-0.02823631520746639
2019-07-17,0.006373275579570903,0.01232921490670047,0.009838342533902367,0.00969938105657242,0.006977231291457331
2019-07-18,0.026605284415822883,0.02492110143936599,0.01941949757913486,0.019245317686634733,0.01817336746856535
2019-07-19,-0.003319578846109561,-0.005361613910208396,-0.004291695275764895,-0.004236240383913681,-0.00322881624258331
2019-07-20,0.006395621858774181,0.008792348237932845,0.006993561383797031,0.00690977828243744,0.0055677806057430335
2019-07-21,-0.0040612170732236,-0.0041533500582146,-0.003270204673323951,-0.0032388045984225178,-0.002943664558039072
2019-07-22,-0.006737880120743167,-0.009228667583588868,-0.007346850978587449,-0.0072592798508203105,-0.005858514987889918
2019-07-23,-0.012944197301411386,-0.010435007415031339,-0.008087965303536282,-0.008029698727138213,-0.008177552282343514
2019-07-24,-0.002803471634310384,0.001388227732286973,0.0012450677825390777,0.0012024427806276439,-0.00024363124584303453
2019-07-25,0.0032251861421910277,0.0037663485993426615,0.002968516040708691,0.0029361666184293256,0.0025170019530755816
2019-07-26,-0.001540542654227206,-0.00103999797797516,-0.0007958308118465318,-0.0007918906921795532,-0.0008860902506235835
2019-07-27,-0.009596092685190016,-0.013469068334716172,-0.010695273773656089,-0.010564902062770276,-0.008440430612872474
2019-07-28,0.0018130059996708248,0.004178605026433857,0.0033522804837164966,0.0033026846663910536,0.002268380001883008
2019-07-29,-0.000943550846786656,-0.0010331251925776996,-0.0008108731098652733,-0.0008024227074716617,-0.0007063183783698745
2019-07-30,0.0018546165879009813,-1.929688177504385e-05,-8.571595801398768e-05,-7.123493308403006e-05,0.0005337272203653765
2019-07-31,0.017533304541338612,0.01390499602008477,0.010858892889108462,0.010755699783684625,0.009909137497205123
2019-08-01,0.010059166207449177,0.0030221040328664017,0.002177163418046746,0.002193457800192089,0.00363516642879258
2019-08-02,0.0053370057541055616,0.0029533896389672964,0.0020451288975407156,0.0020358408186085253,0.0025997613439394662
2019-08-03,0.012098317257631885,0.01025746003824457,0.005838254812560395,0.005639155318357236,0.00729364562257051
2019-08-04,0.005010753429414372,0.0019063115933819486,0.002173580721484214,0.0021778968084695816,0.002141526124594728
2019-08-05,0.03991323291728488,0.02919360631051826,0.020793742693428152,0.020665900092745382,0.02152189960790718
2019-08-06,-0.01480989446621106,-0.014349720535484778,-0.009457723704292209,-0.009381414846649339,-0.008939138905674993
2019-08-07,0.02136540483042726,0.009477173020940421,0.00735900987649063,0.007361552862851672,0.009673592684072307
2019-08-08,0.0010490189859606591,-0.004982043713071427,-0.0023946549038905696,-0.002344261466831421,-0.0009147492852524808
2019-08-09,-0.005073557860247657,-0.015001769591336145,-0.007863924668302325,-0.00808064426576105,-0.005567415284076893
2019-08-10,-0.024295731987387104,-0.01612018190664599,-0.012057363583064085,-0.012518122631149375,-0.012427190584588743
2019-08-11,0.010500815868156321,0.01681169319816811,0.012133529678366894,0.0123047453003573,0.007796676650206447
2019-08-12,-0.00630954677615303,-0.008714881891082604,-0.006536968889518824,-0.006621463829697749,-0.0042658443383335465
2019-08-13,-0.02486800076472151,-0.0149654188480145,-0.009471667915850746,-0.00951194088029872,-0.013088938146905038
2019-08-14,-0.03953007225413696,-0.04804193350591468,-0.03191019424384023,-0.03229607593107864,-0.027278460993184428
2019-08-15,0.009812672612877105,0.006060626309243977,0.004699230938794097,0.004720032666780005,0.004883070697714986
2019-08-16,0.0015103010448480614,-0.0032268169493198107,-0.0021633211523997,-0.002218784705890542,0.0007588550245400949
2019-08-17,-0.004631929590008688,-0.0014345844351619785,-0.0012125430600163911,-0.0012018642341313779,-0.0023290736352425956
2019-08-18,0.0036560788270323386,0.012945594770696234,0.009127319456493588,0.009285400035878189,0.0018341430725441477
2019-08-19,0.02443330704254265,0.022143171627724723,0.01652446767217608,0.01667341504715969,0.012279735217114895
2019-08-20,-0.008132015869105613,-0.010995770979339015,-0.0072723626289210586,-0.007371905873086004,-0.004019487290109924
2019-08-21,-0.025818958840319373,-0.02604114365688126,-0.017554267039430305,-0.01772211649689337,-0.01512215168587161
2019-08-22,-0.0015893316570378957,0.002105559879522101,0.0018691688526377703,0.0019202697946310021,-0.000793074053731968
2019-08-23,0.012103069320763105,0.009044473219106619,0.007817196807904159,0.007887131119089563,0.005385619547070952
2019-08-24,-0.010652724472454689,-0.008081462689029428,-0.006996040158590344,-0.007059980730403814,-0.004719327888791147
2019-08-25,0.0003518822115355924,-0.0038935600887232136,-0.003425714402994662,-0.0034977370738663582,0.00015496012658311464
2019-08-26,0.009682214161756297,0.006410020300130714,0.005527040517727677,0.005569099631631325,0.004264644504877957
2019-08-27,-0.007819871324500904,-0.00488858829723926,-0.004213932918420538,-0.004242401210603597,-0.003462934599937517
2019-08-28,-0.019537456077010185,-0.022838157708239715,-0.01985667015358683,-0.020118356329286158,-0.008614097154984068
2019-08-29,-0.00522183804757248,-0.005046312606060255,-0.0037889837761378997,-0.003781630645035561,-0.002584221776495421
2019-08-30,0.0018506415795882525,0.0006726306830473483,0.0004478544989987565,0.00043389580677910544,0.0009742841554176707
2019-08-31,5.07933654723125e-05,0.001862333000998806,0.0012402669485001017,0.0013242446194297042,3.3122811145869235e-05
2019-09-01,0.0023836999771209566,0.0010623319904867756,0.0007079259503963709,0.0006851993964993586,0.0015544596930539
2019-09-02,0.010635858561036882,0.011294203874702147,0.0075289944370755535,0.007728122766404111,0.006941604293916548
2019-09-03,0.010299040572798512,0.0051667736078993,0.0032647850076852336,0.0034182138040419474,0.004601734993751716
2019-09-04,-0.0019347562762928039,-0.005969999197764531,-0.003419416732184377,-0.00373738048686012,-0.0008445220867402403
2019-09-05,-0.0003640671862771283,-0.0012896900208436701,0.00027847035187056335,0.00012761371901914842,-6.008488635955711e-05
2019-09-06,-0.01596877983251721,-0.016168285227479706,-0.009543376834863837,-0.010029003401383907,-0.008280569589514952
2019-09-07,0.007847402000109582,0.017639796227959303,0.011522231046908082,0.012426370468228143,0.004541803690264912
2019-09-08,-0.004399676498392013,0.0034510635272388956,0.0021880970313403747,0.0025588047916120793,-0.0021491491719329847
2019-09-09,-0.006296725429532191,-0.003295050322083659,-0.0020741853439544267,-0.002139674357478749,-0.002250654721795864
2019-09-10,-0.008225279541848929,-0.00450877662137017,-0.00324128975573712,-0.0031738258242312023,-0.004223409225743713
2019-09-11,0.0015765188248832995,-0.0002972216366075031,-0.00019792453846489977,-0.00030181986145172424,0.0010329684511274362
2019-09-12,0.008764449507962402,0.006537448890945097,0.004352957143884506,0.004519170967917319,0.0044012751907989145
2019-09-13,-0.007253226705403293,-0.005134616550337312,-0.003976960725220469,-0.004099708770374244,-0.003621449864901649
2019-09-14,-0.004034051943056838,0.004766199341587951,0.002346405397395168,0.0028975735545795356,-0.0020130716822108763
2019-09-15,-0.0017596904273472491,-3.228931204668495e-05,-0.0003002988920934868,-0.0001945983610346369,-0.000879138263342627
2019-09-16,-0.002955893846676827,0.007772048739314474,0.005182754899025754,0.005921376001771117,-0.0011287685823626603
2019-09-17,-0.002723705897780704,0.005663101706830043,0.003925306505116577,0.0049514647865234185,-0.0022316083536464415
2019-09-18,-0.001169934147485563,0.0010715702092189971,0.0005836963329137745,0.0008124198024808127,0.00010371029296329937
2019-09-19,0.000894272948517072,0.007921067736830656,0.004467613714899787,0.00530616201791867,0.0038565776017298603
2019-09-20,-0.0023732334620661932,-0.002603900488343247,-0.0016833342698041598,-0.0018934530376798486,-0.001729227240140907
2019-09-21,-0.005222220544008782,-0.004688086080380627,-0.003038422486897563,-0.003322861365947394,-0.0035905610601403293
2019-09-22,0.0010407093906066311,-0.0009547430248908473,-0.0012771770042467878,-0.0016459152285138723,-0.0002881948978862292
2019-09-23,-0.007993481983000317,-0.009250802364415112,-0.007470816965665206,-0.00842599640034325,-0.007596080786025805
2019-09-24,-0.012981315502731627,-0.015573588111175485,-0.013164017301398823,-0.015243348321687389,-0.0068377881317597256
2019-09-25,-0.0005686491087776302,0.00038015318589024183,0.00025281800931864495,0.00043388173587621814,-0.00028304842723936297
2019-09-26,-0.004633886362466755,-0.004036357721024619,-0.0029640350522320835,-0.003226823957330205,-0.0023058851630617383
2019-09-27,0.0,0.0,0.0,0.0,0.0
2019-09-28,0.0,0.0,0.0,0.0,0.0
2019-09-29,0.0,0.0,0.0,0.0,0.0
2019-09-30,0.0,0.0,0.0,0.0,0.0
2019-10-01,0.0,0.0,-0.0005555555555555314,0.0,0.0
2019-10-02,0.0,0.0,0.0,0.0,0.0
2019-10-03,0.0,0.0,0.0,0.0,0.0
2019-10-04,0.0,0.0,0.0,0.0,0.0
2019-10-05,0.0,0.0,0.0,0.0,0.0
2019-10-06,0.0,0.0,0.0,0.0,0.0
2019-10-07,0.0,0.0,0.0,0.0,0.0
2019-10-08,0.0,0.0,0.0,0.0,0.0
2019-10-09,-0.00040188803417007257,0.0,-0.0002777777777778212,0.0,0.0
2019-10-10,-5.3035442996285376e-05,0.0,-0.00027785495971099916,0.0,0.0
2019-10-11,0.0,0.0,0.0,0.0,0.0
2019-10-12,0.0,0.0,0.0,0.0,0.0
2019-10-13,0.0,0.0,0.0,0.0,0.0
2019-10-14,0.0,0.0,0.0,0.0,0.0
2019-10-15,0.0,0.0,0.0,0.0,0.0
2019-10-16,0.0,0.0,0.0,0.0,0.0
2019-10-17,0.0,0.0,0.0,0.0,0.0
2019-10-18,0.0,0.0,0.0,0.0,0.0
2019-10-19,0.0,0.0,0.0,0.0,0.0
2019-10-20,0.0,0.0,0.0,0.0,0.0
2019-10-21,0.0,0.0,0.0,0.0,0.0
2019-10-22,0.0,0.0,0.0,0.0,0.0
2019-10-23,0.0,0.0,0.0,0.0,0.0
2019-10-24,0.0,0.0,0.0,0.0,0.0
2019-10-25,0.0,0.0,0.0,0.0,0.0
2019-10-26,-0.003579071727189076,-0.0021099531520094583,-0.0002777777777778212,0.0,0.0
2019-10-27,0.0011243497244082246,-0.0015661232219345012,-0.002715361869018995,-0.002475157781741566,-0.0015400616117371424
2019-10-28,-0.0032551251665271508,-0.0022582396027855944,-0.003530394573955653,-0.003165225145068007,-0.001627409822807846
2019-10-29,0.001961707435860438,0.0034185988197561468,0.005204752896255549,0.0048340555309753785,0.0009792545648064088
2019-10-30,-0.0024453994563274906,-0.00325802871095604,-0.0030742919662155588,-0.004645687057108994,-0.0024571046567437582
2019-10-31,-0.0001344437963044509,-0.00033215111222362204,-0.0002536514346117569,-0.000465223402796755,-6.717896011931845e-05
2019-11-01,0.0008798673159589043,0.0006262851439267081,0.0007765684531424455,0.0009268171920964186,0.00043962307490819086
2019-11-02,0.0005609114554543382,0.0002968575569566312,0.00043660617249163813,0.0004505529493510352,0.0002803810600517931
2019-11-03,-0.0009178069855669824,-0.000840469045950698,-0.0009168685991407521,-0.0012224822459765416,-0.00045890998174902276
2019-11-04,0.0019246984668177536,0.0021250610456176044,0.00212972794029076,0.0030608225464716643,0.0009619210129900857
2019-11-05,-0.0008190172410413865,0.0004180285016608387,-0.00015148339066561878,0.0005069691359387285,-0.0008744553765455132
2019-11-06,0.00040760528282568487,0.0008370185367247984,0.0006179885409050012,0.0011676907772744105,0.0009161917890678772
2019-11-07,-0.0018495106729691235,-0.0018385370908856613,-0.0016157274375113717,-0.0026067454046388994,-0.0020493920340257654
2019-11-08,-0.003000843089442373,-0.0017176820939771575,-0.0021762213220682947,-0.0026798766003239827,-0.0009644638515500237
2019-11-09,0.0,0.0,0.0,0.0,0.0
2019-11-10,0.0,0.0,0.0,0.0,-0.00029474758754399755
2019-11-11,0.0,0.0,0.0,0.0,-0.0007913280719330507
2019-11-12,0.0,0.0,0.0,0.0,0.0
2019-11-13,0.0,0.0,0.0,0.0,-0.0002466023145075713
2019-11-14,0.0,0.0,0.0,0.0,-0.0011736407235087842
2019-11-15,0.0,0.0,0.0,0.0,0.0
2019-11-16,0.0,0.0,0.0,0.0,0.0
2019-11-17,0.0,0.0,0.0,0.0,-0.0003810785647402337
2019-11-18,0.0,0.0,0.0,0.0,-5.496589284570419e-05
2019-11-19,0.0,0.0,0.0,0.0,0.0
2019-11-20,0.0,0.0,0.0,0.0,0.0
2019-11-21,0.0,0.0,0.0,0.0,0.0
2019-11-22,0.0,0.0,0.0,0.0,0.0
2019-11-23,0.0,0.0,0.0,0.0,0.0
2019-11-24,0.0,0.0,0.0,0.0,0.0
2019-11-25,0.0,0.0,0.0,0.0,0.0
2019-11-26,0.0,0.0,0.0,0.0,0.0
2019-11-27,0.0,0.0,0.0,0.0,0.0
2019-11-28,0.0,0.0,0.0,0.0,0.0
2019-11-29,0.0,0.0,0.0,0.0,0.0
2019-11-30,0.0,0.0,0.0,0.0,0.0
2019-12-01,0.0,0.0,0.0,0.0,0.0
2019-12-02,0.0,0.0,0.0,0.0,0.0
2019-12-03,0.0,0.0,0.0,0.0,0.0
2019-12-04,0.0,0.0,0.0,0.0,0.0
2019-12-05,0.0,0.0,0.0,0.0,0.0
2019-12-06,0.0,0.0,0.0,0.0,0.0
2019-12-07,0.0,0.0,0.0,0.0,0.0
2019-12-08,0.0,0.0,0.0,0.0,0.0
2019-12-09,0.0,0.0,0.0,0.0,0.0
2019-12-10,0.0,0.0,0.0,0.0,0.0
2019-12-11,0.0,0.0,0.0,0.0,0.0
2019-12-12,0.0,0.0,0.0,0.0,0.0
2019-12-13,0.0,0.0,0.0,0.0,0.0
2019-12-14,0.0,0.0,0.0,0.0,0.0
2019-12-15,0.0,0.0,0.0,0.0,0.0
2019-12-16,0.0,0.0,0.0,0.0,0.0
2019-12-17,0.0,0.0,0.0,0.0,0.0
2019-12-18,0.0,0.0,0.0,0.0,0.0
2019-12-19,0.0,0.0,0.0,0.0,0.0
2019-12-20,0.0,0.0,0.0,0.0,0.0
2019-12-21,0.0,0.0,0.0,0.0,0.0
2019-12-22,0.0,0.0,0.0,0.0,0.0
2019-12-23,0.0,0.0,0.0,0.0,0.0
2019-12-24,0.0,0.0,0.0,0.0,0.0
2019-12-25,0.0,0.0,0.0,0.0,0.0
2019-12-26,0.0,0.0,0.0,0.0,0.0
2019-12-27,0.0,0.0,0.0,0.0,0.0
2019-12-28,0.0,0.0,0.0,0.0,0.0
2019-12-29,0.0,0.0,0.0,0.0,0.0
2019-12-30,0.0,0.0,0.0,0.0,0.0
2019-12-31,0.0,0.0,0.0,0.0,0.0
2020-01-01,0.0,0.0,0.0,0.0,0.0
2020-01-02,0.0,0.0,0.0,0.0,0.0
2020-01-03,0.0,0.0,0.0,0.0,0.0
2020-01-04,0.0,0.0,0.0,0.0,0.0
2020-01-05,0.0,0.0,0.0,0.0,0.0
2020-01-06,0.0,0.0,0.0,0.0,0.0
2020-01-07,0.0029003714852895435,0.0014274547054160536,-0.0002777777777778212,0.0,0.0014501857426447717
2020-01-08,-0.0012976834006305227,-0.001402556914112063,0.0,0.0,-0.000649781278735162
2020-01-09,-0.002696207283377161,-0.002299111347230265,-0.00027785495971099916,0.0,-0.0013491805386001143
2020-01-10,0.002883497699181392,0.001441748849590585,-0.0002777777777778212,0.0,0.001441748849590585
2020-01-11,-0.0022847674326478273,-0.001144028375547057,0.0,0.0,-0.001144028375547057
2020-01-12,0.002134236628466457,0.0010674341635832363,0.0,0.0,0.0010674341635832363
2020-01-13,-0.0009635701239356642,-0.00048244123578011777,0.0,0.0,-0.00048244123578011777
2020-01-14,0.01360548196470357,0.018696615063058752,0.009506463266162779,0.010156563315770084,0.006794308855484932
2020-01-15,0.0003322692419818196,0.000737240071970735,0.0004940657107999069,0.0005251418403731112,0.0001668112331159044
2020-01-16,-0.0035865336314705454,-0.0031146050034768225,-0.002087777930272483,-0.0021767865816824106,-0.0014834945573162228
2020-01-17,0.006769238653531406,0.007066737143883284,0.004728420661788801,0.004959015267405498,0.0027067409279639687
2020-01-18,0.00010870132928619824,0.0032692023326859054,0.0021836789386107114,0.0022305823804451563,0.002198920508116986
2020-01-19,-0.024930757624137545,-0.02500008014870847,-0.018032545582924442,-0.020947539614509125,-0.0160747173271365
2020-01-20,-0.0026688407676564996,-0.0012626392925020324,-0.0008421082905313293,-0.0008276581897822544,-0.0012941637929271277
2020-01-21,0.004223859212280301,0.004474755248816686,0.0029831500754118334,0.003455433420841647,0.0034394220373716866
2020-01-22,-0.0024097035184934557,-0.002479386765046221,-0.0016553715393234913,-0.001909678869341791,-0.0019227331580440321
2020-01-23,-0.01403786055530909,-0.010991546365567206,-0.007544483492986309,-0.008437912043146478,-0.00881987585269639
2020-01-24,-3.91267391200989e-05,0.00038220946970146663,-0.0004526712053398718,0.0001894290345285654,-0.0001562683499183315
2020-01-25,-0.00539963261195453,-0.0053397305175981735,-0.003401866212979998,-0.00431118132077446,-0.0038148738067966814
2020-01-26,0.009934349341697235,0.010915559418693599,0.007596865034919631,0.008358438460693396,0.008821714294844574
2020-01-27,0.015092077135840709,0.009774147425335222,0.006379958936662433,0.007018770931626506,0.008683195150324785
2020-01-28,0.039849444866591366,0.029338989379103175,0.019265143841168175,0.021257462117401538,0.022731506180471595
2020-01-29,-0.0060158021119383065,-0.0062375149243175665,-0.004199442017764454,-0.004866652018816087,-0.006230072052064384
2020-01-30,0.018659488037084504,0.02729726213714212,0.018340421587531353,0.02219472712141246,0.02151393613653374
2020-01-31,-0.013979751885234926,-0.014235938877999454,-0.009648937353300968,-0.011225575161109447,-0.012330581697273413
2020-02-01,0.002805169476721714,0.007294388837372878,0.004921144200374039,0.006166685170575725,0.005752509419380436
2020-02-02,-0.005299147507305868,0.005103592781605215,0.003898477761914876,0.005562558320430622,0.003077167181343432
2020-02-03,-0.004205684188385184,0.00020492687136863807,0.0002929258217578834,0.0007231641887988083,-0.0003326479537030247
2020-02-04,-0.008386060218457336,-0.005733715677409323,-0.0035079501811817737,-0.003753638255273195,-0.005434854667300648
2020-02-05,0.038551702238127206,0.04399575312224391,0.02808362352341698,0.03290447527411344,0.041257406078606396
2020-02-06,0.015094442110609396,0.02203663287208979,0.014502879186884643,0.017499792890926846,0.020815404157457973
2020-02-07,0.0038792485413414735,0.017468287526361426,0.011913516295093185,0.01521287268097149,0.01614880188670975
2020-02-08,0.007530349164040162,0.003103418883652953,0.0024916643416714734,0.002155299951532852,0.003179429980630477
2020-02-09,0.02359312537567848,0.019314746390355797,0.01378890734043492,0.015365677933811606,0.018746238557573625
2020-02-10,-0.026930081881471724,-0.021019355392287498,-0.015108636417450194,-0.01667137744712166,-0.02047376490036512
2020-02-11,0.03425742077226657,0.03662752872778596,0.026209868676031922,0.030315710581220845,0.03538687474620228
2020-02-12,0.009186855242410807,0.046868975051566286,0.03261626451529254,0.041297588826827214,0.043224734780044294
2020-02-13,-0.010345696748662259,-0.0014255113914842799,-0.0009499907484350478,0.0004537869189098487,-0.0010954326409384763
2020-02-14,0.010467217808952878,0.024038925338274897,0.016017119571022143,0.024630334782904884,0.026831788432117865
2020-02-15,-0.04218320360491745,-0.04142699421792939,-0.0278199877459272,-0.03749426526678756,-0.0411496843204231
2020-02-16,0.001147643017764377,-0.006331687385773166,-0.004192726223944732,-0.007368415354315538,-0.006121519735019176
2020-02-17,-0.020151219774125262,-0.0018407810995986207,0.0004566559059648867,0.0009957923701577887,-0.0003896042289297519
2020-02-18,0.039697483820969826,0.03216121468819644,0.022212761725908248,0.029523039667146644,0.034681082939069796
2020-02-19,-0.05104279912171783,-0.04761122168757359,-0.03032676920988686,-0.04191076458318277,-0.04700159507750501
2020-02-20,-0.000182317305521984,-0.0011492132128495536,-0.0008672513821186278,-0.0016160016753724582,-0.0014827127270791163
2020-02-21,0.00475404985251604,0.007802810861602172,0.0066147671243743655,0.008593195824579736,0.010037376829935551
2020-02-22,-0.0017510652488192946,-0.0031673184915370634,-0.002704906147890429,-0.0035808728251151,-0.004148463572852701
2020-02-23,0.018752453522235202,0.01716152854379782,0.013893311532218622,0.016675245030095542,0.020529550892486315
2020-02-24,-0.020596725707900942,-0.01590754690812335,-0.011357684410688629,-0.014734841358347794,-0.018071228179027177
2020-02-25,-0.02694262283622828,-0.028005840759425138,-0.018493442005857785,-0.02773668528556983,-0.029692469265027888
2020-02-26,-0.03852040753879171,-0.04208235390869475,-0.026874257553272107,-0.040743735986277896,-0.04022631208204219
2020-02-27,0.0005459314119709013,0.0011297363720577103,0.0004688231307867774,0.0006812707650718508,0.004079696313904035
2020-02-28,-0.010250390219607941,-0.007370921108806661,-0.004260473223557049,-0.006814230632476104,-0.005926056136348223
2020-02-29,-0.008195577879731797,-0.009314102430725169,-0.006102971004035895,-0.00947895768502216,-0.01333152748616706
2020-03-01,0.00029401317239452496,0.0003753645991955157,0.00027489176397366144,0.00037927800746873075,0.0007417632007227226
2020-03-02,0.016613453844498194,0.015320185103320894,0.009432420653418871,0.013846599145543426,0.02213560268116832
2020-03-03,-0.008503986458383683,-0.009166336040807521,-0.00517339213521939,-0.008579263481815369,-0.011989249775993471
2020-03-04,-0.0005085242345550522,-3.898220807574404e-05,-6.7970393103578e-05,8.19064890651422e-05,0.00010381929599234674
2020-03-05,0.01702602596516334,0.010936740480826268,0.006796768890204197,0.008561844981510358,0.012161389423350988
2020-03-06,0.0037385065030055564,0.012157097921168258,0.0061718931836574065,0.013167664642904864,0.01823433318039447
2020-03-07,-0.011830855305053234,-0.011228424279664084,-0.006655035070647242,-0.00980421483245364,-0.013696814213626674
2020-03-08,-0.028564676220713903,-0.02938924965012457,-0.017901805672566162,-0.026702103920850928,-0.052254694672798974
2020-03-09,0.0,0.0,0.0,0.0,0.003488649009711464
2020-03-10,0.0,0.0,0.0,0.0,-0.0021702540148564875
2020-03-11,0.0,0.0,0.0,0.0,-0.006277532347113701
2020-03-12,0.0,0.0,0.0,0.0,-0.04465089537941003
2020-03-13,0.0,0.0,0.0,0.0,0.0
2020-03-14,0.0,0.0,0.0,0.0,0.0
2020-03-15,0.0,0.0,0.0,0.0,0.0
2020-03-16,0.0,0.0,0.0,0.0,0.0
2020-03-17,0.0,0.0,0.0,0.0,0.0
2020-03-18,0.0,0.0,0.0,0.0,0.0
2020-03-19,0.0,0.0,0.0,0.0,0.0
2020-03-20,0.0,0.0,0.0,0.0,0.0
2020-03-21,0.0,0.0,0.0,0.0,0.0
2020-03-22,0.0,0.0,0.0,0.0,0.0
2020-03-23,0.0,0.0,0.0,0.0,0.0
2020-03-24,0.0,0.0,0.0,0.0,0.0
2020-03-25,0.0,0.0,0.0,0.0,0.0
2020-03-26,0.0,0.0,0.0,0.0,0.0
2020-03-27,0.0,0.0,0.0,0.0,0.0
2020-03-28,0.0,0.0,0.0,0.0,0.0
2020-03-29,0.0,0.0,0.0,0.0,0.0
2020-03-30,0.0,0.0,0.0,0.0,0.0
2020-03-31,0.0,0.0,0.0,0.0,0.0
2020-04-01,0.0,0.0,0.0,0.0,0.0
2020-04-02,0.0,0.0,0.0,0.0,0.0
2020-04-03,0.0,0.0,0.0,0.0,0.0
2020-04-04,0.0,0.0,0.0,0.0,0.0
2020-04-05,0.0,0.0,0.0,0.0,0.0
2020-04-06,0.0,0.0,0.0,0.0,0.0
2020-04-07,0.0,0.0,0.0,0.0,0.0
2020-04-08,0.0,0.0,0.0,0.0,0.0
2020-04-09,0.0,0.0,0.0,0.0,0.0
2020-04-10,0.0,0.0,0.0,0.0,0.0
2020-04-11,0.0,0.0,0.0,0.0,0.0
2020-04-12,0.0,0.0,0.0,0.0,0.0
2020-04-13,0.0,0.0,0.0,0.0,0.0
2020-04-14,0.0,0.0,0.0,0.0,0.0
2020-04-15,0.0,0.0,0.0,0.0,0.0
2020-04-16,0.0,0.0,0.0,0.0,0.0
2020-04-17,0.0,0.0,0.0,0.0,-0.0006716383803836434
2020-04-18,0.0,0.0,0.0,0.0,0.006336784754079172
2020-04-19,0.0,0.0,0.0,0.0,-0.002777260680200788
2020-04-20,0.0,0.0,0.0,0.0,-0.007580747276251132
2020-04-21,0.0,0.0,0.0,0.0,-0.0010026923879630223
2020-04-22,0.0,0.0,0.0,0.0,0.0047730459252850466
2020-04-23,0.0,0.0,0.0,0.0,-4.444040812567884e-06
2020-04-24,0.0,0.0,0.0,0.0,0.0014074844533753517
2020-04-25,0.0,0.0,0.0,0.0,0.004473293851402493
2020-04-26,0.0,0.0,0.0,0.0,0.0021325062182038224
2020-04-27,0.0,0.0,0.0,0.0,-0.0006981347145258443
2020-04-28,0.0,0.0,0.0,0.0,-6.717523529908842e-05
2020-04-29,0.023723241188633448,0.014835343872800388,0.00905438011077897,0.010384823128126275,0.02864630527856149
2020-04-30,-0.009514225681425459,-0.007383044235878211,-0.004948853179087109,-0.0058092239309561755,-0.010993474060100428
2020-05-01,0.006840428863022385,0.006526512027901443,0.004364017933502273,0.004920495891898913,0.008881356422916209
2020-05-02,0.00470091551946572,0.0033760054034419618,0.002262260383694148,0.0024361146561491243,0.004107459451277995
2020-05-03,-0.0030849900513439943,-0.004352677514272596,-0.0022493977179010027,-0.0026235958072714505,-0.004923374151510007
2020-05-04,-0.000881996584786493,-0.0028999337793879087,-0.0014072894503799338,-0.0017221396642765896,-0.003425554602519143
2020-05-05,0.0059595278220141434,0.0016090577942766693,0.0012638176321004835,0.001152247747975288,0.0014188327198376705
2020-05-06,0.002483232191390572,-0.00488195477774056,-0.005587739796133695,-0.006458315152472194,-0.002978862785108616
2020-05-07,0.04406255336918563,0.03298027886238675,0.023447606036229862,0.024816851582275756,0.03162650295278535
2020-05-08,-0.009724540405323667,-0.005722080173750754,-0.003628156231670454,-0.00369724336636279,-0.005656949549696977
2020-05-09,-0.01454795048378521,-0.008317429009458088,-0.005272356358465458,-0.005397362499860225,-0.008198403385071829
2020-05-10,-0.047347780062145794,-0.04477798361142771,-0.02893459416527766,-0.031218394736588606,-0.04264067525443127
2020-05-11,-0.007918634036805483,-0.006515742402788738,-0.00408714716123193,-0.004286469029960993,-0.005527228704628961
2020-05-12,0.012338809814593343,0.011426388922971098,0.007186276223321464,0.007628472819266152,0.009208322938185631
2020-05-13,0.024378794313784313,0.024414831092497202,0.015465258602801457,0.01652257390446188,0.02294766992585684
2020-05-14,0.023036320222044715,0.017222310269396024,0.010868314573449167,0.011261698332895254,0.016937257579619613
2020-05-15,-0.02218865902082956,-0.021418709527072588,-0.013751094016422272,-0.014616279441959756,-0.020777673697620624
2020-05-16,0.003094429896271844,0.007485372618935449,0.0048782650909973135,0.005460996237243387,0.007040239672728266
2020-05-17,0.013724416716667465,0.014910066076192052,0.009553567572191612,0.010233858142985719,0.014400081753595195
2020-05-18,0.0028179540877617537,0.00931957244054793,0.006153456085189912,0.006956409818833276,0.008711559339754427
2020-05-19,0.002169186831026515,0.0008068785175570081,0.0004938105781757685,0.0004605141649043354,0.0008338998712000834
2020-05-20,-0.013741400078075117,-0.01246187879021432,-0.0075286064118808005,-0.00798830040622911,-0.012107298056278748
2020-05-21,-0.023885686533739237,-0.026141625426276405,-0.01505144147700832,-0.016191680177909396,-0.025224596093411544
2020-05-22,0.004704240775233348,0.011522848980270117,0.007558982231506528,0.008455813867455975,0.013113704560543171
2020-05-23,0.00042271596224918717,-0.000503916452601616,-0.0003479622088796708,-0.0004256394253782103,-0.0006367707791162802
2020-05-24,-0.02407665028575845,-0.01951672280926331,-0.012422926270640011,-0.013113222978179517,-0.020674209879914196
2020-05-25,0.00959685550826439,0.009462797654398614,0.006029969279808922,0.0064768414174301014,0.010226874902841354
2020-05-26,-0.003124538671505417,-0.0049631034564315835,-0.0032204690835967442,-0.003557914306387411,-0.005539105441509595
2020-05-27,0.021756740014204468,0.019694505487249492,0.011336033733569506,0.012111741394139841,0.019127829117564277
2020-05-28,0.021880904625506403,0.02527649024356471,0.014372655556998515,0.015592059374717415,0.024311574910059752
2020-05-29,-0.009120830373133493,-0.0034761068985449395,-0.0022380684067547785,-0.0021900457261838646,-0.0035182142408395345
2020-05-30,0.01719756468331446,0.03694861039568775,0.02511876897677423,0.021914890914450424,0.03446670213443381
2020-05-31,-0.015582499322990051,-0.02212670328576838,-0.014699950031075826,-0.013135958415114057,-0.021301382389602663
2020-06-01,0.04775081482501187,0.044303761137924225,0.027481222490240542,0.025269304437342432,0.043202659156679424
2020-06-02,-0.04132922065977995,-0.03316999234207085,-0.020310096095835783,-0.0189938589700962,-0.03258096691827428
2020-06-03,0.008958298319013736,0.012868003393483152,0.008477839778940677,0.0075840331186838306,0.012394054551279066
2020-06-04,0.007608194013945191,0.0023069005113778296,0.0009074508093029898,0.0010826061237632079,0.0024317643637810082
2020-06-05,-0.01032218150373121,-0.009010194458095921,-0.005567012064313315,-0.005159608591934539,-0.008817158987735385
2020-06-06,0.0028040678199066082,0.0037003304919740465,0.0026250945543793147,0.001984430798476655,0.0035695348993129983
2020-06-07,0.004998395157626456,0.005648205928537431,0.004056217915031635,0.0037209756975620234,0.005474447831049556
2020-06-08,0.0023497231803439877,0.0032665411452243998,0.00236459798230948,0.002129217360361091,0.0031407397408163007
2020-06-09,-0.0006508796861761645,-0.003355262576468343,-0.0024643966680915064,-0.0021298348072144035,-0.0031690706720063355
2020-06-10,0.00765315730475713,0.008219444566433864,0.005919078248771692,0.006184583219203343,0.008990953732620932
2020-06-11,-0.04271087057140299,-0.04144231930278941,-0.02805333183757941,-0.029417391166228435,-0.04389463772753299
2020-06-12,0.009221342113312714,0.013954164221641419,0.010387453837993554,0.010970308092351333,0.014961385896340218
2020-06-13,0.0004992246803041667,0.000463924012619632,0.0006744803460796422,0.0007192676485221483,0.0005416058266745072
2020-06-14,-0.00797631608256033,-0.011338755432651837,-0.008476559825398966,-0.008986421771401187,-0.012220118725485674
2020-06-15,0.0032221410778940918,-0.0008390363393206979,-0.0009901103592878657,-0.0010061129175904515,0.0011653544919936198
2020-06-16,0.006445806542927812,0.007162794265761718,0.0051098420585760085,0.005499016593623507,0.008872727146194137
2020-06-17,-0.0038882543841247674,-0.0031454672622068802,-0.0022992939095641818,-0.002430251438399811,-0.003704018985287716
2020-06-18,-0.005089636128471908,-0.004714287776917736,-0.0034075118647173275,-0.00363172482859353,-0.0056851123522122515
2020-06-19,-0.005532923202164142,-0.004386257347273825,-0.0031758992575168232,-0.0033775203998778203,-0.005259275272069486
2020-06-20,0.003476621068980279,0.0016673760120444747,0.0010184783576636658,0.0010143412819614284,0.001250805576650471
2020-06-21,-0.004727296199704356,-0.0037419093219592803,-0.0026649440943370406,-0.0028461680228920594,-0.0038836427008768215
2020-06-22,0.02963083300281899,0.032874886232048484,0.022734983558526434,0.024463230680555892,0.03577572683988195
2020-06-23,-0.005007743235726836,-0.0025050527641984344,-0.001671593930880233,-0.0016709338305975763,-0.0027131193376089824
2020-06-24,-0.026850676225226855,-0.024647366898025602,-0.01656372680403495,-0.01757297097466126,-0.02675400436630493
2020-06-25,-0.0033655878972719266,-0.004153949118267719,-0.0031693789506410663,-0.003547528324606697,-0.004415809269126547
2020-06-26,-0.006271074184867054,-0.0065523691768002434,-0.005116946088047358,-0.0054692437190140275,-0.006916935842375516
2020-06-27,-0.010860707446331386,-0.015879026782647854,-0.011142741359354225,-0.012207154325605152,-0.016994385165828407
2020-06-28,0.0076277116747545115,0.00870774488557946,0.005968959799390161,0.006469588663270409,0.009240725687535312
2020-06-29,0.005528580960665552,0.0064084431652289275,0.004410812959649846,0.004782557533705045,0.0068018622890226865
2020-06-30,-0.00389656091564472,-0.0047573556275123385,-0.003294877441941013,-0.003580938336486872,-0.00505848129822839
2020-07-01,0.006768339876416896,0.009908294642740678,0.006940830764233796,0.007606797508442176,0.010215872256115421
2020-07-02,-0.010464461554239746,-0.010664480182465796,-0.007283994335812727,-0.007835407476761258,-0.01133251192891438
2020-07-03,-0.0020559914886983943,-0.00295142931642578,-0.002064290131226665,-0.0022605909110781086,-0.0031691332647457715
2020-07-04,0.006003704978021718,0.008031844443981306,0.005610399077115469,0.006143588409809553,0.008624307950154009
2020-07-05,-0.005485493738102476,-0.004333536893772694,-0.0029195471080458724,-0.003116907427622384,-0.004555236146576269
2020-07-06,0.019685668691434843,0.026958764714527295,0.01877936053152629,0.020509130596913394,0.030172884899558383
2020-07-07,-0.0069239234276325945,-0.005913832960458887,-0.004084099462175583,-0.00434551271406014,-0.006682118352944855
2020-07-08,0.015287815916209757,0.016375062424661913,0.011662540739010296,0.01232985572980927,0.01968786063020156
2020-07-09,-0.019887793705225754,-0.017848251495972356,-0.009946529711673202,-0.011643576044229609,-0.019225758980832786
2020-07-10,0.005164817222266249,0.0014802758954690631,0.00091511203075334,0.0006662444267666601,0.0010873136084121882
2020-07-11,-0.0053382422833021526,-0.0058964409020076936,-0.0033347176318444527,-0.00405654717834536,-0.00656866277305812
2020-07-12,0.006724454195815577,0.008826233652873272,0.005102986144013721,0.006366256613280941,0.009983916264246107
2020-07-13,-0.0058445957052253306,-0.00786594351548986,-0.004565909123985135,-0.005707217093771866,-0.008895038809660916
2020-07-14,0.0008654072867597673,0.0020720346420946,0.0012006877313102127,0.001529946526161785,0.002357020873634541
2020-07-15,-0.005647536377914486,-0.005611507516587788,-0.0037936801604779857,-0.003877852896424616,-0.006607770239541955
2020-07-16,-0.006780493452760439,-0.011344747365482521,-0.008218268395720596,-0.008025447454583112,-0.014599955865272407
2020-07-17,0.00130553577410919,-0.0005876244503351113,-0.00043903598927441667,-0.0006842302490253083,-0.0009046725556618451
2020-07-18,0.0015284386020970597,0.004708382681507528,0.003008219213378016,0.004197440847273803,0.006000558013390833
2020-07-19,0.0037014764983283044,0.006965958351317303,0.0040025543760677795,0.005365489057583828,0.008055052088310033
2020-07-20,-0.004592872542546811,-0.00720595315307393,-0.00522659721417662,-0.00532127988401454,-0.009169315866453087
2020-07-21,0.022191844874288824,0.02543736387104656,0.01854210487473429,0.018566841464309647,0.030869329234625376
2020-07-22,0.013521398592014844,0.03913119421998723,0.02446031520518055,0.02646134411735601,0.038341525843225144
2020-07-23,0.008892741359168399,0.0218204454421842,0.015318553200650786,0.0165328252229493,0.024286862540940923
2020-07-24,-0.006780354708819547,0.0024604039799311916,0.002069679967539262,0.0024044077638938344,0.000861789148077996
2020-07-25,0.016956598186101957,0.04675901032067076,0.031381767895040324,0.03556470665163691,0.04595527526201382
2020-07-26,0.023697355440702284,0.017886531067715206,0.011943562069899993,0.01362121769443525,0.021309860348037946
2020-07-27,0.11001684956896529,0.06424593296476,0.04230174176181589,0.045677627446059965,0.07898692450122802
2020-07-28,-0.011376946833630441,-0.011212550004443989,-0.007875447262405633,-0.009099079917640696,-0.010099282384895547
2020-07-29,0.016462599659375243,0.009668940487576272,0.006424585651472414,0.0067302014117343045,0.008431137013650059
2020-07-30,-7.670284211813705e-05,0.01927199184913908,0.013881366460943179,0.018273456342564165,0.01698030062877498
2020-07-31,0.019664948915715907,0.022800191172687168,0.0154790532633442,0.01877782404289663,0.02004214292049933
2020-08-01,0.038081584900906185,0.06114226598659278,0.03921574127537575,0.0501092351655934,0.056042480390075644
2020-08-02,-0.05376733786766141,-0.040435970727967674,-0.028195989723388326,-0.031300788297992765,-0.03580697777646358
2020-08-03,0.00891486892510085,0.014157538281630355,0.009836879097815387,0.01242922663905599,0.012454121262968076
2020-08-04,-0.0016569912472849113,0.001639497236039178,0.0011440222575782588,0.0018367326719339605,0.0014446615192500456
2020-08-05,0.0343237856488503,0.025027452226345615,0.017472510460916135,0.019512257853408377,0.02205751294827807
2020-08-06,0.0010896219685578856,-0.003436630174980526,-0.0024170424586682504,-0.003508329195025306,-0.003037615936807181
2020-08-07,-0.010433480667949246,-0.015534009385380076,-0.01091417573827047,-0.013739979619412201,-0.013724918503329353
2020-08-08,0.011187837077717866,0.01728554816131811,0.01208807861502148,0.01541010526614306,0.015425798754861164
2020-08-09,-0.005370166273630961,-0.007465506105038933,-0.004968235666660159,-0.006225692865391541,-0.006597968197155413
2020-08-10,0.015028123089606327,0.01105293694026499,0.007101549643689031,0.008067678113266918,0.009882664807249864
2020-08-11,-0.035103426954501527,-0.02850420674792631,0.00690679052272114,0.0018354063004288879,-0.02548635680150868
2020-08-12,0.012512064544641044,0.011825605293505514,0.042640732330873954,0.05046768949759972,0.010522956929160276
2020-08-13,0.015472456739263007,0.03303987352537585,0.01990113034389407,0.026795534110233943,0.03350187180217601
2020-08-14,-0.001374814887704523,0.008245100169338881,-0.009680863969802389,-0.014973338358316823,0.008995366347485767
2020-08-15,0.006426424386788643,-0.0006318312225565004,-0.011641837669642663,-0.021771069671646326,-0.0008688974250554704
2020-08-16,0.004374402585586079,0.0028529133538126583,0.012496290571099689,0.021409238623041782,0.002983453548914383
2020-08-17,0.027509315550990898,0.012838824309230779,-0.005390478522665387,-0.01679257992182248,0.01113444112185924
2020-08-18,-0.024312750017510543,-0.018466140101632278,-0.000718793446696786,0.006414138496118937,-0.017900085052531156
2020-08-19,-0.014116975496165418,-0.016823038230723286,-0.025781278817392228,-0.0538487308027229,-0.016965179714185652
2020-08-20,0.007441549893605348,0.009524171507403478,0.016863484736157286,0.040197730056956704,0.009649358908421224
2020-08-21,-0.024856883325751422,-0.030954643272127935,-0.02949420552773907,-0.042667942709308404,-0.03137279322606856
2020-08-22,0.009002541863800007,0.009451325545745792,0.009478088885405578,0.013313399555386685,0.010185714460519746
2020-08-23,-0.0009900206395954125,-0.0035617367336928663,0.005404730357643217,0.01344089375819646,-0.0038277469024302624
2020-08-24,0.006484505729111634,0.014502025081027936,0.013277177762679893,0.019208581772522493,0.015669437077804105
2020-08-25,-0.032528516676534225,-0.03273089132924001,-0.024903037621176738,-0.030348733551094242,-0.03406241572569979
2020-08-26,0.010935268918057073,0.007417731582554099,0.015636935270475494,0.027177597384763663,0.007576069678767228
2020-08-27,-0.009970462021369642,-0.006679530192610139,-0.008368422389802621,-0.012326656915457646,-0.006817248278409793
2020-08-28,0.015102851781022553,0.015613452540076844,0.027917961078840925,0.046577983358263575,0.016249851889206024
2020-08-29,-0.004623256386265262,0.00011668952304644264,-0.0009200622588910745,-0.0018067581165939206,0.0002997750401083632
2020-08-30,0.01908450484958757,0.029701104716363336,0.028490775321124984,0.04853772204544238,0.031269895099130585
2020-08-31,-0.004997847472369754,0.0005687052454679264,0.006241111400305366,0.017426442265392472,0.0006254892495303199
2020-09-01,0.021521461701113465,0.03869231112839344,0.017294302824120145,0.008883217124664444,0.04058251752295505
2020-09-02,-0.0442435327766314,-0.0451957677252075,-0.03299670579285441,-0.038129587921322594,-0.04773002163367179
2020-09-03,-0.0885773070752458,-0.07347885228886719,-0.06675012329987784,-0.06991167698981626,-0.08018981430891536
2020-09-04,0.012449813346104177,0.006624201411488562,0.005397959082414028,0.0028685549256242115,0.008146398774969033
2020-09-05,-0.013527540498094126,-0.02610827978351038,-0.03887135834582267,-0.0439232308712485,-0.03419987788633572
2020-09-06,0.0011485624485061408,0.00575837018929648,0.013696004361129832,0.02088292619251031,0.007985674126650188
2020-09-07,-0.0001365124303438492,0.0001655992438649445,-0.0033047545531805778,-0.004958074755151309,0.00026230856822828663
2020-09-08,-0.010166631276776528,-0.009702243898540241,-0.015569206667289004,-0.02019251975984382,-0.011399964152151276
2020-09-09,0.0016189832165436346,0.0047092776674981796,0.02608577457172112,0.04299388221222045,0.0063590445080683455
2020-09-10,0.0018775748364496803,0.0058938344398475895,0.0030847636841588866,0.001817407890663425,0.008036899680186504
2020-09-11,0.0008777186966155703,0.0020861665125293527,0.0009669473611346735,0.0002519449760234327,0.0028883677333533253
2020-09-12,0.0022407822195691374,0.0051959037980837675,0.0030726953681343705,0.0018555496141550165,0.006970268347478603
2020-09-13,-0.005844857990712882,-0.009035247166549243,-0.0062770397131785005,-0.005159468547796364,-0.011678934721753409
2020-09-14,0.013994386464511788,0.010091005589063284,0.006689299146133143,0.004056276964866212,0.011442645967558729
2020-09-15,0.004376347000465852,-0.0013864940643937285,-0.0024966957269502155,-0.010900720767156646,-0.003015866091513386
2020-09-16,0.007249943592592789,0.003800768084748274,0.0005921843347937994,-0.010168682451434208,0.0039334364311200964
2020-09-17,3.4476016487650085e-05,0.007885667783945838,0.006442960998489955,0.024707443989677502,0.009732388456931584
2020-09-18,8.526073029613279e-05,-0.0024378989490912994,0.0010498214009275753,0.00970935029174913,-0.0031732039183470784
2020-09-19,0.00942566218911245,0.004808751823870416,0.0027470078528579744,-0.00235033665283757,0.00492854914783325
2020-09-20,-0.011036389763559362,-0.01195088241518416,-0.00870533417816488,-0.016987356902213757,-0.013865947442770032
2020-09-21,-0.03804522382112063,-0.03602787159367293,-0.02273244442444189,-0.02660191991421268,-0.035833118840604694
2020-09-22,0.007680517924815833,0.006269418529778248,0.004800435005298587,0.010765138076627379,0.006250030936832074
2020-09-23,-0.01837008213592417,-0.023451280098679583,-0.015205703847789631,-0.018147962819488606,-0.023309486075875796
2020-09-24,0.01739192117856425,0.018750746906391003,0.013855337049685001,0.0196632075942349,0.022565140971871456
2020-09-25,-0.0032492719823702387,-4.338688132621282e-05,0.00022281669076651411,0.003174680791300011,-0.0002081469378449885
2020-09-26,0.0027529930423100257,0.0024462050683429215,0.0013080502235343072,-0.0017306597743670382,0.0023350930356029753
2020-09-27,0.0029890079235628253,0.003402010206949191,0.002418374177645788,0.0038111721201348203,0.003204276349386026
2020-09-28,-0.006036606049602988,-0.004426674065074576,-0.003945557780005493,-0.012774607787966241,-0.004233039965885754
2020-09-29,0.009309701625972666,0.007844569122934075,0.0051973875278017445,0.004432102511541913,0.007522165650602597
2020-09-30,-0.005310117355663446,-0.002051950634388011,-0.0016427881282724544,-0.004771999803102944,-0.002055567346184284
2020-10-01,-0.020193886569097597,-0.01567818894636208,-0.008716716988276474,-0.02330722959098197,-0.013565169323235926
2020-10-02,-0.006339785236365469,-0.0073430072248775735,-0.00473393684147172,-0.0185876373115883,-0.0066789130101848615
2020-10-03,-0.0016349910489869002,-0.0006480614164309229,-0.0008776133138358455,-0.004575673017254589,-0.0006470855902327433
2020-10-04,0.007919586675582568,0.006710780438105024,0.004517554929358347,0.003152528017424716,0.006727332401674557
2020-10-05,0.009095218943330874,0.0051132369617330475,0.004116825609254082,0.013453170206182419,0.005116432422338946
2020-10-06,-0.01669380369898965,-0.017231184614031947,-0.021324617975517324,-0.048613733197974796,-0.014305227349158955
2020-10-07,0.005083972906919421,0.003430591371326619,0.005188653120568487,0.012288741864945774,0.0026596215925955846
2020-10-08,0.020491323400166683,0.017661426444282924,0.011598901272724893,0.015741621872535916,0.013078194691431344
2020-10-09,0.011151115063218642,0.017028324376725523,0.01565178406935952,0.02407297085457083,0.013872067732969784
2020-10-10,0.021389669485324614,0.014492593659218178,0.006825654213716392,-0.0027021791459455047,0.014731172455126007
2020-10-11,0.0065437519249595955,0.006035168702442251,0.004718923801333208,0.00564529142439163,0.006924485359204979
2020-10-12,0.01365682860300832,0.01642527364341473,0.0151413152660691,0.025975895791032988,0.016167337718028918
2020-10-13,-0.009111909347602976,-0.008623886272241643,-0.010223268978636457,-0.022191156979504467,-0.009411083139559406
2020-10-14,-0.00022799255528738183,-0.002002032123751607,-0.0036500999033579618,-0.01085666159082832,-0.0018872903662399132
2020-10-15,0.007450309325821136,0.0026301009939777575,0.0009255709678679391,-0.0032298085651573105,0.003614135448441358
2020-10-16,-0.015751811536603766,-0.017177833594436476,-0.014973748269454301,-0.023368565608556824,-0.0183756356276098
2020-10-17,0.0035212029770017583,0.003967725246802223,0.004348039908116386,0.009192568372100363,0.004231700540531014
2020-10-18,0.012268950041789184,0.01376114815308438,0.00968937327559627,0.009400577305769042,0.014680974299997596
2020-10-19,0.021056534351102885,0.010833868038902628,0.004014664020388636,-0.01039213457859589,0.013360439476922892
2020-10-20,0.013164124448809433,-0.003741253868509875,-0.004422257752935588,-0.021054045884531858,-0.0014022387529473157
2020-10-21,0.07138900166482376,0.05496247239569452,0.0401637413716085,0.030353718814040365,0.06161654112721404
2020-10-22,0.0143489840426545,0.02807169078505689,0.0242938804335453,0.024194661087677982,0.030070117776493932
2020-10-23,-0.003427894265877196,-0.005880185184259035,-0.004274719631103485,-0.003500339609331826,-0.006305895215593438
2020-10-24,0.014277909770098907,0.009553729997370475,0.004688512813700418,0.0007591624606655412,0.010318897508098557
2020-10-25,-0.0061856076087437595,-0.00843650631965509,-0.012669740297944987,-0.01715127920692905,-0.009054669114099023
2020-10-26,0.001753861894971509,-0.010776323445536251,-0.013955118809840239,-0.01859902373046618,-0.01149626112490354
2020-10-27,0.043768282257735436,0.031230851352754607,0.025088291552892716,0.020815512837422334,0.033736007164980375
2020-10-28,-0.02655150277526741,-0.026269433044521784,-0.029962284907951275,-0.03352203992191316,-0.028227669841611847
2020-10-29,0.014630358454359005,0.006006491507933642,0.00035174250214731195,-0.008207783998223972,0.00657328819458991
2020-10-30,0.006992373890278181,-0.00022628546161218566,-0.00019799908286965984,-0.00035883903899869285,-0.00013554820077277263
2020-10-31,0.016112265097099288,0.011919937326427377,0.01431679067596936,0.021681774145170918,0.011041015700915757
2020-11-01,-0.0017687499031857623,0.009175339313040931,0.009016417938551013,0.013513256582117439,0.0070514684205458256
2020-11-02,-0.013396062310219947,-0.021108764246032474,-0.02093147105853621,-0.029298336016470805,-0.017790819811572822
2020-11-03,0.03094946605741944,0.02228032545814762,0.01128619012428489,0.0017375492558724392,0.017190498354854755
2020-11-04,0.007140778887522625,0.017927248145928942,0.011198141181686161,0.007707321084044816,0.014579106918202411
2020-11-05,0.08210518503577968,0.056063559238604954,0.04386999244992951,0.032312626344563,0.057541095350745364
2020-11-06,-0.0005420298063619766,0.030137555924830917,0.04926211909380829,0.08181818010414488,0.030762717614644997
2020-11-07,-0.035178230837128566,-0.033421191029040176,-0.01884315728388941,0.003517145836079205,-0.03504440833960121
2020-11-08,0.03144283557485017,0.029670777795013814,0.02807124626078017,0.02362342815795304,0.031277962878485166
2020-11-09,-0.005304874149329453,-0.010100546200092486,-0.01338706775455345,-0.013733133613877957,-0.009887497024589464
2020-11-10,-0.0013528923925837377,0.0031033132741697944,0.013830596816557295,0.017995830433811033,0.003128941117527706
2020-11-11,0.01680510545772007,0.018069407951172956,9.22495590132133e-05,-0.008881088766615308,0.0175314774340658
2020-11-12,0.025947227185812993,0.014726395275842297,0.00632925914783522,-6.063123317190389e-06,0.013955902147178234
2020-11-13,0.0012004086825778693,0.009484268366433124,0.012043420131898186,0.012718064920775207,0.0094254258498494
2020-11-14,-0.009930054480293493,-0.01572031074947111,-0.016097779569850257,-0.014801602500735256,-0.01538972720143661
2020-11-15,-0.005127468171433502,-0.01086671528559191,-0.0020784459101448327,0.002166990813425418,-0.010701463836984448
2020-11-16,0.036352497499394065,0.027826471377403017,0.0302765569559742,0.027608563432720556,0.028742178139248287
2020-11-17,0.0453080006876716,0.03890401830455259,0.023480856363263802,0.013566087413377836,0.04048285398639351
2020-11-18,0.006503255633965255,0.0016455538317217133,-0.0021394619795459535,-0.005642216569504477,-0.0003905097481218256
2020-11-19,0.0009345198654775455,-0.004520280563179546,-0.004165446966193698,-0.004328081012244911,-0.004450233224986833
2020-11-20,0.02982251480951348,0.04470068907105662,0.03028709584586342,0.02423521282069907,0.04530734841755368
2020-11-21,0.0016342748159565712,0.028647232962316416,0.03129630216125001,0.03345131971839499,0.028560261584980262
2020-11-22,-0.009809650933597647,-0.0012328248545454557,-0.010731635983927679,-0.014315388644488003,-0.0014177403551894896
2020-11-23,-0.0015895714136638928,0.02260988622997462,0.02380242578721181,0.02014631888797047,0.02306746229562817
2020-11-24,0.027158320970172234,0.012941841824462896,0.009544826923939764,0.006880532030043129,0.013611288460432025
2020-11-25,-0.0147188866823188,-0.02308116670623883,-0.01798412750632372,-0.014213374445957272,-0.02379462456420256
2020-11-26,-0.05488333249782673,-0.0509183025273372,-0.05433359397750148,-0.05006907646586256,-0.05285747475225633
2020-11-27,-0.00026849727734978845,-0.001940920798722101,-0.002799264407476909,-0.0036363445612224155,-0.0007058720888456493
2020-11-28,0.015664208306273242,0.015935320128273256,0.014079257078079221,0.010923421883088036,0.018468766029142936
2020-11-29,0.012361380311722625,0.020725816965103228,0.019635927494986438,0.015561359734565627,0.02549113784578494
2020-11-30,0.03966228059843058,0.03707597938234031,0.03180718210046507,0.024375426450892856,0.04104400233184902
2020-12-01,-0.023505154929582273,-0.024152234234725123,-0.018539817646159418,-0.013950077168619957,-0.02501003268012214
2020-12-02,0.011354776108305487,0.010614398755824705,0.013866021767047432,0.01529740625570164,0.010971494290805017
2020-12-03,0.005568776047802926,0.00956054319592936,0.005785893542967324,0.004879999459448836,0.010012016488605724
2020-12-04,-0.01961275181331079,-0.027481844961480095,-0.03002771085214473,-0.03267554664329331,-0.02866566847174845
2020-12-05,0.012892917757803879,0.017618001164744213,0.018151032976317927,0.0193408268729085,0.01838720790764592
2020-12-06,0.005970423551153292,0.004782321292622349,-0.0022663300254703866,-0.005385637506074903,0.00493276231609574
2020-12-07,-0.005457528779749032,-0.006282240651466542,-0.005517653076116846,-0.005473534979489991,-0.00654238492783854
2020-12-08,-0.026275988391272875,-0.024841608709874508,-0.02490101571242076,-0.025746866756788278,-0.02581359660195337
2020-12-09,0.005837043419290477,0.009543200255874185,0.00672162443015667,0.0062020992411557785,0.010000825815455583
2020-12-10,-0.008258078829091797,-0.009166865248794287,-0.01063010508033757,-0.011663330740483757,-0.00954529996413589
2020-12-11,-0.006747604322096978,-0.008338080536961723,-0.011863750522781547,-0.013952336366359841,-0.008715958964483295
2020-12-12,0.024051469780122847,0.02246569962149869,0.016812126603646282,0.015527130968638225,0.022008366445685157
2020-12-13,0.013000848949951793,0.016422040623878864,0.013162151744588346,0.01712809856562525,0.01700404062816996
2020-12-14,0.0034654848276374217,-8.579572521794088e-05,0.0010212965654032846,0.0021002557649290043,-0.00012170746391770848
2020-12-15,0.005422266191294822,0.0037704527795161535,0.009650855273628078,0.019073075260248595,0.0038799242741547335
2020-12-16,0.07174110210451312,0.059484631284827616,0.04202074275403489,0.0282347769772191,0.0565929966375045
2020-12-17,0.04639953682778941,0.02754820464705321,0.01614801986318337,0.0006511246759546285,0.028366855629597953
2020-12-18,0.008681254107698821,0.010349028816700079,0.007492769097228402,0.0070560560274326445,0.009036852994728228
2020-12-19,0.019814208715950077,0.013651308525235883,0.007116771137264166,0.002657145597754207,0.012015934271645268
2020-12-20,-0.009958903712900202,-0.014975475757579293,-0.014136436443015987,-0.018142199381555923,-0.013090248169715046
2020-12-21,-0.02060591917589638,-0.02656620395486975,-0.01823077855596189,-0.015874318424130784,-0.022933054958970245
2020-12-22,0.026131304511171516,0.0285250027751891,0.01852361018545312,0.010464922361485884,0.028033572404768003
2020-12-23,-0.013491242167274597,-0.031146829881882887,-0.04105193235225868,-0.046984221373195356,-0.028650048644335624
2020-12-24,0.011745388345065333,0.019520068072929275,0.027228726127308978,0.028312076572024614,0.0183660237844685
2020-12-25,0.02299334571115419,0.01991788728819155,0.021343765990500474,0.019462669767839946,0.019851393837273967
2020-12-26,0.04070998877480547,0.028185390590408588,0.011622289157424914,0.0023043187856410796,0.02592564792913077
2020-12-27,-0.0019741270836709512,0.01857766418696416,0.012081049867010085,0.008645506067924691,0.015861106556687155
2020-12-28,0.015957134347150737,0.02624380351589517,0.03631378279957098,0.0385713985811349,0.026529824345131292
2020-12-29,0.006016609743423329,0.0042803005811791195,0.013856416181736275,0.017317510262163438,0.004072289912449012
2020-12-30,0.029170991335524032,0.025129708404352247,0.005730213176067922,0.001230764681191765,0.024353591369850713
2020-12-31,0.0009144812252617207,-0.004803562336588518,-0.005063774488085815,-0.0061731017813284605,-0.005128336287364088
2021-01-01,0.007752594506428956,0.002276663744258167,0.025513639079479455,0.03307090242982236,0.0018336781708816474
2021-01-02,0.05616772971244699,0.051492009849105846,0.027394577561304256,0.025238959645908388,0.0499003227792405
2021-01-03,0.013118853829865218,0.06886055380753842,0.07770017780431271,0.06460078265395452,0.06514686572214767
2021-01-04,-0.01214006568696735,0.0021878994378603522,0.02125757004678963,0.0217445592355745,0.004890528693452856
2021-01-05,0.021696154818929614,0.02103604691402583,0.005091394362578772,-0.0007861160255483446,0.018926669480834546
2021-01-06,0.028793293326970337,0.03362808099009329,0.019125462993738074,0.011128637501760963,0.030992887464734054
2021-01-07,0.026430075877799553,0.01773154471160998,0.02904502354270022,0.023399798398852978,0.016534824520691993
2021-01-08,0.012533217970953414,0.008169641426481133,0.02992284383822974,0.0322538303359825,0.005884205675365406
2021-01-09,-0.003685304417011759,0.003904344986936703,0.004562082971472314,0.009769009543991958,0.005996014024668428
2021-01-10,-0.014495396172398034,-0.009789817433168091,-0.0065379548083872585,-0.0042357055158160906,-0.010436192684202483
2021-01-11,-0.02083541715194892,-0.027623479876805135,-0.024428379824477542,-0.03343483601573849,-0.033337492529649126
2021-01-12,-0.010487905455513924,-0.00932281789604772,0.0008766249820686411,0.00938056371069429,-0.008977249909216112
2021-01-13,0.026004735248331023,0.021981897017068652,0.014411909257724176,0.013449715169724152,0.021097431082613305
2021-01-14,0.013535827247954213,0.017484421087835322,0.009028531919453409,0.009022148242628925,0.016471873096955747
2021-01-15,-0.018093858725295453,-0.015833694383651564,-0.012301144011034326,-0.009545266374701322,-0.015195852411525101
2021-01-16,-0.005731888120665718,0.00298713351755997,0.004065280703619889,0.004290090367186528,0.0024482961331606656
2021-01-17,-0.0012835390876680952,-0.00020338367578365268,0.005485971075199103,0.00669569734042863,-0.00024250825605898196
2021-01-18,0.006200454071882078,0.005857419899599092,0.0036685439199628522,0.002503370476721889,0.005595142885379989
2021-01-19,-0.005679498002817973,0.007770748902446556,0.0024224154335761305,0.0009799353197612604,0.006797346658965253
2021-01-20,-0.0032680462832377355,-0.0005228711261991981,0.0006634391309829901,0.0010829616854794999,-0.0006207299947279532
2021-01-21,-0.03577386983785735,-0.044868253180793904,-0.041956427410691055,-0.036296778695327325,-0.042361252059502696
2021-01-22,0.016831236109680736,0.021412605564760323,0.020162287355331987,0.017410369333525466,0.02015966855221274
2021-01-23,-0.006851395832006335,-0.0034326965806333876,-0.00023596310629903083,0.0009655068241016806,-0.003420534947154996
2021-01-24,0.0014470824508152624,0.017033550103100703,0.012877088660847136,0.010604597839220853,0.015520708599994215
2021-01-25,-4.5280105253953096e-05,-0.007545140310658227,-0.003843103274024706,-0.0024937268018138115,-0.00685870373607933
2021-01-26,0.0016966508735016816,0.005748992134118058,0.008647215991236967,0.008680278648804052,0.005295732865658209
2021-01-27,-0.016667490197943002,-0.021281398872512125,-0.02008236456325263,-0.01744289871901772,-0.020068110269065853
2021-01-28,0.024185222436175158,0.02169202115215274,0.01763256580360517,0.014051588145437055,0.020751120967672065
2021-01-29,0.006987586098528897,0.00860347774062653,0.006341871519193187,0.0049090304399066476,0.008123569838699884
2021-01-30,8.351880058787842e-05,-0.00010253562343121025,0.005543194488532022,0.006675554521132776,-8.947816600879399e-05
2021-01-31,-0.009147985485056576,-0.011230373536797233,-0.00755358764854297,-0.005552700185280868,-0.010609461955601418
2021-02-01,0.003420163086819361,0.00799056689180988,0.010488865597965136,0.010196266289840938,0.0074077937915524306
2021-02-02,0.01525659902720733,0.02160658351192324,0.023553207995015812,0.02159590677278378,0.020305651232527255
2021-02-03,0.018791409276184057,0.023451292289217385,0.02296178574643104,0.02037850852637102,0.02206795137603601
2021-02-04,-0.0064497939219984035,-0.009204904595989438,0.002743228131092401,0.006058304437451589,-0.008633089943163585
2021-02-05,0.012880178109114349,0.01917611088388793,0.015490303317808873,0.013449513133280577,0.016127907634089667
2021-02-06,0.008424168352383576,0.000601409449114465,-0.00753380561055883,-0.009130197287865682,-0.0003190447812640995
2021-02-07,-0.0036449449421251945,-0.008195719368476961,0.002472622069165764,0.005204008899172496,-0.006778013057213039
2021-02-08,0.07086710877090763,0.053125434324751364,0.04588868940740798,0.04116542558690739,0.05146622672856083
2021-02-09,0.00027270877351037726,0.0019554829256027695,0.000548278284443704,0.0001245626354322571,0.001804709867870402
2021-02-10,-0.011885895674006552,-0.010611192662036029,0.010018692792408412,0.01487062990659549,-0.010303312177822765
2021-02-11,0.0235822794179239,0.020039698899205538,0.01273598252505348,0.010124980253387372,0.01950805825566926
2021-02-12,-0.00496864342144232,0.0015537036583945785,0.0012341459136251398,0.0010066580450749374,0.0011690321474919774
2021-02-13,-0.0018119254986391775,-0.0029345283501696073,-0.007393999852657318,-0.008101907514259321,-0.0027341499732627117
2021-02-14,0.011963563946173705,0.005728646848095487,0.002746904633462499,0.0018515802444309948,0.005766824474443988
2021-02-15,-0.00553450971263747,-0.005174792403946915,-0.001370056475093584,-0.000281798121835819,-0.005620010981629786
2021-02-16,0.010203779682887326,0.006286132068741956,-0.0032772744416735833,-0.0055629145919080525,0.006281386161106184
2021-02-17,0.0246765319651836,0.020741887963634076,0.011350097563679107,0.00818809609545501,0.021973229917898296
2021-02-18,-0.004573377202754192,0.005144795595266816,0.012611259804457875,0.013767448036599239,0.006949075870885446
2021-02-19,0.03526866641021531,0.022176110233877777,0.042430043285160535,0.04647737030806054,0.022204617666226056
2021-02-20,-0.0005071651661243681,-0.0050305534768771976,-0.013005203896355177,-0.02390207824227253,-0.004686004169404012
2021-02-21,0.012271623185582392,0.00967234497126146,0.012985660020171874,0.020039137031369947,0.00943047223077964
2021-02-22,-0.025685406667841915,-0.03276053796388234,0.006543366015415497,0.030034737689617508,-0.031483940606047645
2021-02-23,-0.0447152125644702,-0.05154137552985716,-0.018402827797893928,-0.01677844048098809,-0.04926533128302968
2021-02-24,0.0054168718209903766,0.008318254489239507,0.019301617437261998,0.019512239836221745,0.00804325041817422
2021-02-25,-0.017856972556037354,-0.026244432932644668,-0.026856252459800944,-0.03920443982208355,-0.025419409612614352
2021-02-26,-0.005567104693087299,-0.007488425175526503,-0.005109423917808331,-0.006005442362617575,-0.007272735054793422
2021-02-27,-0.001197411445159613,0.0010502317676515105,-0.0012909155372740067,-0.002625971298596097,0.0009204262215625203
2021-02-28,-0.00682823669114796,-0.008399217039860463,-0.00513461570681617,-0.005366534231512454,-0.008185767176905334
2021-03-01,0.031525468621159014,0.03535276792789843,0.027733395803363647,0.034227701689790946,0.03458906556870289
2021-03-02,-0.007870756955594582,-0.01413454216740051,-0.011460792441350787,-0.015720560297234232,-0.013600075461379757
2021-03-03,0.013208754691405922,0.016845735258026906,0.009945599506435032,0.010146477318529579,0.016395733239864096
2021-03-04,-0.013491162808600188,-0.010493398792281061,-0.010615883297042883,-0.013634860894381373,-0.010480341087775513
2021-03-05,0.002614416192617375,3.771220323600666e-05,-0.0015925250332802232,-0.004040614443224899,0.00016607411415625606
2021-03-06,0.0009010793208792389,0.015312482812017914,0.008982705044515704,0.012486115961636957,0.014348332675094388
2021-03-07,0.014685454756064642,0.016522484129787962,0.012562015693601492,0.015148183178801844,0.016161694749524003
2021-03-08,0.01127089262641534,0.01752701796018763,0.00853892101269893,0.008047189232525787,0.01686476079811383
2021-03-09,0.019927871898118843,0.012963763228150738,0.01307124723393005,0.016606278913434913,0.012962347188367529
2021-03-10,0.007530097101302813,-0.005330317584089861,-0.0038718085021192117,-0.007806756449043051,-0.004673151585881441
2021-03-11,0.01485018504745006,0.01009106415428107,0.013317392827926211,0.019402138318886486,0.010068075952900601
2021-03-12,-0.0041992524652385566,-0.008656046059440814,-0.009910302181490582,-0.0157246862293684,-0.008275119600109182
2021-03-13,0.030333836670917158,0.03147170730742155,0.02099725655052853,0.02306469717664772,0.030722880745329473
2021-03-14,-0.016477523295871488,-0.015607960659852593,-0.01238945068794417,-0.014934072674884002,-0.015308290883498388
2021-03-15,-0.025379326497897314,-0.017478890705935113,-0.01239314700888039,-0.011973974052978509,-0.017433357781996395
2021-03-16,0.011225007367341,0.006926575467602225,0.0019613375085842932,-0.0007539658422435203,0.005823352061295806
2021-03-17,0.017323128018492007,0.010807627747448034,0.009945941218739929,0.009229330333683894,0.012662503027013106
2021-03-18,-0.010703288365843555,-0.010778068963594345,-0.0069820011913307445,-0.005376377891634365,-0.010527185536169492
2021-03-19,0.0032663157502217377,0.0054237496522202555,0.00345501954844063,0.00247290813310852,0.005206314819415692
2021-03-20,0.0006161794264658571,-3.0181552555519353e-05,6.697838349123408e-05,0.00011657608189286073,-2.1375721731553554e-06
2021-03-21,-0.006396753333012817,-0.005855686992265463,-0.0011145746080898356,-0.0017935885632773818,-0.005743283645945341
2021-03-22,-0.028027983865700268,-0.025798247367747607,-0.013078211748295598,-0.013338231641023768,-0.025293008714709964
2021-03-23,-0.0006389284981352938,-0.00036868521453914394,-0.005198812483399706,-0.007728010905883043,-0.00024844022824865863
2021-03-24,-0.02353322784017864,-0.01917211027601695,-0.016521325110519625,-0.02023866567724153,-0.018662483069612934
2021-03-25,-0.007759778074149515,-0.004106296375973595,-0.007045449748809607,-0.009717588424462464,-0.0042158389936803875
2021-03-26,0.028491899086993566,0.030560686152465877,0.03311552504308879,0.04282606712550163,0.029949420778241587
2021-03-27,0.0054006049598136485,0.0051005701095092615,0.015768209038903302,0.02253233804692667,0.005056886139394257
2021-03-28,-0.0003494343421100998,-0.0031459074799053965,0.012165886602216291,0.015788401861766,-0.0029530336091323495
2021-03-29,0.01643685213378432,0.024997814902822935,0.018904141605760483,0.02355125830481719,0.024023729907505897
2021-03-30,0.010610495737888082,0.008251150391378026,0.005070516000182934,0.005895500151979816,0.008110209693437787
2021-03-31,-5.734101963184024e-05,0.0114486081586882,0.0075019169682895015,0.009275988733867147,0.010690304657419603
2021-04-01,-0.0001915604701189233,0.006913689276308865,0.0022546843222190915,0.0015913454031881713,0.006454721638537109
2021-04-02,0.00218721844382741,0.024350980670476252,0.016543592814380226,0.022051551610089204,0.023093978683330407
2021-04-03,-0.01804431461056666,-0.026858761392218544,-0.003635415046110979,0.01029918967576604,-0.02600458906213532
2021-04-04,0.011813527844023453,0.015481158903033032,0.014306415710374942,0.02200954561684121,0.014982503755192056
2021-04-05,0.00981262027665375,0.009126385202659515,0.0018675138663077906,-0.0021095747633393946,0.008939609249169145
2021-04-06,-0.011925272050983371,-0.004987976639383218,0.005646900159232748,0.016757464253005505,-0.005153682402649462
2021-04-07,-0.02131517799246696,-0.031077220570859154,-0.011125811794903795,-0.011463953747168132,-0.029966239281585705
2021-04-08,0.02316058143868549,0.027916480136818356,0.01722732969800056,0.019221790534255767,0.027042252135478284
2021-04-09,0.000746374520711024,-0.0015904621654208029,0.0020649650038486733,0.003443512395681525,-0.0014606263638573536
2021-04-10,0.018657949476321933,0.018963835387712402,0.006535777844014046,0.0066785469120924645,0.017156429086416347
2021-04-11,0.002627073204757968,0.003829245514615165,0.006415367031644914,0.009613969243253528,0.0034998497460128064
2021-04-12,-0.0015996297881237798,-0.0027100610512432732,0.0014394761879605866,0.0027177805387745835,-0.0024867073183966193
2021-04-13,0.04178997326934364,0.04386722855211511,0.01858527677351196,0.022234581329858782,0.039697667197156505
2021-04-14,-0.0066456886518654334,0.01428572353286639,0.0033778082110140772,0.002814091307796751,0.01367539828921105
2021-04-15,0.002178888373790322,0.01174758962104816,0.011954815514160222,0.02021337983091498,0.011419652127729663
2021-04-16,-0.019796543675712153,-0.021673664647371416,-0.02177716187886114,-0.03467881004219531,-0.021258281681976632
2021-04-17,-0.014696411316889368,-0.021218998326167804,-0.01419521680265079,-0.018608332333487687,-0.020606577218990063
2021-04-18,-0.046089674284649496,-0.03786014386119296,0.00023852146767922022,0.012872869372515083,-0.04000182536902752
2021-04-19,-0.0037201251100659194,-0.007744261455335466,-0.008767199824033733,-0.00871690945261061,-0.009308759357805951
2021-04-20,0.0057206222116859,0.016313245422407308,0.013479768708104078,0.012478742361470285,0.01991699196716845
2021-04-21,-0.018944736489011516,-0.006032113099684655,-0.0033172829216134847,-0.0011172773472746256,-0.006731015083642822
2021-04-22,-0.015351616618290431,-0.005174189322447176,0.011720384400138562,0.020751408426550322,-0.0034565806595900916
2021-04-23,-0.004207471249640382,-0.0038104828717356876,-0.006432465566208023,-0.008297423453128117,-0.006889540041730147
2021-04-24,-0.011371947542462069,-0.01618993915053457,-0.011676786177053922,-0.010471343662328159,-0.01755252742032365
2021-04-25,-0.008320656443469687,0.0012361509645493207,0.006133533667767921,0.012512481308411205,0.0046963471990209005
2021-04-26,0.022154481579857777,0.018411574526207453,0.008791676395058623,0.005002416570309087,0.026148409083544433
2021-04-27,0.0064322031254679946,0.009762101699249959,0.004022869293305975,0.0034521591223128922,0.012863809991330966
2021-04-28,-0.0010482335704881107,0.003500211612833981,0.003182910675908479,0.004868715349770181,0.005656689183716868
2021-04-29,-0.008174482195833166,-0.003567228202397521,-0.0025740255929789235,-0.005377483289550233,-0.002860661671730047
2021-04-30,0.027614996574530926,0.013608035653191353,0.009798462102448946,0.00832063339228517,0.013409890912033262
2021-05-01,0.0008185836474436936,0.008691151868408742,0.011597179754871956,0.02929673083289197,0.012999734830359655
2021-05-02,-0.010831158116969886,-0.004534149323071945,-0.005216480461813444,-0.011318775853681906,-0.005093315218590466
2021-05-03,0.005729676905903647,0.03616403904155363,0.021524130297208455,0.021239164276189326,0.037601923703530105
2021-05-04,-0.03603478936091109,-0.025962018985126623,-0.023001786364456933,-0.031872864268278955,-0.03118127434650475
2021-05-05,0.032878055393276595,0.03194262260044467,0.02762273742055199,0.03275689731208109,0.03874210273626222
2021-05-06,-0.009961190228618633,-0.005931047670014178,-0.0058403892633706045,-0.008853528522127951,-0.006696597804165427
2021-05-07,0.008132171433885782,0.002404478807820798,0.00038925987186488875,0.0016586112572472,0.0021684310224305836
2021-05-08,0.016161212957004567,0.028504212626639713,0.027539180120337958,0.03451353115571498,0.037040549727584304
2021-05-09,-0.006385210981747824,-0.0025178212101465425,-0.003800662095977403,-0.006346968113557394,-0.002392060010352748
2021-05-10,-0.025082844120687953,-0.011309339425189413,-0.009410076775961729,-0.011724680479863303,-0.011055086338701448
2021-05-11,0.007054038646203464,0.014181071689997715,0.011965367235308166,0.019727264314173043,0.015926400077936664
2021-05-12,-0.06015805412823472,-0.04151832479217121,-0.032510516752105145,-0.037966981676499034,-0.04788443398351894
2021-05-13,-7.973369001867958e-05,-0.0019660444896497653,-0.0033844006976214702,-0.005883002176066188,-0.0059718567956150714
2021-05-14,0.0006895789165917154,0.00667787051201385,0.0056461813692285645,0.008310332975236312,0.019489716943472235
2021-05-15,-0.00952083452938457,-0.013741619532315896,-0.008621159642865805,-0.009556234396328689,-0.023972823181636405
2021-05-16,-0.0010100490295845699,-0.0018299804028160116,0.0012111550916398262,0.003300644763919891,-0.0034480891688285498
2021-05-17,-0.0030118923771006445,-0.0068907785900242935,-0.00757692570504831,-0.008593641616777115,-0.014602608452230714
2021-05-18,-0.0006959754122941586,0.0034062042029177064,0.0068986936786208375,0.0037566037586582723,0.003751497035381801
2021-05-19,-0.003732921480215534,-0.003487310378567754,-0.01483814885967627,-0.01397816877555158,-0.043206637387243174
2021-05-20,0.0,0.0,0.0,0.0,0.015214730285686207
2021-05-21,0.0,0.0,0.0,0.0,-0.01534762898078701
2021-05-22,0.0,0.0,0.0,0.0,-0.00783852605358537
2021-05-23,0.0,0.0,0.0,0.0,-0.0043712939931602746
2021-05-24,0.0,0.0,0.0,0.0,0.012211426571493433
2021-05-25,0.0,0.0,0.0,0.0,0.0012386666965895632
2021-05-26,0.0,0.0,0.0,0.0,0.003925085763675451
2021-05-27,0.0,0.0,0.0,0.0,-0.0031027022887871736
2021-05-28,0.0,0.0,0.0,0.0,-0.007199797356201243
2021-05-29,0.0,0.0,0.0,0.0,-0.0029295371574026285
2021-05-30,0.0,0.0,0.0,0.0,0.0023626771350402365
2021-05-31,0.0,0.0,0.0,0.0,0.007037255541655796
2021-06-01,0.0,0.0,0.0,0.0,-0.0015623158619320066
2021-06-02,0.0,0.0,0.0,0.0,0.0015662907333329201
2021-06-03,0.0,0.0,0.0,0.0,0.003296398492965258
2021-06-04,0.0,0.0,0.0,0.0,-0.0036490840774789923
2021-06-05,0.0,0.0,0.0,0.0,-0.0013489094923695433
2021-06-06,0.0,0.0,0.0,0.0,0.0018406941658735132
2021-06-07,0.0,0.0,0.0,0.0,-0.00521994447284313
2021-06-08,0.0,0.0,0.0,0.0,-0.0034962781757121864
2021-06-09,0.0,0.0,0.0,0.0,0.004258485148965319
2021-06-10,0.0,0.0,0.0,0.0,-0.005729004763460388
2021-06-11,0.0,0.0,0.0,0.0,-0.0037849789471788853
2021-06-12,0.0,0.0,0.0,0.0,0.0003146460980483212
2021-06-13,0.0,0.0,0.0,0.0,0.0026056835824270763
2021-06-14,0.0,0.0,0.0,0.0,0.0013396799742788623
2021-06-15,0.0,0.0,0.0,0.0,-0.0015097580893085327
2021-06-16,0.0,0.0,0.0,0.0,-0.005234972945398653
2021-06-17,0.0,0.0,0.0,0.0,0.0001010951380975289
2021-06-18,0.0,0.0,0.0,0.0,-0.0026103914401127692
2021-06-19,0.0,0.0,0.0,0.0,-0.0013053211413035504
2021-06-20,0.0,0.0,0.0,0.0,0.0014836321787468076
2021-06-21,0.0,0.0,0.0,0.0,-0.006729997992778403
2021-06-22,0.0,0.0,0.0,0.0,-0.00038643771374846647
2021-06-23,0.0,0.0,0.0,0.0,0.0
2021-06-24,0.0,0.0,0.0,0.0,0.0
2021-06-25,0.0,0.0,0.0,0.0,0.0
2021-06-26,0.0,0.0,0.0,0.0,0.0
2021-06-27,0.0,0.0,0.0,0.0,0.0
2021-06-28,0.0,0.0,0.0,0.0,0.0
2021-06-29,0.0,0.0,0.0,0.0,0.0
2021-06-30,0.0,0.0,0.0,0.0,0.0
2021-07-01,0.0,0.0,0.0,0.0,0.0
2021-07-02,0.0,0.0,0.0,0.0,0.0
2021-07-03,0.0,0.0,0.0,0.0,0.0
2021-07-04,0.0,0.0,0.0,0.0,0.0
2021-07-05,0.0,0.0,0.0,0.0,0.0
2021-07-06,0.0,0.0,0.0,0.0,0.0
2021-07-07,0.0,0.0,0.0,0.0,-0.0016430481603603164
2021-07-08,0.0,0.0,0.0,0.0,-0.004698104930661806
2021-07-09,0.0,0.0,0.0,0.0,0.0007227518222601148
2021-07-10,0.0,0.0,0.0,0.0,-0.000855086197157795
2021-07-11,0.0,0.0,0.0,0.0,0.0007016292986365968
2021-07-12,0.0,0.0,0.0,0.0,-0.002564947056335365
2021-07-13,0.0,0.0,0.0,0.0,-0.0012339560667294913
2021-07-14,0.0,0.0,0.0,0.0,0.0
2021-07-15,0.0,0.0,0.0,0.0,0.0
2021-07-16,0.0,0.0,0.0,0.0,0.0
2021-07-17,0.0,0.0,0.0,0.0,0.0
2021-07-18,0.0,0.0,0.0,0.0,0.0
2021-07-19,0.0,0.0,0.0,0.0,0.0
2021-07-20,0.0,0.0,0.0,0.0,0.0
2021-07-21,0.0,0.0,0.0,0.0,0.0
2021-07-22,0.0,0.0,0.0,0.0,0.0
2021-07-23,0.0,0.0,0.0,0.0,0.0
2021-07-24,0.0,0.0,0.0,0.0,0.0
2021-07-25,0.0,0.0,0.0,0.0,0.0
2021-07-26,0.0,0.0,0.0,0.0,-0.003660361629298503
2021-07-27,0.0,0.0,0.0,0.0,0.0021484837318463956
2021-07-28,-0.0044975371403336295,0.0,0.0,0.0,4.23311508235269e-05
2021-07-29,0.0,0.0,0.0,0.0,0.0024623078177008484
2021-07-30,0.0,0.0,0.0,0.0,0.0023625253802319612
2021-07-31,-0.0017595107327911252,0.0,0.0,0.0,0.0020686487937153775
2021-08-01,-0.0036213303659923257,0.0,0.0,0.0,-0.001679257694763181
2021-08-02,-8.959343685954746e-05,0.0,0.0,0.0,0.003871210204374087
2021-08-03,0.0,0.0,0.0,0.0,-0.008358465636563284
2021-08-04,0.0,0.0,0.0,0.0,0.012407752816073092
2021-08-05,-0.0008645528323731888,-0.00043218019679358566,0.0,0.0,0.008124930125151142
2021-08-06,0.005571357079314998,0.002786129664674286,0.0,0.0,0.008145999176022212
2021-08-07,0.004870548977152556,0.007082556813241769,0.0,0.0,0.024560122843199084
2021-08-08,-0.0021730770426393597,-0.0036604360394776325,0.0,0.0,-0.012996427536981159
2021-08-09,0.008815496430338188,0.007969891052961309,0.00013529398092138045,-0.0007061685787911332,0.016489168753698324
2021-08-10,-0.0073275908213351615,-0.004318749681458733,0.001745945907134283,0.0044928055250597065,-0.004744535306166364
2021-08-11,-0.00081094156072814,0.0007268126389168295,0.002758223117248937,0.00435112550279082,0.0011571577711442238
2021-08-12,-0.009897018041968408,-0.009351932474488067,-0.008093690473640947,-0.010006393353612308,-0.013653149588065405
2021-08-13,0.029942128507166155,0.027966055496554176,0.021547190290077012,0.03079549940351156,0.037595057083857686
2021-08-14,-0.008297694544530443,-0.00793003709323159,-0.006910050308239102,-0.00875463975153079,-0.008800621728713987
2021-08-15,-0.0007553967750189017,0.0022797477314511205,0.02357100990323535,0.04002968653170136,0.0029401701453926066
2021-08-16,-0.013430228405012956,-0.016425453271396995,0.00872168464853118,0.020585022430647193,-0.018814677591144524
2021-08-17,-0.015298741780489289,-0.015793681390820158,-0.00033603454820940737,0.0014246995584956679,-0.017874026780591024
2021-08-18,-0.006156836098153318,-0.005809911938534196,0.01184350510376353,0.012470343483610424,-0.0028488390027647803
2021-08-19,0.015223412728334385,0.017756080002552244,0.008650962336565149,0.01205827347845334,0.02156859349225604
2021-08-20,0.03374284930794258,0.024611560195775706,0.023269847431353075,0.0342647059061818,0.02490789910891711
2021-08-21,-0.006378321140978804,-0.007847988633528646,-0.010726839783438913,-0.01910586924323765,-0.008025904949691243
2021-08-22,0.005351738639843839,0.0038042459541181017,0.0013876037193401025,-8.407841507618308e-05,0.0038458272786985326
2021-08-23,0.003184001190337238,0.007928427708046026,0.008588969611371677,0.014316722944704763,0.008174289237055765
2021-08-24,-0.023074600469362605,-0.022926974961587465,-0.02120052401474304,-0.031181985408566204,-0.023356231501151847
2021-08-25,0.01887357005079293,0.012820121312278276,0.01028946437480771,0.013466373539015253,0.0129859091323683
2021-08-26,-0.030314089790107523,-0.0239027309477724,-0.012746947777283357,-0.009756610615516914,-0.02429102779401382
2021-08-27,0.03311433684265741,0.028758537301039944,0.034278682750957135,0.05807106910590276,0.029309592835166765
2021-08-28,-0.0025178764130877607,-0.0033166805919567777,0.007019316056538383,0.019248173225917986,-0.00340130011271611
2021-08-29,-0.0018441138907824284,-0.002167227776512348,-0.003798140142270645,-0.006953251677175198,-0.0024811432519762366
2021-08-30,-0.0258600773055625,-0.012855052059365102,0.010601350076290927,0.033321943850607605,-0.012933053792830718
2021-08-31,0.00035382022628915877,0.018090500144076538,0.008202682592604482,0.008313005459003264,0.01691276058143254
2021-09-01,0.017892779261289515,0.03157458752128628,0.024764808781835734,0.028595232671882354,0.032263408380127645
2021-09-02,0.004254120511882897,6.211643619735696e-05,0.009408320850210927,0.020576989896066378,6.211796495048105e-05
2021-09-03,0.0074836511506792824,0.01124344140419331,0.016721926014303,0.028888318453923034,0.011243718100290234
2021-09-04,-0.000683722574276735,-0.0029960317528237024,-0.005729770451798122,-0.010647271706962114,-0.0029961046640406552
2021-09-05,0.015086930276738464,0.012040249164816164,0.009134084295898015,0.010822661163141456,0.012040543055997555
2021-09-06,0.007321568155584268,0.003148325685230935,0.012985066215341678,0.026800785997695975,0.0031484016186265062
2021-09-07,-0.04716743901936571,-0.05217269069266761,-0.028221680960527906,-0.025143273311817427,-0.052170894655708344
2021-09-08,-0.005081148790317513,-0.0006285140179864701,0.0033869416022547227,0.007598361629152173,5.843533640303988e-06
2021-09-09,0.0028769378185349304,-0.0008928987019553025,-0.0020641178937964577,-0.0030323728174548314,-0.002390835157397908
2021-09-10,-0.009943386451446656,-0.01225173231842247,-0.01022461770584826,-0.011710591522103075,-0.016339925078910245
2021-09-11,0.001564077326754898,0.002718056868374452,0.001324040873679433,0.0011065307067437136,0.003884952387396501
2021-09-12,0.003751132118389622,0.006405597866945056,0.002407007702967423,0.0012426393240001499,0.009126491890516064
2021-09-13,-0.009933706952167332,-0.008875367264861933,-0.006187906756482953,-0.005272016180060346,-0.01120765802334589
2021-09-14,0.013960040110931216,0.011916551899008532,0.004743006070474731,0.0032597992950353927,0.014883170713199778
2021-09-15,0.007266209018236269,0.010150630200029598,0.008322392231400189,0.007965060519123268,0.013634827180315279
2021-09-16,-0.0033637557020276265,-0.0030875648376343934,-0.0038342879863949575,-0.007313694511691393,-0.003950069484878194
2021-09-17,-0.0038524403977420185,-0.007313398028179763,-0.007390336594521152,-0.009895253274666338,-0.010537853199573677
2021-09-18,0.008768818646237797,0.005384178093216896,0.00851583521314625,0.019964664857923253,0.0060783934817649765
2021-09-19,-0.009116838337213884,-0.007921174980352719,-0.009704546183739615,-0.018064998668085863,-0.009987748758404247
2021-09-20,-0.022426682756946592,-0.023453186513544888,-0.019229099259199467,-0.028402949002439448,-0.030347439588998215
2021-09-21,-0.007553714817538748,-0.008874815185213825,-0.007842771776017776,-0.009844281518054943,-0.016087723657081776
2021-09-22,0.007022711010268079,0.0093943769648277,0.01333959712033228,0.01541706124508968,0.015112500096153836
2021-09-23,0.005530976512539976,0.003554943654220599,0.003220677428660057,0.002997347322275301,0.0049356514432365994
2021-09-24,-0.010690456654287028,-0.006742302585961091,-0.008139997266320198,-0.008581991648625387,-0.012351484018650827
2021-09-25,-0.0004463211903720232,-0.00036355273206956085,-0.0009458387968086512,-0.001388988358384191,-0.00032255983069318095
2021-09-26,0.0015644331556390334,0.0026040940494242992,0.002485596475312324,0.0017436216975228458,0.0045361356298365685
2021-09-27,-0.0032292140609679887,-0.0036125062574621225,-0.0030657854843111343,-0.002220391926203047,-0.0048443917746864296
2021-09-28,-0.0029628497397439224,-0.003234178449377567,-0.004088466559812209,-0.004063286533969035,-0.004567252329065519
2021-09-29,-0.002542476663906057,-0.0010856103271044137,-0.00016650337852330832,-0.00020155887010286921,0.0003061697802537733
2021-09-30,0.002860068855405462,0.0028830307652361054,0.0,0.0,0.00740208388339858
2021-10-01,0.008075147601341426,0.0086462038784767,0.0026591020182571423,0.007803184302964228,0.01560466160700047
2021-10-02,-0.002880263728822774,0.0010224521961332833,0.0006825788323605586,0.005537471223060475,0.0008478636487343483
2021-10-03,0.0035151378362709984,0.002550382842513965,0.0022523710835775645,0.004211160545182002,0.002491132737508117
2021-10-04,0.00923149238242904,0.0036654356186969217,-0.0005731468463300304,-0.0023334240778382087,0.003179077427932997
2021-10-05,0.0187264858824725,0.01319111542102025,0.006173141750306588,0.006296531320522769,0.015159249377087125
2021-10-06,0.031438185224433646,0.01727963924591358,0.005093774458881484,0.002581592620087836,0.018138619999742644
2021-10-07,-0.012133098602842507,-0.005655554397343332,-0.002477856960854008,-0.0022726496702456522,-0.0054517288217129645
2021-10-08,0.0013344474102392478,-8.577010295363063e-05,0.0012461927636515657,0.002296417339638035,-0.00044768060269884113
2021-10-09,0.00800427272397286,0.004321590185103696,0.0014809081448075023,0.0010097351263524956,0.004482814998118423
2021-10-10,-0.002312478447894839,-0.008387035626943318,-0.00679314026050426,-0.010248093522439161,-0.008409526242368348
2021-10-11,0.02242216848548284,0.016983644527839514,0.007101693477495008,0.006082471334574402,0.017010854173755696
2021-10-12,-0.010026661281550497,-0.008027789436776622,-0.0014506490187689014,0.002823637855006389,-0.008033789802742719
2021-10-13,0.00929156363439887,0.010601517009789285,0.00364253665833858,0.0017737499026564407,0.010640208328450917
2021-10-14,-0.0001280714427345231,0.008043607604016456,0.004391415655950581,0.006769893648808978,0.008130532100742105
2021-10-15,0.029061559976786056,0.020207607754782586,0.013737544276718694,0.022059587735207442,0.02018951205111108
2021-10-16,-0.005203795859194726,-0.004709744537062521,-0.003984574706621391,-0.007492938250945769,-0.0047177860407823236
2021-10-17,0.004285120988156699,0.0032241194489410763,0.0023405694785534337,0.003951007815153451,0.0032238442689309643
2021-10-18,0.003147442735475181,-0.002558532245306666,-0.0021189096757290304,-0.004515867689027564,-0.0026110701450390295
2021-10-19,0.014796434596987762,0.014376792801674254,0.006468797251167224,0.006440911581546693,0.014410239742006503
2021-10-20,0.011049541775366878,0.016669057778616603,0.015324573624048599,0.029320034111866455,0.016804559483442283
2021-10-21,-0.021901049205296452,-0.015496737468511879,-0.00487413695935468,0.002489143321415588,-0.015542769057960593
2021-10-22,-0.008402551359457888,-0.007839848035029351,-0.0025974911892137076,0.00030257414821366346,-0.00787570285283501
2021-10-23,0.003571441174319512,0.01012658918054088,0.005463218725222596,0.007310443850491177,0.01021501248411627
2021-10-24,-0.002807719263116737,-0.004869111627964662,-0.0011620913706564817,0.0008543781714498433,-0.00490672975373585
2021-10-25,0.014427444449366611,0.012420234085082527,0.009078184687453916,0.013858524775641978,0.01248158892692719
2021-10-26,-0.017565558950737636,-0.01171013120433706,-0.009638500419714924,-0.015266714273402315,-0.011748005311207343
2021-10-27,-0.012453261844281749,-0.01455028026116123,-0.012316417259767842,-0.02048792939127264,-0.01464350052446528
2021-10-28,0.014237012112122027,0.02218747100309404,0.014713240929667526,0.01984612776780037,0.022354397394461767
2021-10-29,0.010891274197851741,0.010507725177922422,0.007196081446763758,0.009234658094094739,0.010565508407958335
2021-10-30,-0.0025333657897343986,-0.005167555105874966,-0.004033225482687142,-0.005849546310402243,-0.005209137873016134
2021-10-31,-0.004550573070809416,-0.0031129700315900566,0.0003256875911323842,0.002097409499204117,-0.0031282012534383785
2021-11-01,-0.002464476335657828,0.00023307128406147015,0.0003697219088698578,0.0009680988629068299,0.00024751795645938657
2021-11-02,0.014675546275023654,0.01812668466624756,0.014635968561219848,0.020707210544629984,0.01824440426675622
2021-11-03,-0.002026531832855616,-0.00036372782768290257,0.006367537511267729,0.012661180649965242,-0.0003576624980754506
2021-11-04,-0.009424609924176375,-0.0072300457322989065,-0.0029434405065350555,-0.00216615154805333,-0.007258988409843847
2021-11-05,-0.002901485134070292,-0.0037436049412541417,-0.005196326119894179,-0.008415706716838556,-0.003768299329141689
2021-11-06,0.0033903724056516538,0.00337467717942852,0.008446533286398328,0.014738490834913076,0.003393269462249826
2021-11-07,0.01262060862539971,0.00913731070098156,0.002446146598787058,0.0003937454560298814,0.009176664435996074
2021-11-08,0.030567094876983614,0.020206854746398717,0.010858099897686158,0.011051418321584405,0.02028616461189192
2021-11-09,-0.0026883172400634647,-0.004687144247383812,-0.0051402779453556535,-0.007897839855377065,-0.004717892865871431
2021-11-10,-0.011870199366362577,-0.010018183584162066,-0.007348621718912818,-0.009277261606240428,-0.010059285499116832
2021-11-11,-0.0006291908823948811,0.0034134282957123396,0.0016570531185098325,0.002194429618527005,0.003451840723627031
2021-11-12,-0.004362666257725523,-0.004040688869762277,-0.0036239925780136018,-0.00515847401893943,-0.004062550870215453
2021-11-13,0.0017443594791852757,-0.0001431812816402589,0.0038986945035028864,0.007337894313392601,-0.000152430402323267
2021-11-14,0.007694998937636699,0.002495570630853816,0.0007854526098332038,-0.00019492295152434558,0.002486879418127197
2021-11-15,-0.012819977421396511,-0.007989423403224283,-0.004703865253078643,-0.004971791287488703,-0.008014147710926345
2021-11-16,-0.022971440439832236,-0.02480255982177626,-0.01882753897568734,-0.02548595956745725,-0.024950982802084076
2021-11-17,0.001581406334834723,0.004156391045567531,0.0020422443631149534,0.0024037404762335957,0.0041910431895269
2021-11-18,-0.01906422732471469,-0.022378198066724697,-0.01915038684153636,-0.0270984033376368,-0.022504889964604757
2021-11-19,0.006531917111031849,0.016365452183001006,0.01435313823939155,0.021795440431254143,0.016501713254689854
2021-11-20,0.009255329994444006,0.009856171578716433,0.006048549726006325,0.007216322828799138,0.009907434833878792
2021-11-21,-0.006013784192544835,-0.009646151621447885,-0.0011529990006541313,0.0017147630444107609,-0.009712830554906238
2021-11-22,-0.013236586610669843,-0.014305037178231061,-0.01215964835579375,-0.016997593635002084,-0.014380546652089099
2021-11-23,0.007309591267781856,0.014810220840433042,0.009331019469572599,0.012341234637223808,0.014925273977158371
2021-11-24,-0.0022596914126863377,-0.004167336441469938,-0.006947369651483459,-0.011766498411254211,-0.004198191387280503
2021-11-25,0.010240311844865957,0.016153804792971238,0.009733500879574919,0.012197000062223573,0.01640751110663774
2021-11-26,-0.03040804080128734,-0.03125825248494485,-0.024281920216208563,-0.03471401905925264,-0.03717464951325222
2021-11-27,0.003880088780074953,0.002877578590708474,0.0030300906251627957,0.0024932549316396546,0.003499223863661527
2021-11-28,0.005707233319875993,0.006304094091497792,0.011174712885000382,0.008916091841871143,0.0088735868959402
2021-11-29,0.002266633620903402,0.003323133443501325,0.004955242797187509,0.003494751160850962,0.005177955724784411
2021-11-30,-0.0038862837086147684,0.0019445699783253723,0.0035749662224804357,0.0018364541773585596,0.007151161379175486
2021-12-01,0.0011033518835119605,-0.00045978311940175765,0.005861812886285733,0.005193050443378366,-0.0016069056329028886
2021-12-02,-0.0033215110898158207,-0.00227611845445419,-0.001550106360722947,-0.001112366634913875,-0.004004876095337506
2021-12-03,-0.013635151421097502,-0.013056999263588831,-0.01758701072279034,-0.013932888167409563,-0.02026971555268553
2021-12-04,-0.015325615612523547,-0.009241063792086002,-0.02259661436664817,-0.014272400481564307,-0.014057200920957635
2021-12-05,0.0002328703211269545,0.0006937873854102605,0.0001510127395631944,-7.29017809592003e-05,0.002525106588182391
2021-12-06,0.0009982374780614922,0.002126644340152639,0.0007154517934826465,0.0013703942045828477,0.008129954303370823
2021-12-07,0.00025447042048365454,1.858179183122921e-05,-0.00025020644504125666,-0.001313702044435594,-0.00218820657869101
2021-12-08,-0.0018656973205695149,0.00042212175525713214,0.0006131310554984282,0.0026606896417327164,0.005785774026181301
2021-12-09,-0.002713643802180532,-0.005524645448644505,-0.0026862638641915737,-0.008249040824777065,-0.02289105708790573
2021-12-10,-0.00037672691781232004,-0.0014980729765139422,-0.0014777401961575398,-0.006157785139502048,-0.012680413514352451
2021-12-11,0.0020929458947391844,0.003992378613271397,0.0015954696842206406,0.0042089826878803915,0.009491910784868773
2021-12-12,0.0006164287166496862,0.0011023375033796246,0.0003807624398006748,0.0008505937649398998,0.00287237935260376
2021-12-13,-0.00310956679922203,-0.006199756611042551,-0.003075378357470293,-0.009710784375855375,-0.020264295555670775
2021-12-14,-4.4856654124791895e-05,-0.0002926477606784994,-0.00037810915826108626,-0.001690378490282085,0.0018430212994264838
2021-12-15,0.0,0.0,0.0,0.0,0.00396171457170591
2021-12-16,0.0,0.0,0.0,0.0,-0.001502858256690387
2021-12-17,0.0,0.0,0.0,0.0,-0.0020413054382257823
2021-12-18,0.0,0.0,0.0,0.0,0.0020905017531831493
2021-12-19,0.0,0.0,0.0,0.0,-0.0008834809450595227
2021-12-20,0.0,0.0,0.0,0.0,0.0005087163498012082
2021-12-21,0.0,0.0,0.0,0.0,0.001714285224606149
2021-12-22,0.0,0.0,0.0,0.0,-0.0008539500903044228
2021-12-23,0.0007582130462444603,0.0,0.0,0.0,0.001688734407959691
2021-12-24,-1.95559214031249e-05,0.0,0.0,0.0,-0.0016892418179584867
2021-12-25,-0.0004370173715083636,0.0,0.0,0.0,0.0012608162326739336
2021-12-26,0.00039091223224363425,0.0,0.0,0.0,-0.0008123803919517503
2021-12-27,-7.699156390716944e-05,0.0,0.0,0.0,-0.0006845975901822454
2021-12-28,-0.003283389340867471,0.0,0.0,0.0,-0.006360998052753919
2021-12-29,-4.959902771095592e-05,0.0,0.0,0.0,-0.004256640633038433
2021-12-30,0.0,0.0,0.0,0.0,0.00040557183158518306
2021-12-31,0.0,0.0,0.0,0.0,-0.00020006580529052798
2022-01-01,0.0,0.0,0.0,0.0,0.0005409035271497498
2022-01-02,0.0,0.0,0.0,0.0,0.0003797171072490446
2022-01-03,0.0,0.0,0.0,0.0,-0.0003774551617850008
2022-01-04,0.0,0.0,0.0,0.0,0.00011634221806677836
2022-01-05,0.0,0.0,0.0,0.0,-0.0014797105460980786
2022-01-06,0.0,0.0,0.0,0.0,-0.001178888349461782
2022-01-07,0.0,0.0,0.0,0.0,0.0
2022-01-08,0.0,0.0,0.0,0.0,0.0
2022-01-09,0.0,0.0,0.0,0.0,0.0
2022-01-10,0.0,0.0,0.0,0.0,0.0
2022-01-11,0.0,0.0,0.0,0.0,0.0
2022-01-12,0.0,0.0,0.0,0.0,0.0
2022-01-13,0.0,0.0,0.0,0.0,0.0
2022-01-14,0.0,0.0,0.0,0.0,0.0
2022-01-15,0.0,0.0,0.0,0.0,0.0
2022-01-16,0.0,0.0,0.0,0.0,0.0
2022-01-17,0.0,0.0,0.0,0.0,0.0
2022-01-18,0.0,0.0,0.0,0.0,0.0
2022-01-19,0.0,0.0,0.0,0.0,0.0
2022-01-20,0.0,0.0,0.0,0.0,0.0
2022-01-21,0.0,0.0,0.0,0.0,0.0
2022-01-22,0.0,0.0,0.0,0.0,0.0
2022-01-23,0.0,0.0,0.0,0.0,0.0
2022-01-24,0.0,0.0,0.0,0.0,0.0
2022-01-25,0.0,0.0,0.0,0.0,0.0
2022-01-26,0.0,0.0,0.0,0.0,0.0
2022-01-27,0.0,0.0,0.0,0.0,0.0
2022-01-28,0.0,0.0,0.0,0.0,0.0
2022-01-29,0.0,0.0,0.0,0.0,0.0
2022-01-30,0.0,0.0,0.0,0.0,0.0
2022-01-31,0.0,0.0,0.0,0.0,0.0
2022-02-01,0.0,0.0,0.0,0.0,0.0
2022-02-02,0.0,0.0,0.0,0.0,0.0
2022-02-03,0.0,0.0,0.0,0.0,0.0
2022-02-04,0.0,0.0,0.0,0.0,0.0
2022-02-05,0.0,0.0,0.0,0.0,0.0
2022-02-06,0.0,0.0,0.0,0.0,0.0
2022-02-07,0.0,0.0,0.0,0.0,0.0
2022-02-08,0.0,0.0,0.0,0.0,0.0
2022-02-09,0.0,0.0,0.0,0.0,0.0
2022-02-10,0.0,0.0,0.0,0.0,0.0
2022-02-11,0.0,0.0,0.0,0.0,0.0
2022-02-12,0.0,0.0,0.0,0.0,0.0
2022-02-13,0.0,0.0,0.0,0.0,0.0
2022-02-14,0.0,0.0,0.0,0.0,0.0
2022-02-15,0.0,0.0,0.0,0.0,0.0
2022-02-16,0.0,0.0,0.0,0.0,0.0
2022-02-17,0.0,0.0,0.0,0.0,0.0
2022-02-18,0.0,0.0,0.0,0.0,0.0
2022-02-19,0.0,0.0,0.0,0.0,0.0
2022-02-20,0.0,0.0,0.0,0.0,0.0
2022-02-21,0.0,0.0,0.0,0.0,0.0
2022-02-22,0.0,0.0,0.0,0.0,0.0
2022-02-23,0.0,0.0,0.0,0.0,0.0
2022-02-24,0.0,0.0,0.0,0.0,0.0
2022-02-25,0.0,0.0,0.0,0.0,0.0
2022-02-26,0.0,0.0,0.0,0.0,0.0
2022-02-27,0.0,0.0,0.0,0.0,0.0
2022-02-28,0.0,0.0,0.0,0.0,0.0
2022-03-01,0.0,0.0,0.0,0.0,0.0
2022-03-02,0.0,0.0,0.0,0.0,0.0
2022-03-03,0.0,0.0,0.0,0.0,0.0
2022-03-04,0.0,0.0,0.0,0.0,0.0
2022-03-05,0.0,0.0,0.0,0.0,0.0
2022-03-06,0.0,0.0,0.0,0.0,0.0
2022-03-07,0.0,0.0,0.0,0.0,0.0
2022-03-08,0.0,0.0,0.0,0.0,0.0
2022-03-09,0.0,0.0,0.0,0.0,0.0
2022-03-10,0.0,0.0,0.0,0.0,0.0
2022-03-11,0.0,0.0,0.0,0.0,0.0
2022-03-12,0.0,0.0,0.0,0.0,0.0
2022-03-13,0.0,0.0,0.0,0.0,0.0
2022-03-14,0.0,0.0,0.0,0.0,0.0
2022-03-15,0.0,0.0,0.0,0.0,0.0
2022-03-16,0.0,0.0,0.0,0.0,0.0
2022-03-17,0.0,0.0,0.0,0.0,0.0
2022-03-18,0.0,0.0,0.0,0.0,0.0
2022-03-19,0.0,0.0,0.0,0.0,0.0
2022-03-20,0.0,0.0,0.0,0.0,0.0
2022-03-21,0.0,0.0,0.0,0.0,0.0
2022-03-22,-0.0012402844041766725,-0.0006201422020885028,0.0,0.0,-0.0006201422020885028
2022-03-23,-0.0009037739907082898,-0.00045160658726473013,0.0,0.0,-0.00045160658726473013
2022-03-24,0.002945927284631944,0.002705511283652706,0.0,0.0,0.0016286418309319206
2022-03-25,0.0008865695759459058,0.0002956595835839071,0.0,0.0,0.0002979481423082131
2022-03-26,0.0005454856109694539,0.0010072965210943252,0.0,0.0,0.0009985815159028189
2022-03-27,0.006374857688155489,0.005767117699878588,0.0,0.0,0.005738958351674928
2022-03-28,0.0008563334592894822,0.0011602338671383716,-0.002708864691173818,-0.004146615578556778,0.0010554552472732404
2022-03-29,0.0010235862402758755,0.003143875351128589,0.005096643865283523,0.006823615424496943,0.001983210482659592
2022-03-30,-0.002473079257867994,-0.0014905609030568812,0.0036742487149847847,0.005993179155409534,-0.0012400941534066456
2022-03-31,-0.009633117955793247,-0.0077555391301854515,-0.004163574515672175,-0.003961524105085212,-0.005973479484902011
2022-04-01,0.0026288492563857346,0.008046830065092214,0.011289979996261579,0.01478394757644197,0.004567931490093491
2022-04-02,-0.0027129413700367477,-0.0016674546579895644,-0.0021188969661390944,-0.00265189328488713,-0.002521099797553661
2022-04-03,0.0020282095647583542,0.004271259308995967,0.005037000944249526,0.006353469691313229,0.0061222139401035935
2022-04-04,-1.9200760147830565e-05,0.0003862542606665187,-0.0021284068006250934,-0.0033187290811294012,-0.0010774946136489216
2022-04-05,-0.007440466703362736,-0.008137643557359797,-0.007778269120989445,-0.009409408170562017,-0.011272166408163309
2022-04-06,-0.009291339382848984,-0.010094762546385083,-0.015512012425983213,-0.01971407780843859,-0.010641475583377469
2022-04-07,0.0011031322513614938,0.0019064428323791738,0.004553126431541266,0.006169736322949371,0.0020224153012009527
2022-04-08,-0.004799368118138636,-0.0032015515569996378,-0.00677680953131532,-0.009091968856307142,-0.0032733878410587947
2022-04-09,0.0020304892656342055,0.002543183124129822,0.003763493809679108,0.0047623012268469544,0.0026747037154888353
2022-04-10,-0.001751117821236714,-0.0024788794962812277,-0.0030424534868047637,-0.002194274047113476,-0.002589203407694085
2022-04-11,-0.0032414696130417253,-0.005857438571583828,-0.008882387096233235,-0.007943153647296919,-0.007888567730444995
2022-04-12,0.0,0.0,0.0,0.0,0.0012109417667156563
2022-04-13,0.0,0.0,0.0,0.0,0.0022872040957209183
2022-04-14,0.0,0.0,0.0,0.0,-0.002425017982625066
2022-04-15,0.0,0.0,0.0,0.0,0.00046901727269510474
2022-04-16,0.0,0.0,0.0,0.0,0.0004728344052795652
2022-04-17,0.0,0.0,0.0,0.0,-0.0017966277088342641
2022-04-18,0.0,0.0,0.0,0.0,-0.0005487958966390316
2022-04-19,0.00016446320467267128,0.0,0.0,0.0,0.0
2022-04-20,-0.00020900493426023736,0.0,0.0,0.0,0.0
2022-04-21,-0.0013599697961315105,0.0,0.0,0.0,0.0
2022-04-22,-6.277364709461608e-05,0.0,0.0,0.0,0.0
2022-04-23,0.0,0.0,0.0,0.0,0.0
2022-04-24,0.0,0.0,0.0,0.0,0.0
2022-04-25,0.0,0.0,0.0,0.0,0.0
2022-04-26,0.0,0.0,0.0,0.0,0.0
2022-04-27,0.0,0.0,0.0,0.0,0.0
2022-04-28,0.0,0.0,0.0,0.0,0.0
2022-04-29,0.0,0.0,0.0,0.0,0.0
2022-04-30,0.0,0.0,0.0,0.0,0.0
2022-05-01,0.0,0.0,0.0,0.0,0.0
2022-05-02,0.0,0.0,0.0,0.0,0.0
2022-05-03,0.0,0.0,0.0,0.0,0.0
2022-05-04,0.0,0.0,0.0,0.0,0.0
2022-05-05,0.0,0.0,0.0,0.0,0.0
2022-05-06,0.0,0.0,0.0,0.0,0.0
2022-05-07,0.0,0.0,0.0,0.0,0.0
2022-05-08,0.0,0.0,0.0,0.0,0.0
2022-05-09,0.0,0.0,0.0,0.0,0.0
2022-05-10,0.0,0.0,0.0,0.0,0.0
2022-05-11,0.0,0.0,0.0,0.0,0.0
2022-05-12,0.0,0.0,0.0,0.0,0.0
2022-05-13,0.0,0.0,0.0,0.0,0.0
2022-05-14,0.0,0.0,0.0,0.0,0.0
2022-05-15,0.0,0.0,0.0,0.0,0.0
2022-05-16,0.0,0.0,0.0,0.0,0.0
2022-05-17,0.0,0.0,0.0,0.0,0.0
2022-05-18,0.0,0.0,0.0,0.0,0.0
2022-05-19,0.0,0.0,0.0,0.0,0.0
2022-05-20,0.0,0.0,0.0,0.0,0.0
2022-05-21,0.0,0.0,0.0,0.0,0.0
2022-05-22,0.0,0.0,0.0,0.0,0.0
2022-05-23,0.0,0.0,0.0,0.0,0.0
2022-05-24,0.0,0.0,0.0,0.0,0.0
2022-05-25,0.0,0.0,0.0,0.0,0.0
2022-05-26,0.0,0.0,0.0,0.0,0.0
2022-05-27,0.0,0.0,0.0,0.0,0.0
2022-05-28,0.0,0.0,0.0,0.0,0.0
2022-05-29,0.0,0.0,0.0,0.0,0.0
2022-05-30,0.0,0.0,0.0,0.0,0.0
2022-05-31,0.0,0.0,0.0,0.0,0.0
2022-06-01,0.0,0.0,0.0,0.0,0.0
2022-06-02,0.0,0.0,0.0,0.0,0.0
2022-06-03,0.0,0.0,0.0,0.0,0.0
2022-06-04,0.0,0.0,0.0,0.0,0.0
2022-06-05,0.0,0.0,0.0,0.0,0.0
2022-06-06,0.0,0.0,0.0,0.0,0.0
2022-06-07,0.0,0.0,0.0,0.0,0.0
2022-06-08,0.0,0.0,0.0,0.0,0.0
2022-06-09,0.0,0.0,0.0,0.0,0.0
2022-06-10,0.0,0.0,0.0,0.0,0.0
2022-06-11,0.0,0.0,0.0,0.0,0.0
2022-06-12,0.0,0.0,0.0,0.0,0.0
2022-06-13,0.0,0.0,0.0,0.0,0.0
2022-06-14,0.0,0.0,0.0,0.0,0.0
2022-06-15,0.0,0.0,0.0,0.0,0.0
2022-06-16,0.0,0.0,0.0,0.0,0.0
2022-06-17,0.0,0.0,0.0,0.0,0.0
2022-06-18,0.0,0.0,0.0,0.0,0.0
2022-06-19,0.0,0.0,0.0,0.0,0.0
2022-06-20,0.0,0.0,0.0,0.0,0.0
2022-06-21,0.0,0.0,0.0,0.0,0.0
2022-06-22,0.0,0.0,0.0,0.0,0.0
2022-06-23,0.0,0.0,0.0,0.0,0.0
2022-06-24,0.0,0.0,0.0,0.0,0.0
2022-06-25,0.0,0.0,0.0,0.0,0.0
2022-06-26,0.0,0.0,0.0,0.0,0.0
2022-06-27,0.0,0.0,0.0,0.0,0.0
2022-06-28,0.0,0.0,0.0,0.0,0.0
2022-06-29,0.0,0.0,0.0,0.0,0.0
2022-06-30,0.0,0.0,0.0,0.0,0.0
2022-07-01,0.0,0.0,0.0,0.0,0.0
2022-07-02,0.0,0.0,0.0,0.0,0.0
2022-07-03,0.0,0.0,0.0,0.0,0.0
2022-07-04,0.0,0.0,0.0,0.0,0.0
2022-07-05,0.0,0.0,0.0,0.0,0.0
2022-07-06,0.0,0.0,0.0,0.0,0.0
2022-07-07,0.0,0.0,0.0,0.0,0.0
2022-07-08,0.0,0.0,0.0,0.0,0.0
2022-07-09,0.0,0.0,0.0,0.0,0.0
2022-07-10,0.0,0.0,0.0,0.0,0.0
2022-07-11,0.0,0.0,0.0,0.0,0.0
2022-07-12,0.0,0.0,0.0,0.0,0.0
2022-07-13,0.0,0.0,0.0,0.0,0.0
2022-07-14,0.0,0.0,0.0,0.0,0.0
2022-07-15,0.0,0.0,0.0,0.0,0.0
2022-07-16,0.0,0.0,0.0,0.0,0.0
2022-07-17,0.0,0.0,0.0,0.0,0.0
2022-07-18,0.0,0.0,0.0,0.0,0.0
2022-07-19,0.0,0.0,0.0,0.0,0.0
2022-07-20,0.0,0.0,0.0,0.0,0.0
2022-07-21,0.0,0.0,0.0,0.0,0.0
2022-07-22,0.0,0.0,0.0,0.0,0.0
2022-07-23,0.0,0.0,0.0,0.0,0.0
2022-07-24,0.0,0.0,0.0,0.0,0.0
2022-07-25,0.0,0.0,0.0,0.0,0.0
2022-07-26,0.0,0.0,0.0,0.0,0.0
2022-07-27,0.0,0.0,0.0,0.0,0.0
2022-07-28,0.0,0.0,0.0,0.0,0.0
2022-07-29,0.0,0.0,0.0,0.0,0.0
2022-07-30,0.0,0.0,0.0,0.0,0.0
2022-07-31,0.0,0.0,0.0,0.0,0.0
2022-08-01,0.0,0.0,0.0,0.0,0.0
2022-08-02,0.0,0.0,0.0,0.0,0.0
2022-08-03,0.0,0.0,0.0,0.0,0.0
2022-08-04,0.0,0.0,0.0,0.0,0.0
2022-08-05,0.0,0.0,0.0,0.0,0.0
2022-08-06,0.0,0.0,0.0,0.0,0.0
2022-08-07,0.0,0.0,0.0,0.0,0.0
2022-08-08,0.0,0.0,0.0,0.0,0.0
2022-08-09,0.0,0.0,0.0,0.0,0.0
2022-08-10,0.0,0.0,0.0,0.0,0.0
2022-08-11,0.0,0.0,0.0,0.0,0.0
2022-08-12,0.0,0.0,0.0,0.0,0.0
2022-08-13,0.0,0.0,0.0,0.0,0.0
2022-08-14,0.0,0.0,0.0,0.0,0.0
2022-08-15,0.0,0.0,0.0,0.0,0.0
2022-08-16,0.0,0.0,0.0,0.0,0.0
2022-08-17,0.0,0.0,0.0,0.0,0.0
2022-08-18,0.0,0.0,0.0,0.0,0.0
2022-08-19,0.0,0.0,0.0,0.0,0.0
2022-08-20,0.0,0.0,0.0,0.0,0.0
2022-08-21,0.0,0.0,0.0,0.0,0.0
2022-08-22,0.0,0.0,0.0,0.0,0.0
2022-08-23,0.0,0.0,0.0,0.0,0.0
2022-08-24,0.0,0.0,0.0,0.0,0.0
2022-08-25,0.0,0.0,0.0,0.0,0.0
2022-08-26,0.0,0.0,0.0,0.0,0.0
2022-08-27,0.0,0.0,0.0,0.0,0.0
2022-08-28,0.0,0.0,0.0,0.0,0.0
2022-08-29,0.0,0.0,0.0,0.0,0.0
2022-08-30,0.0,0.0,0.0,0.0,0.0
2022-08-31,0.0,0.0,0.0,0.0,0.0
2022-09-01,0.0,0.0,0.0,0.0,0.0
2022-09-02,0.0,0.0,0.0,0.0,0.0
2022-09-03,0.0,0.0,0.0,0.0,0.0
2022-09-04,0.0,0.0,0.0,0.0,0.0
2022-09-05,0.0,0.0,0.0,0.0,0.0
2022-09-06,0.0,0.0,0.0,0.0,0.0
2022-09-07,0.0,0.0,0.0,0.0,0.0
2022-09-08,0.0,0.0,0.0,0.0,0.0
2022-09-09,0.0,0.0,0.0,0.0,0.0
2022-09-10,0.0,0.0,0.0,0.0,0.0
2022-09-11,0.0,0.0,0.0,0.0,0.0
2022-09-12,0.0003308573072831056,0.00016542865364144177,0.0,0.0,0.00016542865364144177
2022-09-13,-0.009007042006098032,-0.004504265891239201,0.0,0.0,-0.004504265891239201
2022-09-14,0.0,0.0,0.0,0.0,0.0
2022-09-15,0.0,0.0,0.0,0.0,0.0
2022-09-16,0.0,0.0,0.0,0.0,0.0
2022-09-17,0.0,0.0,0.0,0.0,0.0
2022-09-18,0.0,0.0,0.0,0.0,0.0
2022-09-19,0.0,0.0,0.0,0.0,0.0
2022-09-20,0.0,0.0,0.0,0.0,0.0
2022-09-21,0.0,0.0,0.0,0.0,0.0
2022-09-22,0.0,0.0,0.0,0.0,0.0
2022-09-23,0.0,0.0,0.0,0.0,0.0
2022-09-24,0.0,0.0,0.0,0.0,0.0
2022-09-25,0.0,0.0,0.0,0.0,0.0
2022-09-26,0.0,0.0,0.0,0.0,0.0
2022-09-27,0.0,0.0,0.0,0.0,0.0
2022-09-28,0.0,0.0,0.0,0.0,0.0
2022-09-29,0.0,0.0,0.0,0.0,0.0
2022-09-30,0.0,0.0,0.0,0.0,0.0
2022-10-01,0.0,0.0,0.0,0.0,0.0
2022-10-02,0.0,0.0,0.0,0.0,0.0
2022-10-03,0.0,0.0,0.0,0.0,0.0
2022-10-04,0.0,0.0,0.0,0.0,0.0
2022-10-05,0.0,0.0,0.0,0.0,0.0
2022-10-06,0.0,0.0,0.0,0.0,0.0
2022-10-07,0.0,0.0,0.0,0.0,0.0
2022-10-08,0.0,0.0,0.0,0.0,0.0
2022-10-09,0.0,0.0,0.0,0.0,0.0
2022-10-10,0.0,0.0,0.0,0.0,0.0
2022-10-11,0.0,0.0,0.0,0.0,0.0
2022-10-12,0.0,0.0,0.0,0.0,0.0
2022-10-13,0.0,0.0,0.0,0.0,0.0
2022-10-14,0.0,0.0,0.0,0.0,0.0
2022-10-15,0.0,0.0,0.0,0.0,0.0
2022-10-16,0.0,0.0,0.0,0.0,0.0
2022-10-17,0.0,0.0,0.0,0.0,0.0
2022-10-18,0.0,0.0,0.0,0.0,0.0
2022-10-19,0.0,0.0,0.0,0.0,0.0
2022-10-20,0.0,0.0,0.0,0.0,0.0
2022-10-21,0.0,0.0,0.0,0.0,0.0
2022-10-22,0.0,0.0,0.0,0.0,0.0
2022-10-23,0.0,0.0,0.0,0.0,0.0
2022-10-24,0.0,0.0,0.0,0.0,0.0
2022-10-25,0.0,0.0,0.0,0.0,0.0
2022-10-26,0.0,0.0,0.0,0.0,0.0026245968840197254
2022-10-27,0.0,0.0,0.0,0.0,-0.003776246047009768
2022-10-28,0.0,0.0,0.0,0.0,0.0010950802121523218
2022-10-29,0.0,0.0,0.0,0.0,0.004387055252729644
2022-10-30,0.0,0.0,0.0,0.0,-0.001951939931042479
2022-10-31,0.0,0.0,0.0,0.0,-0.0011925350317735228
2022-11-01,0.0,0.0,0.0,0.0,0.0003894660199834643
2022-11-02,0.0,0.0,0.0,0.0,-0.004043759538974179
2022-11-03,0.0,0.0,0.0,0.0,-0.0005485768937844027
2022-11-04,0.002686510125773145,0.0019777314371554056,0.000895503375257789,0.002881700238313245,0.00788209802518991
2022-11-05,0.002094262444912287,-0.00010461474037770646,0.005328540061628972,0.009225425072848736,3.319698512571634e-05
2022-11-06,-0.005859539227143773,-0.0065677175138822985,-0.011874321096059792,-0.01886812328954035,-0.0062788553672682434
2022-11-07,-0.0025984774070939576,-0.0013115287060367908,-0.006208364747551265,-0.010318073594786425,-0.0013105182997429354
2022-11-08,-0.00016074268035870531,-0.0001780653237569707,-0.00025177490983196993,-0.0003916777615613487,-0.007965587627555948
2022-11-09,0.0,0.0,0.0,0.0,-2.1992629077982606e-05
2022-11-10,0.0,0.0,0.0,0.0,0.0
2022-11-11,0.0,0.0,0.0,0.0,0.0
2022-11-12,0.0,0.0,0.0,0.0,0.0
2022-11-13,0.0,0.0,0.0,0.0,0.0
2022-11-14,0.0,0.0,0.0,0.0,0.0
2022-11-15,0.0,0.0,0.0,0.0,0.0
2022-11-16,0.0,0.0,0.0,0.0,0.0
2022-11-17,0.0,0.0,0.0,0.0,0.0
2022-11-18,0.0,0.0,0.0,0.0,0.0
2022-11-19,0.0,0.0,0.0,0.0,0.0
2022-11-20,0.0,0.0,0.0,0.0,0.0
2022-11-21,0.0,0.0,0.0,0.0,0.0
2022-11-22,0.0,0.0,0.0,0.0,0.0
2022-11-23,0.0,0.0,0.0,0.0,0.0
2022-11-24,0.0,0.0,0.0,0.0,0.0
2022-11-25,0.0,0.0,0.0,0.0,0.0
2022-11-26,0.0,0.0,0.0,0.0,0.0
2022-11-27,0.0,0.0,0.0,0.0,0.0
2022-11-28,0.0,0.0,0.0,0.0,0.0
2022-11-29,0.0,0.0,0.0,0.0,0.0
2022-11-30,0.0,0.0,0.0,0.0,0.0
2022-12-01,0.0,0.0,0.0,0.0,0.0
2022-12-02,0.0,0.0,0.0,0.0,0.0
2022-12-03,0.0,0.0,0.0,0.0,0.0
2022-12-04,0.0,0.0,0.0,0.0,0.0
2022-12-05,0.0,0.0,0.0,0.0,0.0
2022-12-06,0.0,0.0,0.0,0.0,0.0
2022-12-07,0.0,0.0,0.0,0.0,0.0
2022-12-08,0.0,0.0,0.0,0.0,0.0
2022-12-09,0.0,0.0,0.0,0.0,0.0
2022-12-10,0.0,0.0,0.0,0.0,0.0
2022-12-11,0.0,0.0,0.0,0.0,0.0
2022-12-12,0.0,0.0,0.0,0.0,0.0
2022-12-13,0.0,0.0,0.0,0.0,0.0
2022-12-14,0.0,0.0,0.0,0.0,0.0
2022-12-15,0.0,0.0,0.0,0.0,0.0
2022-12-16,0.0,0.0,0.0,0.0,0.0
2022-12-17,0.0,0.0,0.0,0.0,0.0
2022-12-18,0.0,0.0,0.0,0.0,0.0
2022-12-19,0.0,0.0,0.0,0.0,0.0
2022-12-20,0.0,0.0,0.0,0.0,0.0
2022-12-21,0.0,0.0,0.0,0.0,0.0
2022-12-22,0.0,0.0,0.0,0.0,0.0
2022-12-23,0.0,0.0,0.0,0.0,0.0
2022-12-24,0.0,0.0,0.0,0.0,0.0
2022-12-25,0.0,0.0,0.0,0.0,0.0
2022-12-26,0.0,0.0,0.0,0.0,0.0
2022-12-27,0.0,0.0,0.0,0.0,0.0
2022-12-28,0.0,0.0,0.0,0.0,0.0
2022-12-29,0.0,0.0,0.0,0.0,0.0
2022-12-30,0.0,0.0,0.0,0.0,0.0
2022-12-31,0.0,0.0,0.0,0.0,0.0
2023-01-01,0.0,0.0,0.0,0.0,0.0
2023-01-02,0.0,0.0,0.0,0.0,0.0
2023-01-03,0.0,0.0,0.0,0.0,0.0
2023-01-04,0.0,0.0,0.0,0.0,0.0
2023-01-05,0.0,0.0,0.0,0.0,0.0
2023-01-06,0.0,0.0,0.0,0.0,0.0
2023-01-07,0.0,0.0,0.0,0.0,0.0
2023-01-08,0.0,0.0,0.0,0.0,0.0
2023-01-09,0.0,0.0,0.0,0.0,0.0009577074421693865
2023-01-10,0.0,0.0,0.0,0.0,0.0013172984130935816
2023-01-11,0.0,0.0,0.0,0.0,0.004644645612556841
2023-01-12,0.011911813184069642,0.006801332059666265,0.0049852032622492715,0.006389083368508297,0.011900112396408424
2023-01-13,0.021484191555733334,0.014428449110862607,0.009358113271521029,0.022750030437510782,0.019661574034659512
2023-01-14,0.0351417604572537,0.03719078782690155,0.04869690092539414,0.10068187012232,0.04165831264186326
2023-01-15,-0.002421984781417086,-0.0007964399295135038,-0.00572826309066099,-0.009938734017658213,-0.0007502108515318184
2023-01-16,0.00914305682449168,0.008448965809211506,0.009333587931743548,0.010176372499313802,0.008879448824702596
2023-01-17,-0.0014662470801311,-0.0025245326500297205,-0.004748797665452331,-0.00674028152667272,-0.00272221759523561
2023-01-18,-0.013209246847849965,-0.015163876129280829,-0.01996948582801472,-0.024388982578376517,-0.01610922108320867
2023-01-19,0.011535655334509176,0.012146940309280208,0.012085563459993232,0.012189211031850666,0.013587887457467307
2023-01-20,0.05020222416449416,0.04016809227708951,0.04774887824359331,0.06566075667402749,0.045837038850889966
2023-01-21,0.003727838823364804,-0.004222969004424981,-0.006125201440669303,-0.011020263427304666,-0.004601276831455392
2023-01-22,-0.00245309242024383,-0.0010887445373047866,-0.0020513407040100295,-0.003840252874191652,-0.0010784293748140605
2023-01-23,0.007229450070765031,0.003193604482064183,0.0025713113444214564,0.002255251021183957,0.0031789498451264553
2023-01-24,-0.009896001474962057,-0.017901609426769105,-0.01753468226707222,-0.026176786555308085,-0.018873721388593667
2023-01-25,0.015087888663079863,0.017867601135561406,0.01834029962082373,0.027839380425313198,0.01867521707281461
2023-01-26,-0.0017809963205254187,-0.002886049164804838,-0.0026051974112825116,-0.003638903180420705,-0.0030367399704703812
2023-01-27,0.0022440448445621985,0.00039784761547956293,0.0006386584962230213,0.001141743399410311,0.0003503375933573416
2023-01-28,-0.001809579993278354,-0.006512229740110231,-0.005625471695589357,-0.008204510049971692,-0.005991821768183803
2023-01-29,0.02895869046138211,0.03136696772726788,0.029564996241746355,0.04436588543819009,0.030750157912137865
2023-01-30,-0.0368607524340967,-0.03797730362546137,-0.032399699963712836,-0.047726790602304336,-0.03717977589538801
2023-01-31,0.0124896614749328,0.01121272665453188,0.007124544252799403,0.006593211452774916,0.010518858321707736
2023-02-01,0.025066036095696687,0.026976604372326518,0.021582480318832697,0.030002684290432624,0.02587800863851175
2023-02-02,-0.009809734597294395,-0.00458319358260828,-0.00543986375052441,-0.01046125804870135,-0.004616389112465424
2023-02-03,-0.0023186059852978724,0.003913639858918572,0.0039395714786696345,0.007117007884159143,0.0035274899638439994
2023-02-04,-0.004280484800023188,-0.0014221224618765627,-0.002188218923487195,-0.004573856290522205,-0.0014791362536041852
2023-02-05,-0.016407413209902466,-0.01771352421240624,-0.014500591827479425,-0.020691582598283187,-0.016587306281396597
2023-02-06,-0.006996976781502129,-0.006715344825710345,-0.007724227070777578,-0.013322211560523378,-0.006962098533835337
2023-02-07,0.019104327015160072,0.02183625125826638,0.01832151641587032,0.023797202601752998,0.022820749991148137
2023-02-08,-0.011803092686726413,-0.010294765735341271,-0.008585820489978024,-0.011187846819366243,-0.010659621389171203
2023-02-09,-0.04269091776766509,-0.044013460110739144,-0.03966096873962821,-0.05218528717416404,-0.04574576053620283
2023-02-10,-0.00651934638113183,-0.010550902481257896,-0.008266783986143778,-0.010254756888670613,-0.009926039622325078
2023-02-11,0.00910017821311504,0.010379362654235669,0.009589751918929634,0.013343438431677512,0.009830904189969125
2023-02-12,-0.0030018579896551323,-0.006852466088747011,-0.0017676489232365533,0.002340790259204528,-0.006347638682196344
2023-02-13,-0.00036469152423268536,-0.002363490813431346,-0.004217405150929943,-0.008563424903813677,-0.0021557938965653944
2023-02-14,0.01623488409191265,0.019697750261599367,0.017096650511898126,0.022649408841259655,0.01679664110730017
2023-02-15,0.09110836755221574,0.07147146975850283,0.056463433935755036,0.06249759729000015,0.06504067731366736
2023-02-16,-0.029078337187107728,-0.026100703222440513,-0.0264987868458606,-0.031356842022509435,-0.024834492648380446
2023-02-17,0.03185113871397882,0.02917869817066565,0.02872905298487427,0.026579961612518854,0.030702907108688837
2023-02-18,0.0018270268209117368,0.0005595039500811971,0.0022326072573353173,0.0030097828144455274,0.0005673394257186271
2023-02-19,-0.01150001699142944,-0.008279989605220472,0.0013993052606589007,0.006851287392228178,-0.008651219525629972
2023-02-20,0.018212072745279695,0.014532604177515562,0.019337375941550494,0.02108203758288485,0.014843214259961712
2023-02-21,-0.012229826920539533,-0.016336255150161905,-0.019027089804463104,-0.020374456984439515,-0.017244998921605914
2023-02-22,-0.008569166610427836,-0.008346977954422408,-0.010881853066585845,-0.011994755195533391,-0.008302687883598114
2023-02-23,-0.007748651799405426,-0.002790552425947279,-0.0034326112877174353,-0.0035893593163340842,-0.003088582357487324
2023-02-24,-0.026525483429318375,-0.024636393936949053,-0.021797091499722976,-0.02083522052648279,-0.02587153264275721
2023-02-25,-0.0008623009803042647,-0.0036859882511732778,-0.006747633613199966,-0.008409863417953023,-0.0033827242952400027
2023-02-26,0.013202891136598227,0.01748297958359335,0.018506527360708347,0.01869721903761512,0.01829805728656475
2023-02-27,-0.0023767130000690306,-0.0031790899171179055,-0.005491908158832937,-0.006785634983451971,-0.003293967131249298
2023-02-28,-0.012811519810354555,-0.014572731738309308,-0.014036594551836812,-0.016471998795734688,-0.015041606646314487
2023-03-01,0.015667547676021742,0.024122116880198385,0.02040227550728191,0.020653637153246862,0.023229618075874425
2023-03-02,-0.0070882670614144105,-0.007777560642429293,-0.008031921365082462,-0.009753511656766856,-0.008719487889794375
2023-03-03,-0.043218192620495643,-0.043557375782611985,-0.03173263428228179,-0.03140534093833647,-0.042527751673906655
2023-03-04,-0.00017811228872788298,-0.0005325212682179004,-0.0030892972291387544,-0.0034000743113362653,-0.0005404012319727425
2023-03-05,0.0019183153174717749,0.0006828682246144968,0.0004452464887336749,0.0002809875939326911,0.0006965187201193324
2023-03-06,-0.0004631571982135485,-4.620170992253314e-05,-0.0021224497404581655,-0.0024120424541581587,-4.782418383819653e-05
2023-03-07,-0.004854414973304411,-0.0032282502215257303,-0.004739715174184256,-0.004462427267105551,-0.0032839230113167472
2023-03-08,-0.011330689885787337,-0.010838004711364979,-0.019451316770571325,-0.01916590450966371,-0.011015074979555006
2023-03-09,-0.031255653165553676,-0.03222630331512211,-0.031025940766438276,-0.026186198410983685,-0.029215459541740763
2023-03-10,-0.005316923105622262,-0.004399285748662107,-0.002620042576469861,-0.0026528797917183544,-0.004396473328468153
2023-03-11,6.565634717103919e-05,0.003637185292268086,0.0022468074420987083,0.001984357296615169,0.002285912468385609
2023-03-12,0.023005573284901493,0.018899202526756254,0.014634486549863102,0.018323055040933234,0.019357980902195315
2023-03-13,0.03224231764978214,0.024660088876184094,0.01705082513161682,0.017186125978770006,0.023591827049466163
2023-03-14,0.011542198165550577,0.009511822757917843,0.007226142011830916,0.009404486470299345,0.009512003044195527
2023-03-15,-0.009012610479244065,-0.01217099056260107,-0.015047809963956493,-0.02075669278463843,-0.01098915575473458
2023-03-16,0.01920081331515222,0.013334494730905533,0.010566754384774502,0.011366901412109609,0.01292757752272844
2023-03-17,0.06268956763879285,0.05417697077266492,0.04663453769691217,0.047139953489602204,0.05104050949671457
2023-03-18,-0.008294627693474999,-0.008024307200858671,-0.008403862569334453,-0.008119677558728111,-0.009752256630229383
2023-03-19,0.019266664275621403,0.013908489456013529,0.012785549628049786,0.014199905222279874,0.014427914477553427
2023-03-20,-0.004539589314731751,-0.009693569361091225,-0.005677792303632856,-0.003458498317093439,-0.009963984556570993
2023-03-21,0.006923671951373667,0.014213832691685413,0.010796822353388746,0.01141054068039904,0.013525989370567704
2023-03-22,-0.015125359049748544,-0.01833059778143864,-0.01670848103117084,-0.019789624971684683,-0.017690861475679
2023-03-23,0.018070964639214537,0.022471947769588718,0.017787891094069197,0.01949480332083242,0.021684688671264052
2023-03-24,-0.015273895603837406,-0.017731850846596342,-0.01807361007315622,-0.022590538048887665,-0.017122676413094062
2023-03-25,0.00011122713574107657,-0.0010810938050684893,-0.001793752920612346,-0.00261827721306207,-0.0011385154827161514
2023-03-26,0.010297291629714156,0.010413196014334325,0.00878499771825525,0.010346885247785265,0.010656743999374552
2023-03-27,-0.017577222643632817,-0.01878026506691932,-0.01567747916976958,-0.018701496106988236,-0.01851559684041426
2023-03-28,0.0033443097814336298,0.011912145643763639,0.008884895514792213,0.01024015640161502,0.01162677487889674
2023-03-29,0.024505779785449544,0.014364360819150601,0.012047839324575316,0.014153805760801497,0.014292162902004302
2023-03-30,-0.004296181326771342,-0.002954171069594169,-0.004487462388384045,-0.0064479631404502635,-0.002972744214941203
2023-03-31,0.008773908169970923,0.008176407757717996,0.008224223169404077,0.01010906005591572,0.008187069059592433
2023-04-01,-5.9436578976557186e-05,-0.00022378961500313377,-0.000503824286905763,-0.0007809346371592252,-0.0002240929342651743
2023-04-02,-0.005051171687253886,-0.006374337005223607,-0.006766990634065939,-0.008468254369778716,-0.006381078545280139
2023-04-03,-0.006494150882248251,-0.0013870103544525447,-0.0012570795267096146,-0.0016693616799979827,-0.0013960365056464585
2023-04-04,0.008641845001950532,0.016005246717110566,0.013534301441406438,0.01520131521907131,0.016008157051971894
2023-04-05,-0.00036605409672552103,0.007106124038929851,0.005348406732329947,0.005452799625325522,0.007467206303731988
2023-04-06,-0.003081402451207027,-0.0075882984089385985,-0.008298664454557514,-0.00960224188334835,-0.008630158644055252
2023-04-07,-0.0035079716054174925,-0.0031775169557011207,-0.0034926419673838582,-0.004195721715334777,-0.0034334302596142896
2023-04-08,0.0007297492121665083,-0.0021231982156550977,-0.004566995874852209,-0.0061679594298023055,-0.0025599024736416842
2023-04-09,0.008528966451780473,0.006246519348257706,0.006317346347378461,0.007270315577001973,0.006544003856073122
2023-04-10,0.0323226493839468,0.02447129623310773,0.022080420520129485,0.024397782435885196,0.025964530447490253
2023-04-11,0.009940420031197661,0.0028335698506081197,0.013803984994839258,0.020658354883305252,0.0028764120350237565
2023-04-12,-0.0046394019397746344,0.000924714190654985,0.0040645005436557025,0.0060922109696561755,0.0009247633852098591
2023-04-13,0.007665780770662378,0.014805060736789999,0.012437838430313208,0.013854971831931406,0.014805847634485447
2023-04-14,0.0015399436342433681,0.010929820368584142,0.008408964358096016,0.008953955535345948,0.010930392819353596
2023-04-15,-0.0035912977257701595,-0.00286654740907466,-0.004616873582177883,-0.006846797307714092,-0.00289458828038458
2023-04-16,0.00020296272023934137,0.003968975499220262,0.007547834041366386,0.014410152710207846,0.0039706497406846175
2023-04-17,-0.01855967903132061,-0.015440826394639173,-0.012657090420422956,-0.017287706902683664,-0.015591566347629371
2023-04-18,0.022214639738691977,0.01434892148725253,0.010328453616067268,0.01192870152011083,0.014517448192656213
2023-04-19,-0.03669754742641029,-0.040365662657264045,-0.03706318080703297,-0.047453038075369935,-0.04063836004496901
2023-04-20,-0.014202163420753755,-0.00475452718055458,-0.005036643862376233,-0.007333097690486734,-0.005181177830175243
2023-04-21,-0.023103779725814233,-0.02458574274220815,-0.021152942035177147,-0.026294068617697675,-0.027255349650487704
2023-04-22,0.013241221976898698,0.01007879534890832,0.009238057443475167,0.012197930780317279,0.010902060617102416
2023-04-23,-0.005434561523231518,-0.004340544931473844,-0.004360077334509493,-0.0060573666486549715,-0.004718472955219877
2023-04-24,-0.0018855641808368517,-0.0038943479596007524,-0.0031371993347417693,-0.0036816688503215067,-0.0044619942059653805
2023-04-25,0.01813416092310871,0.012565235537359332,0.010912057220491711,0.013933391407645601,0.01341106206486642
2023-04-26,0.0014533935512954788,0.001267551049118687,-0.0019701045684018537,-0.00526336208779532,0.001289610024133081
2023-04-27,0.018926345164604008,0.016048716253838524,0.01691891063354345,0.015140299303106453,0.014960416563039702
2023-04-28,-0.002867080595314375,-0.004022458968005016,0.0012741686353727744,0.004484249832160225,-0.0036300767896225716
2023-04-29,-0.001408104621929196,0.0017397377530328217,0.0005264733837355706,-0.0001206968671426667,0.0013657544404770405
2023-04-30,4.78996786084096e-05,-0.005448967230931578,-0.005818617408937854,-0.005705355708870541,-0.0046148457802511755
2023-05-01,-0.020216687639776354,-0.015598670891867727,-0.015217666312194456,-0.013733101951893367,-0.015093975205254684
2023-05-02,0.008970023944953942,0.010092858722428488,0.007312130360572766,0.0078808685253009,0.01030137775277673
2023-05-03,0.006455744801459273,0.0073116460092153,0.004399126475846726,0.004315852582192026,0.007496308603654578
2023-05-04,-0.003970101856824115,-0.006909145940423578,-0.0068676742870242835,-0.008916829336478083,-0.005991680425680546
2023-05-05,0.013871925911412397,0.025384121003603655,0.021586369779790227,0.026554109972464657,0.021809670750680965
2023-05-06,-0.012497462270984028,-0.021740197176029485,-0.018393660370628173,-0.022335526896814395,-0.021461161764218417
2023-05-07,-0.009838695189419377,-0.00861910994183468,-0.007658306260518222,-0.007834945297385265,-0.008547628850364308
2023-05-08,-0.015031653661995215,-0.011183241147380119,-0.015068523773678066,-0.017094721010500247,-0.01229088439291881
2023-05-09,-0.0010469105425846559,-0.0005076269791732813,-0.0003325837241588969,-0.00012135545662739222,-0.0004968291870092179
2023-05-10,-0.0004610712980566145,-0.001007005221812629,0.0011996735161821093,0.001095702334512172,-0.0009459904164371702
2023-05-11,-0.009761303497474727,-0.011839845215176337,-0.010363257759575695,-0.011853111157984264,-0.011342732284596813
2023-05-12,-0.00308382329222745,0.00010364752200131555,0.0033607557585995096,0.005072529761144029,-0.0010942064493660864
2023-05-13,-0.0003515468325524518,-0.0018016195880631303,-0.001319685362067391,-0.0014755829042605306,-0.0016522444536811731
2023-05-14,0.002537089378898738,0.0018690379257606526,0.001493683574848248,0.001675099023368043,0.0018212766253542512
2023-05-15,0.004347331362841711,0.0045084785777596,0.00289534774479816,0.003014804964726503,0.004305954309835158
2023-05-16,-0.002271177534097446,-0.0001466249656330021,-0.0015222275035573496,-0.0021935664094746565,-0.000245472621813847
2023-05-17,0.005300761241895158,0.0023737640968382046,0.0036112754917414502,0.004405313682299461,0.0023910024875029023
2023-05-18,-0.008424830650046511,-0.006427672350307279,-0.008022519277528284,-0.00954955055630835,-0.006772263747919394
2023-05-19,0.0008575947648854498,0.0016385712380642126,0.0013122350079395328,0.001371249000277519,0.001828412772570065
2023-05-20,0.0032276800580821607,0.002343001844543169,0.0013908332312748684,0.0011820667693154263,0.0024574107122565803
2023-05-21,-0.005135769477302876,-0.00405673905786974,-0.006053946712669456,-0.007522817908572121,-0.0042894149843432094
2023-05-22,0.0014772874001838243,0.0020180146331409965,0.001147972554763843,0.0009755906832769057,0.0022187894823866294
2023-05-23,0.00538271343094987,0.006456612715554977,0.007057497694197501,0.008185863013946193,0.00676301519431588
2023-05-24,-0.013335732622547725,-0.012588883240412074,-0.013095792303690512,-0.014927095492989095,-0.015653382120670467
2023-05-25,0.0011597301841541618,0.0009046744047986888,0.0007399515019255176,0.0007196572101657583,0.0013279424810213047
2023-05-26,0.001615489155931904,0.002151536256797648,0.0018902617937115451,0.001700627981350733,0.0039117466663427525
2023-05-27,0.0018953771823380094,0.0013469309497693427,0.005805457355115173,0.008424855081609284,0.0012691892000660232
2023-05-28,0.02185688543117692,0.02086859915310968,0.013378915786534273,0.014444061107164563,0.02498837741700788
2023-05-29,-0.006001498794990789,-0.005148389722713809,-0.003819548025349895,-0.004411268621115294,-0.006573403259345301
2023-05-30,-0.0019249866856237974,0.000673479297281343,0.002062288453690053,0.003434690444559685,0.00040230093105741993
2023-05-31,-0.010926977573966212,-0.008060762226064222,-0.008205118754974539,-0.01049948158470937,-0.01024725571761087
2023-06-01,-0.007624900456243977,-0.005247613376997307,-0.0055105770724703795,-0.007184945414417276,-0.006551627902740997
2023-06-02,0.004593750629843907,0.006135842932587288,0.00752543368408487,0.007704139464494775,0.010970277656412897
2023-06-03,-0.003725478969692775,-0.004066860495962166,-0.0030259068253327692,-0.0033841050966719743,-0.005033905033769215
2023-06-04,0.0009919563292870581,0.0001850343857865422,0.0029630922668071324,0.005944388884574492,4.4681196752272e-05
2023-06-05,-0.02017551077188695,-0.018385783606009953,-0.020424248007400503,-0.023315273726872143,-0.02514657775814033
2023-06-06,0.011033893019518848,0.010332555629252171,0.011291530150724816,0.012858468249715704,0.017782582708534944
2023-06-07,-0.01165029909741,-0.01007651013846389,-0.014776163776565654,-0.015445095467124137,-0.017158403266654076
2023-06-08,0.0015349960326584977,0.0017294163146863717,0.0025038252671822914,0.0025769052998312336,0.003084495355312189
2023-06-09,-0.00020015686172070168,-0.0004745097928698927,-0.007377304437334087,-0.006824547489966526,-0.0010961915774390096
2023-06-10,-0.007723920001973306,-0.010421868948851998,-0.021526451790125578,-0.016997325504003902,-0.02105010690563902
2023-06-11,0.0006683383915646601,0.00021445625463933915,0.00011165026383297416,-0.0001227705115249833,0.00030029515911711435
2023-06-12,-0.00016123169787451985,-0.0003566871281361905,-0.0009244936985446373,-0.0018225247578788073,-0.0015472936903910828
2023-06-13,0.0002301644742603859,-1.470595109631656e-05,-0.00024513716109730854,-0.0006721943514824691,-3.716306848833284e-05
2023-06-14,-0.004690715175611593,-0.004436063839745041,-0.006115610429405671,-0.00540526041106737,-0.005258126092270832
2023-06-15,0.0011678749236674335,0.0014839386381146902,0.0011179897624225,0.0022731573101240077,0.0016343619555032607
2023-06-16,0.0019866698014081585,0.003143396486974037,0.0022733957599312404,0.0029652227171010903,0.003617757012110756
2023-06-17,-5.16050412862068e-05,0.0006633463272462947,0.0007268039431582718,0.0007886762029547523,0.0007544073482443903
2023-06-18,-0.0009198685458333689,-0.0005800799035488025,-0.000541254116398493,-0.0005853609035694207,-0.000643170451561037
2023-06-19,0.003014892549246584,0.001553783776346851,0.0016234100878349533,0.0027494200376878553,0.0017039220850716408
2023-06-20,0.016726481666615056,0.013605671694672417,0.009473937971551383,0.011275384985891757,0.010635668460640346
2023-06-21,0.032316923702585765,0.029587537818456244,0.02208877980797519,0.026128631991229723,0.02067839772477109
2023-06-22,-0.001769774577109362,-0.0029802730977510627,-0.005021887628335775,-0.008554258575902196,-0.0023717773186684443
2023-06-23,0.013074027819353518,0.009078811645307994,0.009133312024485862,0.012158237401115324,0.008364603106472135
2023-06-24,-0.0025867458601545046,-0.0034522062515538465,-0.004810348422929045,-0.0076619475834109885,-0.0033617947582293972
2023-06-25,-0.0010428884700874885,0.002389247036751696,0.0032165263377454956,0.005183688956342136,0.0021854862676247144
2023-06-26,-0.003137734225510558,-0.00642939617176852,-0.007913862902339863,-0.01203945680970453,-0.008371942030226731
2023-06-27,0.006862913213879107,0.007208035846713479,0.007011353144555477,0.009272643760720678,0.007570006255936956
2023-06-28,-0.009876610455967771,-0.012466157149285562,-0.012257759697864579,-0.016373997997850553,-0.012183736371778608
2023-06-29,0.0067151918668877375,0.006397020101837292,0.013935651362574797,0.025753470198615513,0.004017830061767924
2023-06-30,0.0011254012878567643,0.012943953232654959,0.0114315401940972,0.01674037743895962,0.011748597120897042
2023-07-01,0.002468181687333537,0.00021832994162673813,-0.0008658950445875613,-0.001796301175950421,1.2899560695389667e-05
2023-07-02,0.0006568894737557507,0.002438104788382356,0.004770691464804688,0.00893613886680722,0.00245665870057854
2023-07-03,0.01136982320588098,0.008607039430305052,0.003920927913731553,0.002924052896795537,0.009038080692845618
2023-07-04,-0.0072896328503126995,-0.0062984927862232976,-0.004586846623775398,-0.005342486355024656,-0.006729402745986324
2023-07-05,-0.00423942807142863,-0.005442476353268444,-0.004411213981077133,-0.005219368918099931,-0.005873281785561901
2023-07-06,-0.011782738623625,-0.013262089380144282,-0.0064730942827242455,-0.003416718338569491,-0.017964320612279372
2023-07-07,0.009098628182203194,0.008047630525422456,0.014307931639644167,0.024657023417049784,0.0069566261825850795
2023-07-08,-0.0014278120301769448,-0.0018080646653767518,0.00021481645345766687,0.0018601601624017583,-0.002392054445459646
2023-07-09,-0.002949682989219715,-0.001946186764590463,-0.0035236777039913125,-0.00609112219276331,-0.0022592627225590522
2023-07-10,0.005988916815639067,0.006401095928910472,0.004153300508748847,0.004020875616759456,0.006162602077832258
2023-07-11,0.004655912910342064,0.002089137432980781,0.004898665248070033,0.008960566827874272,0.001964466138597576
2023-07-12,-0.005301587821360143,-0.0041067015596906176,-0.0033115382908924795,-0.003962866791122344,-0.004612394980691548
2023-07-13,0.021458609521862737,0.03177773953338425,0.043920833855979335,0.0630074023605367,0.035452480176450196
2023-07-14,-0.020864760008266092,-0.021511338427566806,-0.008526346687668052,-0.0070699738271805534,-0.025358930005337954
2023-07-15,-0.0005808039733207204,-0.001237889568311057,0.0012697620118837794,0.004195302247473887,-0.0013627432333832568
2023-07-16,-0.001398546260377831,-0.00219925207073679,-0.0015618490001751972,-0.001274331749512636,-0.002505901312587877
2023-07-17,-0.0023574240638891686,-0.0032483017297899597,-0.003669683822318248,-0.005119675371835997,-0.0033388301352971217
2023-07-18,-0.006661453525077854,-0.006058725141242283,-0.0071464933686079535,-0.010253603103712927,-0.006532638112807021
2023-07-19,0.0011593963294305176,-0.0010059515048037593,0.0013480407465540356,0.004325332630603862,-0.0007575465743943077
2023-07-20,-0.00252538025307536,-0.0007898661970812126,-0.002917427391264993,-0.006047759989226242,-0.0027503540849450614
2023-07-21,0.002358136120185872,0.0012858824728987361,0.0011163781473741974,0.0012811981029945407,0.001330209767046675
2023-07-22,-0.002491356882346585,-0.006108494329713943,-0.006541984214460728,-0.008654491876339265,-0.0060425193836571855
2023-07-23,0.006718098643042625,0.007838647470418403,0.0056541882937164445,0.004819309965802265,0.006853074866943976
2023-07-24,-0.02265187291027393,-0.01852469411416169,-0.015458464821553553,-0.021259901601109243,-0.019836958864101195
2023-07-25,0.0009515141613145595,0.0021750626517718086,0.001108615990583317,0.00038089136086338904,0.0012995032584104393
2023-07-26,0.002829768890807438,0.0038963112913987796,0.007854640566012261,0.019339878819299994,0.0030376151078095326
2023-07-27,-0.0029623571190157127,-0.0033663512442293486,-0.0025274789617669713,-0.002740182067160868,-0.0035798586175631586
2023-07-28,0.0021012932621913283,0.00326238196343831,0.0015832381811378138,-0.0003161794467679835,0.0034107631305657637
2023-07-29,0.0008896162818614606,0.0015091423253348335,0.002016216233473145,0.0040328373368392345,0.0014898381675971795
2023-07-30,-0.0016467121787890893,-0.0039426346966678905,-0.0053302130732386654,-0.010592009277723746,-0.0050183627069674275
2023-07-31,-0.0014617170830681925,-0.0017974279003871718,-0.0024768189481140235,-0.005549386829647673,-0.0018966928437045283
2023-08-01,0.011807711009504285,0.009265416342159272,0.006731169044003282,0.008232111730426483,0.005462766626118443
2023-08-02,-0.012808973126205547,-0.012835906032119704,-0.010617193744483666,-0.015413053001007482,-0.014641894229570407
2023-08-03,-1.594988388597951e-05,-0.0006897088358892578,-0.0017999744082288771,-0.004852442838488624,-0.0002817553292865371
2023-08-04,-0.0017648190248911177,-0.0020773057643961312,-0.0009280523823876896,0.00010466125110264457,-0.0018431047212217333
2023-08-05,-0.0009291391269019567,0.000675247446275451,6.059782495615451e-05,-0.0009149821331010388,-0.0003524938372150288
2023-08-06,0.0003619147779534426,-0.0009880646413720218,0.0008218467570717536,0.004301982104402802,-3.9790216756707686e-05
2023-08-07,0.0027237059858655766,0.0013228125302313654,0.0005966112666526691,4.62274508621352e-05,0.0014863722908078358
2023-08-08,0.013432878606980614,0.012296755377964708,0.010783827815051383,0.01699912604714582,0.009735676289001738
2023-08-09,-0.0037870109775036687,-0.002095856909931082,-0.0006755394972370876,-6.124001719198802e-05,-0.003651787384176597
2023-08-10,-0.0026913257845943006,-0.0015714509376597574,-0.000406324402070779,0.0008626910640234797,-0.0024151647671684096
2023-08-11,-0.0006161982759637086,-0.0008021011525720656,-0.0005332292102279146,-0.0006265264848971386,-0.0009204808635202566
2023-08-12,8.588942769272023e-05,0.00019731801041200647,0.0009036121014189824,0.0026856931378789195,0.00010575914328114777
2023-08-13,-0.0026206472330551067,-0.0025002033161183324,-0.004590040225952663,-0.007869528479792831,-0.003208555747629238
2023-08-14,0.002554643150272984,0.0015193898161771635,0.00575308943149766,0.009798931102181552,0.00174955930042886
2023-08-15,-0.005764499593626238,-0.0056002521829017216,-0.010109657017890905,-0.014646304470180227,-0.005346208165561528
2023-08-16,-0.011127658510266758,-0.009196534292895797,-0.012034824818289325,-0.015362196781803394,-0.009060046240494501
2023-08-17,-0.019351753998008148,-0.01979019356535494,-0.014457911385125533,-0.015563613747675231,-0.01249301870776165
2023-08-18,-0.0002052280528893613,-0.00020432240683798675,-0.00020349215314430236,-0.000309216787777733,-0.00011434461987747113
2023-08-19,0.0,0.0,0.0,0.0,0.0
2023-08-20,0.0,0.0,0.0,0.0,0.0
2023-08-21,0.0,0.0,0.0,0.0,0.0
2023-08-22,0.0,0.0,0.0,0.0,0.0
2023-08-23,0.0,0.0,0.0,0.0,0.0
2023-08-24,0.0,0.0,0.0,0.0,0.0
2023-08-25,0.0,0.0,0.0,0.0,0.0
2023-08-26,0.0,0.0,0.0,0.0,0.0
2023-08-27,0.0,0.0,0.0,0.0,0.0
2023-08-28,0.0,0.0,0.0,0.0,0.0
2023-08-29,-0.0007857943376565757,-0.0005760156050542697,0.0,0.0,-0.00039289716882828785
2023-08-30,-0.0015648082656770645,-0.0012240744192317798,0.0,0.0,-0.0007820966076440561
2023-08-31,0.0,0.0,0.0,0.0,0.0
2023-09-01,0.0,0.0,0.0,0.0,0.0
2023-09-02,0.0,0.0,0.0,0.0,0.0
2023-09-03,0.0,0.0,0.0,0.0,0.0
2023-09-04,0.0,0.0,0.0,0.0,0.0
2023-09-05,0.0,0.0,0.0,0.0,0.0
2023-09-06,0.0,0.0,0.0,0.0,0.0
2023-09-07,0.0,0.0,0.0,0.0,0.0
2023-09-08,0.0,0.0,0.0,0.0,0.0
2023-09-09,0.0,0.0,0.0,0.0,0.0
2023-09-10,0.0,0.0,0.0,0.0,0.0
2023-09-11,0.0,0.0,0.0,0.0,0.0
2023-09-12,0.0,0.0,0.0,0.0,0.0
2023-09-13,0.0,0.0,0.0,0.0,0.0
2023-09-14,0.0,0.0,0.0,0.0,0.0
2023-09-15,0.0,0.0,0.0,0.0,0.0
2023-09-16,0.0,0.0,0.0,0.0,0.0
2023-09-17,0.0,0.0,0.0,0.0,0.0
2023-09-18,0.0,0.0,0.0,0.0,0.0
2023-09-19,0.0,0.0,0.0,0.0,0.0
2023-09-20,0.0,0.0,0.0,0.0,0.0
2023-09-21,0.0,0.0,0.0,0.0,0.0
2023-09-22,0.0,0.0,0.0,0.0,0.0
2023-09-23,0.0,0.0,0.0,0.0,0.0
2023-09-24,0.0,0.0,0.0,0.0,0.0
2023-09-25,0.0,0.0,0.0,0.0,0.0
2023-09-26,0.0,0.0,0.0,0.0,0.0
2023-09-27,0.0,0.0,0.0,0.0,0.0
2023-09-28,0.0,0.0,0.0,0.0,0.0
2023-09-29,0.0,0.0,0.0,0.0,0.0
2023-09-30,0.0,0.0,0.0,0.0,0.0
2023-10-01,0.0,0.0,0.0,0.0,0.0
2023-10-02,-0.009106379463696634,-0.01042898172254747,-0.008213886442001606,-0.009757462407310902,-0.003991034859320397
2023-10-03,-0.00039328839416030714,-0.0003299567768113576,-0.00035177795914165255,-0.0005110654943280002,-0.0001692961740260568
2023-10-04,0.0,0.0,0.0,0.0,0.0
2023-10-05,0.0,0.0,0.0,0.0,0.0
2023-10-06,-0.0004181369654503442,-0.0004561042482752464,-0.0003040694988502013,-0.0012268124665066882,-0.0002090684827251721
2023-10-07,0.0001931883685728497,-0.000622754829961103,-0.00041510674719236196,-0.0007530852826456158,9.657398526408123e-05
2023-10-08,-0.0012239848363062578,-0.001754447391772218,-0.0011692181193887485,-0.002308640389520833,-0.0006118924532162451
2023-10-09,-0.003727929244395578,-0.004722187448495729,-0.003148112682174853,-0.006644571350176043,-0.0018640403893794844
2023-10-10,0.0,0.0,0.0,0.0,0.0
2023-10-11,0.0,0.0,0.0,0.0,0.0
2023-10-12,0.0,0.0,0.0,0.0,0.0
2023-10-13,0.0,0.0,0.0,0.0,0.0
2023-10-14,0.0,0.0,0.0,0.0,0.0
2023-10-15,0.0,0.0,0.0,0.0,0.0
2023-10-16,0.004293376584829867,0.006365562590380458,0.006962690152246154,0.009746485288214535,0.002150714504085105
2023-10-17,-0.002527500056650145,-0.010520487912209053,-0.007570577401116996,-0.007595208640682083,-0.0011968584399159043
2023-10-18,-0.002598190203986883,-0.0017781282522051356,-0.005081777744340488,-0.008085834594312558,-0.001566609379046846
2023-10-19,0.013510712215983878,0.0073497199085210685,0.01717268178343634,0.025764633561264016,0.008386611061578009
2023-10-20,0.032346468342595136,0.027148124843808796,0.034571865657135215,0.04622234138491077,0.02026032197743488
2023-10-21,0.007896457688374658,0.011500242012976614,0.02472885506685496,0.036762992513269754,0.0050045641935339
2023-10-22,0.0030860118392734837,0.010809220851358603,0.0053427650650677005,0.004542669483003303,0.0017096582114199954
2023-10-23,0.08661727323415636,0.07297975771399634,0.07216671313369227,0.0803326629087826,0.06354396781711058
2023-10-24,0.02196381896584443,0.01664410718270526,0.0032104715584837518,-0.00443144825815267,0.011261083555593965
2023-10-25,0.01328301436400503,0.007198217909621274,0.015823288367111665,0.02228509937979184,0.007089212507873643
2023-10-26,-0.007874433502748523,-0.00020369592254676494,0.0016723292856724026,0.002217179125136415,-0.003353277134677368
2023-10-27,-0.005983754217683823,-0.008601958952354272,-0.01098255851275598,-0.013097720103660837,-0.006172202538533789
2023-10-28,0.0043815170741678955,0.0014554015639669515,0.0004375535728404767,0.00018787258086883085,0.0012135401754709285
2023-10-29,0.01026981441776642,0.009641422567290059,0.012443197930043448,0.01517529890612912,0.007232976042540251
2023-10-30,-0.001168969312878687,0.002643471894737237,0.011963549068020995,0.01753320721088203,-0.0008788982189810168
2023-10-31,0.0037754590446612557,0.0032091200164678924,0.01840932794646699,0.027734288406926044,0.0028270676742383483
2023-11-01,0.017814017035082452,0.016458768412010993,0.02976757585797629,0.029792733950240402,0.01419063033617296
2023-11-02,-0.010744148340204318,-0.015937513194415942,-0.013288712223397892,-0.013481906416341394,-0.014156389141729342
2023-11-03,-0.004806134743544632,0.004798377324241265,0.0013512232192611773,-0.00148255482934323,0.0031855260006901087
2023-11-04,0.008545194564434588,0.009202745792369571,0.014308749889161865,0.01738353802141379,0.009494458737411504
2023-11-05,-0.0012315719415011417,0.007681677432662459,0.0019634765473295346,-0.0022721135725415342,0.00741607589414639
2023-11-06,0.0002655808353193567,0.0024761106373984987,0.004433158307822094,0.005558933131811994,0.0025052058058054882
2023-11-07,0.007927114497398913,0.00041828104273688993,0.002123401743616915,0.0036513338238872706,0.0012054331691773168
2023-11-08,0.004438055880334302,0.002839538961066479,0.0023010782560490828,0.0022983801970064555,0.003019251665266065
2023-11-09,0.022301576778495313,0.057441696051043545,0.043778276340882494,0.03759543951285971,0.06016361758981281
2023-11-10,0.013276878094338862,-0.001776537721338678,0.027828276268741625,0.0468671262580278,-0.0008301315352369221
2023-11-11,-0.003799806092719793,-0.006311396624314014,-0.004938577017882917,-0.004328607731483358,-0.006102915715537338
2023-11-12,-0.0014638927967566273,-0.002265937597424883,0.001441386204368733,-0.0013147272787090714,-0.002195970679311543
2023-11-13,-0.01338063760510011,-0.0047648832668620855,-0.01057514600662568,-0.0209799348645362,-0.005151697451699633
2023-11-14,-0.02056739132017349,-0.02356114620657257,-0.006643480112552447,0.010386295558039382,-0.024814651522759523
2023-11-15,0.05743712384355204,0.04371405552275953,0.04328091406764378,0.05675310389710586,0.04636041769962462
2023-11-16,-0.03520480974449536,-0.03533663555980027,-0.03551878545083065,-0.04203656394421129,-0.03496677960245986
2023-11-17,0.009762631977554115,0.004459582411923568,0.004160485751381948,0.004336342917455882,0.0047064329363391
2023-11-18,-0.0010384496875666116,0.00019337535946495343,-1.3624309047832739e-05,0.00010726648366121694,0.0011102582013586826
2023-11-19,0.017962846542232125,0.018612155025496735,0.015607538938157584,0.016298496272697083,0.019998566228668357
2023-11-20,0.0019817511961617296,0.0028711087577437677,-0.005557609261969243,-0.013143403174761925,0.0030975897067981872
2023-11-21,-0.03469219109472221,-0.033663063791367964,-0.03035067887040066,-0.031725602045178825,-0.03666417215191975
2023-11-22,0.03794432673427606,0.04305728312160473,0.03791664638281844,0.03972739517013313,0.04343938770696698
2023-11-23,-0.0026500922104844005,-0.0015076235344794187,-0.002594985690202556,-0.003983311866406769,-0.001587336700208164
2023-11-24,0.008964743876040737,0.008424583653528162,0.0056587399829601814,0.004734700408112635,0.00844532386095187
2023-11-25,0.001421902804208841,0.0011969879397950578,0.0038923139699005294,0.006788265213279798,0.0012135577694794009
2023-11-26,-0.007051596124556858,-0.007765580464022648,-0.0067325790397403384,-0.007335724875628724,-0.007673846294174558
2023-11-27,-0.004362998955465214,-0.00905115546023727,-0.009651445797495661,-0.012082298740916153,-0.008590108934189433
2023-11-28,0.012332559977955349,0.010696766072537223,0.011547550596067824,0.014674234005459752,0.010810750706715666
2023-11-29,0.0007563073644383245,-0.003298293372056449,-0.0002551892947456613,0.0020675234062914605,-0.0034575547077075885
2023-11-30,-0.0027609604083587147,0.0031267001474122313,0.0018899518437278662,0.0014108710640576838,0.002362689989907185
2023-12-01,0.020308183720207262,0.0164286865728267,0.01140978638860024,0.0089538373458522,0.018493869677598918
2023-12-02,0.012941110547625145,0.018637297349642923,0.02055891653116415,0.022622836915202837,0.020171272207475166
2023-12-03,0.009638264024831589,0.00856269875086757,0.005617231142983625,0.0026376548759610152,0.010224616819161758
2023-12-04,0.0370185359246189,0.024008733643683167,0.016823131731275476,0.00914604180397438,0.03026294507429106
2023-12-05,0.031054680771608334,0.02388172909124875,0.014936576448519423,0.011531642108080886,0.025600139614734285
2023-12-06,-0.0047310718220238135,-0.011073158414647843,-0.005718777104195882,-0.0039422555056675135,-0.010684998146720304
2023-12-07,-0.006462988413715287,0.012454469460859263,0.01757514752665057,0.02477545554444327,0.011032221874864856
2023-12-08,0.011930428963934148,0.006288511650781592,0.015387094015837821,0.019781285942271465,0.0067516913036693715
2023-12-09,-0.006006040855262462,-0.005188217317109944,-0.0076641664341997595,-0.009023445719977596,-0.005359077240107868
2023-12-10,0.0008388870966471451,0.0019359706732200443,0.005216413146057697,0.0068314139740464075,0.0017465453158782562
2023-12-11,-0.03639355485215079,-0.032014296390616925,-0.03013308913579915,-0.030774013824599766,-0.03498187469338587
2023-12-12,0.0026829007823059303,-0.002015467381237701,-0.003427019795610553,-0.004412883529793965,-0.0012044308647811697
2023-12-13,0.02237451472276053,0.02113148989519975,0.016980107833397984,0.01519554019713154,0.01961380011453473
2023-12-14,0.002032822627984432,0.00790385853578024,0.013439980926351458,0.01625785322966622,0.007695939662362594
2023-12-15,-0.01567757578801443,-0.01976959516577137,-0.019690863074881104,-0.01904315331556039,-0.019579068661484844
2023-12-16,0.004912380684855888,0.0036049502277211154,0.00471342145952347,0.004803117746028596,0.0036929417183100277
2023-12-17,-0.014990172964003956,-0.012427481619136538,-0.01284095022715781,-0.012745645457000299,-0.011524847000603633
2023-12-18,0.02161588581394458,0.014740943827477926,0.015631494908224353,0.0153120596479277,0.013567286912246512
2023-12-19,-0.006295863022351633,-0.009537038217826699,-0.008202916134413818,-0.008117398422999744,-0.010196785249222184
2023-12-20,0.023491328488079777,0.015964023079968914,0.024876960616697197,0.02822544943461658,0.013810737656577032
2023-12-21,0.002104103544789071,0.006017876623602314,0.02102378648808223,0.0277668711721637,0.004998875831868643
2023-12-22,0.0013864493012578638,0.011286911540797195,0.013960299162109502,0.013250807334024728,0.010011062985922026
2023-12-23,-0.0033777632064346808,-0.003921283349801019,0.005663343883095084,0.012688384844028677,-0.003406589550493999
2023-12-24,-0.01012566692255823,-0.010561357583239506,-0.0031729359541194935,0.0006177235756961164,-0.009971566906209817
2023-12-25,0.008874405006668473,0.00517943311596647,0.010269347417686925,0.015433400642346662,0.0050627397624434245
2023-12-26,-0.01687349782530445,-0.013732273548559881,-0.015073990734810083,-0.019504382696479805,-0.014488432253025874
2023-12-27,0.01479448870806288,0.02865454898862696,0.012053003451286015,0.00658944257472327,0.027968275661921282
2023-12-28,-0.013709862262643702,-0.010826428396334964,-0.010968190498809927,-0.013583451072944452,-0.011777270203249812
2023-12-29,-0.009200983038989197,-0.012201322676488435,-0.0033741072503832292,0.0011194771193334674,-0.011954604633612087
2023-12-30,0.0013271945352208991,-0.00024261655186552655,-0.003748227496424228,-0.006690709246184312,-0.00043903292295643936
2023-12-31,0.0025901390473297425,-0.0003467040221279971,-0.00011875408764838724,-0.00045254759797186406,-0.0005276774953284491
2024-01-01,0.0341810123398858,0.02773235264758611,0.02539344504208363,0.025445393083718848,0.0298996433764096
2024-01-02,0.013867192458693056,0.0076810314313369155,0.0022858897439748116,-0.0014210222630607339,0.009457836122684249
2024-01-03,-0.02714797346719955,-0.03086922723331431,-0.027067424367001713,-0.031027094441113956,-0.031388262404076106
2024-01-04,0.020193812335171257,0.017060319529768275,0.018309573749248464,0.018051461322725837,0.016548473593545943
2024-01-05,-0.0017985325816299857,-0.0012271597421378289,-0.004576320627031172,-0.007331102306736503,-0.0013503112694271957
2024-01-06,-0.002379412146438442,-0.0042510558967668866,-0.008528847474491563,-0.012176432369749857,-0.003776207159564393
2024-01-07,-0.0007241696743891524,-0.0032865278581218904,-0.005893533160598485,-0.00828372365393093,-0.0030874431207033037
2024-01-08,0.055726239206632,0.0429640813515082,0.03840179691089496,0.033972492984701175,0.04276714641829549
2024-01-09,-0.011033771575485463,-0.004938383004243652,-0.0015950229481659361,0.0005679749842417703,-0.004660973049781414
2024-01-10,0.007674381672881481,0.032221949514409154,0.022863166446898564,0.018476559933467973,0.02926129348428086
2024-01-11,-0.004143066876886592,0.001519693794759025,-0.0004645429028301562,-0.0021393572329726496,0.0012247910667404494
2024-01-12,-0.04128825919144341,-0.029319507172022252,-0.02837992740798423,-0.02635424342374193,-0.02981290925136182
2024-01-13,0.0006808677574916544,0.005103442210078413,0.006356530878488531,0.008852926716834464,0.006131411246856011
2024-01-14,-0.013036091943500971,-0.015536442661090444,-0.012308183843383835,-0.01192994971842165,-0.01725118879918175
2024-01-15,0.0063931246035200395,0.006647393846485938,0.006046255142294843,0.0052004139113384085,0.008635055700803251
2024-01-16,0.006984915575097617,0.010329983975559731,0.00958314881415756,0.010807120267056769,0.011483182682686666
2024-01-17,-0.004347352849111807,-0.007042685995754194,-0.0011082013357087694,0.0025378205233839157,-0.007942876911520291
2024-01-18,-0.015154112068826886,-0.014020196733085855,-0.01574271509457792,-0.018674440247640978,-0.014527551363351265
2024-01-19,0.00350384589756203,0.0039074143655368765,0.0020076688384236263,0.0009405802649633532,0.004711903119794192
2024-01-20,0.00042845858438078643,-0.0014790653329194159,-0.0015607692723793587,-0.002112041813025045,-0.002300651694549405
2024-01-21,-0.0013851384204860429,-0.0020089043751121416,-0.002810404405721223,-0.003860735179210484,-0.002566889097650793
2024-01-22,-0.02412232378441359,-0.024929851025652594,-0.022840077979064732,-0.024694118375488627,-0.02991003624550692
2024-01-23,-0.00019390723726753212,-0.00813297745093211,-0.0033268352818306424,-0.002310852268500252,-0.008308817888975528
2024-01-24,0.002541298263137648,0.00044311007893682586,0.004130821496854287,0.007005874431677217,0.0002720454505302783
2024-01-25,-0.00167551195173532,-0.002625669174764589,-0.0030591458782162073,-0.0041677007840996705,-0.002992566211291181
2024-01-26,0.02276410033019971,0.018084997620898546,0.01576630683506619,0.016610663708011675,0.018813534859194236
2024-01-27,0.002600720920572286,0.0014691869004523905,0.0024896543537371585,0.003930625797567977,0.0016394632371399265
2024-01-28,-0.001232148437424807,-0.0013761438265329495,0.000493252524534693,0.0017141885597766748,-0.0016587715163408623
2024-01-29,0.01773650160875251,0.0158159471916699,0.014514263727849475,0.017535809335557095,0.015231743990651525
2024-01-30,-0.0057564457219342335,0.0006835148938524327,0.0002281859079513726,-3.56428171748302e-05,-0.00047807092499319026
2024-01-31,-0.011195340317653124,-0.016257383098398193,-0.011714488667084688,-0.017435263478062013,-0.014288040372393507
2024-02-01,0.00848735104061804,0.006169772648027205,0.005795863981068461,0.005379503555588805,0.006009824371225214
2024-02-02,0.0022085094203867506,0.0018073798461906154,0.003431753881245836,0.0071508236836586025,0.0015864924393216295
2024-02-03,-0.0032912392779334,-0.0036637567930022374,-0.004499212170905431,-0.007979420765397816,-0.0030847200003517594
2024-02-04,-0.007003045898962279,-0.0041664310920959124,-0.005199593086588683,-0.008375125208767376,-0.004114129535304878
2024-02-05,0.000507150932664846,0.0016689542614016784,0.0021017992237424288,0.0022057264601811344,0.0014716534947969429
2024-02-06,0.005568626855128711,0.011506196770176613,0.008395522805507483,0.011627465287203709,0.011124565882775217
2024-02-07,0.017102632771772486,0.015209115474249746,0.01290424341060814,0.02090723519894877,0.016362977187533545
2024-02-08,0.012068793340415773,0.005858144336320814,0.004963603580017795,0.007745751527450828,0.005761802268178462
2024-02-09,0.02157652573782398,0.01941053043417651,0.016247051063411178,0.02022366068522774,0.01947223494807737
2024-02-10,0.006620585960585901,0.004913217553546678,0.00524897768639776,0.006130023717294764,0.004704122800484267
2024-02-11,0.005838624663838221,0.00373795984282288,0.0016071296464574836,3.5933065165139055e-05,0.0037235329665328276
2024-02-12,0.01710307632868635,0.02521032141514823,0.02110631395793794,0.022258398715009564,0.0231348235543698
2024-02-13,-0.0022633023737489433,-0.0029907612083101,-0.0016676704294658062,-0.0008622114476058984,-0.0029926129882879016
2024-02-14,0.021504065784124782,0.023485819897619775,0.021650611903881067,0.022589828885788865,0.023674179252398453
2024-02-15,0.0007703096771229934,0.004792130189983146,0.0010448811871544006,-0.001456401024257592,0.004676619857155728
2024-02-16,0.002214965902583854,-0.0006551114865973595,-0.002829325588494136,-0.00509936250092935,-0.0005289539422733691
2024-02-17,-0.004359029643034362,-0.0038772851625862303,-0.004114695439419225,-0.004634503018961844,-0.003962020659062926
2024-02-18,0.004501418072506258,0.011207173454014674,0.011160032580516122,0.012791085841418859,0.011066489887289865
2024-02-19,-0.003285504844685039,0.003917762146363746,0.0023880690771089785,0.00206522470922077,0.0036383449196326634
2024-02-20,0.0043966572856066755,0.00871425200944298,0.002605603577417792,0.0016583442951376703,0.008648351846572977
2024-02-21,-0.0037022940196070886,-0.0062102167512014805,-0.0064797036280984655,-0.009044177625478489,-0.006189691694915012
2024-02-22,-0.0050914531294735665,-0.0023070364936197407,-0.004530129299009755,-0.006342038000133554,-0.0026459329621202343
2024-02-23,-0.004965161153056896,-0.0063000076563585194,-0.00614683864175547,-0.0068624752678972945,-0.007151713471304388
2024-02-24,0.007555179192233252,0.009302336670430122,0.010132231043608497,0.012124716914318379,0.010550777170582837
2024-02-25,0.0014616334882251447,0.00950876057271377,0.006425237504012804,0.005655131691329585,0.011259208166147117
2024-02-26,0.024965149924756957,0.018123111084264787,0.019047967430374513,0.02103536231766423,0.019215332242303207
2024-02-27,0.022701572597031427,0.017111532901687543,0.011328831103878834,0.009109999595308116,0.017555712692500336
2024-02-28,0.042347405259905324,0.03439036182874089,0.030692700402667805,0.03704176621245869,0.03302811726330668
2024-02-29,-0.008307808759655533,-0.007657907009835041,-0.0011577562762249416,0.005309958916115187,-0.007886201067803689
2024-03-01,0.008092820008193335,0.010958140161519747,0.010754231737170938,0.0101557213487522,0.011042398989024482
2024-03-02,-0.0025587293438567027,-0.0022691826074663357,-0.0013065625920142265,-0.0008277347106347976,-0.0023428490209377317
2024-03-03,0.007214543045444222,0.008580970540395638,0.0064866726394792185,0.005391547486564008,0.008701937910032376
2024-03-04,0.03262473900670293,0.027944596641892305,0.023342317661447343,0.01930240953313689,0.02891859435566757
2024-03-05,-0.026426585567245975,-0.02077064691455266,-0.02133588405704101,-0.019022539516505232,-0.02035468265253093
2024-03-06,0.01322227209393434,0.017777770638168322,0.01625742052553769,0.01661119883466755,0.018288180671348186
2024-03-07,0.003326514624797383,0.004159214138401479,0.011766887948054805,0.014082161477476873,0.004337186239065094
2024-03-08,0.005758030105277312,0.004136003185396975,0.003541365803814367,0.003738651866324272,0.004526361620931896
2024-03-09,0.0008320358578861597,0.0014268028756752038,0.0006639499152969464,0.0005105921514911849,0.0014600114285863164
2024-03-10,0.0028254181513982513,0.0006083324543515456,0.0004925634289236758,0.0006323214110339759,0.0008387673084964131
2024-03-11,0.016359912647555097,0.01620304730419453,0.01430525585547815,0.014660377280427461,0.016949132239646003
2024-03-12,-0.0031764736774477775,-0.005154606841299425,-0.002154856440651831,-0.0015124921363455224,-0.0052430425432394845
2024-03-13,0.008247312461323597,0.005339565492383347,0.012204742366969112,0.01450168992550771,0.0058024362634225835
2024-03-14,-0.008498230818963282,-0.009528377278638755,0.0016863581696269225,0.0042471393917864475,-0.009887072534885188
2024-03-15,-0.01094233021632085,-0.010852706778986532,-0.005663770885533825,-0.003950849950914104,-0.011261483045905796
2024-03-16,-0.018509223652429685,-0.02055969976271521,-0.014733854328151663,-0.01447650948905721,-0.018403194649376897
2024-03-17,0.013889679031624524,0.013753023092902161,0.016627435171277627,0.019901945547362798,0.012112738414318258
2024-03-18,-0.0034703726174459826,-0.007396118450379241,-0.0071579919906444855,-0.007793064672365069,-0.006876499821272364
2024-03-19,-0.02294942935954547,-0.028722136983232116,-0.03049428760569617,-0.03175963112428193,-0.027850989954658845
2024-03-20,0.022081087564823187,0.02757326850031183,0.030217278929343117,0.02832269733500925,0.02901897709718715
2024-03-21,-0.008561089026537627,-0.005384685855478688,-0.009522472570044571,-0.009869241107630322,-0.005972760794172638
2024-03-22,-0.006292430093944201,-0.00783499543335131,-0.009334677321231166,-0.00825262853659503,-0.007991825755825022
2024-03-23,0.0007183213438901603,0.00018543176078478218,-0.0007870982155296913,-0.0013816663133725537,0.00026406057593098
2024-03-24,0.011952836998221139,0.009995568743663696,0.013982431824290265,0.013093871123828205,0.010714925759788052
2024-03-25,0.009794269840868175,0.009105387372291496,0.01080647393948131,0.009219585030990185,0.009612430408655337
2024-03-26,0.0003922908601763364,0.00012197005197833732,0.0006444353757730781,0.0008379338007029613,0.000163098061721767
2024-03-27,-0.001881015854093726,-0.0034478386691874086,-0.004934431010688245,-0.004995867986518854,-0.0033975425591661335
2024-03-28,0.004768101301186878,0.004239574489099285,0.005351421584299576,0.004751431773668102,0.0045019329951814235
2024-03-29,-0.0036959955537548828,-0.0032414729330637604,-0.002313866146870347,-0.0010123137903632617,-0.003404730562864944
2024-03-30,-0.0011962534924944146,-0.000638633664091004,0.0001813718510097484,0.0007929668315183047,-0.0007120079738196505
2024-03-31,0.007577387128827384,0.00749050398892015,0.0101665232736039,0.009883739642966738,0.008046817430259923
2024-04-01,-0.007220884751238388,-0.009128872935325383,-0.010698183530537753,-0.010814338433243864,-0.009487160759278357
2024-04-02,-0.018675564560326374,-0.017751069502881855,-0.018132111178297383,-0.016117196503368292,-0.018828080003443493
2024-04-03,0.002270045086165462,0.0023749266355712617,0.0031819395355583424,0.003323777333597233,0.002503272970621584
2024-04-04,0.011451805404522952,0.0057177207533616325,0.004843265449178347,0.002642333929527174,0.00650572070669142
2024-04-05,-0.002992183198021414,-0.0017251711302890271,-0.00506571657086019,-0.0062715653575369235,-0.0019256711269647342
2024-04-06,0.005581596832874958,0.004349462032919638,0.004602477691411089,0.004449744017090307,0.0038829801898492278
2024-04-07,0.0024184780767968483,0.005674251570065847,0.004169931264023541,0.0036191057099093094,0.005365780225537575
2024-04-08,0.011739341056444141,0.016396878378171387,0.011617227511587336,0.00929637953209328,0.015161426253156973
2024-04-09,-0.01270402353589617,-0.014511203238952053,-0.01295081892647143,-0.011974726167676808,-0.013267476232041164
2024-04-10,0.007724032217842902,0.0056947779187315195,0.004239999343540468,0.0031403183101648136,0.0049979829822077715
2024-04-11,-0.0032249900990487523,-0.0035106224574663614,-0.0027533789057136993,-0.0023098423783730615,-0.0031958585636854275
2024-04-12,-0.014962691820521012,-0.01908709806093678,-0.02011800207243153,-0.020561842348302495,-0.01755957489379345
2024-04-13,-0.014352835803120967,-0.018787216751751434,-0.018389617426706195,-0.017888327520762082,-0.017100527501632712
2024-04-14,0.007954937057505163,0.010694529231092709,0.01270291161974435,0.013252906030712053,0.010446865397214733
2024-04-15,-0.01127475320745297,-0.008009372203852783,-0.010662684064932648,-0.011122084050861236,-0.007457327046403117
2024-04-16,0.0018993245557630267,0.0001711154586951924,-0.0006833279913108781,-0.0013519142271684048,0.00010789184420856301
2024-04-17,-0.012773645954962998,-0.010787838945366168,-0.009514493607526875,-0.008025786838200433,-0.00984135265625874
2024-04-18,0.013270046086286458,0.009186675397461652,0.01061649675127474,0.01054926519030519,0.00702677444191524
2024-04-19,0.002058783610430881,0.0005402705368076077,0.0005969307133371071,0.0004312408706841353,0.0008760180841631549
2024-04-20,0.0066289222687732074,0.007257185888931428,0.00846980286945076,0.008893415812470717,0.005920918355160287
2024-04-21,3.2850671296547063e-06,-0.00035439629167999254,-0.0011522916483398538,-0.001579053863755231,-0.00018678986255205032
2024-04-22,0.01101766832463369,0.007076427729020507,0.008244474296419835,0.00812675171416144,0.007209698594362823
2024-04-23,-0.0023517658715080936,-0.0001846207113777032,-0.001022682688601062,-0.0015411575235120267,-0.0008391572136001724
2024-04-24,-0.012706127105294285,-0.008787172516011132,-0.008988208854092017,-0.009984467183208556,-0.008547509522994767
2024-04-25,0.0012281480587201798,0.0011904439608825257,-0.0002597420791289329,-0.0008713830062613281,0.0010164023204735084
2024-04-26,-0.004279759752422341,-0.002927419766312056,-0.00425259920181964,-0.005222655468534287,-0.0028952902405314784
2024-04-27,-0.0018178032347377915,0.004681389784078727,0.0039313728588519226,0.005797507130896884,0.0017821892455813781
2024-04-28,-0.0020299892434351152,-0.0005263441231747601,-0.0016782236326409183,-0.0035507807517771717,-0.0007263994878473623
2024-04-29,0.004427596316204374,-0.00014831996165654004,-4.5523590034401984e-05,-0.0007910864427097541,0.00019138916520877736
2024-04-30,-0.022146738204752214,-0.019981898146221422,-0.016398210401292745,-0.0249696333089372,-0.02000966201822718
2024-05-01,-0.014495388411611021,-0.010648257123424543,-0.003313882293221271,-0.007494979963283965,-0.009402828635522553
2024-05-02,0.0018975112974422004,0.0012595559563732817,0.0021840722884791663,0.0021279401686578048,0.0012379897371768145
2024-05-03,0.012027610297640656,0.007839904172405099,0.009356436358563425,0.00813817960323604,0.007657244372021088
2024-05-04,0.00431468635821286,0.0013164577567483793,0.0022456557500680763,0.002159321967801331,0.001625616659602036
2024-05-05,-0.00018689683103756405,0.0010997836472563804,0.0005642275732617996,0.0003141425562391831,0.0006813450771800955
2024-05-06,-0.003909359593482042,-0.0051273155781176305,-0.00028383811668653003,0.000909278952113679,-0.003519971020307322
2024-05-07,-0.0037332994709646794,-0.004443728430323368,-0.004301648916368972,-0.004782553261815425,-0.0031928971388298644
2024-05-08,-0.004915431780121993,-0.003995236319586648,-0.004192634887335678,-0.004553319039341086,-0.0032937466796952863
2024-05-09,0.008303025429733824,0.007136278197928725,0.007567974592469717,0.00823902586472447,0.005746800150520537
2024-05-10,-0.013709815158637562,-0.011684863418116143,-0.011047450451373342,-0.011815368556650885,-0.008505268931134013
2024-05-11,6.5607636380971e-05,9.132269892253575e-05,-0.00013028625431754648,-0.0002374196965702069,8.485711733352552e-05
2024-05-12,0.001294961192441102,0.000775691986798499,0.0003014262265554901,-2.7001532809656226e-06,0.0010039703596853577
2024-05-13,0.00385810482286586,0.0017681593548275476,0.003630832139771112,0.0037424986572991426,0.002387440305972044
2024-05-14,-0.007611700551665712,-0.007053776592049421,-0.006755338542722478,-0.007777594819697198,-0.005265460149922574
2024-05-15,0.028303704274085684,0.022749742356979574,0.020986146343734413,0.030411927156991148,0.01690041474152637
2024-05-16,-0.007865122613374131,-0.0106782451885713,-0.006972998257161911,-0.008228747028071526,-0.005789385072526576
2024-05-17,0.013839846440186987,0.016535285739951666,0.018154250533747973,0.02073226098088532,0.00934483455841506
2024-05-18,-0.0008636476164874951,0.0017436874767637889,0.0032667943338957617,0.003994297314409145,0.0002654870278790966
2024-05-19,-0.00509412577237256,-0.005748467021298942,-0.0055409505055712405,-0.0061482431519459535,-0.0032958836818369752
2024-05-20,0.04130576433335453,0.061944067509110745,0.05103956788162112,0.055303450363114015,0.033585571254200364
2024-05-21,-0.009956140624447718,0.0012095526683868485,-0.0024949741134951964,-0.004387762905975978,-0.00011882730317946955
2024-05-22,-0.006900470463971686,-0.005166464204435228,-0.004914911826312096,-0.005476992743880138,-0.00567929263107203
2024-05-23,-0.008053845888081224,-0.001756685794037871,-0.0017029580069345407,-0.00108965374229264,-0.002106015686703211
2024-05-24,0.0056241142906852115,-0.0005364306618583781,-0.00503461622146717,-0.008873048981840714,0.0008290510535622353
2024-05-25,0.0060461889644845,0.0031639636706144447,0.0032237466058155917,0.003122479555155433,0.004226955132336618
2024-05-26,-0.00635328166567628,0.000548987002945589,-0.003323497921086549,-0.0024912235726728404,0.0008107952385747463
2024-05-27,0.007585135038666868,0.006455325802076972,0.009185077672787756,0.01116119996875553,0.007804144105288957
2024-05-28,-0.008413799360503571,-0.006079026234423135,-0.005426962347411912,-0.005747337255164853,-0.007225265231470157
2024-05-29,-0.006097740668983276,-0.006139221528738248,-0.004670787254328124,-0.005458883295195727,-0.007520870658605183
2024-05-30,0.005755019737116784,0.0019203090557575742,0.00053610815847982,-0.000725656945773534,0.0020123185800040577
2024-05-31,-0.006641303042290048,-0.0025723705334804725,-0.002790407118498095,-0.002150200094487853,-0.0027884141590641676
2024-06-01,0.0018673479173776375,0.003464932727329506,0.0025621398295974096,0.0034173858836883397,0.003971315404138753
2024-06-02,-3.3000469906063756e-05,-0.0019706939935328904,-0.0030084988610754593,-0.004720004134306843,-0.0019331001016161808
2024-06-03,0.009367428677539591,0.003307663534304117,0.0038409241696033547,0.003911607360797875,0.0038447643634849094
2024-06-04,0.013895226662508975,0.009171814321647487,0.010920083238140199,0.013124920804655549,0.009979913837751875
2024-06-05,0.004499881211669221,0.005312451715077771,0.00442416437344173,0.005725303431318496,0.0055259905375217855
2024-06-06,-0.002406775370260794,-0.004100418726290966,-0.004620116210785841,-0.006251698857751897,-0.0041889187891647195
2024-06-07,-0.0102020731109278,-0.013097983020545989,-0.013127206140558512,-0.017060357819203897,-0.013643235576964452
2024-06-08,-0.00032232848935820346,6.620114558097967e-06,-0.003146399284908008,-0.004193266986219912,-0.00011382536407467114
2024-06-09,0.002412028778982611,0.002722120184888155,0.004592114243181289,0.006025759474438397,0.002523133454657156
2024-06-10,-0.0007705791286909403,-0.0025904463091223073,-0.0034840291288467107,-0.004873996997995844,-0.0017185112399145108
2024-06-11,-0.01542641951560153,-0.017921209490163292,-0.017622283529274863,-0.022798979555094023,-0.015057275078003918
2024-06-12,0.007284790891998849,0.007010308340107185,0.007907518114385503,0.010517203303046063,0.005541918959998782
2024-06-13,-0.011367669842421657,-0.011220051271297105,-0.011176239280244582,-0.014729955668480454,-0.011056207072986268
2024-06-14,-0.0077533367570312706,-0.00634980159456644,-0.004638187107313785,-0.008620652152430575,-0.005753758257477037
2024-06-15,0.0006771386541908342,0.0030257313878789827,0.004548359749161568,0.003651214674709191,0.005103465811687968
2024-06-16,0.002191539868336312,0.00259122625096575,0.006198161805990532,0.005079478148600991,0.00396474957622428
2024-06-17,-0.000841026743754747,-0.0037759458746183805,-0.009022046326718658,-0.0073061605167242805,-0.006549615026329669
2024-06-18,-0.007000142722687008,-0.0035099306674590824,-0.006613553077315815,-0.005557363273659077,-0.005596165080887006
2024-06-19,-0.0008212905555816663,0.001957185430552899,0.0013557063887905674,0.000561442755452557,0.004261984836648969
2024-06-20,-0.0004269558212014468,-0.0016579624963326545,-0.002237122092835331,-0.0024111472894936536,-0.00312077640375219
2024-06-21,-0.00344900144464122,-0.0012897677165825128,-0.00074892797488324,-0.00016727036470043366,-0.0011226727499504818
2024-06-22,0.0003807988974633414,-0.0004594839661529182,-0.00048660297700731103,-0.000906507470969653,-0.0011650114646221121
2024-06-23,-0.0033807340649507633,-0.004406150795231323,-0.004185953927316688,-0.005885055938342432,-0.0067341371333641264
2024-06-24,-0.007649997016553334,-0.007464795434947602,-0.0029677508242006434,-0.0036805332316591777,-0.008464685394251048
2024-06-25,0.002061300661358123,0.0014347630668911648,0.0027257781173968265,0.001563685083592059,0.002589731966158304
2024-06-26,-0.00127964713427009,-0.0008646962766069022,-0.0007145253513963779,-0.0005321723801758882,-0.001815763649392621
2024-06-27,0.0011457537107126825,0.001330720637205518,0.005800803157498091,0.0033638340087278618,0.004007846084214561
2024-06-28,-0.0017389818707128635,-0.0015424587335359785,-0.004788540835756305,-0.002866918321832501,-0.004581068703004898
2024-06-29,0.0007613661005212435,0.00036729789461698026,0.0003125120013309779,0.0002594035831551267,-0.00019331179690929012
2024-06-30,0.00243049103583437,0.0017840347200690498,0.0037816107126575904,0.0023731455663908996,0.003772167349027633
2024-07-01,0.00017380543722933517,0.0001255980768819498,0.00013938318365047664,9.593302179689012e-05,0.0002848348015649371
2024-07-02,-0.0010380890921355412,-0.0007187415552474263,0.0017141988241060613,0.000865314711276044,-0.0015400459764391972
2024-07-03,-0.0026191101881196666,-0.0025156138181632315,-0.007064537708732721,-0.004227775531376432,-0.006101494222939818
2024-07-04,-0.0034130278796762337,-0.0030432943838435422,-0.006039005826924737,-0.0037184354892196847,-0.004857413727634929
2024-07-05,0.0,0.0,0.0,0.0,-4.1051216275178604e-05
2024-07-06,0.0,0.0,0.0,0.0,0.0
2024-07-07,0.0,0.0,0.0,0.0,0.0
2024-07-08,0.0,0.0,0.0,0.0,0.0
2024-07-09,0.0,0.0,0.0,0.0,0.0
2024-07-10,0.0,0.0,0.0,0.0,0.0
2024-07-11,0.0,0.0,0.0,0.0,0.0
2024-07-12,0.0,0.0,0.0,0.0,0.0
2024-07-13,0.0,0.0,0.0,0.0,0.0
2024-07-14,0.0005566112174169024,0.0,0.0,0.0,0.0
2024-07-15,0.004624881550071125,0.0,0.0,0.0,0.005157410856109879
2024-07-16,-0.004235968616720598,-0.00721199976257858,-0.007937753500861011,-0.010393649594871879,-0.005422429592691458
2024-07-17,-0.006353002202382885,-0.0058891541328286445,-0.006734767057167357,-0.00875877105624756,-0.008078647882971413
2024-07-18,-0.007812124847163648,-0.004779257837369433,-0.00444829185998441,-0.0053430572458725845,-0.002414502284163289
2024-07-19,0.005305079980870264,0.0025610754794223034,0.0018314187749035593,0.001973918705033606,0.00722843210807711
2024-07-20,0.005109157473019321,0.003151972117722446,0.006022912224627142,0.008494777822227517,0.003409455874905154
2024-07-21,0.013146988275413607,0.008000661471678772,0.014420756385592481,0.023588803644813527,0.008005923634243128
2024-07-22,-0.008001106277053416,-0.013472506188013322,-0.013889939152544772,-0.019027188973638642,-0.013774290695074187
2024-07-23,-0.020325520589038026,-0.005224739065998407,-0.008173235429537296,-0.012855622989564108,-0.005687407742562489
2024-07-24,-0.007279855822479697,-0.021161921321433796,-0.00905839768093708,-0.005686365725162124,-0.01938225032885066
2024-07-25,-0.005754681266156969,-0.022121533543684846,-0.018770991638976553,-0.02595935270404781,-0.008218419150851308
2024-07-26,0.028176892331830627,0.02572705741590764,0.028026745811699616,0.03761985971759807,0.014136348434787616
2024-07-27,-0.0009287382783038645,-0.003036781329601279,-0.0011980662851097668,-0.0009226022775304932,-0.0006197693892596723
2024-07-28,0.004918149348766221,0.004787186024668877,0.004116192555026155,0.0050668318844768745,0.002803391222160778
2024-07-29,-0.02046728343765092,-0.004143564728075866,-0.004973338537266558,-0.005932143100358278,-0.010912740816636735
2024-07-30,-0.007913760119136803,-0.0083956729574034,-0.008848497012222234,-0.011730590497426086,-0.004590192059432674
2024-07-31,-0.020854956803348812,-0.015815005788900383,-0.017719640145991367,-0.023639805754678944,-0.011233626777911399
2024-08-01,-0.006602773715934651,-0.009393846244746706,-0.011311134568630976,-0.015449335531499853,-0.0040574603156485756
2024-08-02,-0.025758984109362837,-0.027752400887642303,-0.02832864235672894,-0.03599703392088538,-0.012923611334790364
2024-08-03,-0.002563055350903065,-0.003452888823896494,-0.004555315145236105,-0.006259354391184857,-0.0012786270391973442
2024-08-04,0.0,0.0,0.0,0.0,0.0
2024-08-05,0.0,0.0,0.0,0.0,0.0
2024-08-06,0.0,0.0,0.0,0.0,0.0
2024-08-07,0.0,0.0,0.0,0.0,0.0
2024-08-08,0.0,0.0,0.0,0.0,0.0
2024-08-09,0.0,0.0,0.0,0.0,0.0
2024-08-10,0.0,0.0,0.0,0.0,0.0
2024-08-11,0.0,0.0,0.0,0.0,0.0
2024-08-12,0.0,0.0,0.0,0.0,0.0
2024-08-13,0.0,0.0,0.0,0.0,0.0
2024-08-14,0.0,0.0,0.0,0.0,0.0
2024-08-15,0.0,0.0,0.0,0.0,0.0
2024-08-16,0.0,0.0,0.0,0.0,0.0
2024-08-17,0.0,0.0,0.0,0.0,0.0
2024-08-18,0.0,0.0,0.0,0.0,0.0
2024-08-19,0.0,0.0,0.0,0.0,0.0
2024-08-20,0.0,0.0,0.0,0.0,0.0
2024-08-21,0.0,0.0,0.0,0.0,0.0
2024-08-22,0.0,0.0,0.0,0.0,0.0
2024-08-23,0.0,0.0,0.0,0.0,0.0
2024-08-24,0.00022591427512441697,0.00022451584123617252,0.0028358793079439337,0.004128804093797456,0.00011295713756220849
2024-08-25,0.0002689188195077463,-0.0007569406900241882,-0.00117040578069183,-0.0015813585261261753,0.00012765142936710383
2024-08-26,-0.006974465625851023,-0.0068472204429241845,-0.0060254569423675575,-0.006400936187719641,-0.0035199353035548775
2024-08-27,-0.00015595499167431193,-0.00014390694946053717,-0.00024673290979604356,-0.00023487155653212355,-7.791798941170214e-05
2024-08-28,0.0,0.0,0.0,0.0,0.0
2024-08-29,0.0,0.0,0.0,0.0,0.0
2024-08-30,0.0,0.0,0.0,0.0,0.0
2024-08-31,0.0,0.0,0.0,0.0,0.0
2024-09-01,0.0,0.0,0.0,0.0,0.0
2024-09-02,0.0,0.0,0.0,0.0,0.0
2024-09-03,0.0,0.0,0.0,0.0,0.0
2024-09-04,0.0,0.0,0.0,0.0,0.0
2024-09-05,0.0,0.0,0.0,0.0,0.0
2024-09-06,0.0,0.0,0.0,0.0,0.0
2024-09-07,0.0,0.0,0.0,0.0,0.0
2024-09-08,0.0,0.0,0.0,0.0,0.0
2024-09-09,0.0,0.0,0.0,0.0,0.0
2024-09-10,0.0,0.0,0.0,0.0,0.0
2024-09-11,0.0,0.0,0.0,0.0,0.0
2024-09-12,0.0,0.0,0.0,0.0,0.0
2024-09-13,0.0,0.0,0.0,0.0,0.0
2024-09-14,0.0,0.0,0.0,0.0,0.0
2024-09-15,0.0,0.0,0.0,0.0,0.0
2024-09-16,0.0,0.0,0.0,0.0,0.0
2024-09-17,0.0,0.0,0.0,0.0,0.0
2024-09-18,0.0,0.0,0.0,0.0,0.0
2024-09-19,7.121616143068721e-05,-0.0005569302294754497,-0.0017892795366969416,-0.001953559119974635,3.845237638344656e-05
2024-09-20,-8.48829954258612e-06,0.0038401803637171383,0.0049502537334848995,0.006044930183785491,-2.8910474890730953e-06
2024-09-21,0.0005390708574481984,0.002714351560638484,0.0029551066105057977,0.0036603790802054448,0.00026957075655031915
2024-09-22,0.0013196706944935688,-0.0005361423149005118,-0.002337965543620091,-0.0033062676083545073,0.0010061045780764832
2024-09-23,-0.0014650961773036153,0.002488027940628079,0.0015707755078469,0.0018902387685020283,-0.0007523410737048097
2024-09-24,0.0056700691170963324,0.0032055598327076495,0.005625262190600777,0.009095415427415876,0.0029095585499394616
2024-09-25,-0.01075327919935809,-0.01229961028298543,-0.012524976382251585,-0.015642427471316167,-0.005377081666901762
2024-09-26,0.019945247374047126,0.013207413658369305,0.014969127984622022,0.018859886933779713,0.009355630395759151
2024-09-27,0.0077987826893370915,0.0122900335896583,0.010664006545015203,0.013105842300917603,0.003918842862614014
2024-09-28,0.0011433132547302716,-0.001985121951519231,-0.0023690534427379673,-0.0032677441345221325,0.0005767286053182108
2024-09-29,-0.0035410639394857224,-0.004010401549223164,-0.0006630383320673783,0.0001439119709139014,-0.0018065451003004274
2024-09-30,-0.031216605472496495,-0.02450137419473597,-0.021370227578679346,-0.024508860653831177,-0.015981456971388308
2024-10-01,-0.02524083351353068,-0.031046479436128593,-0.029342837006006928,-0.03702182205543991,-0.012693656507068662
2024-10-02,-0.0038104697925320785,-0.006688483815390001,-0.006988597457759371,-0.00916145688951242,-0.0019050854185957977
2024-10-03,-0.0022979489924180863,-0.002717536329604142,-0.0019349807571884536,-0.005082182598383556,-0.0011488833945731969
2024-10-04,0.0030561067775698447,0.002683997718500697,0.00178933181233365,0.003982916020774052,0.0015280533887851444
2024-10-05,-0.00010657979989303623,-4.326275852217787e-05,-2.886759673570438e-05,-0.0003895745556076191,-5.337120551973662e-05
2024-10-06,0.0029004596781447844,0.002470281525357443,0.0023816868637753785,0.003961263885451594,0.0014523652001010579
2024-10-07,-0.01896081445847486,-0.017240774848144236,-0.017773165480204134,-0.02276777029614463,-0.009616130737427397
2024-10-08,-0.0009657158437634816,-6.087849394353917e-05,-0.0005720962940187757,-0.0008306017718331393,-0.00048351687196945825
2024-10-09,-0.0057876813787186565,-0.005666348711093061,-0.005200390937551647,-0.006492681808842549,-0.002892444607325184
2024-10-10,-0.007230320644333821,-0.005226847923743172,-0.0052335434249508594,-0.006549869178200773,-0.003615175069097476
2024-10-11,0.0031902542004293988,0.0018416220499590796,0.0007852053655721392,0.0025733685945246165,0.0015995181714798523
2024-10-12,0.002876374901365386,0.0034609219857402174,0.0028484381868734143,0.0027642663688576263,0.0014164885681609007
2024-10-13,-0.004340958875524437,-0.002775398349651681,-0.0010205249151957752,-0.0014089877483796087,-0.0017868409709401734
2024-10-14,0.0390558156284202,0.03913444709377023,0.03666281418828565,0.04515029196683762,0.01947079139357455
2024-10-15,0.014316325063908009,0.0038082174447509054,-0.00127518051416331,-0.00369706770374012,0.00726896447689418
2024-10-16,0.00778119628228624,0.004485207134067526,0.002362725583185288,0.002103875659840604,0.003978463048627923
2024-10-17,-0.002803885494339964,-0.0022102687714324887,-0.006582570025937318,-0.009273304344053823,-0.0014390341029397735
2024-10-18,0.014272605454295206,0.012654883682183371,0.014576595965163586,0.01844639763827849,0.007315096592548365
2024-10-19,-0.000699238969040783,0.0005322342270133174,0.00684561358730007,0.010248452821055132,-0.0003608542141519955
2024-10-20,0.009152305515932602,0.01915836335344534,0.022949841176144625,0.030012127101040065,0.004721604761242393
2024-10-21,-0.022943878340073276,-0.023095861906560433,-0.017020041445462875,-0.01924130896965337,-0.0137157272252878
2024-10-22,0.0006883747203794144,-0.006137401865167091,-0.0021971918801190204,-0.0021520195609487924,0.00035335595274399445
2024-10-23,-0.010741896158058428,-0.021169882298767484,-0.008922309098275405,-0.008715102823809828,-0.0055158680653001335
2024-10-24,0.021931134381504513,0.0131327269139625,0.01689811169277755,0.02120073791359367,0.011202263261872902
2024-10-25,-0.021044075682973395,-0.026978879236461806,-0.03248155251789475,-0.04205026339391793,-0.010863208907399446
2024-10-26,0.00565275123231701,0.010226356464531738,0.01425791599102988,0.01919907769554241,0.0028879849976548577
2024-10-27,0.013238218703298221,0.01119428268908007,0.014832984532108684,0.01892324095656628,0.006996768105421269
2024-10-28,0.027292681686536868,0.024293188641039354,0.018516982600053078,0.01928618433336493,0.01619920904252159
2024-10-29,0.03798179308785854,0.031576609308659576,0.022731795347836536,0.023044093495276252,0.022891906687461994
2024-10-30,-0.005166278225899101,0.0005922182592266179,-0.005189516327617993,-0.008012785552322654,-0.00270054159299582
2024-10-31,-0.027216214950275264,-0.03679342411720132,-0.03350124070597249,-0.03690703644480575,-0.0191397739985113
2024-11-01,-0.010849073255823738,-0.0068793773910946765,-0.008018558332294812,-0.009655334347785427,-0.006535061666907871
2024-11-02,-0.001670976681255154,-0.0037816741193300585,-0.0025680784430510695,-0.0024863375625231443,-0.0010021609023244116
2024-11-03,-0.008263972076907322,-0.010499595386621485,-0.012118854928029554,-0.014441069260215045,-0.005680308742489815
2024-11-04,-0.012886911041732563,-0.01693541278868349,-0.017934541576509977,-0.02090954792109201,-0.007515914418886549
2024-11-05,0.021458282861999356,0.015533328733422724,0.02241194194280194,0.028375410483606034,0.011083382671579267
2024-11-06,0.08415941590485998,0.09279675912548058,0.08888968544488729,0.10343555623273071,0.04780729547207607
2024-11-07,0.0032146591315762585,0.025329148579860572,0.02605628063461607,0.028981903052366587,0.005496856800014438
2024-11-08,0.007306362626595453,0.012432842174407321,0.01146506132239189,0.012166305256644083,0.007492406093806858
2024-11-09,0.0019056427088974814,0.022634744442749044,0.01493242533624306,0.014758982286782851,0.015063490681707314
2024-11-10,0.04401603839528967,0.029680344297030814,0.027244394048999254,0.02830093522260113,0.02959042331654338
2024-11-11,0.09135326883957262,0.07081948341253685,0.05499907487852962,0.05401402530404309,0.07081496086510253
2024-11-12,-0.006125849277527462,-0.016199093192692082,-0.020563553361567788,-0.02370491390027707,-0.015637924584759988
2024-11-13,0.023567872127019163,0.00706549523571498,0.00884962999077854,0.009080832485468981,0.009535494065022299
2024-11-14,-0.021799911580903553,-0.0229498002866374,-0.020581916234246544,-0.019351050937028047,-0.026362781228155385
2024-11-15,0.024772680742627617,0.017580139972844355,0.0193784725224595,0.017930434314517463,0.020970664090793845
2024-11-16,-0.0029095288458673707,0.001926675698607161,-0.0007732322864929531,-0.0007242874040076508,0.0019000107879989514
2024-11-17,-0.00531144629783975,-0.007746789654875519,0.012683471966086213,0.013810351076009697,-0.008786119399190273
2024-11-18,0.00439836902549362,0.013791853817253674,0.01113729285645304,0.011212802183667492,0.015345626512699884
2024-11-19,0.01329892401579702,-0.0013328986918167418,-0.0028304318099515724,-0.0038965715347617502,-0.0006206096243851489
2024-11-20,0.014041600383736252,0.004535025554750716,0.0013680199071903765,0.0001270159294757267,0.005835307157566083
2024-11-21,0.028248138949584334,0.03997346778804545,0.04024769817436691,0.04334934732852114,0.04532441312321178
2024-11-22,0.0038771457055186698,-0.00013543781239255814,3.5234447263610136e-05,-4.995178510380782e-06,0.00010018843754844298
2024-11-23,-0.008928705076279853,0.0008316419466252167,-0.0001911848487643475,-0.0003283169737712255,0.00037679727193307144
2024-11-24,0.0017557778373182842,-0.0017452795881236494,-0.002631814977524072,-0.003167970897978045,-0.0018705379753518603
2024-11-25,-0.03884638489357528,-0.01624294413024152,-0.019405651079330122,-0.022055501474770978,-0.017248598686086414
2024-11-26,-0.007761000472369939,-0.013388759625925228,-0.010068902371602406,-0.010364986583585867,-0.01286457330866364
2024-11-27,0.030161371839222628,0.04999779109624369,0.03651711326081686,0.03722227688967217,0.04804229155921491
2024-11-28,-0.0016459301644838886,-0.007990242813008641,-0.00743151048905899,-0.008261782093870407,-0.007456354640167695
2024-11-29,0.013662985272574257,0.009011013340586738,0.008523751458760831,0.009201694234054036,0.00926204549564913
2024-11-30,-0.008493467687022305,0.006118321182971842,0.000290719103051007,-0.0004224802835184338,0.00504506872737287
2024-12-01,0.006705921939936799,0.003519361093134332,0.0022827789093176065,0.0012692385201089618,0.0037577745822103825
2024-12-02,-0.011521505671807541,-0.012374055496742753,-0.016493480871879518,-0.018535048591596714,-0.011411276120262825
2024-12-03,7.862653060741742e-05,-0.002703864847264259,0.004871558413906518,0.006953710081667008,-0.002480380689647066
2024-12-04,0.02518182119877399,0.034402189058071464,0.017689201360067353,0.015031081912311173,0.03165370496446096
2024-12-05,-0.008709645420073686,-0.012454876295629025,-0.0026731067205421066,-0.00031483709009239025,-0.011511729665142578
2024-12-06,0.018064095332081198,0.03076764647722663,0.02159237790769919,0.020374481721261217,0.030465664990553476
2024-12-07,0.0006491790894274097,0.00010545368026604329,0.0010887526474605558,0.0013597925648169973,0.00016417521356593134
2024-12-08,0.009451255780018819,0.005556360581221886,0.0032887258144917997,0.0025108582458475137,0.006049025279422748
2024-12-09,-0.02840727788799835,-0.040726225162128316,-0.043341027524231635,-0.0462734487349622,-0.04022150739196484
2024-12-10,-0.008328950651356193,-0.012149653937812532,-0.009482343985846575,-0.01107024989698202,-0.011344753795409113
2024-12-11,0.032302404491495684,0.03416116562732174,0.03457963541341713,0.03604051153613619,0.0353750760039826
2024-12-12,-0.007863115293839873,-0.00048735692723511637,-6.044531293980526e-05,0.0002347865063530019,-2.3912921466973103e-05
2024-12-13,0.01004166922090155,0.007393329864873621,0.003196062512405229,0.0020688200109839627,0.007458487357393961
2024-12-14,-0.0002469326831174845,-0.0027975833324372923,-0.0059138419749757976,-0.00706148554449304,-0.0030649384078540454
2024-12-15,0.023788353161884768,0.01843552832676143,0.015945627748862767,0.015726374089729545,0.019449233409299937
2024-12-16,0.012515337829142936,0.008030102822363272,-0.0008736213001779847,-0.0034982858584670096,0.008890466860592028
2024-12-17,0.0005819617032207791,-0.0066576861376222984,0.00018661211010462253,0.0019787915679621015,-0.007282611374089032
2024-12-18,-0.04593591716781564,-0.04569833412685198,-0.04225780699124315,-0.043772377715106336,-0.046566285868548385
2024-12-19,-0.017248068696079644,-0.02754528937775602,-0.02966505133504782,-0.03163723583951272,-0.02595460665536342
2024-12-20,-0.0020688840003676434,0.0016262106515565478,-0.007812828269640137,-0.010567437508087862,0.003812681056731826
2024-12-21,-0.002740978233293667,-0.008483766442359486,-0.013213447182153115,-0.01713374073779783,-0.008209668108869583
2024-12-22,-0.011271976552847618,-0.008742495201799816,-0.006766594518081703,-0.006600424642368319,-0.008697411526088827
2024-12-23,-0.0016502037656878077,0.006811513078657461,0.0104191536708238,0.013826313145870905,0.0064807376805253725
2024-12-24,0.020333708733621725,0.014014034026699207,0.013607880778853998,0.014582149522133214,0.014008532863612588
2024-12-25,0.003946972935738868,0.0022412874553012774,0.0017369749750897334,0.0015988054511706373,0.0028003506526426136
2024-12-26,-0.021412939863541314,-0.018251661526095808,-0.017887322384598225,-0.019802506103434703,-0.01988196013283261
2024-12-27,-0.0090608326994015,-0.004119258986757357,-0.00508563675433904,-0.005770905416110694,-0.00501020650731232
2024-12-28,0.005403924691511408,0.0065437055992687565,0.01081566558301561,0.013923393721916755,0.006425665225899602
2024-12-29,-0.009464193586940506,-0.006775481535205463,-0.0077708989904333725,-0.00896914659803083,-0.006726263291718326
2024-12-30,-0.005788259736923207,-0.0022787603022285108,-0.0007716713485700355,-4.204247890937651e-05,-0.0023216050843875013
2024-12-31,0.004823891094626553,0.0008248890799309461,-0.0006401453361528642,-0.0015698957083635223,0.0009025841951499913
2025-01-01,0.006220468721521266,0.003991649338293657,0.005477959984696579,0.00660915703846654,0.003976816633389113
2025-01-02,0.014716461245740664,0.011381832133538827,0.015799363637030606,0.019244867254289977,0.011641060859574948
2025-01-03,0.009211500378374593,0.016210691863366433,0.016516859985048704,0.01925800407738354,0.015831781890585317
2025-01-04,0.00031665517484702477,0.004656229437332904,0.0016689128430282807,0.0013904741161634426,0.004347581256445077
2025-01-05,0.0012907862205169263,-0.0013696818141669675,-0.0033501332714588328,-0.0050236624577679745,-0.0012360591082122285
2025-01-06,0.03670436383403053,0.023276276384082584,0.018574143690099243,0.020114973665899427,0.02294396728677439
2025-01-07,-0.047882201183994666,-0.05182204341742658,-0.04811162734155794,-0.053891067569369455,-0.04980444468666845
2025-01-08,-0.013606883368054934,-0.011788217379746446,-0.011818878092962448,-0.013127724642923999,-0.011307872803023478
2025-01-09,-0.017706862701693415,-0.01884985267919881,-0.023260884499615275,-0.027584735893130263,-0.017871232143755744
2025-01-10,0.015621970741405367,0.012747946644712904,0.010930977095850114,0.011473012204622268,0.012289920031447465
2025-01-11,-0.0008924914686423424,0.000640676456927114,0.0009115791042160204,0.0012299159118085434,-0.0002999212073017121
2025-01-12,-0.0008022634423834329,-0.001489151646477116,-0.0006594906527015443,-0.0005976184325628964,-0.0010395349645736518
2025-01-13,-0.0035381377057573937,-0.010949164202943784,-0.014232261695710458,-0.015266455367144105,-0.009624707866299764
2025-01-14,0.015208620055225719,0.01432291036774469,0.013449716942482093,0.01624987385320531,0.009240082494399449
2025-01-15,0.03350301533500932,0.036966181643159235,0.03927883274546251,0.0458509504899689,0.027540750852161233
2025-01-16,-0.004406264416396244,-0.015806582979886463,-0.004751253221125795,-0.0036339272803544986,-0.009107970366291518
2025-01-17,0.03549098631810388,0.032552033209174214,0.026802459897950826,0.02890650926323657,0.02466253014396491
2025-01-18,0.004011789267638788,-0.013664668308529193,0.0246544606432737,0.0371564642975053,-0.006188212312349006
2025-01-19,-0.02691376421309677,-0.02313345242798026,-0.01978766135020049,-0.0258492130066994,-0.02543021081360508
2025-01-20,0.018748038959985447,0.01616508613751,0.0010080013118769493,0.004285564042235901,0.004851290864340996
2025-01-21,0.022701323978846943,0.01565022459025367,0.013212750319596012,0.012590951789368088,0.012219773658970867
2025-01-22,-0.013929272497204215,-0.013975533427193376,-0.004950009036418734,-0.0047018915283550955,-0.010939557226283925
2025-01-23,0.001180550889290144,0.00789317276926993,0.0026657640077003553,0.0031258564442131487,0.0039403232896289
2025-01-24,0.005558626985486592,0.0009090838099807819,0.0006761628523590524,0.00027437227085225224,0.0019961236194492304
2025-01-25,-0.0008520873980263355,0.0002631050068371277,0.0019690454890333164,0.0022563574359915073,-0.0006825798088900825
2025-01-26,-0.013413116535849423,-0.013161707363126829,-0.018958733880357848,-0.01910429028121141,-0.010981070135481774
2025-01-27,-0.006019389763625482,-0.00553086159097238,-0.007244168384230698,-0.007639230087111981,-0.005083877910609824
2025-01-28,-0.004953265358391579,-0.01041028900284191,-0.011943267227722432,-0.012791051978326307,-0.005064267548367196
2025-01-29,0.01636737919713349,0.010550440556674534,0.008704145357457005,0.007387523640492999,0.009742289575349838
2025-01-30,0.006909354955445313,0.01566220083127301,0.017626055298472387,0.016577288132954893,0.006059431900144352
2025-01-31,-0.017174769286124048,-0.0035125292595890034,-0.00610558459840671,-0.00676284713472497,-0.008378409135902931
2025-02-01,-0.012696072063819841,-0.02355123350061039,-0.027906658710065146,-0.030686928151113957,-0.010811928760704914
2025-02-02,-0.020330285666855463,-0.03040304153434703,-0.02883658418665369,-0.02930994789835728,-0.012956760952736013
2025-02-03,0.019119208428819423,-0.00018620944404812434,0.010699431387103386,0.013878781679030228,0.009721863973273459
2025-02-04,-0.020818903558336155,-0.01687918162853752,-0.018071784281111003,-0.02030577847916526,-0.01135050444614305
2025-02-05,-0.005426275045424145,-7.646103171610186e-05,-0.00448368025858259,-0.006371407765294657,-0.0028721575852814762
2025-02-06,-0.0026497202834538935,-0.005439575570328925,-0.005883764805489355,-0.008588864755469272,-0.00014154762184148684
2025-02-07,-0.0013343222334701865,-0.0035023310724238144,-0.001275158795187914,-0.0010387009820038706,-0.0007815570065857758
2025-02-08,-0.0004224454472160355,0.0003781015863408843,0.00298495714374436,0.005292147717675055,-0.0001917052993245516
2025-02-09,0.00011446364783185281,-0.00022897490811357724,0.0002990862969127761,0.0005849053938040694,5.5644125875664585e-05
2025-02-10,0.005597925157868167,0.004369146761803444,0.0030898886475483334,0.0027335118411100368,0.002990805757826953
2025-02-11,-0.009588401981901029,-0.007454495089844526,-0.006220131104048621,-0.006358617183913395,-0.005090465502738506
2025-02-12,0.007804884370027132,0.011070906536500003,0.006571079359272591,0.007660321768769407,0.0038834278412116507
2025-02-13,-0.009215921368300073,-0.008338084965565984,-0.006040433821178581,-0.007160670314521611,-0.004609431661087071
2025-02-14,0.004994083348758505,0.004123966900164477,0.004959097291812764,0.007145816448967501,0.0020702121899458525
2025-02-15,0.0003514510547526495,-0.0015352023623957933,-0.0028002093086906266,-0.005380370595596817,0.00017435475697125113
2025-02-16,-0.005860717125309112,-0.00409163128201484,-0.005319810908645306,-0.00788397376372918,-0.002918919443331225
2025-02-17,-0.0010580218272321362,0.0021621507020659347,-0.0017240849162795113,-0.005427479445431538,-0.0005282442626642903
2025-02-18,-0.000339118534004923,-0.0025102471233224843,-0.005595897399367278,-0.00959707937564569,-0.00016922379311867797
2025-02-19,0.0019622993297083724,0.0029387370583184858,0.0023066506515723173,0.0035130804813463534,0.001520598517652516
2025-02-20,0.005483617421271569,0.0037868481203366944,0.0054878662338930795,0.007669994181759732,0.003058552817056137
2025-02-21,-0.01395933049152509,-0.011990363523841863,-0.011540603017742956,-0.017178777708948823,-0.00697635337776914
2025-02-22,0.0011922476137460336,0.0038981862037508197,0.0038009306721566993,0.00621975479916359,0.0005952249892502426
2025-02-23,-0.0009455178953966525,0.001382747275390006,-0.0006565560120290748,-0.0006174040315382046,-0.0004723277904905565
2025-02-24,-0.015197384176316109,-0.017589032647390423,-0.021751480060049788,-0.03275357539205659,-0.007588168019885599
2025-02-25,-0.009682673339210579,-0.006802368870025388,-0.0037026277925338302,-0.0064615384478639015,-0.006346607613217925
2025-02-26,-0.004559797809796096,-0.003861303426624718,-0.00863591934543484,-0.005379661095091692,-0.002281482563536663
2025-02-27,0.00047405219428475753,-7.065612062817639e-05,0.00044314027151282076,0.0002997943164235739,0.00023664910871712408
2025-02-28,-0.004975829030457679,-0.004210027598513522,-0.009619586402252245,-0.005961662165395731,-0.002484547063456799
2025-03-01,0.0,0.0,0.0,0.0,0.0
2025-03-02,0.00010433983067326125,5.2169915336630623e-05,0.0,0.0,5.2169915336630623e-05
2025-03-03,-0.010221795257995603,-0.005111164250184985,0.0,0.0,-0.005111164250184985
2025-03-04,0.000343476374379037,0.0006774061235179651,0.0,0.0,0.0006774061235179651
2025-03-05,0.0013148546737273836,0.002120084401834532,0.0,0.0,0.002120084401834532
2025-03-06,-0.003376284369467908,-0.000429047782681824,0.0,0.0,-0.000429047782681824
2025-03-07,-0.0011629888887866313,-0.001993051795286638,0.0,0.0,-0.001993051795286638
2025-03-08,-0.00021548681650651602,-0.0003695938929318965,0.0,0.0,-0.0003695938929318965
2025-03-09,-0.0014654684227256576,-0.002513897080585026,0.0,0.0,-0.002513897080585026
2025-03-10,0.0,0.0,0.0,0.0,0.0
2025-03-11,0.0,0.0,0.0,0.0,0.0
2025-03-12,0.0,0.0,0.0,0.0,0.0
2025-03-13,0.0,0.0,0.0,0.0,0.0
2025-03-14,0.0,0.0,0.0,0.0,0.0
2025-03-15,0.0,0.0,0.0,0.0,0.0
2025-03-16,0.0,0.0,0.0,0.0,0.0
2025-03-17,0.0,0.0,0.0,0.0,0.0
2025-03-18,0.0,0.0,0.0,0.0,0.0
2025-03-19,0.0,0.0,0.0,0.0,0.0
2025-03-20,-0.0018671959260662119,0.0,0.0,0.0,0.0
2025-03-21,0.0,0.0,0.0,0.0,0.0
2025-03-22,0.0,0.0,0.0,0.0,0.0
2025-03-23,0.0008984887944814002,0.0,0.0,0.0,0.0
2025-03-24,0.0012969829160076607,0.0,0.0,0.0,0.0
2025-03-25,-9.633841849354674e-05,0.0,0.0,0.0,0.0
2025-03-26,-0.00044261926794098017,0.0,0.0,0.0,0.0
2025-03-27,0.0002955519550138508,0.0,0.0,0.0,0.0
2025-03-28,-0.0018871565510003574,0.0,0.0,0.0,0.0
2025-03-29,0.0,0.0,0.0,0.0,0.0
2025-03-30,0.0,0.0,0.0,0.0,0.0
2025-03-31,0.0,0.0,0.0,0.0,0.0
2025-04-01,0.0,0.0,0.0,0.0,0.0
2025-04-02,-0.0044507507654251155,0.0,0.0,0.0,0.0
2025-04-03,-8.813466462587183e-05,0.0,0.0,0.0,0.0
2025-04-04,0.0,0.0,0.0,0.0,0.0
2025-04-05,0.0,0.0,0.0,0.0,0.0
2025-04-06,0.0,0.0,0.0,0.0,0.0
2025-04-07,0.0,0.0,0.0,0.0,0.0
2025-04-08,0.0,0.0,0.0,0.0,0.0
2025-04-09,0.0,0.0,0.0,0.0,0.0
2025-04-10,0.0,0.0,0.0,0.0,0.0
2025-04-11,0.0,0.0,0.0,0.0,0.0
2025-04-12,0.0,0.0,0.0,0.0,0.0
2025-04-13,0.0,0.0,0.0,0.0,0.0
2025-04-14,0.0,0.0,0.0,0.0,0.0
2025-04-15,0.0,0.0,0.0,0.0,0.0
2025-04-16,0.0,0.0,0.0,0.0,0.0
2025-04-17,0.0,0.0,0.0,0.0,0.0
2025-04-18,0.0,0.0,0.0,0.0,0.0
2025-04-19,0.0,0.0,0.0,0.0,0.0
2025-04-20,0.0,0.0,0.0,0.0,0.0
2025-04-21,0.0,0.0,0.0,0.0,0.0
2025-04-22,0.010993856608765284,0.00860022516123693,0.0056737179965138385,0.008058009042921643,0.005489924750270214
2025-04-23,0.001196266025594861,0.0038684776568698176,0.0025037115801676,0.0061865216005323465,0.0005530178977120048
2025-04-24,-0.0012058600301484423,-0.002829352127271756,-0.0002973421927984221,-0.00025913490171192155,-0.0006236158253687396
2025-04-25,0.004336061894191889,0.0038526695875751304,0.0012234420669607893,0.0006422427094081584,0.0021686410939001366
2025-04-26,-7.385247624924762e-05,0.004098119015880197,0.0013763601126399738,0.002802057153823867,-9.825956306652728e-05
2025-04-27,-0.007874800361459489,-0.007997426636340066,-0.00643295895843865,-0.009209863169690191,-0.0037096224049482096
2025-04-28,0.011854232732966263,0.007098927794592758,0.004353426575153474,0.00473774136869487,0.0058430463995942095
2025-04-29,-0.007003515456037723,-0.0037732873915838905,-0.004021689662232153,-0.005253792519773537,-0.0034727195493921004
2025-04-30,-0.0007930270417033647,-0.0009982836052213617,0.0006682123043211252,0.0013339005337484888,-0.00039183221203453744
2025-05-01,0.02168856616313386,0.017158076386835308,0.014578538366493365,0.019507124332717174,0.010711952565095384
2025-05-02,0.0036379588273525165,0.0023887465882233005,-0.0014317685910082423,-0.0032083417705055517,0.001816296350687585
2025-05-03,-0.009759630773609973,-0.005909714746860861,-0.005203752719508903,-0.006799826401920561,-0.004704324607039179
2025-05-04,-0.015408064615435646,-0.012148973386856943,-0.009850619520127446,-0.014187046757894506,-0.008920805300116408
2025-05-05,0.004520502169581109,0.004164703763992472,0.005399296009318322,0.009083170423898945,0.002525778768912801
2025-05-06,0.020725045725433544,0.009094906486072363,0.00595729082503893,0.005957284357549719,0.011602922194634546
2025-05-07,0.001899395795031289,-0.00015820876833394504,0.00023588019632558854,0.0003959484975877281,0.0010729662237412008
2025-05-08,0.0601225966460921,0.10176456731147576,0.08808272178508725,0.12815845130709813,0.033991215039923084
2025-05-09,-0.002635909346391241,0.021171763479793437,0.02327378342350417,0.036821760265237424,-0.0015279131638562538
2025-05-10,0.01676872298539145,0.03821998628900536,0.030420560198743507,0.05129612826526486,0.009709256900366947
2025-05-11,-0.006217699266906962,-0.011317581886004402,-0.01197866362692701,-0.018236819015344463,-0.006021428669861439
2025-05-12,-0.01263476628619331,-0.008188865979386839,-0.004594408204487643,-0.004209717232968924,-0.0076326455950362915
2025-05-13,0.012658709145922264,0.028554013932629907,0.028140318950051535,0.04283427281241714,0.013261670795749803
2025-05-14,-0.005675883632976109,-0.010964685347360947,-0.013877132571216033,-0.021815725281767673,-0.005480943499085678
2025-05-15,0.0024512377646792594,-0.0062804165137679835,-0.011151146445464222,-0.019528069333347053,-0.00072414361535178
2025-05-16,-0.0028649363820945073,-0.0027304622154844527,-0.003508524449248207,-0.005370419316516162,-0.001972368288853499
2025-05-17,-0.0032319664088074074,-0.009075712275526837,-0.007520121948214609,-0.011074919536781747,-0.003890887002713228
2025-05-18,0.031992869833511905,0.01761917870077867,0.019018280293423562,0.025665961192420372,0.018409889503558707
2025-05-19,-0.00820320012086373,-0.00017076561573925453,-0.006153980371571666,-0.010200607005951823,-0.003563818153681786
2025-05-20,0.011988287071339476,0.005106408488966041,0.005137863567826528,0.00622599308384153,0.006532019822616197
2025-05-21,0.025934166501458744,0.015400419481752525,0.015163479532414925,0.019829531965718683,0.0153925178954053
2025-05-22,0.018567366731510715,0.022330183899168743,0.020869834152085875,0.029709949652597878,0.013786898088578692
2025-05-23,-0.03888691322067506,-0.03444505958729949,-0.02866198207007853,-0.03708305842797888,-0.0244726427380626
2025-05-24,0.004099807622466978,0.0023967487756682004,0.0033594051103014166,0.004953531862873284,0.0022051745545736967
2025-05-25,0.01143417304315153,0.007884807847553299,0.00524762039870752,0.0056749758699901065,0.006490620865894581
2025-05-26,0.003918516408205175,0.0033389577954134886,0.0015122262333160386,0.0012137738315278757,0.0024090161496006512
2025-05-27,-0.004501667199977355,0.009406978240457553,0.007996328078234471,0.013107717532421237,0.0009001351432613713
2025-05-28,-0.010529626587216345,-0.002463138343284821,-0.005814111412062339,-0.008425214098651601,-0.0042186038275827675
2025-05-29,-0.020172157067520624,-0.015252937406691647,-0.015502294187866417,-0.02133081775840684,-0.016323124782793963
2025-05-30,-0.015067234012463904,-0.018919506292911725,-0.022711392104862504,-0.03489159059809044,-0.01381485243296765
2025-05-31,0.005782407289590896,0.0022709585155780143,0.0018160436034104777,0.0018127550303166373,0.00301614379792281
2025-06-01,0.009964805527114873,0.005978274067761413,0.005299697750122068,0.0066580842478856095,0.00614275168288092
2025-06-02,0.002018825827969417,0.00919912957479152,0.005495875237537806,0.007424276927766593,0.0046886735022877435
2025-06-03,-0.004507115490752445,-0.0037689702116409096,-0.004148202861661843,-0.006022973180927038,-0.0030061230984326226
2025-06-04,-0.006399606073325348,-0.0012304101306446213,-0.0026956012603126522,-0.0036902027257385006,-0.0027180395518151546
2025-06-05,-0.030196474947366547,-0.03723014586755147,-0.034221036926583626,-0.049193549255791114,-0.02712310589820377
2025-06-06,0.027147944797248247,0.020341118544381587,0.017536099727034626,0.02319043038584878,0.01827130570277591
2025-06-07,0.012015561670600139,0.011555599361278146,0.010145019418716927,0.01401753011296214,0.009284590839952367
2025-06-08,0.0017085306311317439,-0.000999969782335297,0.0015972658835912146,0.003081315138427243,0.00012541461231285744
2025-06-09,0.04247880885603483,0.04054143303851099,0.038108965359167524,0.05025556570510359,0.032765371735809845
2025-06-10,0.00010229662859906341,0.01595834957865616,0.015935478472034914,0.023006566734603995,0.014913266080716303
2025-06-11,-0.014657148651028962,-0.011902773835481328,-0.013371216677661724,-0.015839402162032168,-0.01386956253915661
2025-06-12,-0.027146943430393145,-0.027475943393730717,-0.029860843360250522,-0.03572779214175703,-0.030884952290602063
2025-06-13,0.0037056547548217633,-0.005885656662010796,-0.008835285549280703,-0.013314066162783744,-0.003763186268493701
2025-06-14,-0.006095786284945448,-0.008655850369990947,-0.011167951057534875,-0.013633901977051721,-0.006415825247603979
2025-06-15,0.0016874103908870453,0.002830093062841099,0.012912334492110267,0.017523856830171214,0.0020979688310533984
2025-06-16,0.011274780485131641,0.004825014750387213,0.0004549857390807599,-0.0017213657957222406,0.005684698115500764
2025-06-17,-0.021398701361178163,-0.015192287839317475,-0.015351741948365194,-0.014282121071494402,-0.01672316745794422
2025-06-18,0.0030766304240772424,0.002479544072114148,0.0007908091623991531,6.193076534088959e-05,0.0015181401428234764
2025-06-19,-0.0021229076210534936,-0.0014676397408253106,-0.00027507832971818136,0.00036465082840297924,-0.0013917270597959552
2025-06-20,-0.012754696020905731,-0.019453655723791874,-0.024114390762152604,-0.02774435544905207,-0.01653333169137905
2025-06-21,-0.01044190638893261,-0.016081540193697896,-0.017261750396407094,-0.023432232891127946,-0.010069093849463862
2025-06-22,-0.010356452327048737,-0.01201523123240833,-0.01335212818370679,-0.018023095173906212,-0.006506627836913803
2025-06-23,0.036497380727006146,0.037022463563519015,0.03895842643658809,0.05137110636865394,0.0231597116617408
2025-06-24,0.006047366895804318,0.007001488165229386,0.006052481356461525,0.0077531178197867145,0.003976300183744064
2025-06-25,0.011801163374209,0.0030101614561115486,-0.0002894044345000957,-0.0037241275595845114,0.0049746563620607365
2025-06-26,-0.0036497308283276464,-0.0029962043329904153,-0.005810001430332501,-0.007927494753495412,-0.0021883705003903353
2025-06-27,0.0009357884195817512,0.0013423082982912948,0.003765635084945762,0.005568241945234309,0.0006592134075327216
2025-06-28,0.0023175216726267767,0.002668050823376067,0.009535584391336727,0.014832461399707508,0.0013521950625219326
2025-06-29,0.009836343010603876,0.012705972732958815,0.012137078875201546,0.012976713514086358,0.007427000785785065
2025-06-30,-0.011121391424841809,-0.007309156530248551,-0.0029845364488049198,-0.0020742806054504515,-0.007353492026890618
2025-07-01,-0.013615098806688986,-0.01643326368800513,-0.021562129277089448,-0.023191603264074545,-0.010108443746201679
2025-07-02,0.02984546007212363,0.03778812360083794,0.031237597587984167,0.0339946946670866,0.021989868781829403
2025-07-03,0.006724371120543582,0.006224257396742372,0.004077555247250286,0.003937139421271274,0.006069585895065455
2025-07-04,-0.014541658469591212,-0.018673429795099117,-0.017706915942710566,-0.0203147385346909,-0.01687485878500994
2025-07-05,0.0019718746941461696,0.0021573153439169435,0.00116505110045928,0.0010833254971411854,0.000903385953059832
2025-07-06,0.009254025539886968,0.012162632668656803,0.013262247076272882,0.015693115398620394,0.011597350576353804
2025-07-07,-0.008578208250528685,-0.008145149160444842,-0.009033892342751315,-0.01029615831609576,-0.008665140810365846
2025-07-08,0.006069667652901289,0.01318558671920056,0.011749310285874559,0.014330295316824504,0.011339970806766297
2025-07-09,0.021123623849430118,0.03154044069976303,0.02659929890984336,0.03141808756408748,0.03226276483892687
2025-07-10,0.04275171135927214,0.04523339344462185,0.03792946224053906,0.043116108173229195,0.04987706805627079
2025-07-11,0.013028123098871358,0.007235291212980277,0.003152772852670571,0.0021608623198883237,0.009575601650139154
2025-07-12,-0.0009123053861485042,-0.0023395960877096167,-0.0041595022697660244,-0.005372069329146245,-0.002219655900255857
2025-07-13,0.00875845848802781,0.006583161542666138,0.004848362890714331,0.005151659875452186,0.007971577068628166
2025-07-14,0.0035594848389948197,0.004603430972379918,0.003925377477092429,0.004631438225068285,0.005046763535674348
2025-07-15,-0.010056492676368878,0.003490956444204052,0.003748593223923402,0.006027655910161522,0.0009608249805435065
2025-07-16,0.0037108286615414876,0.017751098614517735,0.01954898840226882,0.024770240525223253,0.017070635651178057
2025-07-17,0.002318819982474629,0.008235218947686196,0.007242891632800452,0.008967545902711205,0.007998703179661781
2025-07-18,-0.005296934857349278,0.0034027251580865947,0.0022501667780372436,0.003575619103418637,0.0009407429349570506
2025-07-19,-0.0005907336031037991,0.0021238230203735053,0.0015922970361901267,0.002051732215938573,0.0023201508333270393
2025-07-20,-0.0027185314702687924,0.007138349415413137,0.009762358356867784,0.012800834141492246,0.00827566516368572
2025-07-21,0.0005464402300918714,0.000547034185870654,0.011356041366388014,0.014699988996744962,0.0006975774231878784
2025-07-22,0.012198904477934924,0.004981590687688664,0.01069399074399402,0.012394996579203177,0.006963226919783239
2025-07-23,-0.005611112470749857,-0.008658375871493984,-0.0189519731616401,-0.023651975763623878,-0.010764413110948334
2025-07-24,-0.001954016093090427,0.003078110595677419,-0.002220710325997688,-0.002778864156153249,0.0034975928024520986
2025-07-25,-0.003428251665013926,-0.0007214476375739798,0.001357536577239804,0.003864161561944357,-0.001150357374598343
2025-07-26,0.0014470646737734238,0.0015123449577270076,-0.0005027183452837036,-0.0005316054485161592,0.0019234891029740186
2025-07-27,0.007069631221590766,0.010035432218878926,0.00897600067061366,0.011123697064836957,0.012543416284075626
2025-07-28,-0.006351920243218734,-0.006701610119033807,-0.008336356285217672,-0.01020590676725408,-0.008492171011309835
2025-07-29,-0.0005269984369673519,-0.0005148083028824191,-0.0015660191789902411,-0.0019812747976813982,-0.0006568529271686607
2025-07-30,-0.0005220772793692596,0.0005742051835340156,-0.0025273642679171093,-0.003173961663303748,0.000638840816623798
2025-07-31,-0.009818155792358785,-0.010323195316027434,-0.01068345612717947,-0.012953791738480325,-0.01330338323615099
2025-08-01,-0.012883243128587796,-0.016366885382610774,-0.017406578305431686,-0.02176549369519365,-0.020267099535001165
2025-08-02,-0.003989039243165737,-0.00746495656353352,-0.007367380274056368,-0.009440674762933088,-0.008188736508321304
2025-08-03,0.00923813866316614,0.010147573753809924,0.008745548290341798,0.011194869917409589,0.01189814459029348
2025-08-04,0.005135298634161067,0.014045679487203255,0.014489280991242692,0.022039804307363298,0.01702933784059768
2025-08-05,-0.005586321634128089,-0.008166368275386415,-0.009345519014464232,-0.012982471121637085,-0.009982494427808741
2025-08-06,0.0052366656559634794,0.006110577481962753,0.007024877040883837,0.009724390484234124,0.007529215114939536
2025-08-07,0.01497695410293498,0.018589917438203374,0.01742076706432072,0.024827376199229922,0.02283189541363595
2025-08-08,-0.004744239363345448,0.004074284723712296,0.003656820127383442,0.005505702451871652,0.002606209002656401
2025-08-09,-0.001270471615154256,0.014570757693727732,0.012837339176511975,0.01663955787132476,0.01413744503493386
2025-08-10,0.016952549549700713,0.007119525081326072,0.0070818704764468166,0.006997797917023485,0.010824279468299336
2025-08-11,-0.0013563697874729996,-0.0030123623756567186,-0.008169584890026171,-0.010031699984102138,-0.004019310572267232
2025-08-12,0.007544732824038114,0.02254639341477538,0.0312351642769908,0.03490484228276225,0.02647339220058309
2025-08-13,0.016404691549762207,0.016215990776978773,0.018023197564152937,0.020807070918440917,0.018121984606484176
2025-08-14,-0.022265425776506365,-0.021126179931506894,-0.01974170064493197,-0.022851257729585406,-0.026023541525988292
2025-08-15,-0.00513104551479826,-0.006233506002866318,-0.009352477915751667,-0.011817893509463384,-0.008259959434591346
2025-08-16,0.00018990315592226636,-0.0007618804140332447,0.0024269509392418342,0.0030255505965124385,-0.0006785628954872891
2025-08-17,0.0001197426540873181,0.002036273422832524,0.0024919520325092925,0.0033818607112450216,0.002429644435309797
2025-08-18,-0.005791998722102565,-0.009355760483763631,-0.012151310505433832,-0.01548367561720243,-0.012141180692702536
2025-08-19,-0.01826163566903838,-0.018357321228601897,-0.017084287959873712,-0.020396321825160046,-0.02148608768416338
2025-08-20,0.00812022880454566,0.014290922388126459,0.01921091969334765,0.02415961531893651,0.016921095697198574
2025-08-21,-0.01020311991708045,-0.00916148653032578,-0.012243850681383894,-0.014063516448745261,-0.010716960818752397
2025-08-22,0.025816660135375535,0.03631865532133749,0.04152751185600856,0.0500982089525861,0.042371492840555636
2025-08-23,-0.008324276673839726,-0.0063340148049551015,-0.000879489475809736,0.000776448437722399,-0.0059309710985196995
2025-08-24,-0.01027202743342881,-0.005081613124808371,-0.002804638052978814,-0.0012052485405115165,-0.004075210763278103
2025-08-25,-0.02097873473844003,-0.021917585622322266,-0.022520091771125683,-0.027015175448401596,-0.022246366268793727
2025-08-26,0.004721711030187592,0.006166982039567115,0.0077860481966227635,0.009077564213163747,0.009709300271261823
2025-08-27,-0.005220107327670309,-0.005488289151075909,0.00015305346481242488,-4.419201661975958e-05,-0.005494859161370935
2025-08-28,0.002570612741531475,0.0005209525814393601,0.005704947105924507,0.004002616695123917,0.001274308215860609
2025-08-29,-0.014557706097806156,-0.01012621680232939,-0.010447776219820515,-0.011372668861774904,-0.01169000047050417
2025-08-30,0.001234316267056501,0.0008326547175978583,-0.0004340832622634627,-0.00038075273418336497,0.0010264186005086717
2025-08-31,-0.001160031183324084,-0.0005083158861578507,-0.00019019143308673936,-0.0008256551697704007,-9.294678945448442e-05
2025-09-01,0.0021017633508155775,0.00014967510423380403,-0.00046553602485088774,-0.0017396295495905045,-0.002534815976519944
2025-09-02,0.004237987794002862,0.00300043256143101,0.003938688552092673,0.00585902195191923,0.0031183723355991955
2025-09-03,-0.0002383236401239941,0.002268507790478713,0.0020167141174460834,0.00254644106326829,0.006039413988515152
2025-09-04,-0.0022378029668499444,-0.0035578000394168585,-0.003951742979965589,-0.005902827349726469,-0.008371136275760693
2025-09-05,-0.004850661931075861,-0.004093059999960125,-0.000934600877787295,-0.004779373361428307,-0.001957961530374086
2025-09-06,-0.0009765248497262125,-0.0009586738172171483,-0.001214410722296111,-0.001769729884764426,-0.0021320412626214535
2025-09-07,0.0019659963592448815,0.0014364210327222349,0.001997198002376299,0.00295967433984079,0.0025704617578572453
2025-09-08,0.0016557617990136109,0.0006139094071315743,0.0014496683987275105,0.0022343483413149734,0.0008362894738915827
2025-09-09,-0.00404753858808149,-0.0020929711981155785,-0.0012508960277661796,-0.0007130611506633855,-0.001465908047452058
2025-09-10,0.009311106114800127,0.005280083936915592,0.004652481762960736,0.007473770472721686,0.006356430124119017
2025-09-11,0.0069681856670678055,0.006990052292571214,0.005577768175886844,0.009879769759131074,0.008709496628819702
2025-09-12,0.0028689462820810085,0.01053733738636331,0.011357931149124312,0.02028856741926366,0.013469068361527503
2025-09-13,-0.0006023403588988341,-0.0022425831596729617,-0.0010468346130214634,-0.0016966676236115363,-0.0023909704148911137
2025-09-14,-0.00352673410788229,-0.004401516728166688,-0.004148168449810696,-0.006327832353768659,-0.005092240056117192
2025-09-15,-0.0003089353628870084,-0.0032414750048366248,-0.0052161606688044815,-0.01008616519856087,-0.005055942496430932
2025-09-16,0.008678817444666809,0.0030608575607120603,0.003184827677235269,0.004311797775739867,0.004287442371428973
2025-09-17,-0.0017907052595954598,0.00392767700509955,0.005234342146224424,0.011284248570621491,0.0038472208456055146
2025-09-18,0.003460242976476513,0.0015329684444373992,0.0025823122344963423,0.0036186568948402,0.0019676884419761453
2025-09-19,-0.007939312669904552,-0.01032019306132037,-0.012011683510233628,-0.017027823990203195,-0.013044625188327275
2025-09-20,0.00029570256508626436,0.000791298712560673,0.0010613686338747375,0.0016013082938766132,0.0009218474781880204
2025-09-21,-0.002516698075522017,-0.003168163358081122,-0.004051625980448059,-0.005825100866953314,-0.004036931292779378
2025-09-22,-0.014699857148676165,-0.020982823094447767,-0.022786828054736197,-0.03253949260819078,-0.024681310660119915
2025-09-23,-0.00261918215046808,-0.0023351287721552483,-0.0037015632693356837,-0.006591104790613089,-0.0034510505528616564
2025-09-24,0.003845503154497054,0.0005103086693145631,-0.0013797012282767973,-0.0032466776433269784,0.0008845844955167603
2025-09-25,-0.019277807029063898,-0.019535021076622083,-0.01885480206226353,-0.03202392023766165,-0.026981016652812717
2025-09-26,0.0012210347616614659,0.002875396602623592,0.005896139196389427,0.007479964971342623,0.01037014929466884
2025-09-27,-1.4300726423943644e-05,-0.0002054176377446204,-0.0006934738383472805,-0.0008340525387274811,-0.0008551719862186502
2025-09-28,0.003503435284008427,0.004142144203618026,0.005110449610910228,0.0062521049781372184,0.009931456748039968
2025-09-29,0.007163425308851723,0.006739327124767103,0.004290371755836908,0.007751829365924889,0.008055505103160554
2025-09-30,-0.005315102060859833,-0.0060651374632914035,-0.005383039408778267,-0.012047715475178133,-0.006523192302094749
2025-10-01,0.0279589816306689,0.025652175188692228,0.025127481093832227,0.03565052217733555,0.02823988054725257
2025-10-02,0.010073709324875946,0.013619717279501398,0.016663080830460197,0.025316188200432244,0.014676092531273
2025-10-03,0.00795833458666495,0.005324038076864435,0.0033403639713780464,0.002323310977280446,0.007432874614641927
2025-10-04,0.0007659985878123443,-0.0010496678104880974,-0.003548361557086599,-0.005057014719031083,-0.0005556100175353462
2025-10-05,0.006005257917884643,0.004157367490253749,0.0030309984033436432,0.0032851554386978954,0.006063605985405118
2025-10-06,0.005050393526093044,0.012266505302173103,0.010252752972496504,0.011680294592632867,0.011466865725707542
2025-10-07,-0.01420737472373168,-0.02089293908341594,-0.02070025108740181,-0.024405654685097145,-0.021285917712930202
2025-10-08,0.00956344950024346,0.00917295302677501,0.011213414326954885,0.013771246520458691,0.011045463275817236
2025-10-09,-0.00796610029586331,-0.012719839532863486,-0.01300184416000405,-0.015476082430869176,-0.014227708296303154
2025-10-10,-0.04342324589817148,-0.051993973850600006,-0.05274629900701655,-0.06270831489481554,-0.050879909281191016
2025-10-11,-0.005919823276127278,-0.004073891460083523,-0.005306370320818488,-0.006556577600972613,-0.003952715973088106
2025-10-12,0.010671228599456128,0.012319102091114864,0.012069451577203294,0.015395273906667173,0.011585844168184645
2025-10-13,-6.243143951156771e-05,0.002957930591800828,0.003630444644643349,0.010160756413865935,0.004335356630933207
2025-10-14,-0.011974732373693064,-0.012122251617537882,-0.006444254774848668,-0.017196268303596773,-0.013856083945293252
2025-10-15,-0.004584105581684539,-0.003948996968637375,-0.00487803738674375,-0.00445752658409071,-0.007631027610785046
2025-10-16,-0.00396219183950941,-0.0030677643101344465,-0.004205494538441434,-0.0041428722444577515,-0.003693896920497708
2025-10-17,-0.0028062280683400775,-0.0034564627063138342,-0.003536431934920814,-0.0033167204731163746,-0.0031652063984221046
2025-10-18,0.0,0.0,0.0,0.0,0.0011833257870139668
2025-10-19,0.0004586426186077297,0.0,0.0,0.0,0.0019145825987638698
2025-10-20,0.0011524820631803046,0.0,0.0,0.0,-6.876624785945307e-05
2025-10-21,-0.0018903556082182638,0.0,0.0,0.0,-0.0021730400672933525
2025-10-22,0.0,0.0,0.0,0.0,-0.0013849787708429817
2025-10-23,0.0005085784326184228,0.0,0.0,0.0,0.001053115260008175
2025-10-24,0.00045794082721606344,0.0,0.0,0.0,0.0016021208472605242
2025-10-25,0.0003167977529692223,7.229077460801925e-05,0.0,0.0,0.00046029804024794174
2025-10-26,0.003960301323911342,0.004846189648791688,0.003167970572091283,0.004662644753796297,0.006532503799897116
2025-10-27,-0.005115888274019098,-0.005812870742791243,-0.00475003656829498,-0.008821358607382757,-0.006949408942599322
2025-10-28,-0.011742303906029372,-0.014802487065539327,-0.014369123222801927,-0.021995838494985986,-0.00963075002136382
2025-10-29,-0.007449770700172165,-0.005326190097013406,-0.003803680674960952,-0.003231660844679518,-0.005150328284137751
2025-10-30,-0.0028779711365931604,-0.0034334102307423953,-0.006829041073234898,-0.006242402122712765,-0.004557747485421704
2025-10-31,-0.0008462913999238708,-0.0004231456999619354,0.0,0.0,0.0006447040965469331
2025-11-01,0.00036530209466012487,0.00018265104732972937,0.0,0.0,0.0008242305745285172
2025-11-02,0.0004247674436810289,0.00021242250686559494,0.0,0.0,0.0010281470134572146
2025-11-03,-0.0029178843297311685,-0.0014595183832667447,0.0,0.0,-0.007143681043317418
2025-11-04,0.0,0.0,0.0,0.0,-0.002305933173643915
2025-11-05,0.0,0.0,0.0,0.0,-2.3982689430379622e-05
2025-11-06,0.0,0.0,0.0,0.0,0.0
2025-11-07,0.0,0.0,0.0,0.0,0.0
2025-11-08,0.0,0.0,0.0,0.0,0.0
2025-11-09,0.0,0.0,0.0,0.0,0.0
2025-11-10,0.0,0.0,0.0,0.0,0.0
2025-11-11,0.0,0.0,0.0,0.0,0.0
2025-11-12,0.0,0.0,0.0,0.0,0.0
2025-11-13,0.0,0.0,0.0,0.0,0.0
2025-11-14,0.0,0.0,0.0,0.0,0.0
2025-11-15,0.0,0.0,0.0,0.0,0.0
2025-11-16,0.0,0.0,0.0,0.0,0.0
2025-11-17,0.0,0.0,0.0,0.0,0.0
2025-11-18,0.0,0.0,0.0,0.0,0.0
2025-11-19,0.0,0.0,0.0,0.0,0.0
2025-11-20,0.0,0.0,0.0,0.0,0.0
2025-11-21,0.0,0.0,0.0,0.0,0.0
2025-11-22,0.0,0.0,0.0,0.0,0.0
2025-11-23,0.0,0.0,0.0,0.0,0.0
2025-11-24,0.0,0.0,0.0,0.0,0.0
2025-11-25,0.0,0.0,0.0,0.0,0.0
2025-11-26,0.0,0.0,0.0,0.0,0.0
2025-11-27,0.0,0.0,0.0,0.0,0.0
2025-11-28,0.0,0.0,0.0,0.0,0.0
2025-11-29,0.0,0.0,0.0,0.0,0.0
2025-11-30,0.0,0.0,0.0,0.0,0.0
2025-12-01,0.0,0.0,0.0,0.0,0.0
2025-12-02,0.0,0.0,0.0,0.0,0.0
2025-12-03,0.0,0.0,0.0,0.0,0.0
2025-12-04,0.0,0.0,0.0,0.0,0.0
2025-12-05,0.0,0.0,0.0,0.0,0.0
2025-12-06,0.0,0.0,0.0,0.0,0.0
2025-12-07,0.0,0.0,0.0,0.0,0.0
2025-12-08,0.0,0.0,0.0,0.0,0.0
2025-12-09,0.0,0.0,0.0,0.0,0.0
2025-12-10,0.0,0.0,0.0,0.0,0.0
2025-12-11,0.0,0.0,0.0,0.0,0.0
2025-12-12,0.0,0.0,0.0,0.0,0.0
2025-12-13,0.0,0.0,0.0,0.0,0.0
2025-12-14,0.0,0.0,0.0,0.0,0.0
2025-12-15,0.0,0.0,0.0,0.0,0.0
2025-12-16,0.0,0.0,0.0,0.0,0.0
2025-12-17,0.0,0.0,0.0,0.0,0.0
2025-12-18,0.0,0.0,0.0,0.0,0.0
2025-12-19,0.0,0.0,0.0,0.0,0.0
2025-12-20,0.0,0.0,0.0,0.0,0.0
2025-12-21,0.0,0.0,0.0,0.0,0.0
2025-12-22,0.0,0.0,0.0,0.0,0.0
2025-12-23,0.0,0.0,0.0,0.0,0.0
2025-12-24,0.0,0.0,0.0,0.0,0.0
2025-12-25,0.0,0.0,0.0,0.0,0.0
2025-12-26,0.0,0.0,0.0,0.0,0.0
2025-12-27,0.0,0.0,0.0,0.0,0.0
2025-12-28,0.0,0.0,0.0,0.0,0.0
2025-12-29,0.0,0.0,0.0,0.0,0.0
2025-12-30,0.0,0.0,0.0,0.0,0.0
2025-12-31,0.0,0.0,0.0,0.0,0.0
2026-01-01,0.0,0.0,0.0,0.0,0.0
2026-01-02,0.0,0.0,0.0,0.0,0.0
2026-01-03,0.0,0.0,0.0,0.0,0.0
2026-01-04,0.0,0.0,0.0,0.0,0.0
2026-01-05,0.0,0.0,0.0,0.0,0.0
2026-01-06,0.0,0.0,0.0,0.0,0.0
2026-01-07,0.0,0.0,0.0,0.0,0.0
2026-01-08,0.0,0.0,0.0,0.0,0.0
2026-01-09,0.0,0.0,0.0,0.0,0.0
2026-01-10,0.0,0.0,0.0,0.0,0.0
2026-01-11,0.0,0.0,0.0,0.0,0.0
2026-01-12,0.0,0.0,0.0,0.0,0.0
2026-01-13,0.0,0.0,0.0,0.0,0.0
2026-01-14,0.0,0.0,0.0,0.0,0.0
2026-01-15,0.0,0.0,0.0,0.0,-0.0018139417240927713
2026-01-16,0.0,0.0,0.0,0.0,0.0
2026-01-17,0.0,0.0,0.0,0.0,-0.00022602458679654713
2026-01-18,0.0,0.0,0.0,0.0,-0.0007285746451999309
2026-01-19,0.0,0.0,0.0,0.0,-6.156213699959334e-05
2026-01-20,0.0,0.0,0.0,0.0,0.0
2026-01-21,0.0,0.0,0.0,0.0,0.0
2026-01-22,0.0,0.0,0.0,0.0,0.0
2026-01-23,0.0,0.0,0.0,0.0,0.0
2026-01-24,0.0,0.0,0.0,0.0,0.0
2026-01-25,0.0,0.0,0.0,0.0,0.0
2026-01-26,0.0,0.0,0.0,0.0,0.0
2026-01-27,0.0,0.0,0.0,0.0,0.0
2026-01-28,0.0,0.0,0.0,0.0,0.0
2026-01-29,0.0,0.0,0.0,0.0,0.0
2026-01-30,0.0,0.0,0.0,0.0,0.0
2026-01-31,0.0,0.0,0.0,0.0,0.0
2026-02-01,0.0,0.0,0.0,0.0,0.0
2026-02-02,0.0,0.0,0.0,0.0,0.0
2026-02-03,0.0,0.0,0.0,0.0,0.0
2026-02-04,0.0,0.0,0.0,0.0,0.0
2026-02-05,0.0,0.0,0.0,0.0,0.0
2026-02-06,0.0,0.0,0.0,0.0,0.0
2026-02-07,0.0,0.0,0.0,0.0,0.0
2026-02-08,0.0,0.0,0.0,0.0,0.0
2026-02-09,0.0,0.0,0.0,0.0,0.0
2026-02-10,0.0,0.0,0.0,0.0,0.0
2026-02-11,0.0,0.0,0.0,0.0,0.0
2026-02-12,0.0,0.0,0.0,0.0,0.0
2026-02-13,0.0,0.0,0.0,0.0,0.0
2026-02-14,0.0,0.0,0.0,0.0,0.0
2026-02-15,0.0,0.0,0.0,0.0,0.0
2026-02-16,0.0,0.0,0.0,0.0,0.0
2026-02-17,0.0,0.0,0.0,0.0,0.0
2026-02-18,0.0,0.0,0.0,0.0,0.0
2026-02-19,0.0,0.0,0.0,0.0,0.0
2026-02-20,0.0,0.0,0.0,0.0,0.0
2026-02-21,0.0,0.0,0.0,0.0,0.0
2026-02-22,0.0,0.0,0.0,0.0,0.0
2026-02-23,0.0,0.0,0.0,0.0,0.0
2026-02-24,0.0,0.0,0.0,0.0,0.0
2026-02-25,0.0,0.0,0.0,0.0,0.0
2026-02-26,0.0,0.0,0.0,0.0,0.0
2026-02-27,0.0,0.0,0.0,0.0,0.0
2026-02-28,0.0,0.0,0.0,0.0,0.0
2026-03-01,0.0,0.0,0.0,0.0,0.0
2026-03-02,0.0,0.0,0.0,0.0,0.0
2026-03-03,0.0,0.0,0.0,0.0,0.0
2026-03-04,0.0,0.0,0.0,0.0,0.0
2026-03-05,0.0,0.0,0.0,0.0,0.0
2026-03-06,0.0,0.0,0.0,0.0,0.0
2026-03-07,0.0,0.0,0.0,0.0,0.0
2026-03-08,0.0,0.0,0.0,0.0,0.0
2026-03-09,0.0,0.0,0.0,0.0,0.0
2026-03-10,0.0,0.0,0.0,0.0,0.0
2026-03-11,0.0,0.0,0.0,0.0,0.0
2026-03-12,0.0,0.0,0.0,0.0,0.0
2026-03-13,0.0,0.0,0.0,0.0,0.0
2026-03-14,0.0,0.0,0.0,0.0,0.0
2026-03-15,0.0,0.0,0.0,0.0,0.0
2026-03-16,0.0,0.0,0.0,0.0,0.0
2026-03-17,0.0,0.0,0.0,0.0,0.0
2026-03-18,0.0,0.0,0.0,0.0,0.0
2026-03-19,0.0,0.0,0.0,0.0,0.0
2026-03-20,0.0,0.0,0.0,0.0,0.0
2026-03-21,0.0,0.0,0.0,0.0,0.0
2026-03-22,0.0,0.0,0.0,0.0,0.0
2026-03-23,0.0,0.0,0.0,0.0,0.0
2026-03-24,0.0,0.0,0.0,0.0,0.0
2026-03-25,0.0,0.0,0.0,0.0,0.0
2026-03-26,0.0,0.0,0.0,0.0,0.0
2026-03-27,0.0,0.0,0.0,0.0,0.0
2026-03-28,0.0,0.0,0.0,0.0,0.0
2026-03-29,0.0,0.0,0.0,0.0,0.0
2026-03-30,0.0,0.0,0.0,0.0,0.0
2026-03-31,0.0,0.0,0.0,0.0,0.0
2026-04-01,0.0,0.0,0.0,0.0,0.0
2026-04-02,0.0,0.0,0.0,0.0,0.0
2026-04-03,0.0,0.0,0.0,0.0,0.0
2026-04-04,0.0,0.0,0.0,0.0,0.0
2026-04-05,0.0,0.0,0.0,0.0,0.0
2026-04-06,0.0,0.0,0.0,0.0,0.0
2026-04-07,0.0,0.0,0.0,0.0,0.0
2026-04-08,0.0,0.0,0.0,0.0,0.0
2026-04-09,0.0,0.0,0.0,0.0,0.0
2026-04-10,0.0,0.0,0.0,0.0,0.0
2026-04-11,0.0,0.0,0.0,0.0,0.0
2026-04-12,0.0,0.0,0.0,0.0,0.0
2026-04-13,0.0,0.0,0.0,0.0,0.0
2026-04-14,0.0,0.0,0.0,0.0,-0.000826129223868266
2026-04-15,0.0,0.0,0.0,0.0,0.00021300083231112765
2026-04-16,-0.0012776091454734795,-0.0012611396621078352,-0.0004258697151577895,-0.0014511560949838076,-0.0015077378980757894
2026-04-17,0.0015088063501362825,0.0014407818348189938,0.0005038097352805249,0.00010642590547438324,0.0014407818348189938
2026-04-18,-0.0028169051360630304,-0.0030745373896478023,-0.0009407689652422002,-0.003955844058288194,-0.0030745373896478023
2026-04-19,-0.0038680993088292537,-0.0040527697738961255,-0.0012894130058600517,-0.004775392600163131,-0.0032978238792361614
2026-04-20,0.0010723722254859513,0.000561062085002284,0.0003576273966210408,0.00025537032967126727,0.0006164580107619333
2026-04-21,0.0010565137427933635,0.0008697631999317057,0.00035245854682797173,0.0011323579639088699,0.0008697631999317057
2026-04-22,0.003926105328348362,0.00316836013568933,0.001310691232371708,0.0029241778743798186,0.00316836013568933
2026-04-23,0.00016824841541307478,-0.0010360623089967769,5.631477128487106e-05,-0.0014252875729272585,-0.0010360623089967769
2026-04-24,-0.0017413169641508075,-0.0012638829492039871,-0.0005829049987405854,-0.0008977697467393853,-0.0012638829492039871
2026-04-25,0.0003994781109171175,0.00031577446149788635,0.00013357010237302624,0.00023785788956831588,0.00031577446149788635
2026-04-26,0.0021946900092928434,0.0023794587800187728,0.0007340149569901033,0.002359845565318208,0.0023794587800187728
2026-04-27,-0.002727901176390546,-0.0030480312044699476,-0.0009136793124320253,-0.003751345325540556,-0.0030480312044699476
2026-04-28,-0.0021873674142602884,-0.001461706298957366,-0.000731303332804023,-0.0015396513121203048,-0.001461706298957366
2026-04-29,-0.001199439286690862,-0.0015384860106388842,-0.0004004246452092852,-0.0018907129111587206,-0.0015384860106388842
2026-04-30,0.0012089883860790795,0.0007242808035414772,0.00040328992555038745,0.0005431298461071599,0.0007242808035414772
2026-05-01,0.0030288939631273326,0.001882975437359935,-0.00047674021797661226,0.0012519318281865033,0.0025010876166879914
2026-05-02,0.0015243689433446228,0.001681749317127501,0.0019111154631883398,0.001525308169693318,0.0013093923664422302
2026-05-03,-0.0020997164137053215,-0.0013728346693452353,-0.0008867407456730758,-0.0020858069268570034,-0.0009310590873784497
2026-05-04,0.006915399440548642,0.0052858882530761875,0.003546241274400286,0.0042178115970064045,0.004180457272784599
2026-05-05,0.005717981307228337,0.003813309672521914,0.004890418038736799,0.006492391149943932,0.0032062836442978693
2026-05-06,0.0029474358035368464,0.0007787649203825353,0.003790580869587057,0.005246243462608602,0.0012248165319330706
2026-05-07,-0.007820647949692394,-0.008108692837958675,-0.005753740310635358,-0.00750567401572122,-0.005445588193701778
2026-05-08,0.0014086295195647747,0.0016433492409775319,0.0049703953081934316,0.0074381085332848595,0.0009215573360046303
2026-05-09,0.0030135382748814887,0.0026953886480329814,0.002876233362090863,0.003953465974459114,0.001822898349719937
2026-05-10,0.01030783190348572,0.009260010802829788,0.009107203449451928,0.011105607914218663,0.0062375941004841895
2026-05-11,-0.003135841044141885,-0.004417381792695685,-0.001728129375372478,-0.0012190835191159266,-0.002350193245372445
2026-05-12,-0.00840701675919886,-0.010114952352740847,-0.009520617758170258,-0.011591830574490536,-0.0058134297146800185
2026-05-13,-0.008134566376752472,-0.005545554592786828,-0.0065944813316046735,-0.008748550337332461,-0.0044370222789357205
2026-05-14,0.012233671619002129,0.008343532862408187,0.006943912349603121,0.008082415945541488,0.006655048630067828
2026-05-15,-0.01344926350291864,-0.012091752575837389,-0.011601282828098025,-0.014614775413411496,-0.008151880056251004
2026-05-16,-0.00626812259451015,-0.0074052935529971275,-0.008103583819056737,-0.010726812736865265,-0.004405312076519063
2026-05-17,-0.003909560229282016,-0.007067748756044989,-0.006266784672164127,-0.008236449814815083,-0.0036390069746002895
2026-05-18,-0.003046469014576614,-0.0028020823104593084,-0.0018082831882685335,-0.0026959381497474455,-0.0019289704562259757
2026-05-19,-0.0004363666510827091,-0.0008841852209021672,-0.0017249741852910505,-0.0015751961007280935,-0.00021818708190679548
2026-05-20,0.00207156060944369,0.0016505115663307812,0.0021380278657727736,0.003538701226359242,0.0010354590244916473
2026-05-21,0.0003018383840149852,0.00043384026913417806,0.0008494007925339275,0.0020753585791619678,0.0001509676236217672
2026-05-22,-0.005709548013531962,-0.005590979238061178,-0.005427520073290393,-0.006643755911875715,-0.003258812710515313
2026-05-23,0.0021730866329428,0.002367169477047515,0.0027308832736072652,0.002562893547749745,0.0010853319200261335
2026-05-24,-0.0007706534295542911,-0.0008241484634651242,-0.0005099332081177632,-0.000452131593616234,-0.0003844039184422998
2026-05-25,0.0004958672974777478,0.00014326735118697087,9.732999072942228e-05,-0.0014430948151332723,0.0003785852131334977
2026-05-26,-0.005120704047282931,-0.004891474668506257,-0.003741443979478176,-0.006305974547571869,-0.002482901237052637
2026-05-27,-0.0019030684584132596,-0.0017860347390497022,-0.002533489194146976,-0.0019012985465250987,-0.0009514469285535343
2026-05-28,-0.001071088549013277,-0.0007907243588410884,-0.0009053964830473271,-0.0007208981029105388,-0.0005349850657775379
2026-05-29,-0.0002020362189320002,-2.1627078477970407e-05,8.936383138147264e-06,-2.1554343383578534e-05,-0.00010085849903196387
2026-05-30,0.0005461611472399319,0.0004080008297684401,0.0007535036935069073,0.0005756754564893996,0.0002726215125945508
2026-05-31,-0.00027059909151094796,-0.00039898585972308886,-0.0006287601250798414,-0.00044617416219938644,-0.0001351090384890119
2026-06-01,-0.0016329795005004533,-0.00128732735583581,-0.00222372910936941,-0.0016929247860266727,-0.0008152296140531146
2026-06-02,0.0,0.0,0.0,0.0,0.0
2026-06-03,0.0,0.0,0.0,0.0,0.0
2026-06-04,0.0,0.0,0.0,0.0,0.0
2026-06-05,0.0,0.0,0.0,0.0,0.0
2026-06-06,0.0,0.0,0.0,0.0,0.0
2026-06-07,0.0,0.0,0.0,0.0,0.0
2026-06-08,0.0,0.0,0.0,0.0,0.0
2026-06-09,0.0,0.0,0.0,0.0,0.0
2026-06-10,0.0,0.0,0.0,0.0,0.0
2026-06-11,0.0,0.0,0.0,0.0,0.0
2026-06-12,0.0,0.0,0.0,0.0,0.0
2026-06-13,0.0,0.0,0.0,0.0,0.0
2026-06-14,0.0,0.0,0.0,0.0,0.0
2026-06-15,0.0,0.0,0.0,0.0,0.0
2026-06-16,0.0,0.0,0.0,0.0,0.0
2026-06-17,0.0,0.0,0.0,0.0,0.0
2026-06-18,0.0,0.0,0.0,0.0,0.0
2026-06-19,0.0,0.0,0.0,0.0,0.0
2026-06-20,0.0,0.0,0.0,0.0,0.0
2026-06-21,0.0,0.0,0.0,0.0,0.0
2026-06-22,0.0,0.0,0.0,0.0,0.0
2026-06-23,0.0,0.0,0.0,0.0,0.0
2026-06-24,0.0,0.0,0.0,0.0,0.0
2026-06-25,0.0,0.0,0.0,0.0,0.0
2026-06-26,0.0,0.0,0.0,0.0,0.0
2026-06-27,0.0,0.0,0.0,0.0,0.0
2026-06-28,0.0,0.0,0.0,0.0,0.0
2026-06-29,0.0,0.0,0.0,0.0,0.0
2026-06-30,0.0,0.0,0.0,0.0,0.0
2026-07-01,0.0,0.0,0.0,0.0,0.0
2026-07-02,0.0,0.0,0.0,0.0,0.0
2026-07-03,0.0,0.0,0.0,0.0,0.0
2026-07-04,0.0,0.0,0.0,0.0,0.0
2026-07-05,0.0,0.0,0.0,0.0,0.0
2026-07-06,0.0,0.0,0.0,0.0,0.0
2026-07-07,0.0,0.0,0.0,0.0,0.0
2026-07-08,0.0,0.0,0.0,0.0,0.0
2026-07-09,0.0,0.0,0.0,0.0,0.0
2026-07-10,0.0,0.0,0.0,0.0,0.0
2026-07-11,0.0,0.0,0.0,0.0,0.0
2026-07-12,0.0,0.0,0.0,0.0,0.0
2026-07-13,0.0,0.0,0.0,0.0,0.0
2026-07-14,0.0,0.0,0.0,0.0,0.0
2026-07-15,0.0,0.0,0.0,0.0,0.0
2026-07-16,0.0,0.0,0.0,0.0,0.0
2026-07-17,0.0,0.0,0.0,0.0,0.0
2026-07-18,0.0,0.0,0.0,0.0,0.0
2026-07-19,0.0,0.0,0.0,0.0,0.0
2026-07-20,0.0,0.0,0.0,0.0,0.0
2026-07-21,0.0,0.0,0.0,0.0,0.0
2026-07-22,0.0,0.0,0.0,0.0,0.0
2026-07-23,0.0,0.0,0.0,0.0,0.0
2026-07-24,0.0,0.0,0.0,0.0,0.0
2026-07-25,0.0,0.0,0.0,0.0,0.0
2026-07-26,0.0,0.0,0.0,0.0,0.0
2026-07-27,0.0,0.0,0.0,0.0,-0.0003171660127827547
2026-07-28,0.0,0.0,0.0,0.0,0.0
2026-07-29,0.0,0.0,0.0,0.0,0.0
2026-07-30,0.0,0.0,0.0,0.0,0.0
2026-07-31,0.0,0.0,0.0,0.0,0.0
2026-08-01,0.0,0.0,0.0,0.0,0.0
2026-08-02,0.0,0.0,0.0,0.0,0.0
2026-08-03,0.0,0.0,0.0,0.0,0.0
2026-08-04,0.0,0.0,0.0,0.0,0.0
2026-08-05,0.0,0.0,0.0,0.0,0.0
2026-08-06,0.0,0.0,0.0,0.0,0.0
2026-08-07,0.0,0.0,0.0,0.0,-0.0003185999852146626
2026-08-08,0.0,0.0,0.0,0.0,2.6840370991765283e-05
2026-08-09,0.0,0.0,0.0,0.0,-0.0002530944724344897
2026-08-10,0.0,0.0,0.0,0.0,-0.0016138836488489572
2026-08-11,0.0,0.0,0.0,0.0,0.0
2026-08-12,0.0,0.0,0.0,0.0,-0.0014212114536394926
2026-08-13,0.0,0.0,0.0,0.0,-0.0007596083777424711
2026-08-14,0.0,0.0,0.0,0.0,0.0
2026-08-15,0.0,0.0,0.0,0.0,-0.00015011821260479952
2026-08-16,0.0,0.0,0.0,0.0,-0.0002669533429557891
2026-08-17,0.0,0.0,0.0,0.0,0.0015120671596868807
2026-08-18,0.0,0.0,0.0,0.0,0.0001706538064909502
2026-08-19,0.0036441468467949267,0.008307476318152762,0.008259606520670815,0.01047654841161516,0.03162233079129839
2026-08-20,0.040967650505448816,0.02887360411363371,0.02418090924607519,0.029123076285866523,0.03114536915019328
2026-08-21,0.05191153139849969,0.047038675867603574,0.04572159722528624,0.05854431871041599,0.0522371828156849
2026-08-22,-0.011269609897800903,-0.01513280483105861,-0.009657444621726352,-0.012903278988933842,-0.01751384490315544
2026-08-23,0.005416784082367121,0.006975600718279296,0.007291447544431229,0.0087865526280555,0.008050966157332029
2026-08-24,0.01178305508543498,0.007278996896534107,0.010535060797261409,0.012733935585963474,0.007765275041233588
2026-08-25,-0.004231763454233484,-0.005947509026680287,-0.007711021425042208,-0.009546758447077974,-0.006967275214521118
2026-08-26,0.004540177857115468,0.00894268222207839,0.014472129872263872,0.019309156077682355,0.010615811736069958
2026-08-27,0.012257950321955313,0.006353774486973274,0.01482593814101496,0.018673396775911844,0.006453361100896782
2026-08-28,-0.023704312049681375,-0.019858183478504765,-0.020420079502612154,-0.02529043786773366,-0.020146592071789593
2026-08-29,0.004381093873535802,0.004110035613205554,0.004988923090510022,0.006796489294988328,0.004139334084510171
2026-08-30,-0.006037036222641068,-0.008068824779998263,-0.011552510639001312,-0.016604637610107553,-0.0082666512505154
2026-08-31,0.009967191097817407,0.01134394723491905,0.009736669811944543,0.012055088281259119,0.01158692618879864
2026-09-01,-0.012535513523278974,-0.012358174863807525,-0.013089872637047084,-0.017390540170962088,-0.013719672401895977
2026-09-02,-0.0011001086859563358,-0.004652770075685542,-0.0020419183028614896,-0.0019220647225303145,-0.004315544367634705
2026-09-03,0.04372749862602299,0.039378101506547525,0.03113116563898699,0.035777339655258755,0.04239609632482755
2026-09-04,-0.015287393730291643,-0.015080271639908216,-0.014046730868063628,-0.016130850508550232,-0.01641426638059784
2026-09-05,0.001782816533938636,0.004354381143266028,0.005334252002997308,0.0065389208534274434,0.004117678019130544
2026-09-06,0.005297245544698015,0.00748821510043074,0.01167634158193298,0.01443882154352516,0.007260571277275307
2026-09-07,-0.01270453774566993,-0.009976578663543623,-0.011860383067454072,-0.014019604711503098,-0.010658674940586699
2026-09-08,-0.006866145776236787,-0.0042348954975377495,-0.0035769040979015676,-0.003951392418016564,-0.004581944149976702
2026-09-09,-0.0015737138606816137,-0.0032642108435421147,-0.005723768077544156,-0.007182626214868093,-0.004274457465808568
2026-09-10,-0.01977143698085637,-0.013688211503538605,-0.014670539413674133,-0.017130040287294146,-0.014465106722538645
2026-09-11,0.00754230854440352,0.01632850220548554,0.017321868502981674,0.021160563447324865,0.015658866888691003
2026-09-12,0.0006042414043230249,0.0014378593168768994,-0.0004299048474494249,-0.0007693198976741478,0.001720843088540036
2026-09-13,-0.00497312752329393,-0.008257548115584878,-0.010923897969910001,-0.013301167653621881,-0.00976511019123294
2026-09-14,0.01541784867595375,0.011261176597061162,0.014921099884181555,0.01777307844993703,0.012208178673388526
2026-09-15,-0.028680625679265437,-0.029185498307551128,-0.030754080741918877,-0.03629177684778673,-0.03339805379892491
2026-09-16,0.006515651147205537,0.0058115842976376175,0.007600505459654627,0.009199676697746018,0.006693600067477101
2026-09-17,0.002432466024810287,0.005087697318301387,0.009664312211824067,0.012202899279528445,0.0057843251789202466
2026-09-18,0.051370234113326196,0.04650799541589978,0.05348966715195669,0.06365685432470536,0.05346368741628016
2026-09-19,0.003648781554494329,0.004549969829028333,-0.0003517704547315592,-0.0011363449494723454,0.005174546947027903
2026-09-20,-0.0006968522958801238,0.0012350678252555092,0.0010425335195989316,0.0012735168215876058,0.0013636685374989188
2026-09-21,0.05271446991515227,0.04487398371552542,0.04442747874455,0.0497953224380272,0.0514171303723463
2026-09-22,-0.005083340349105514,-0.0057517372838048475,-0.004834184532340635,-0.005166373975585503,-0.007017961515194626
2026-09-23,-0.014114727122687465,-0.015566823943130914,-0.015541457472723286,-0.016766068358642583,-0.015987554421607597
2026-09-24,0.0008611821214752347,0.000910031521115906,0.004477642226402567,0.004857431325556272,0.0010066190431061717
2026-09-25,-0.0031282365979370397,-0.0010439764167903265,0.009327957104549478,0.009899202743773206,-0.0013670222666465337
2026-09-26,0.003630640216921499,0.0023764887107620147,0.000168530858707161,-1.945199926578489e-06,0.002724090870828366
2026-09-27,0.00041562147449081266,-0.000929001419671005,0.00045973795433607023,0.0007991466927159685,-0.0009424828835116195
2026-09-28,-0.010380773368033003,-0.004222996471692553,-0.009164974812726712,-0.010665746944296672,-0.006491249418658085
2026-09-29,0.001766102064290953,-0.001431312421629083,-5.0231860289184915e-05,0.0001906105810884906,-0.0004815109757250191
2026-09-30,-0.00043156319692672085,0.0011145406426635862,-0.0013023322087187816,-0.0019042967555489287,0.0009154985695178919
2026-10-01,0.013541480019845231,0.010534938822614581,0.006878832428971693,0.00787418602591683,0.011463440751219967
2026-10-02,-0.003849780351096732,-0.007441814336341723,-0.004608964969328944,-0.005194690359669463,-0.007923837624315144
2026-10-03,0.002376349981820347,0.004292061151208726,0.004576390021826304,0.005491693615891302,0.00431877221377297
2026-10-04,0.017603284572434763,0.015514321978140178,0.013788929392033245,0.01619330809525721,0.018097284197401642
2026-10-05,-0.007431272602041905,-0.006678938414476976,-0.0057749537347420166,-0.0067598047205750245,-0.008090596327563926
