,C0 BTC (baseline),C1 ETH own-vol,C2 ETH BTC-vol swap,C3 SOL own-vol,C4 SOL BTC-vol swap,C5 ETH+SOL own-vol,C6 ETH+SOL BTC-vol swap
2017-08-17,0.0,0.0,0.0,0.0,0.0,0.0,0.0
2017-08-18,0.0,0.0,0.0,0.0,0.0,0.0,0.0
2017-08-19,0.0,0.0,0.0,0.0,0.0,0.0,0.0
2017-08-20,0.0,0.0,0.0,0.0,0.0,0.0,0.0
2017-08-21,0.0,0.0,0.0,0.0,0.0,0.0,0.0
2017-08-22,0.0,0.0,0.0,0.0,0.0,0.0,0.0
2017-08-23,0.0,0.0,0.0,0.0,0.0,0.0,0.0
2017-08-24,0.0,0.0,0.0,0.0,0.0,0.0,0.0
2017-08-25,0.0,0.0,0.0,0.0,0.0,0.0,0.0
2017-08-26,0.0,0.0,0.0,0.0,0.0,0.0,0.0
2017-08-27,0.0,0.0,0.0,0.0,0.0,0.0,0.0
2017-08-28,0.0,0.0,0.0,0.0,0.0,0.0,0.0
2017-08-29,0.0,0.0,0.0,0.0,0.0,0.0,0.0
2017-08-30,0.0,0.0,0.0,0.0,0.0,0.0,0.0
2017-08-31,0.0,0.0,0.0,0.0,0.0,0.0,0.0
2017-09-01,0.0,0.0,0.0,0.0,0.0,0.0,0.0
2017-09-02,0.0,0.0,0.0,0.0,0.0,0.0,0.0
2017-09-03,0.0,0.0,0.0,0.0,0.0,0.0,0.0
2017-09-04,0.0,0.0,0.0,0.0,0.0,0.0,0.0
2017-09-05,0.0,0.0,0.0,0.0,0.0,0.0,0.0
2017-09-06,0.0,0.0,0.0,0.0,0.0,0.0,0.0
2017-09-07,0.0,0.0,0.0,0.0,0.0,0.0,0.0
2017-09-08,0.0,0.0,0.0,0.0,0.0,0.0,0.0
2017-09-09,0.0,0.0,0.0,0.0,0.0,0.0,0.0
2017-09-10,0.0,0.0,0.0,0.0,0.0,0.0,0.0
2017-09-11,0.0,0.0,0.0,0.0,0.0,0.0,0.0
2017-09-12,0.0,0.0,0.0,0.0,0.0,0.0,0.0
2017-09-13,0.0,0.0,0.0,0.0,0.0,0.0,0.0
2017-09-14,0.0,0.0,0.0,0.0,0.0,0.0,0.0
2017-09-15,0.0,0.0,0.0,0.0,0.0,0.0,0.0
2017-09-16,0.0,0.0,0.0,0.0,0.0,0.0,0.0
2017-09-17,0.0,0.0,0.0,0.0,0.0,0.0,0.0
2017-09-18,0.0,0.0,0.0,0.0,0.0,0.0,0.0
2017-09-19,0.0,0.0,0.0,0.0,0.0,0.0,0.0
2017-09-20,0.0,0.0,0.0,0.0,0.0,0.0,0.0
2017-09-21,0.0,0.0,0.0,0.0,0.0,0.0,0.0
2017-09-22,0.0,0.0,0.0,0.0,0.0,0.0,0.0
2017-09-23,0.0,0.0,0.0,0.0,0.0,0.0,0.0
2017-09-24,0.0,0.0,0.0,0.0,0.0,0.0,0.0
2017-09-25,0.0,0.0,0.0,0.0,0.0,0.0,0.0
2017-09-26,0.0,0.0,0.0,0.0,0.0,0.0,0.0
2017-09-27,0.0,0.0,0.0,0.0,0.0,0.0,0.0
2017-09-28,0.0,0.0,0.0,0.0,0.0,0.0,0.0
2017-09-29,0.0,0.0,0.0,0.0,0.0,0.0,0.0
2017-09-30,0.0,0.0,0.0,0.0,0.0,0.0,0.0
2017-10-01,0.0,0.0,0.0,0.0,0.0,0.0,0.0
2017-10-02,0.0,0.0,0.0,0.0,0.0,0.0,0.0
2017-10-03,0.0,0.0,0.0,0.0,0.0,0.0,0.0
2017-10-04,0.0,0.0,0.0,0.0,0.0,0.0,0.0
2017-10-05,0.0,0.0,0.0,0.0,0.0,0.0,0.0
2017-10-06,0.0,0.0,0.0,0.0,0.0,0.0,0.0
2017-10-07,0.0,0.0,0.0,0.0,0.0,0.0,0.0
2017-10-08,0.0,0.0,0.0,0.0,0.0,0.0,0.0
2017-10-09,0.0,0.0,0.0,0.0,0.0,0.0,0.0
2017-10-10,0.0,0.0,0.0,0.0,0.0,0.0,0.0
2017-10-11,0.0,0.0,0.0,0.0,0.0,0.0,0.0
2017-10-12,0.0,0.0,0.0,0.0,0.0,0.0,0.0
2017-10-13,0.0,0.0,0.0,0.0,0.0,0.0,0.0
2017-10-14,0.0,0.0,0.0,0.0,0.0,0.0,0.0
2017-10-15,0.0,0.0,0.0,0.0,0.0,0.0,0.0
2017-10-16,0.0,0.0,0.0,0.0,0.0,0.0,0.0
2017-10-17,0.0,0.0,0.0,0.0,0.0,0.0,0.0
2017-10-18,0.0,0.0,0.0,0.0,0.0,0.0,0.0
2017-10-19,0.0,0.0,0.0,0.0,0.0,0.0,0.0
2017-10-20,0.0,0.0,0.0,0.0,0.0,0.0,0.0
2017-10-21,0.0,0.0,0.0,0.0,0.0,0.0,0.0
2017-10-22,0.0,0.0,0.0,0.0,0.0,0.0,0.0
2017-10-23,0.0,0.0,0.0,0.0,0.0,0.0,0.0
2017-10-24,0.0,0.0,0.0,0.0,0.0,0.0,0.0
2017-10-25,0.0,0.0,0.0,0.0,0.0,0.0,0.0
2017-10-26,0.0,0.0,0.0,0.0,0.0,0.0,0.0
2017-10-27,0.0,0.0,0.0,0.0,0.0,0.0,0.0
2017-10-28,0.0,0.0,0.0,0.0,0.0,0.0,0.0
2017-10-29,0.0,0.0,0.0,0.0,0.0,0.0,0.0
2017-10-30,0.0,0.0,0.0,0.0,0.0,0.0,0.0
2017-10-31,0.0,0.0,0.0,0.0,0.0,0.0,0.0
2017-11-01,0.0,0.0,0.0,0.0,0.0,0.0,0.0
2017-11-02,0.0,0.0,0.0,0.0,0.0,0.0,0.0
2017-11-03,0.0,0.0,0.0,0.0,0.0,0.0,0.0
2017-11-04,0.0,0.0,0.0,0.0,0.0,0.0,0.0
2017-11-05,0.0,0.0,0.0,0.0,0.0,0.0,0.0
2017-11-06,0.0,0.0,0.0,0.0,0.0,0.0,0.0
2017-11-07,0.0,0.0,0.0,0.0,0.0,0.0,0.0
2017-11-08,0.0,0.0,0.0,0.0,0.0,0.0,0.0
2017-11-09,0.0,0.0,0.0,0.0,0.0,0.0,0.0
2017-11-10,0.0,0.0,0.0,0.0,0.0,0.0,0.0
2017-11-11,0.0,0.0,0.0,0.0,0.0,0.0,0.0
2017-11-12,0.0,0.0,0.0,0.0,0.0,0.0,0.0
2017-11-13,0.0,0.0,0.0,0.0,0.0,0.0,0.0
2017-11-14,0.0,0.0,0.0,0.0,0.0,0.0,0.0
2017-11-15,0.0,0.0,0.0,0.0,0.0,0.0,0.0
2017-11-16,0.0,0.0,0.0,0.0,0.0,0.0,0.0
2017-11-17,0.0,0.0,0.0,0.0,0.0,0.0,0.0
2017-11-18,0.0,0.0,0.0,0.0,0.0,0.0,0.0
2017-11-19,0.0,0.0,0.0,0.0,0.0,0.0,0.0
2017-11-20,0.0,0.0,0.0,0.0,0.0,0.0,0.0
2017-11-21,0.0,0.0,0.0,0.0,0.0,0.0,0.0
2017-11-22,0.0,0.0,0.0,0.0,0.0,0.0,0.0
2017-11-23,0.0,0.0,0.0,0.0,0.0,0.0,0.0
2017-11-24,0.0,0.0,0.0,0.0,0.0,0.0,0.0
2017-11-25,0.0,0.0,0.0,0.0,0.0,0.0,0.0
2017-11-26,0.0,0.0,0.0,0.0,0.0,0.0,0.0
2017-11-27,0.0,0.0,0.0,0.0,0.0,0.0,0.0
2017-11-28,0.0,0.0,0.0,0.0,0.0,0.0,0.0
2017-11-29,0.0,0.0,0.0,0.0,0.0,0.0,0.0
2017-11-30,0.0,0.0,0.0,0.0,0.0,0.0,0.0
2017-12-01,0.0,0.0,0.0,0.0,0.0,0.0,0.0
2017-12-02,0.0,0.0,0.0,0.0,0.0,0.0,0.0
2017-12-03,0.0,0.0,0.0,0.0,0.0,0.0,0.0
2017-12-04,0.0,0.0,0.0,0.0,0.0,0.0,0.0
2017-12-05,0.0,0.0,0.0,0.0,0.0,0.0,0.0
2017-12-06,0.0,0.0,0.0,0.0,0.0,0.0,0.0
2017-12-07,0.0,0.0,0.0,0.0,0.0,0.0,0.0
2017-12-08,0.0,0.0,0.0,0.0,0.0,0.0,0.0
2017-12-09,0.0,0.0,0.0,0.0,0.0,0.0,0.0
2017-12-10,0.0,0.0,0.0,0.0,0.0,0.0,0.0
2017-12-11,0.0,0.0,0.0,0.0,0.0,0.0,0.0
2017-12-12,0.0,0.0,0.0,0.0,0.0,0.0,0.0
2017-12-13,0.0,0.0,0.0,0.0,0.0,0.0,0.0
2017-12-14,0.0,0.0,0.0,0.0,0.0,0.0,0.0
2017-12-15,0.0,0.0,0.0,0.0,0.0,0.0,0.0
2017-12-16,0.0,0.0,0.0,0.0,0.0,0.0,0.0
2017-12-17,0.0,0.0,0.0,0.0,0.0,0.0,0.0
2017-12-18,0.0,0.0,0.0,0.0,0.0,0.0,0.0
2017-12-19,0.0,0.0,0.0,0.0,0.0,0.0,0.0
2017-12-20,0.0,0.0,0.0,0.0,0.0,0.0,0.0
2017-12-21,0.0,0.0,0.0,0.0,0.0,0.0,0.0
2017-12-22,0.0,0.0,0.0,0.0,0.0,0.0,0.0
2017-12-23,0.0,0.0,0.0,0.0,0.0,0.0,0.0
2017-12-24,0.0,0.0,0.0,0.0,0.0,0.0,0.0
2017-12-25,0.0,0.0,0.0,0.0,0.0,0.0,0.0
2017-12-26,0.0,0.0,0.0,0.0,0.0,0.0,0.0
2017-12-27,0.0,0.0,0.0,0.0,0.0,0.0,0.0
2017-12-28,0.0,0.0,0.0,0.0,0.0,0.0,0.0
2017-12-29,0.0,0.0,0.0,0.0,0.0,0.0,0.0
2017-12-30,0.0,0.0,0.0,0.0,0.0,0.0,0.0
2017-12-31,0.0,0.0,0.0,0.0,0.0,0.0,0.0
2018-01-01,0.0,0.0,0.0,0.0,0.0,0.0,0.0
2018-01-02,0.0,0.0,0.0,0.0,0.0,0.0,0.0
2018-01-03,0.0,0.0,0.0,0.0,0.0,0.0,0.0
2018-01-04,0.0,0.0,0.0,0.0,0.0,0.0,0.0
2018-01-05,0.0,0.0,0.0,0.0,0.0,0.0,0.0
2018-01-06,0.0,0.0,0.0,0.0,0.0,0.0,0.0
2018-01-07,0.0,0.0,0.0,0.0,0.0,0.0,0.0
2018-01-08,0.0,0.0,0.0,0.0,0.0,0.0,0.0
2018-01-09,0.0,0.0,0.0,0.0,0.0,0.0,0.0
2018-01-10,0.0,0.0,0.0,0.0,0.0,0.0,0.0
2018-01-11,0.0,0.0,0.0,0.0,0.0,0.0,0.0
2018-01-12,0.0,0.0,0.0,0.0,0.0,0.0,0.0
2018-01-13,0.0,0.0,0.0,0.0,0.0,0.0,0.0
2018-01-14,0.0,0.0,0.0,0.0,0.0,0.0,0.0
2018-01-15,0.0,0.0,0.0,0.0,0.0,0.0,0.0
2018-01-16,0.0,0.0,0.0,0.0,0.0,0.0,0.0
2018-01-17,0.0,0.0,0.0,0.0,0.0,0.0,0.0
2018-01-18,0.0,0.0,0.0,0.0,0.0,0.0,0.0
2018-01-19,0.0,0.0,0.0,0.0,0.0,0.0,0.0
2018-01-20,0.0,0.0,0.0,0.0,0.0,0.0,0.0
2018-01-21,0.0,0.0,0.0,0.0,0.0,0.0,0.0
2018-01-22,0.0,0.0,0.0,0.0,0.0,0.0,0.0
2018-01-23,0.0,0.0,0.0,0.0,0.0,0.0,0.0
2018-01-24,0.0,0.0,0.0,0.0,0.0,0.0,0.0
2018-01-25,0.0,0.0,0.0,0.0,0.0,0.0,0.0
2018-01-26,0.0,0.0,0.0,0.0,0.0,0.0,0.0
2018-01-27,0.0,0.0,0.0,0.0,0.0,0.0,0.0
2018-01-28,0.0,0.0,0.0,0.0,0.0,0.0,0.0
2018-01-29,0.0,0.0,0.0,0.0,0.0,0.0,0.0
2018-01-30,0.0,0.0,0.0,0.0,0.0,0.0,0.0
2018-01-31,0.0,0.0,0.0,0.0,0.0,0.0,0.0
2018-02-01,0.0,0.0,0.0,0.0,0.0,0.0,0.0
2018-02-02,0.0,0.0,0.0,0.0,0.0,0.0,0.0
2018-02-03,0.0,0.0,0.0,0.0,0.0,0.0,0.0
2018-02-04,0.0,0.0,0.0,0.0,0.0,0.0,0.0
2018-02-05,0.0,0.0,0.0,0.0,0.0,0.0,0.0
2018-02-06,0.0,0.0,0.0,0.0,0.0,0.0,0.0
2018-02-07,0.0,0.0,0.0,0.0,0.0,0.0,0.0
2018-02-08,0.0,0.0,0.0,0.0,0.0,0.0,0.0
2018-02-09,0.0,0.0,0.0,0.0,0.0,0.0,0.0
2018-02-10,0.0,0.0,0.0,0.0,0.0,0.0,0.0
2018-02-11,0.0,0.0,0.0,0.0,0.0,0.0,0.0
2018-02-12,0.0,0.0,0.0,0.0,0.0,0.0,0.0
2018-02-13,0.0,0.0,0.0,0.0,0.0,0.0,0.0
2018-02-14,0.0,0.0,0.0,0.0,0.0,0.0,0.0
2018-02-15,0.0,0.0,0.0,0.0,0.0,0.0,0.0
2018-02-16,0.0,0.0,0.0,0.0,0.0,0.0,0.0
2018-02-17,0.0,0.0,0.0,0.0,0.0,0.0,0.0
2018-02-18,0.0,0.0,0.0,0.0,0.0,0.0,0.0
2018-02-19,0.0,0.0,0.0,0.0,0.0,0.0,0.0
2018-02-20,0.0,0.0,0.0,0.0,0.0,0.0,0.0
2018-02-21,0.0,0.0,0.0,0.0,0.0,0.0,0.0
2018-02-22,0.0,0.0,0.0,0.0,0.0,0.0,0.0
2018-02-23,0.0,0.0,0.0,0.0,0.0,0.0,0.0
2018-02-24,0.0,0.0,0.0,0.0,0.0,0.0,0.0
2018-02-25,0.0,0.0,0.0,0.0,0.0,0.0,0.0
2018-02-26,0.0,0.0,0.0,0.0,0.0,0.0,0.0
2018-02-27,0.0,0.0,0.0,0.0,0.0,0.0,0.0
2018-02-28,0.0,0.0,0.0,0.0,0.0,0.0,0.0
2018-03-01,0.0,0.0,0.0,0.0,0.0,0.0,0.0
2018-03-02,0.0,0.0,0.0,0.0,0.0,0.0,0.0
2018-03-03,0.0,0.0,0.0,0.0,0.0,0.0,0.0
2018-03-04,0.0,0.0,0.0,0.0,0.0,0.0,0.0
2018-03-05,0.0,0.0,0.0,0.0,0.0,0.0,0.0
2018-03-06,0.0,0.0,0.0,0.0,0.0,0.0,0.0
2018-03-07,0.0,0.0,0.0,0.0,0.0,0.0,0.0
2018-03-08,0.0,0.0,0.0,0.0,0.0,0.0,0.0
2018-03-09,0.0,0.0,0.0,0.0,0.0,0.0,0.0
2018-03-10,0.0,0.0,0.0,0.0,0.0,0.0,0.0
2018-03-11,0.0,0.0,0.0,0.0,0.0,0.0,0.0
2018-03-12,0.0,0.0,0.0,0.0,0.0,0.0,0.0
2018-03-13,0.0,0.0,0.0,0.0,0.0,0.0,0.0
2018-03-14,0.0,0.0,0.0,0.0,0.0,0.0,0.0
2018-03-15,0.0,0.0,0.0,0.0,0.0,0.0,0.0
2018-03-16,0.0,0.0,0.0,0.0,0.0,0.0,0.0
2018-03-17,0.0,0.0,0.0,0.0,0.0,0.0,0.0
2018-03-18,0.0,0.0,0.0,0.0,0.0,0.0,0.0
2018-03-19,0.0,0.0,0.0,0.0,0.0,0.0,0.0
2018-03-20,0.0,0.0,0.0,0.0,0.0,0.0,0.0
2018-03-21,0.0,0.0,0.0,0.0,0.0,0.0,0.0
2018-03-22,0.0,0.0,0.0,0.0,0.0,0.0,0.0
2018-03-23,0.0,0.0,0.0,0.0,0.0,0.0,0.0
2018-03-24,0.0,0.0,0.0,0.0,0.0,0.0,0.0
2018-03-25,0.0,0.0,0.0,0.0,0.0,0.0,0.0
2018-03-26,0.0,0.0,0.0,0.0,0.0,0.0,0.0
2018-03-27,0.0,0.0,0.0,0.0,0.0,0.0,0.0
2018-03-28,0.0,0.0,0.0,0.0,0.0,0.0,0.0
2018-03-29,0.0,0.0,0.0,0.0,0.0,0.0,0.0
2018-03-30,0.0,0.0,0.0,0.0,0.0,0.0,0.0
2018-03-31,0.0,0.0,0.0,0.0,0.0,0.0,0.0
2018-04-01,0.0,0.0,0.0,0.0,0.0,0.0,0.0
2018-04-02,0.0,0.0,0.0,0.0,0.0,0.0,0.0
2018-04-03,0.0,0.0,0.0,0.0,0.0,0.0,0.0
2018-04-04,0.0,0.0,0.0,0.0,0.0,0.0,0.0
2018-04-05,0.0,0.0,0.0,0.0,0.0,0.0,0.0
2018-04-06,0.0,0.0,0.0,0.0,0.0,0.0,0.0
2018-04-07,0.0,0.0,0.0,0.0,0.0,0.0,0.0
2018-04-08,0.0,0.0,0.0,0.0,0.0,0.0,0.0
2018-04-09,0.0,0.0,0.0,0.0,0.0,0.0,0.0
2018-04-10,0.0,0.0,0.0,0.0,0.0,0.0,0.0
2018-04-11,0.0,0.0,0.0,0.0,0.0,0.0,0.0
2018-04-12,0.0,0.0,0.0,0.0,0.0,0.0,0.0
2018-04-13,0.0,0.0,0.0,0.0,0.0,0.0,0.0
2018-04-14,0.0,0.0,0.0,0.0,0.0,0.0,0.0
2018-04-15,0.0,0.0,0.0,0.0,0.0,0.0,0.0
2018-04-16,0.0,0.0,0.0,0.0,0.0,0.0,0.0
2018-04-17,0.0,0.0,0.0,0.0,0.0,0.0,0.0
2018-04-18,0.0,0.0,0.0,0.0,0.0,0.0,0.0
2018-04-19,0.0,0.0,0.0,0.0,0.0,0.0,0.0
2018-04-20,0.0,0.0,0.0,0.0,0.0,0.0,0.0
2018-04-21,0.0,0.0,0.0,0.0,0.0,0.0,0.0
2018-04-22,0.0,0.0,0.0,0.0,0.0,0.0,0.0
2018-04-23,0.0,0.0,0.0,0.0,0.0,0.0,0.0
2018-04-24,0.0,0.0,0.0,0.0,0.0,0.0,0.0
2018-04-25,0.0,0.0,0.0,0.0,0.0,0.0,0.0
2018-04-26,0.0,0.0,0.0,0.0,0.0,0.0,0.0
2018-04-27,0.0,0.0,0.0,0.0,0.0,0.0,0.0
2018-04-28,0.0,0.0,0.0,0.0,0.0,0.0,0.0
2018-04-29,0.0,0.0,0.0,0.0,0.0,0.0,0.0
2018-04-30,0.0,0.0,0.0,0.0,0.0,0.0,0.0
2018-05-01,-0.0027982059544582327,-0.0018739745675490083,-0.0023663007620822185,-0.0016666666666667052,-0.00038709340700671113,-0.0008333333333332416,0.0
2018-05-02,0.0014363173768843218,0.0014182369094140057,0.0018414603885370529,-0.0008333333333333526,-0.00019471635528334197,-0.0004166666666666208,0.0
2018-05-03,0.0043052963820187085,0.008061662453827445,0.01046296332690666,0.0,0.0,0.0,0.0
2018-05-04,-0.0003074102236572118,0.0006180934391106785,0.0008002965142610563,0.0,0.0,0.0,-0.0011751556865426949
2018-05-05,0.0012809993921654161,0.002961304278827237,0.003833546645852559,0.0,0.0,0.0,0.00209410555126488
2018-05-06,-0.0017482575526660549,-0.002220368050236843,-0.002871872532404729,0.0,0.0,0.0,-0.001571506470268269
2018-05-07,-0.0025317452018508435,-0.0036920703017785383,-0.003814002598664268,0.0,-0.00014538214961179463,0.0,-0.0026114326738960747
2018-05-08,-0.002579422074733273,-0.00031021604156822313,-0.0006437394266732843,0.0,0.0,0.0,-0.0002191807076068475
2018-05-09,0.0017844972390999025,0.0002447034179908769,0.0005079615141734273,0.0,0.0,0.0,0.0001728775351330647
2018-05-10,-0.0044780286549308546,-0.002590917047321173,-0.005376875659636071,0.0,0.0,-0.0025893319637486645,-0.0018305568537647643
2018-05-11,-0.006076696336336562,-0.004016711060432998,-0.00835914471549637,-0.0008340283569641116,-0.00034018588369322256,-0.0034203259471380365,-0.002961556121768516
2018-05-12,0.0,0.0,0.0,0.0,0.0,0.0,0.0
2018-05-13,0.0,0.0,0.0,0.0,0.0,0.0,0.0
2018-05-14,0.0,0.0,0.0,0.0,0.0,0.0,0.0
2018-05-15,0.0,0.0,0.0,0.0,0.0,0.0,0.0
2018-05-16,0.0,0.0,0.0,0.0,0.0,0.0,0.0
2018-05-17,0.0,0.0,0.0,0.0,0.0,0.0,0.0
2018-05-18,0.0,0.0,0.0,0.0,0.0,0.0,0.0
2018-05-19,0.0,0.0,0.0,0.0,0.0,0.0,0.0
2018-05-20,0.0,0.0,0.0,0.0,0.0,0.0,0.0
2018-05-21,0.0,0.0,0.0,0.0,0.0,0.0,0.0
2018-05-22,0.0,0.0,0.0,0.0,0.0,0.0,0.0
2018-05-23,0.0,0.0,0.0,0.0,0.0,0.0,0.0
2018-05-24,0.0,0.0,0.0,0.0,0.0,0.0,0.0
2018-05-25,0.0,0.0,0.0,0.0,0.0,0.0,0.0
2018-05-26,0.0,0.0,0.0,0.0,0.0,0.0,0.0
2018-05-27,0.0,0.0,0.0,0.0,0.0,0.0,0.0
2018-05-28,0.0,0.0,0.0,0.0,0.0,0.0,0.0
2018-05-29,0.0,0.0,0.0,0.0,0.0,0.0,0.0
2018-05-30,0.0,0.0,0.0,0.0,0.0,0.0,0.0
2018-05-31,0.0,0.0,0.0,0.0,0.0,0.0,0.0
2018-06-01,0.0,0.0,0.0,0.0,0.0,0.0,0.0
2018-06-02,0.0,0.0,0.0,0.0,0.0,0.0,0.0
2018-06-03,0.0,0.0,0.0,0.0,0.0,0.0,0.0
2018-06-04,0.0,0.0,0.0,0.0,0.0,0.0,0.0
2018-06-05,0.0,0.0,0.0,0.0,0.0,0.0,0.0
2018-06-06,0.0,0.0,0.0,0.0,0.0,0.0,0.0
2018-06-07,0.0,0.0,0.0,0.0,0.0,0.0,0.0
2018-06-08,0.0,0.0,0.0,0.0,0.0,0.0,0.0
2018-06-09,0.0,0.0,0.0,0.0,0.0,0.0,0.0
2018-06-10,0.0,0.0,0.0,0.0,0.0,0.0,0.0
2018-06-11,0.0,0.0,0.0,0.0,0.0,0.0,0.0
2018-06-12,0.0,0.0,0.0,0.0,0.0,0.0,0.0
2018-06-13,0.0,0.0,0.0,0.0,0.0,0.0,0.0
2018-06-14,0.0,0.0,0.0,0.0,0.0,0.0,0.0
2018-06-15,0.0,0.0,0.0,0.0,0.0,0.0,0.0
2018-06-16,0.0,0.0,0.0,0.0,0.0,0.0,0.0
2018-06-17,0.0,0.0,0.0,0.0,0.0,0.0,0.0
2018-06-18,0.0,0.0,0.0,0.0,0.0,0.0,0.0
2018-06-19,0.0,0.0,0.0,0.0,0.0,0.0,0.0
2018-06-20,0.0,0.0,0.0,0.0,0.0,0.0,0.0
2018-06-21,0.0,0.0,0.0,0.0,0.0,0.0,0.0
2018-06-22,0.0,0.0,0.0,0.0,0.0,0.0,0.0
2018-06-23,0.0,0.0,0.0,0.0,0.0,0.0,0.0
2018-06-24,0.0,0.0,0.0,0.0,0.0,0.0,0.0
2018-06-25,0.0,0.0,0.0,0.0,0.0,0.0,0.0
2018-06-26,0.0,0.0,0.0,0.0,0.0,0.0,0.0
2018-06-27,0.0,0.0,0.0,0.0,0.0,0.0,0.0
2018-06-28,0.0,0.0,0.0,0.0,0.0,0.0,0.0
2018-06-29,0.0,0.0,0.0,0.0,0.0,0.0,0.0
2018-06-30,0.0,0.0,0.0,0.0,0.0,0.0,0.0
2018-07-01,0.0,0.0,0.0,0.0,0.0,0.0,0.0
2018-07-02,0.0,0.0,0.0,0.0,0.0,0.0,0.0
2018-07-03,0.0,0.0,0.0,0.0,0.0,0.0,0.0
2018-07-04,0.0,0.0,0.0,0.0,0.0,0.0,0.0
2018-07-05,0.0,0.0,0.0,0.0,0.0,0.0,0.0
2018-07-06,0.0,0.0,0.0,0.0,0.0,0.0,0.0
2018-07-07,0.0,0.0,0.0,0.0,0.0,0.0,0.0
2018-07-08,0.0,0.0,0.0,0.0,0.0,0.0,0.0
2018-07-09,0.0,0.0,0.0,0.0,0.0,0.0,0.0
2018-07-10,0.0,0.0,0.0,0.0,0.0,0.0,0.0
2018-07-11,0.0,0.0,0.0,0.0,0.0,0.0,0.0
2018-07-12,0.0,0.0,0.0,0.0,0.0,0.0,0.0
2018-07-13,0.0,0.0,0.0,0.0,0.0,0.0,0.0
2018-07-14,0.0,0.0,0.0,0.0,0.0,0.0,0.0
2018-07-15,0.0,0.0,0.0,0.0,0.0,0.0,0.0
2018-07-16,0.0,0.0,0.0,0.0,0.0,0.0,0.0
2018-07-17,0.0,0.0,0.0,0.0,0.0,0.0,0.0
2018-07-18,0.0,0.0,0.0,0.0,0.0,0.0,0.0
2018-07-19,0.0,0.0,0.0,0.0,0.0,0.0,0.0
2018-07-20,0.0,0.0,0.0,0.0,0.0,0.0,0.0
2018-07-21,0.0,0.0,0.0,0.0,0.0,0.0,0.0
2018-07-22,0.0,0.0,0.0,0.0,0.0,0.0,0.0
2018-07-23,0.0008519360645293794,-0.003243553436817259,-0.004085726760366337,-0.0008333333333333526,-0.0002764768690162178,-0.0004166666666666208,-0.002181101814691333
2018-07-24,0.01526529218537287,0.008474977470584788,0.010721244522518214,-0.0008326383097024825,-0.00028198502466592057,0.0025028967444731265,0.005210378861618237
2018-07-25,-0.006129605587570031,-0.002717400516520585,-0.0034352648223475724,0.0,0.0,-0.0013633396274543852,-0.0017242939242688715
2018-07-26,-0.007114785796505596,-0.003590063284151901,-0.004541730909066177,0.0,0.0,-0.0017987186816885714,-0.002275765386978712
2018-07-27,0.007528205685134015,0.002837456358987245,0.003593051789862578,0.0,0.0,0.0014190910422469116,0.0017963133718328361
2018-07-28,0.0010146412803380134,-0.00030383119254473456,-0.00038444971693973873,0.0,0.0,-0.00015216967265541115,-0.000192546836611851
2018-07-29,-0.0003902145349597985,-0.0010979237665545982,-0.0013893587410190866,0.0,0.0,-0.0005497966048373382,-0.000695709403905842
2018-07-30,-0.001030968891375994,-0.0038678745573054174,-0.004895998975847471,0.0,0.0,-0.001935815679003916,-0.0024499274956329975
2018-07-31,-0.012473593737840183,-0.009102877890294292,-0.011516618849753635,-0.0008347222202900184,-0.0002612372321918466,-0.004999140990039508,-0.005930067988722532
2018-08-01,-0.0032262887894044523,-0.0035524722684229237,-0.003956722052886774,-0.0008340295163029587,-0.00029753639354945793,-0.00317666947377393,-0.003646541894548161
2018-08-02,-0.0008186168054691301,-0.0013841267793041068,-0.001623545770232493,-0.0016666666666667052,-0.000521423533953902,-0.00150594974150553,-0.0010724846520931974
2018-08-03,0.0,0.0,0.0,0.0,0.0,0.0,0.0
2018-08-04,0.0,0.0,0.0,0.0,0.0,0.0,0.0
2018-08-05,0.0,0.0,0.0,0.0,0.0,0.0,0.0
2018-08-06,0.0,0.0,0.0,0.0,0.0,0.0,0.0
2018-08-07,0.0,0.0,0.0,0.0,0.0,0.0,0.0
2018-08-08,0.0,0.0,0.0,0.0,0.0,0.0,0.0
2018-08-09,0.0,0.0,0.0,0.0,0.0,0.0,0.0
2018-08-10,0.0,0.0,0.0,0.0,0.0,0.0,0.0
2018-08-11,0.0,0.0,0.0,0.0,0.0,0.0,0.0
2018-08-12,0.0,0.0,0.0,0.0,0.0,0.0,0.0
2018-08-13,0.0,0.0,0.0,0.0,0.0,0.0,0.0
2018-08-14,0.0,0.0,0.0,0.0,0.0,0.0,0.0
2018-08-15,0.0,0.0,0.0,0.0,0.0,0.0,0.0
2018-08-16,0.0,0.0,0.0,0.0,0.0,0.0,0.0
2018-08-17,0.0,0.0,0.0,0.0,0.0,0.0,0.0
2018-08-18,0.0,0.0,0.0,0.0,0.0,0.0,0.0
2018-08-19,0.0,0.0,0.0,0.0,0.0,0.0,0.0
2018-08-20,0.0,0.0,0.0,0.0,0.0,0.0,0.0
2018-08-21,0.0,0.0,0.0,0.0,0.0,0.0,0.0
2018-08-22,0.0,0.0,0.0,0.0,0.0,0.0,0.0
2018-08-23,0.0,0.0,0.0,0.0,0.0,0.0,0.0
2018-08-24,0.0,0.0,0.0,0.0,0.0,0.0,0.0
2018-08-25,0.0,0.0,0.0,0.0,0.0,0.0,0.0
2018-08-26,0.0,0.0,0.0,0.0,0.0,0.0,0.0
2018-08-27,0.0,0.0,0.0,0.0,0.0,0.0,0.0
2018-08-28,0.0005012620383049171,0.0015164141406192044,0.002133371358767011,-0.0008333333333333526,-0.00022542682505655165,-0.0004166666666666208,0.0
2018-08-29,-0.000575495888590627,-0.0015625780047936466,-0.0021969637363085104,0.0,0.0,0.0,0.0
2018-08-30,-0.002154383413272676,-0.0026025117732192404,-0.003661423069395875,-0.0008340283569641116,-0.00022547765376812468,-0.00041684035014588616,0.0
2018-08-31,0.00026214393319157203,-0.0006431025835755833,-0.0009195969949280514,-0.0008333333333333526,-0.00023613855009618767,-0.0004166666666666208,0.0
2018-09-01,0.00255245784693936,0.0033294685962044213,0.004762252143454049,0.0,0.0,0.0,0.0
2018-09-02,0.00137546534998223,-6.961720323694909e-05,-9.943385851896025e-05,0.0,0.0,0.0,0.0
2018-09-03,-0.0005250561759312378,-0.0014667045227230169,-0.0020949482615902904,0.0,0.0,0.0,-0.0012471867248489144
2018-09-04,0.0012939955305382167,-0.000880850514065834,-0.0012589434199726801,0.0,0.0,0.0,-0.0006435656961952807
2018-09-05,-0.008868373327031276,-0.013205796893274835,-0.018881347844631247,0.0,0.0,0.0,-0.009646108847500723
2018-09-06,-9.096251953855106e-05,-5.3871907000568875e-05,-7.747039786254462e-05,-0.0008340283569641116,-0.0002361943246815823,-0.00041684035014588616,-0.00016591819958255982
2018-09-07,0.0,0.0,0.0,0.0,0.0,0.0,0.0
2018-09-08,0.0,0.0,0.0,0.0,0.0,0.0,0.0
2018-09-09,0.0,0.0,0.0,0.0,0.0,0.0,0.0
2018-09-10,0.0,0.0,0.0,0.0,0.0,0.0,0.0
2018-09-11,0.0,0.0,0.0,0.0,0.0,0.0,0.0
2018-09-12,0.0,0.0,0.0,0.0,0.0,0.0,0.0
2018-09-13,0.0,0.0,0.0,0.0,0.0,0.0,0.0
2018-09-14,0.0,0.0,0.0,0.0,0.0,0.0,0.0
2018-09-15,0.0,0.0,0.0,0.0,0.0,0.0,0.0
2018-09-16,0.0,0.0,0.0,0.0,0.0,0.0,0.0
2018-09-17,0.0,0.0,0.0,0.0,0.0,0.0,0.0
2018-09-18,0.0,0.0,0.0,0.0,0.0,0.0,0.0
2018-09-19,0.0,0.0,0.0,0.0,0.0,0.0,0.0
2018-09-20,0.0,0.0,0.0,0.0,0.0,0.0,0.0
2018-09-21,-0.0009502141534112329,-1.809355858284345e-05,-3.5552992070031486e-05,-0.0016666666666667052,-0.0006120657873367463,-0.0008333333333332416,-0.0003238093897034444
2018-09-22,-0.000550868092866752,-0.0017558548348087788,-0.0036131213193276723,-0.0016666666666667052,-0.0006182583253350193,-0.0008333333333332416,-0.002115689822331235
2018-09-23,-0.0013602153441024667,-0.0011373065189702602,-0.002357484495528972,-0.0016666666666667052,-0.0006365813765578654,-0.0008333333333332416,-0.0014970329360434187
2018-09-24,0.0,0.0,0.0,0.0,0.0,0.0,0.0
2018-09-25,0.0,0.0,0.0,0.0,0.0,0.0,0.0
2018-09-26,0.0,0.0,0.0,0.0,0.0,0.0,0.0
2018-09-27,0.0,0.0,0.0,0.0,0.0,0.0,0.0
2018-09-28,0.0,0.0,0.0,0.0,0.0,0.0,0.0
2018-09-29,0.0,0.0,0.0,0.0,0.0,0.0,0.0
2018-09-30,0.0,0.0,0.0,0.0,0.0,0.0,0.0
2018-10-01,0.0,0.0,0.0,0.0,0.0,0.0,0.0
2018-10-02,0.0,0.0,0.0,0.0,0.0,0.0,0.0
2018-10-03,0.0,0.0,0.0,0.0,0.0,0.0,0.0
2018-10-04,0.0,0.0,0.0,0.0,0.0,0.0,0.0
2018-10-05,0.0,0.0,0.0,0.0,0.0,0.0,0.0
2018-10-06,0.0,0.0,0.0,0.0,0.0,0.0,0.0
2018-10-07,0.0,0.0,0.0,0.0,0.0,0.0,0.0
2018-10-08,0.0,0.0,0.0,0.0,0.0,0.0,0.0
2018-10-09,0.0,0.0,0.0,0.0,0.0,0.0,0.0
2018-10-10,0.0,0.0,0.0,0.0,0.0,0.0,0.0
2018-10-11,0.0,0.0,0.0,0.0,0.0,0.0,0.0
2018-10-12,0.0,0.0,0.0,0.0,0.0,0.0,0.0
2018-10-13,0.0,0.0,0.0,0.0,0.0,0.0,0.0
2018-10-14,0.0,0.0,0.0,0.0,0.0,0.0,0.0
2018-10-15,-0.006977567353077085,-0.004856112019498204,-0.007035494306617651,-0.0016666666666667052,-0.0005144329681446846,-0.0032613893430823993,-0.003774963637381279
2018-10-16,-0.0033881264054346216,-0.0023921451537860516,-0.003443858045071857,-0.004997217584863711,-0.0014122028822032284,-0.004076608636546353,-0.002977791243715444
2018-10-17,0.0,0.0,0.0,0.0,0.0,0.0,0.0
2018-10-18,0.0,0.0,0.0,0.0,0.0,0.0,0.0
2018-10-19,0.0,0.0,0.0,0.0,0.0,0.0,0.0
2018-10-20,0.0,0.0,0.0,0.0,0.0,0.0,0.0
2018-10-21,0.0,0.0,0.0,0.0,0.0,0.0,0.0
2018-10-22,0.0,0.0,0.0,0.0,0.0,0.0,0.0
2018-10-23,0.0,0.0,0.0,0.0,0.0,0.0,0.0
2018-10-24,0.0,0.0,0.0,0.0,0.0,0.0,0.0
2018-10-25,0.0,0.0,0.0,0.0,0.0,0.0,0.0
2018-10-26,0.0,0.0,0.0,0.0,0.0,0.0,0.0
2018-10-27,0.0,0.0,0.0,0.0,0.0,0.0,0.0
2018-10-28,0.0,0.0,0.0,0.0,0.0,0.0,0.0
2018-10-29,0.0,0.0,0.0,0.0,0.0,0.0,0.0
2018-10-30,0.0,0.0,0.0,0.0,0.0,0.0,0.0
2018-10-31,0.0,0.0,0.0,0.0,0.0,0.0,0.0
2018-11-01,0.0,0.0,0.0,0.0,0.0,0.0,0.0
2018-11-02,0.0,0.0,0.0,0.0,0.0,0.0,0.0
2018-11-03,0.0,0.0,0.0,0.0,0.0,0.0,0.0
2018-11-04,0.0,0.0,0.0,0.0,0.0,0.0,0.0
2018-11-05,0.0,0.0,0.0,0.0,0.0,0.0,0.0
2018-11-06,0.0,0.0,0.0,0.0,0.0,0.0,0.0
2018-11-07,0.0,0.0,0.0,0.0,0.0,0.0,0.0
2018-11-08,0.0,0.0,0.0,0.0,0.0,0.0,0.0
2018-11-09,0.0,0.0,0.0,0.0,0.0,0.0,0.0
2018-11-10,0.0,0.0,0.0,0.0,0.0,0.0,0.0
2018-11-11,0.0,0.0,0.0,0.0,0.0,0.0,0.0
2018-11-12,0.0,0.0,0.0,0.0,0.0,0.0,0.0
2018-11-13,0.0,0.0,0.0,0.0,0.0,0.0,0.0
2018-11-14,0.0,0.0,0.0,0.0,0.0,0.0,0.0
2018-11-15,0.0,0.0,0.0,0.0,0.0,0.0,0.0
2018-11-16,0.0,0.0,0.0,0.0,0.0,0.0,0.0
2018-11-17,0.0,0.0,0.0,0.0,0.0,0.0,0.0
2018-11-18,0.0,0.0,0.0,0.0,0.0,0.0,0.0
2018-11-19,0.0,0.0,0.0,0.0,0.0,0.0,0.0
2018-11-20,0.0,0.0,0.0,0.0,0.0,0.0,0.0
2018-11-21,0.0,0.0,0.0,0.0,0.0,0.0,0.0
2018-11-22,0.0,0.0,0.0,0.0,0.0,0.0,0.0
2018-11-23,0.0,0.0,0.0,0.0,0.0,0.0,0.0
2018-11-24,0.0,0.0,0.0,0.0,0.0,0.0,0.0
2018-11-25,0.0,0.0,0.0,0.0,0.0,0.0,0.0
2018-11-26,0.0,0.0,0.0,0.0,0.0,0.0,0.0
2018-11-27,0.0,0.0,0.0,0.0,0.0,0.0,0.0
2018-11-28,0.0,0.0,0.0,0.0,0.0,0.0,0.0
2018-11-29,0.0,0.0,0.0,0.0,0.0,0.0,0.0
2018-11-30,0.0,0.0,0.0,0.0,0.0,0.0,0.0
2018-12-01,0.0,0.0,0.0,0.0,0.0,0.0,0.0
2018-12-02,0.0,0.0,0.0,0.0,0.0,0.0,0.0
2018-12-03,0.0,0.0,0.0,0.0,0.0,0.0,0.0
2018-12-04,0.0,0.0,0.0,0.0,0.0,0.0,0.0
2018-12-05,0.0,0.0,0.0,0.0,0.0,0.0,0.0
2018-12-06,0.0,0.0,0.0,0.0,0.0,0.0,0.0
2018-12-07,0.0,0.0,0.0,0.0,0.0,0.0,0.0
2018-12-08,0.0,0.0,0.0,0.0,0.0,0.0,0.0
2018-12-09,0.0,0.0,0.0,0.0,0.0,0.0,0.0
2018-12-10,0.0,0.0,0.0,0.0,0.0,0.0,0.0
2018-12-11,0.0,0.0,0.0,0.0,0.0,0.0,0.0
2018-12-12,0.0,0.0,0.0,0.0,0.0,0.0,0.0
2018-12-13,0.0,0.0,0.0,0.0,0.0,0.0,0.0
2018-12-14,0.0,0.0,0.0,0.0,0.0,0.0,0.0
2018-12-15,0.0,0.0,0.0,0.0,0.0,0.0,0.0
2018-12-16,0.0,0.0,0.0,0.0,0.0,0.0,0.0
2018-12-17,0.0,0.0,0.0,0.0,0.0,0.0,0.0
2018-12-18,0.0,0.0,0.0,0.0,0.0,0.0,0.0
2018-12-19,0.0,0.0,0.0,0.0,0.0,0.0,0.0
2018-12-20,0.0,0.0,0.0,0.0,0.0,0.0,0.0
2018-12-21,0.0,0.0,0.0,0.0,0.0,0.0,0.0
2018-12-22,0.0,0.0,0.0,0.0,0.0,0.0,0.0
2018-12-23,0.0,0.0,0.0,0.0,0.0,0.0,0.0
2018-12-24,0.0,0.0,0.0,0.0,0.0,0.0,0.0
2018-12-25,0.0,0.0,0.0,0.0,0.0,0.0,0.0
2018-12-26,0.0,0.0,0.0,0.0,0.0,0.0,0.0
2018-12-27,0.0,0.0,0.0,0.0,0.0,0.0,0.0
2018-12-28,0.0,0.0,0.0,0.0,0.0,0.0,0.0
2018-12-29,0.0,0.0,0.0,0.0,0.0,0.0,0.0
2018-12-30,0.0,0.0,0.0,0.0,0.0,0.0,0.0
2018-12-31,0.0,0.0,0.0,0.0,0.0,0.0,0.0
2019-01-01,0.0,0.0,0.0,0.0,0.0,0.0,0.0
2019-01-02,0.0,0.0,0.0,0.0,0.0,0.0,0.0
2019-01-03,0.0,0.0,0.0,0.0,0.0,0.0,0.0
2019-01-04,0.0,0.0,0.0,0.0,0.0,0.0,0.0
2019-01-05,0.0,0.0,0.0,0.0,0.0,0.0,0.0
2019-01-06,0.0,0.0,0.0,0.0,0.0,0.0,0.0
2019-01-07,0.0,0.0,0.0,0.0,0.0,0.0,0.0
2019-01-08,0.0,0.0,0.0,0.0,0.0,0.0,0.0
2019-01-09,0.0,0.0,0.0,0.0,0.0,0.0,0.0
2019-01-10,0.0,0.0,0.0,0.0,0.0,0.0,0.0
2019-01-11,0.0,0.0,0.0,0.0,0.0,0.0,0.0
2019-01-12,0.0,0.0,0.0,0.0,0.0,0.0,0.0
2019-01-13,0.0,0.0,0.0,0.0,0.0,0.0,0.0
2019-01-14,0.0,0.0,0.0,0.0,0.0,0.0,0.0
2019-01-15,0.0,0.0,0.0,0.0,0.0,0.0,0.0
2019-01-16,0.0,0.0,0.0,0.0,0.0,0.0,0.0
2019-01-17,0.0,0.0,0.0,0.0,0.0,0.0,0.0
2019-01-18,0.0,0.0,0.0,0.0,0.0,0.0,0.0
2019-01-19,0.0,0.0,0.0,0.0,0.0,0.0,0.0
2019-01-20,0.0,0.0,0.0,0.0,0.0,0.0,0.0
2019-01-21,0.0,0.0,0.0,0.0,0.0,0.0,0.0
2019-01-22,0.0,0.0,0.0,0.0,0.0,0.0,0.0
2019-01-23,0.0,0.0,0.0,0.0,0.0,0.0,0.0
2019-01-24,0.0,0.0,0.0,0.0,0.0,0.0,0.0
2019-01-25,0.0,0.0,0.0,0.0,0.0,0.0,0.0
2019-01-26,0.0,0.0,0.0,0.0,0.0,0.0,0.0
2019-01-27,0.0,0.0,0.0,0.0,0.0,0.0,0.0
2019-01-28,0.0,0.0,0.0,0.0,0.0,0.0,0.0
2019-01-29,0.0,0.0,0.0,0.0,0.0,0.0,0.0
2019-01-30,0.0,0.0,0.0,0.0,0.0,0.0,0.0
2019-01-31,0.0,0.0,0.0,0.0,0.0,0.0,0.0
2019-02-01,0.0,0.0,0.0,0.0,0.0,0.0,0.0
2019-02-02,0.0,0.0,0.0,0.0,0.0,0.0,0.0
2019-02-03,0.0,0.0,0.0,0.0,0.0,0.0,0.0
2019-02-04,0.0,0.0,0.0,0.0,0.0,0.0,0.0
2019-02-05,0.0,0.0,0.0,0.0,0.0,0.0,0.0
2019-02-06,0.0,0.0,0.0,0.0,0.0,0.0,0.0
2019-02-07,0.0,0.0,0.0,0.0,0.0,0.0,0.0
2019-02-08,0.0,0.0,0.0,0.0,0.0,0.0,0.0
2019-02-09,0.0,0.0,0.0,0.0,0.0,0.0,0.0
2019-02-10,0.0,0.0,0.0,0.0,0.0,0.0,0.0
2019-02-11,0.0,0.0,0.0,0.0,0.0,0.0,0.0
2019-02-12,0.0,0.0,0.0,0.0,0.0,0.0,0.0
2019-02-13,0.0,0.0,0.0,0.0,0.0,0.0,0.0
2019-02-14,0.0,0.0,0.0,0.0,0.0,0.0,0.0
2019-02-15,0.0,0.0,0.0,0.0,0.0,0.0,0.0
2019-02-16,0.0,0.0,0.0,0.0,0.0,0.0,0.0
2019-02-17,0.0,0.0,0.0,0.0,0.0,0.0,0.0
2019-02-18,0.0,0.0,0.0,0.0,0.0,0.0,0.0
2019-02-19,0.00017514343308966396,-0.0015433016257342391,-0.002823244595664076,-0.0008333333333333526,-0.0003379700022702048,-0.0004166666666666208,-0.0015806072989671405
2019-02-20,0.0021476721550413025,0.002528648693914004,0.004631730450843641,0.0,0.0,0.0,0.0023129828890766646
2019-02-21,-0.0011218683667503226,-0.001387248916491557,-0.0025357070364686596,0.0,0.0,0.0,-0.0012692049396840765
2019-02-22,0.0008550736795902569,0.0008436087282182037,0.0015437803021762786,0.0,0.0,0.0,0.0007717330325671679
2019-02-23,0.007492647806776276,0.0052643248590118485,0.01352202399096969,0.0,-0.00013037329809950648,0.003867568404684718,0.004816148805508069
2019-02-24,-0.016333577626437945,-0.009694587577019353,-0.024328040499065118,-0.0008340283569641116,-0.0004685186450303913,-0.007175869462465068,-0.009041335314618038
2019-02-25,0.00042565314828624246,-0.00046222724140010385,-0.0008332899630528745,-0.0008333333333333526,-0.0002865224177537318,-0.0004166666666666208,-0.0005599061904033587
2019-02-26,-0.0005619823348039787,-0.0007564165597399031,-0.0013641524164936802,0.0,0.0,0.0,-0.0006818896352166481
2019-02-27,0.00026595598153966726,-0.0005505375700910475,-0.0009934660875231538,0.0,0.0,0.0,-0.000496258127976823
2019-02-28,-0.00013173953312217712,0.0001468908876431918,0.00026518774503769826,0.0,0.0,0.0,0.00013240120596824667
2019-03-01,0.0002800585964710667,-9.179332117525973e-06,-1.65698399462455e-05,0.0,0.0,0.0,-8.273979888007155e-06
2019-03-02,-9.23242932149293e-05,-0.001266759460215372,-0.002286675802450011,0.0,0.0,0.0,-0.0011418186719439616
2019-03-03,-0.0003663236874675846,-0.0009007238054821176,-0.0016275929995582805,0.0,0.0,0.0,-0.0008117836477739004
2019-03-04,-0.0027815300163889223,-0.0022768379639598324,-0.004117203860657059,0.0,0.0,0.0,-0.002051833530867242
2019-03-05,0.004297224033778191,0.005103457373988984,0.009245631145717192,0.0,0.0,0.0,0.004598080391829074
2019-03-06,0.00012347131722401095,0.00031189974283241106,0.0005627311769544896,0.0,0.0,0.0,0.0002811548036216749
2019-03-07,0.00035444809549778356,-0.0002705345148703575,-0.00048797745046758045,0.0,0.0,0.0,-0.00024387457192898143
2019-03-08,-0.0002627391468135176,-0.001508982051937502,-0.002722423077749059,0.0,0.0,0.0,-0.001360242477104756
2019-03-09,0.002347252637838304,0.0017225636625637364,0.0031115367375245118,0.0,0.0,0.0,0.0015525401864719957
2019-03-10,-0.000785679345853052,-0.0008712647799816731,-0.0015716217880811234,0.0,0.0,0.0,-0.0007854009945391649
2019-03-11,-0.001445276681968477,-0.0012391927734138886,-0.002051311555522739,0.0,-0.00015500521574973725,0.0,-0.001116973422171319
2019-03-12,0.0005071827049762945,0.0004135767591360029,0.0012021181761050492,0.0,0.0,0.0,0.00037274081564175887
2019-03-13,-0.0007626677433494322,-0.0008819323394377854,-0.0025614396225634994,0.0,0.0,-0.0003036500670344777,-0.0007948841209463042
2019-03-14,0.0005073125119674504,0.00025285987336776117,0.0007356299970358027,0.0,0.0,0.00020821899506695551,0.000227882320517514
2019-03-15,0.0021267138574714295,0.0020039824512214643,0.005827252910822089,0.0,0.0,0.0016502651443435212,0.001806073732192548
2019-03-16,0.0037411519884504862,0.0019999745373455724,0.005793492763253472,0.0,0.0,0.001647546256183574,0.0018028177104818521
2019-03-17,-0.0011260501721809257,-0.0010300369040315838,-0.0029725397859590164,0.0,0.0,-0.0008488260785822765,-0.0009286789374449711
2019-03-18,0.0003027061863647429,-0.0004949275075326609,-0.0014310730187450105,0.0,0.0,-0.00040778265427077187,-0.00044618024817233426
2019-03-19,0.001257642615049459,0.0004298327806795399,0.0012738879321998464,0.0,0.0,0.00036262134115605527,0.0003967817012002772
2019-03-20,0.0012465473084637413,0.00037767445357772544,0.0006096280363805384,0.0,0.0,0.0001736930744882237,0.00019004915713050075
2019-03-21,-0.0028239807575989317,-0.0034142012540243627,-0.005509798966298551,0.0,0.0,-0.0015705167553146104,-0.0032529959455600554
2019-03-22,0.0002854670342662402,0.0009305924744760219,0.0015049440622958432,0.0,0.0,0.00042727776166873177,0.000882082385783578
2019-03-23,0.0008656846742585156,0.001069597752609619,0.0017287499041889198,0.0,0.0,0.0004913485445692256,0.001013890710455323
2019-03-24,-0.0006269425403458984,-0.0009780472102909332,-0.001579740090611792,0.0,0.0,-0.0004495520117636653,-0.0009271599192028912
2019-03-25,-0.0025429101523904984,-0.0017358823242036303,-0.0028054836923659954,0.0,0.0,-0.00079746332882491,-0.0016454814475704849
2019-03-26,0.0005652685579826677,0.00016482472525658487,0.00026667076535247247,0.0,0.0,7.564926863845578e-05,0.0001562268738792838
2019-03-27,0.00406781611353213,0.004342415773019637,0.007024901331216915,0.0,0.0,0.0019932074439370506,0.00411593510704944
2019-03-28,-0.00046352716068598365,-0.0013044760448677195,-0.0021046821997737775,0.0,-0.0001277807262846098,-0.0006001699295914431,-0.001236719386562668
2019-03-29,0.0021077433381617716,0.004216094462885511,0.008097098071991216,-0.001666665508293974,-0.0011532768604837207,0.0011542910496993297,0.0032427645653620996
2019-03-30,-0.0015901969513915093,-0.0028564549103636816,-0.004763878913155661,-0.0016666643479891219,-0.0011520356075239713,-0.002261765947616623,-0.0029561755493715536
2019-03-31,-0.0005774171479179246,-0.002268914977374248,-0.0037750583042157615,-0.0008326371503653007,-0.0005876366953769807,-0.0015510866872220364,-0.0021815350866407623
2019-04-01,0.0046216450309057855,-0.00027654359264073225,-0.0004607994697221063,0.0,0.0,-0.00013817238672020338,-0.00023003178483826936
2019-04-02,0.07685646323047401,0.059146727428941004,0.06995663418526443,-0.0008319444483121385,-0.0009456387666448851,0.028945915782498277,0.034151789828083645
2019-04-03,0.008283188232274474,-0.00753765275858409,-0.011201155016033026,0.0,0.0,-0.0037022375036268595,-0.0057153041298037
2019-04-04,-0.0037023220625861386,-0.006639264403327738,-0.008791913327859668,0.0,0.0,-0.003297765867491642,-0.004461255863160374
2019-04-05,0.011637659493501928,0.01904837071914156,0.025279205568757845,0.0,0.0,0.009429729763304806,0.01277155639083749
2019-04-06,0.004214481948548565,0.0018414828895694235,0.0024289911053980706,0.0,-0.00013470779824931167,0.0009202965789771866,0.0012423300255597347
2019-04-07,0.014078704180491286,0.021931279633603085,0.03113871976073601,0.0,0.0,0.010970428887294936,0.014804477162585261
2019-04-08,0.007810270527166097,0.011112215800395564,0.015895458125287254,0.0,0.0,0.005618799574870881,0.007421972141246069
2019-04-09,-0.010107348962005935,-0.010039728849293716,-0.01429370138223296,0.0,-0.00013146032688304832,-0.005104237000118084,-0.006849807112179862
2019-04-10,0.01965604716306446,0.006203082288531725,0.008869527770485552,0.0,0.0,0.0031380262686955263,0.004218584334290343
2019-04-11,-0.03638648614171358,-0.031925070866815175,-0.045527674127160966,0.0,0.0,-0.016199658224120506,-0.021754467247841913
2019-04-12,0.003977517829241606,-0.0022237965769362766,-0.0032165053910254704,0.0,0.0,-0.0011103784983198528,-0.001822558311280753
2019-04-13,-0.00036074771559946317,-0.0006217632394792671,-0.0013718491932657173,0.0,-0.00013390472341245907,-0.0002526392748366524,-0.00040341836351476257
2019-04-14,0.01205607376026574,0.012091269981392871,0.018552235297239372,0.0,0.0,0.005357306092465208,0.008429425087234543
2019-04-15,-0.014787653003898615,-0.020452979796349302,-0.031194511048688978,0.0,-0.00012867510633052248,-0.009088759999460017,-0.0145055745191367
2019-04-16,0.022660301521381987,0.017414992727719847,0.02397228869884005,0.0,0.0,0.008712258447632015,0.012895053411142055
2019-04-17,0.004345354128145962,0.0012000780002665579,0.0017193922451954613,0.0,-0.00014009325364672254,0.0006055468671797293,0.0008925714785779082
2019-04-18,0.008269516079405959,0.02390970449496077,0.03500311563579994,0.0,0.0,0.012071756441557557,0.017661032216778505
2019-04-19,-1.2452353358671786e-05,-0.0021256533156134294,-0.002812655913241091,0.0,0.0,-0.0010857730163783552,-0.0015911747860664072
2019-04-20,0.005188675564126832,0.0007409326409206773,0.0011434914521386563,0.0,-0.00013680620943790078,0.0003780706785510013,0.0005543341420111147
2019-04-21,-0.005303301474578137,-0.014136906141036909,-0.02132949372969284,0.0,0.0,-0.0067554593380021455,-0.009903233088233043
2019-04-22,0.01653609922010424,0.006620231148662281,0.009977194881295226,0.0,0.0,0.0030598399770738194,0.004458106920750993
2019-04-23,0.022722427763801623,-0.004634352861115021,-0.006961109846615909,0.0,-0.0001297363958986386,-0.0021495792991091944,-0.003559245159530211
2019-04-24,-0.012777113069531332,-0.014994833652950401,-0.022576022650168892,0.0,0.0,-0.006937823202680216,-0.011503807960108414
2019-04-25,-0.03224464265807181,-0.03496447519911827,-0.05305035736179653,0.0,0.0,-0.016046142978633604,-0.026729478938401052
2019-04-26,0.016145887091001843,0.011632906965534762,0.014564453766896968,0.0,-0.00014584113330484705,0.005737948164979967,0.00881782478544757
2019-04-27,-0.0028823619888199703,0.005637864331097697,0.006109302007488049,0.0,0.0,0.002631728369769659,0.003680315949516899
2019-04-28,0.0016869168563926618,-0.0056908860699380615,-0.006846946854186631,0.0,0.0,-0.002817822066449982,-0.003936440073207259
2019-04-29,-0.011553483288394117,-0.010741283469531626,-0.01320703780958321,0.0,-0.0001289609693980731,-0.005303184843653552,-0.0074167612530507965
2019-04-30,0.013197964446529209,0.02662962205467001,0.0338531553748318,0.0,-0.00037340923184425723,0.013075693971488223,0.018325932063034456
2019-05-01,0.01073679704824304,-0.006330321782039849,-0.00828144393573893,0.0,0.0,-0.0031499047900628296,-0.00452134785659708
2019-05-02,0.018672803405536342,0.006636795980345722,0.008487855180640214,0.0,0.0,0.003121323187873948,0.004358058535940623
2019-05-03,0.04676982254555728,0.026172231725411388,0.03377089681402601,0.0,0.0,0.012004671469107109,0.016740541179657953
2019-05-04,0.009063129026164018,-0.01779209014548011,-0.0227889735434319,0.0,0.0,-0.008275118735067144,-0.011485920993550613
2019-05-05,-0.008518082037155872,-0.002700538731898905,-0.0033099645548070322,0.0,0.0,-0.0012439699573091323,-0.0017322470597055384
2019-05-06,-0.004441665477683321,0.04145095588475978,0.05205160894730776,0.0,0.0,0.019066026911183753,0.0265627181813477
2019-05-07,0.016717495166142182,-0.011532290103721032,-0.015046856755534188,0.0,0.0,-0.007182872545750452,-0.009934072127390392
2019-05-08,0.020885157305140067,0.005975628130723276,0.0061271869332277795,0.0,-0.0001440294216435989,0.003162874849277353,0.004386481501300388
2019-05-09,0.032205756944062136,0.00017784826677202936,0.0001838408359708943,0.0,0.0,9.439828182333798e-05,0.00013075821299368684
2019-05-10,0.02235952532724017,0.007148229024092512,0.0060415508329556555,0.0,-0.00021387955041130002,0.003794452739480869,0.005255792924253155
2019-05-11,0.09336596957712207,0.06380614352769398,0.06652671379501496,0.0,-0.0001759077736779302,0.03535742775905293,0.044973904906792095
2019-05-12,-0.009997577710429972,-0.005049493115832138,-0.003420412051129862,0.0,-0.0001470873343413226,-0.0031349449775553984,-0.0021490548073475058
2019-05-13,0.07369526766955037,0.01841839285702651,0.02081671041246702,0.0,-0.0002744182741759582,0.011631259855601206,0.01742885522321136
2019-05-14,0.011149206048931104,0.045363811482544536,0.04022700885538977,0.0,-0.0001702897175308582,0.02822607215397599,0.036659817101332814
2019-05-15,0.013308332856821092,0.05935241036877259,0.05318859724723435,0.0,0.0,0.03793247045586412,0.04550016689258363
2019-05-16,-0.01791706268956117,0.022662888946852977,0.0223830053381886,0.0,0.0,0.015290220548456857,0.022201676271581983
2019-05-17,-0.030759278896667408,-0.02262755448502307,-0.027044262947603648,0.0,-0.00013549647214317062,-0.018665938539928817,-0.022953098076221368
2019-05-18,-0.005392801760396138,-0.01241704931401888,-0.012533691395949065,0.0,0.0,-0.010201730252206498,-0.012491858113926502
2019-05-19,0.04888898894597671,0.03044587481934191,0.030599456769115463,0.0,0.0,0.024958057504359754,0.030631621924585906
2019-05-20,-0.01100247587405112,-0.010422743622925945,-0.010473759324719722,0.0,0.0,-0.008589808262850274,-0.010484441779548326
2019-05-21,-0.001760262010849778,0.0035262051928790505,0.0035436474255450268,0.0,0.0,0.0029007167411478907,0.0035472999770884694
2019-05-22,-0.014647382698851796,-0.011241910624315121,-0.01129732192655486,0.0,0.0,-0.00925355573434472,-0.011308925279581272
2019-05-23,0.011995769322852068,0.001068452486622462,0.001073779057768398,0.0,0.0,0.0008777104281261217,0.0010748945391267917
2019-05-24,0.006023495777450538,0.00500012523130966,0.005025025688065732,0.0,0.0,0.004108276671878741,0.005030240265292418
2019-05-25,0.003197592125790738,0.001713752596777196,0.001788488672940458,0.0,0.0,0.001281550235910478,0.0015677113341956428
2019-05-26,0.034937518424461134,0.019418819420094824,0.01934721379714821,0.0,-0.00012739525286398212,0.013491199133533582,0.016498973102943015
2019-05-27,0.006894253921482019,0.008138958902708993,0.008109516651119364,0.0,0.0,0.005687602678414061,0.006935034876456525
2019-05-28,-0.001983434109824933,0.0006639186714021417,0.0006615363007418384,0.0,0.0,0.00046508526323330024,0.0005663874514003631
2019-05-29,-0.0034178176178970565,-0.0029193039737531734,-0.0029088354230392133,0.0,0.0,-0.0020454238617314546,-0.0024906940882856166
2019-05-30,-0.020802548005658505,-0.018991107955766084,-0.01892280764535037,0.0,0.0,-0.013294555959677434,-0.016195886562477946
2019-05-31,0.01608169600663456,0.018097109537930978,0.01803076908832857,0.0,0.0,0.01259557993749505,0.01538962185241366
2019-06-01,-0.0006060076700444839,-0.0047569917384499005,-0.004739862396144434,0.0,0.0,-0.003328852312295738,-0.0040560902990842695
2019-06-02,0.010092012933107908,0.00609181130387304,0.006069770972309874,0.0,0.0,0.004256825250405827,0.00519058031423314
2019-06-03,-0.036281516673242975,-0.02900700143773305,-0.027976953797681836,0.0,0.0,-0.017672458246729028,-0.02152897926033015
2019-06-04,-0.02422604885517754,-0.01339278722485715,-0.013846482832916895,0.0,-0.0003033101179827913,-0.00808002877678482,-0.00988206566810479
2019-06-05,0.005168584504606333,0.00675542917025429,0.0057786144756022395,0.0,0.0,0.004053802021681596,0.00496691891569645
2019-06-06,0.0005862130050138248,0.004953446143282969,0.00424130793464772,0.0,0.0,0.0029804650319653625,0.00364849524967803
2019-06-07,0.011133244798270603,1.5747701138879577e-05,-0.0007971903585529683,0.0,-0.000133057330177766,9.49395609417536e-06,1.1614160136286245e-05
2019-06-08,-0.004936988583494117,-0.008692594140127796,-0.008619801624008883,0.0,0.0,-0.0052406140098052445,-0.006410941937329495
2019-06-09,-0.015156187089722217,-0.019491557214021626,-0.019326914079607738,0.0,0.0,-0.011710342919830086,-0.014342356998219619
2019-06-10,0.022980253252445904,0.025160663672296746,0.02494394570209879,0.0,0.0,0.014997271566578929,0.018417103448600924
2019-06-11,-0.006222277982093294,-0.003508420804283263,-0.0034789369405641146,0.0,0.0,-0.0021121701442867735,-0.0025850988944964293
2019-06-12,0.015532475251769595,0.026738844795135996,0.02651335397029131,0.0,0.0,0.016075029157318843,0.01968366230429619
2019-06-13,0.006143150504564154,-0.011372527394302612,-0.011309581934610624,0.0,-0.0001509850191938611,-0.006080557876166126,-0.00741921369545373
2019-06-14,0.03201279276519986,0.014897188449054521,0.014834464047903895,0.0,0.0,0.007363967064057064,0.008997287804689558
2019-06-15,0.012300086829474477,0.010067959075640065,0.011005982367432887,0.0,-0.00013842854837553542,0.005014003173044568,0.005961029765644499
2019-06-16,0.013211662915400657,-0.00016767934704775556,-0.0001839729118702227,0.0,0.0,-8.392690715108841e-05,-0.00010227944529739297
2019-06-17,0.02510801436047183,0.011084896728411398,0.01110174143587872,0.0,0.0,0.005064015071897465,0.006171491082963776
2019-06-18,-0.015784676960418853,-0.0172394200758208,-0.01718760427378363,0.0,0.0,-0.00788715474590651,-0.009601458168150612
2019-06-19,0.01200301174825813,0.007181832014764078,0.007280782980506162,0.0,0.0,0.003254764776483565,0.003969058683286564
2019-06-20,0.019481244904059336,0.006913743512711568,0.006904508350082272,0.0,0.0,0.0034677774855969012,0.003498957473984987
2019-06-21,0.04700378080462597,0.05141950567222553,0.05149551312992773,0.0,0.0,0.02580870972345095,0.02618464285767441
2019-06-22,0.03973714850425347,0.03475986234796613,0.03350080285192614,0.0,0.0,0.017882411784440055,0.01813624292004956
2019-06-23,0.0098026836540126,-0.004300198842729919,-0.004054052001997932,0.0,-0.00013072485298892822,-0.0025566117848551118,-0.00245960558614422
2019-06-24,0.008275338351257489,0.005861888221663447,0.005594770586152986,0.0,0.0,0.003342666170551123,0.0033889387252055148
2019-06-25,0.04167342716660638,0.012365240708891001,0.011804909776577333,0.0,0.0,0.0070688232225462055,0.0071663464988005465
2019-06-26,0.06605465671746269,0.041164250031366034,0.03969837930854747,0.0,-0.00017702357714755035,0.02072863425703897,0.022890139453641378
2019-06-27,-0.0530795358163737,-0.06735017882666405,-0.04960694034118074,0.0,-0.00017060005358504604,-0.035464495671634455,-0.02990409307133013
2019-06-28,0.029191578453382272,0.018904026576270994,0.01603470929161599,0.0,-0.0001324641811708549,0.011378157433516112,0.009467433647795342
2019-06-29,-0.013200513319825635,0.009598042955542008,0.007081737698969137,0.0,0.0,0.005819960232765764,0.004851785652756568
2019-06-30,-0.028206988919672882,-0.036059263957071264,-0.026672135247594597,0.0,0.0,-0.021947367498439396,-0.018313960186868594
2019-07-01,-0.006340927870790547,0.003557679585675988,0.0026061471652363277,0.0,0.0,0.002134128263388879,0.0017742301646619385
2019-07-02,0.006068128047061583,-0.009191136438483127,-0.00393744658798445,0.0,-0.00016282351685836804,-0.003225824733464444,-0.002857500802586399
2019-07-03,0.030366606574310673,0.012277540854858549,0.010636793796278576,0.0,0.0,0.008708165367668386,0.007239551413744216
2019-07-04,-0.01733792691881708,-0.02311470997801146,-0.02005821568153532,0.0,0.0,-0.016452723281559445,-0.013697949093382289
2019-07-05,-0.003872127067319986,0.00609213378254192,0.005270072306208462,0.0,0.0,0.004306922988805084,0.0035757748449476434
2019-07-06,0.006349606666516072,0.0011472704673627376,0.0009069207345349106,0.0,0.0,0.0007418842659920877,0.0006163898890583219
2019-07-07,0.0033064604777635065,0.024038591631436956,0.01815512945423281,0.0,0.0,0.014853807620972548,0.012342740690203247
2019-07-08,0.021971033952355112,0.010358411006721635,0.007868389307380097,0.0,0.0,0.006458545931355308,0.005380027246722596
2019-07-09,0.007891486002717496,-0.006377584379124834,-0.00485646821416108,0.0,0.0,-0.0039918792507704914,-0.0033288387406985587
2019-07-10,-0.01117493467975772,-0.029378641312852616,-0.022760062227693223,0.0,0.0,-0.016200359177331536,-0.013500535394138424
2019-07-11,-0.01988521012863176,-0.029576184819369078,-0.026259810338329914,0.0,0.0,-0.01860795021388295,-0.015464457508008844
2019-07-12,0.010981603867860068,0.008862174708738735,0.007841661511335474,0.0,0.0,0.005513350490326863,0.004567335268641726
2019-07-13,-0.010524910726992576,-0.008549686700608516,-0.007572817962428813,0.0,0.0,-0.005336659489494022,-0.004425125299066801
2019-07-14,-0.031306492047827095,-0.06351447775784491,-0.056202075204131785,0.0,0.0,-0.03951726384815912,-0.03273747124446613
2019-07-15,0.018176322238996345,0.00371173947696124,0.003258960943973932,0.0,0.0,0.002251661621997192,0.001852279790676148
2019-07-16,-0.03758546796513329,-0.04598233398179319,-0.04052865693559815,0.0,-0.00016097011878801748,-0.028168017591450045,-0.023067418840563625
2019-07-17,0.006373275579570903,0.014542469159587457,0.017187261382928032,0.0,0.0,0.0075771996176519085,0.009466803355866915
2019-07-18,0.026605284415822883,0.017926532773228976,0.021131685986082616,0.0,0.0,0.010441073717620375,0.011902747563881766
2019-07-19,-0.003319578846109561,-0.005901753224858086,-0.006935113562373196,0.0,0.0,-0.0034628633310523904,-0.003941936546585589
2019-07-20,0.006395621858774181,0.00886956530357108,0.010433416591088429,0.0,0.0,0.005191495255145062,0.005912560137488532
2019-07-21,-0.0040612170732236,-0.0033189126415476,-0.0038980495415545935,0.0,0.0,-0.0019497196220965574,-0.0022189312504961034
2019-07-22,-0.006737880120743167,-0.009293198807548753,-0.010921170516218992,0.0,0.0,-0.005451868418342887,-0.00620632066888438
2019-07-23,-0.012944197301411386,-0.0059953333600253345,-0.007057185521435527,0.0,0.0,-0.003503586242937673,-0.003991454964117236
2019-07-24,-0.002803471634310384,0.004592569125810186,0.005411754488442888,0.0,0.0,0.002677120139672251,0.0030513987079094917
2019-07-25,0.0032251861421910277,0.003377951439924365,0.003977239914431552,0.0,0.0,0.00197285159729077,0.0022478298374408734
2019-07-26,-0.001540542654227206,-0.00039256931749698243,-0.00046193984689835155,0.0,0.0,-0.00022959687234325177,-0.00026152656612254965
2019-07-27,-0.009596092685190016,-0.013697719256999696,-0.016119348101922837,0.0,0.0,-0.00800989965600385,-0.009124115823136214
2019-07-28,0.0018130059996708248,0.005212506945050155,0.006149127202553117,0.0,0.0,0.003030596801818053,0.0034560494998323588
2019-07-29,-0.000943550846786656,-0.000876249688221864,-0.0010327381860325557,0.0,0.0,-0.0005105674133744076,-0.0005819969542721903
2019-07-30,0.0018546165879009813,-0.0015738271361818157,-0.0018551858167186186,0.0,0.0,-0.0009166917473456548,-0.0010450136880666427
2019-07-31,0.017533304541338612,0.01355151594642523,0.012542232002822562,0.0,0.0,0.006191595667501382,0.007059225080354947
2019-08-01,0.010059166207449177,-0.002402199734780064,-0.001486740488723881,0.0,-0.00030294853607626404,-0.0010998329436643361,-0.0012528723916727103
2019-08-02,0.0053370057541055616,0.0005699696404739552,0.0013646024438169757,0.0,-0.0002558690815924747,0.0001264424182829682,0.0004320743690755524
2019-08-03,0.012098317257631885,0.008456437165929698,0.008972703041798757,0.0,-0.00013669363041468596,0.004243343303309111,0.003543389956132126
2019-08-04,0.005010753429414372,-0.0007317899127736727,3.353228443803147e-05,0.0,0.0,-0.0003264668208045052,-0.0003757214327937408
2019-08-05,0.03991323291728488,0.02579495261568665,0.026275261509439263,0.0,-0.0001308497956430399,0.010963536786576578,0.012483566100427224
2019-08-06,-0.01480989446621106,-0.016423367884906614,-0.01581910617259974,0.0,0.0,-0.007600112597746622,-0.007700337631252219
2019-08-07,0.02136540483042726,-0.0004139900501902716,-0.00039851336924823233,0.0,-0.00012898818593176653,-0.00020934487403700963,-0.0001923989991853281
2019-08-08,0.0010490189859606591,-0.010837226150440804,-0.010431923756408779,0.0,0.0,-0.005479004538818222,-0.0050354092863948985
2019-08-09,-0.005073557860247657,-0.025261509058926768,-0.0243067920782839,0.0,0.0,-0.012702716989596352,-0.011669065281945001
2019-08-10,-0.024295731987387104,-0.011342538102736888,-0.010813150798198778,0.0,-0.00016293129127309403,-0.004798150636894261,-0.0044031033408318265
2019-08-11,0.010500815868156321,0.027064228545151225,0.025837231771708158,0.0,0.0,0.011832978222049206,0.010854422082347659
2019-08-12,-0.00630954677615303,-0.013281569224095624,-0.012694595444768031,0.0,0.0,-0.0058943589090210136,-0.005341920158316138
2019-08-13,-0.02486800076472151,-0.0056689271916045,-0.005415169814907417,0.0,0.0,-0.0024971737890768786,-0.0028069161804208376
2019-08-14,-0.03953007225413696,-0.05396311239808327,-0.05185235292810264,0.0,-0.00014448828961843851,-0.02633935599562498,-0.02974245257688013
2019-08-15,0.009812672612877105,0.0018679936501049266,0.0019749383777791785,0.0,-0.00019439801199117035,0.001133254651572102,0.000959416399047397
2019-08-16,0.0015103010448480614,-0.006602752677668522,-0.006847987575069769,0.0,0.0,-0.0038340981650999417,-0.003427467595652378
2019-08-17,-0.004631929590008688,0.0014981312827655469,0.0015541575111035488,0.0,0.0,0.0008675197104028864,0.0007751972787637396
2019-08-18,0.0036560788270323386,0.018414198200068732,0.019101772902426095,0.0,0.0,0.010669789196754209,0.00953517767508072
2019-08-19,0.02443330704254265,0.016446900459166525,0.017049506641604317,0.0,0.0,0.009602896568077224,0.008591381993686031
2019-08-20,-0.008132015869105613,-0.014354448690051647,-0.014600994799646494,0.0,-0.0006164747879877641,-0.0067956792175875025,-0.008033119994184212
2019-08-21,-0.025818958840319373,-0.02026063781930365,-0.02060188613404257,0.0,-0.00020197677172517636,-0.011022168055167869,-0.012175893466439325
2019-08-22,-0.0015893316570378957,0.00580092208346783,0.00583953068202292,0.0,0.0,0.003532298324550709,0.0029142528513159682
2019-08-23,0.012103069320763105,0.007298826985880913,0.007347123009425305,0.0,0.0,0.0044544499851946195,0.0036773205870728187
2019-08-24,-0.010652724472454689,-0.00675234747117448,-0.006796701588172804,0.0,-0.0002558379857338089,-0.004132604856061928,-0.003414266556780454
2019-08-25,0.0003518822115355924,-0.008070439067591972,-0.008123814101604565,0.0,0.0,-0.0049263163303713275,-0.004067079726025824
2019-08-26,0.009682214161756297,0.004268447063111136,0.0042969082782560175,0.0,0.0,0.0025972910833136353,0.00214242766462025
2019-08-27,-0.007819871324500904,-0.002853491057456692,-0.0028724362022425343,0.0,0.0,-0.0017392040246219098,-0.0014352684966567608
2019-08-28,-0.019537456077010185,-0.028436463422377156,-0.028625805123338233,0.0,0.0,-0.01731269015345238,-0.014282853111976967
2019-08-29,-0.00522183804757248,-0.004920410282526877,-0.005237458728353017,-0.0008354149262237431,-0.00040564798018682957,-0.002971486440113358,-0.0028247147153037666
2019-08-30,0.0018506415795882525,-0.0006080518862221496,-0.00033643465962451824,0.0,-0.0001258445599288116,-0.00030343165377899606,-0.00032429998437533136
2019-08-31,5.07933654723125e-05,0.0026981437260882313,0.0030063724160387384,0.0,0.0,0.0018270939610869341,0.001952792019897176
2019-09-01,0.0023836999771209566,-0.0007410310285552724,-0.0008103615056954672,0.0,0.0,-0.0004930691449105407,-0.0005269245687458124
2019-09-02,0.010635858561036882,0.006531269775654769,0.007142827557596432,0.0,0.0,0.004344715075422778,0.004643191910125077
2019-09-03,0.010299040572798512,0.001170923385890088,0.0013010570053031412,-0.0008319398109535303,-0.0006083747251917071,0.0001474916666517334,0.000461606357445854
2019-09-04,-0.0019347562762928039,-0.010219614140565825,-0.01137562570471573,0.0,-0.00022213798682513275,-0.005130123189130531,-0.0059001052721245895
2019-09-05,-0.0003640671862771283,-0.0030024991064914186,-0.003295769117340863,0.0,-0.0001341242105181717,-0.001229384197023009,-0.0013695434073973667
2019-09-06,-0.01596877983251721,-0.01618791462470337,-0.016878789258349958,0.0,-0.00013855763344605698,-0.007857156147908828,-0.008172310295997742
2019-09-07,0.007847402000109582,0.02685616116955436,0.028737684277931663,0.0,-0.0005591798942377046,0.01355903596896102,0.01443431903952197
2019-09-08,-0.004399676498392013,0.011107271515520711,0.012049240993162957,0.0,0.0,0.005592295458313856,0.006068349506210158
2019-09-09,-0.006296725429532191,-0.0024007590579719906,-0.0026915225599682957,0.0,-0.000738399082116703,-0.001012542617951584,-0.0010982171969702303
2019-09-10,-0.008225279541848929,-0.000802891357490787,-0.0012614075610807296,-0.0008354149146110323,-0.000720069934461165,-0.0006854778319389521,-0.0006514436205863339
2019-09-11,0.0015765188248832995,-0.002185870447777405,-0.0024253212587904693,0.0,-0.00018678361703805546,-0.0013284677039000492,-0.0014842020302743286
2019-09-12,0.008764449507962402,0.004247309083347917,0.0047113417508111155,0.0,-0.0001829570752847065,0.0021214203282722277,0.002370480987641699
2019-09-13,-0.007253226705403293,-0.00300858419465333,-0.003323323032573433,-0.0016666597106579362,-0.001732399193642542,-0.0023358896024462394,-0.0025210656179732727
2019-09-14,-0.004034051943056838,0.013604072095096953,0.014971113166554861,-0.0024972129610663085,-0.0022173175468732653,0.005546432187093497,0.006374732839051989
2019-09-15,-0.0017596904273472491,0.0016949349301793593,0.0019073566611751414,-0.0008354149146111434,-0.000730933934203315,0.0004304091758200457,0.0005886375117141185
2019-09-16,-0.002955893846676827,0.015675066282315298,0.017989026901427785,0.0,-0.00016329389744584866,0.00889574521355363,0.010002224121951953
2019-09-17,-0.002723705897780704,0.014329445129835472,0.017423655689189355,0.0,-0.00031596197947791893,0.007300658944193739,0.008671002121588556
2019-09-18,-0.001169934147485563,0.0030856415336115717,0.0037568126199489793,0.0,0.0,0.0015526399949308267,0.0018933011879422867
2019-09-19,0.000894272948517072,0.012664718314672418,0.015558332559702404,0.0,-0.00017385778407075225,0.0065606908870590175,0.00799743688841259
2019-09-20,-0.0023732334620661932,-0.00214289268718737,-0.0028898302918086705,0.0,0.0,-0.0014361537970370986,-0.0017481662616581906
2019-09-21,-0.005222220544008782,-0.002895716616213684,-0.0039079876607556185,0.0,-0.00013890358756463161,-0.0018664334933827798,-0.0023613839558987992
2019-09-22,0.0010407093906066311,-0.003751975049926193,-0.005068718723081012,0.0,0.0,-0.0016160534483048439,-0.003058002403117266
2019-09-23,-0.007993481983000317,-0.009694053077687337,-0.011417104086644092,0.0,0.0,-0.004166496832925248,-0.006234835477098688
2019-09-24,-0.012981315502731627,-0.01620162439965489,-0.02354382950531919,-0.0008347268556937459,-0.00039945236826521846,-0.009201771310348383,-0.011942709754942826
2019-09-25,-0.0005686491087776302,0.0013276168677132105,0.0018763991871080243,0.0,0.0,0.0006615650767820558,0.0009333156921862429
2019-09-26,-0.004633886362466755,-0.0034406299241604987,-0.004860181464433677,-0.000834029520172308,-0.00021185759564301687,-0.00213379098188915,-0.002526107002501665
2019-09-27,0.0,0.0,0.0,0.0,0.0,0.0,0.0
2019-09-28,0.0,0.0,0.0,0.0,0.0,0.0,0.0
2019-09-29,0.0,0.0,0.0,0.0,0.0,0.0,0.0
2019-09-30,0.0,0.0,0.0,0.0,0.0,0.0,0.0
2019-10-01,0.0,0.0,0.0,-0.0016666666666667052,0.0,-0.0008333333333332416,0.0
2019-10-02,0.0,0.0,0.0,0.0,0.0,0.0,0.0
2019-10-03,0.0,0.0,0.0,0.0,0.0,0.0,0.0
2019-10-04,0.0,0.0,0.0,0.0,0.0,0.0,0.0
2019-10-05,0.0,0.0,0.0,0.0,0.0,0.0,0.0
2019-10-06,0.0,0.0,0.0,0.0,0.0,0.0,0.0
2019-10-07,0.0,0.0,0.0,0.0,0.0,0.0,0.0
2019-10-08,0.0,0.0,0.0,0.0,0.0,0.0,0.0
2019-10-09,-0.00040188803417007257,0.0,0.0001608111464608264,-0.0008333333333333526,-0.00013340663516614448,-0.0004166666666666208,0.0
2019-10-10,-5.3035442996285376e-05,0.0,-5.356821350110952e-05,-0.0008340283569641116,-0.0001334244348710767,-0.00041684035014588616,0.0
2019-10-11,0.0,0.0,0.0,0.0,0.0,0.0,0.0
2019-10-12,0.0,0.0,0.0,0.0,0.0,0.0,0.0
2019-10-13,0.0,0.0,0.0,0.0,0.0,0.0,0.0
2019-10-14,0.0,0.0,0.0,0.0,0.0,0.0,0.0
2019-10-15,0.0,0.0,0.0,0.0,0.0,0.0,0.0
2019-10-16,0.0,0.0,0.0,0.0,0.0,0.0,0.0
2019-10-17,0.0,0.0,0.0,0.0,0.0,0.0,0.0
2019-10-18,0.0,0.0,0.0,0.0,0.0,0.0,0.0
2019-10-19,0.0,0.0,0.0,0.0,0.0,0.0,0.0
2019-10-20,0.0,0.0,0.0,0.0,0.0,0.0,0.0
2019-10-21,0.0,0.0,0.0,0.0,0.0,0.0,0.0
2019-10-22,0.0,0.0,0.0,0.0,0.0,0.0,0.0
2019-10-23,0.0,0.0,0.0,0.0,0.0,0.0,0.0
2019-10-24,0.0,0.0,0.0,0.0,0.0,0.0,0.0
2019-10-25,0.0,0.0,0.0,0.0,0.0,0.0,0.0
2019-10-26,-0.003579071727189076,-0.004219906304019139,-0.0037604437365221788,-0.0008333333333333526,-0.00022925946150098575,-0.002526619818676301,0.0
2019-10-27,0.0011243497244082246,-4.562852802425521e-05,-8.1862242999442e-05,-0.0008326383097024825,-0.0003030358935972588,-0.0004393528733973584,-0.002172675060875151
2019-10-28,-0.0032551251665271508,-0.001261346457859025,-0.0011347957634583183,-0.0008347222202900184,-0.0003024362004686587,-0.0010492200750821246,-0.000718951810633528
2019-10-29,0.001961707435860438,0.004872581790195785,0.004382309318089472,0.0,0.0,0.0024357735507145595,0.002190242825065747
2019-10-30,-0.0024453994563274906,-0.004066686399474939,-0.0036592873607865783,0.0,0.0,-0.002037853199216455,-0.0018328825567452967
2019-10-31,-0.0001344437963044509,-0.0005292124520636099,-0.00047600144308324044,0.0,0.0,-0.00026465399710740023,-0.00023798578101108525
2019-11-01,0.0008798673159589043,0.00037343166982917175,0.00033586615368497164,0.0,0.0,0.00018670012468358088,0.00016788255711142064
2019-11-02,0.0005609114554543382,3.342915856752171e-05,3.0067467357008937e-05,0.0,0.0,1.671629321697843e-05,1.5031735279613656e-05
2019-11-03,-0.0009178069855669824,-0.00076327360503603,-0.0006865198627388214,0.0,0.0,-0.00038168231480240067,-0.0003432194630341723
2019-11-04,0.0019246984668177536,0.002325023485262312,0.002091061706943842,0.0,0.0,0.0011622065518808178,0.0010450485794450959
2019-11-05,-0.0008190172410413865,0.0016521107823430636,0.001486209574914632,0.0,0.0,0.0008267977135623106,0.0007435381418092746
2019-11-06,0.00040760528282568487,0.0016741056491176298,0.0015409646898310037,0.0,-0.00012598700556643028,0.0006898196686528912,0.0006204055706828804
2019-11-07,-0.0018495106729691235,-0.0036905924630846743,-0.003462151547615644,0.0,0.0,-0.0012452668434893566,-0.0011200377661445549
2019-11-08,-0.003000843089442373,-0.00224418001762694,-0.002104786783445056,-0.0008340295163029587,-0.0003561745784319559,-0.0011718979589425693,-0.0007942976459959228
2019-11-09,0.0,0.0,0.0,0.0,0.0,0.0,0.0
2019-11-10,0.0,0.0,0.0,0.0,0.0,0.0,0.0
2019-11-11,0.0,0.0,0.0,0.0,0.0,0.0,0.0
2019-11-12,0.0,0.0,0.0,0.0,0.0,0.0,0.0
2019-11-13,0.0,0.0,0.0,0.0,0.0,0.0,0.0
2019-11-14,0.0,0.0,0.0,0.0,0.0,0.0,0.0
2019-11-15,0.0,0.0,0.0,0.0,0.0,0.0,0.0
2019-11-16,0.0,0.0,0.0,0.0,0.0,0.0,0.0
2019-11-17,0.0,0.0,0.0,0.0,0.0,0.0,0.0
2019-11-18,0.0,0.0,0.0,0.0,0.0,0.0,0.0
2019-11-19,0.0,0.0,0.0,0.0,0.0,0.0,0.0
2019-11-20,0.0,0.0,0.0,0.0,0.0,0.0,0.0
2019-11-21,0.0,0.0,0.0,0.0,0.0,0.0,0.0
2019-11-22,0.0,0.0,0.0,0.0,0.0,0.0,0.0
2019-11-23,0.0,0.0,0.0,0.0,0.0,0.0,0.0
2019-11-24,0.0,0.0,0.0,0.0,0.0,0.0,0.0
2019-11-25,0.0,0.0,0.0,0.0,0.0,0.0,0.0
2019-11-26,0.0,0.0,0.0,0.0,0.0,0.0,0.0
2019-11-27,0.0,0.0,0.0,0.0,0.0,0.0,0.0
2019-11-28,0.0,0.0,0.0,0.0,0.0,0.0,0.0
2019-11-29,0.0,0.0,0.0,0.0,0.0,0.0,0.0
2019-11-30,0.0,0.0,0.0,0.0,0.0,0.0,0.0
2019-12-01,0.0,0.0,0.0,0.0,0.0,0.0,0.0
2019-12-02,0.0,0.0,0.0,0.0,0.0,0.0,0.0
2019-12-03,0.0,0.0,0.0,0.0,0.0,0.0,0.0
2019-12-04,0.0,0.0,0.0,0.0,0.0,0.0,0.0
2019-12-05,0.0,0.0,0.0,0.0,0.0,0.0,0.0
2019-12-06,0.0,0.0,0.0,0.0,0.0,0.0,0.0
2019-12-07,0.0,0.0,0.0,0.0,0.0,0.0,0.0
2019-12-08,0.0,0.0,0.0,0.0,0.0,0.0,0.0
2019-12-09,0.0,0.0,0.0,0.0,0.0,0.0,0.0
2019-12-10,0.0,0.0,0.0,0.0,0.0,0.0,0.0
2019-12-11,0.0,0.0,0.0,0.0,0.0,0.0,0.0
2019-12-12,0.0,0.0,0.0,0.0,0.0,0.0,0.0
2019-12-13,0.0,0.0,0.0,0.0,0.0,0.0,0.0
2019-12-14,0.0,0.0,0.0,0.0,0.0,0.0,0.0
2019-12-15,0.0,0.0,0.0,0.0,0.0,0.0,0.0
2019-12-16,0.0,0.0,0.0,0.0,0.0,0.0,0.0
2019-12-17,0.0,0.0,0.0,0.0,0.0,0.0,0.0
2019-12-18,0.0,0.0,0.0,0.0,0.0,0.0,0.0
2019-12-19,0.0,0.0,0.0,0.0,0.0,0.0,0.0
2019-12-20,0.0,0.0,0.0,0.0,0.0,0.0,0.0
2019-12-21,0.0,0.0,0.0,0.0,0.0,0.0,0.0
2019-12-22,0.0,0.0,0.0,0.0,0.0,0.0,0.0
2019-12-23,0.0,0.0,0.0,0.0,0.0,0.0,0.0
2019-12-24,0.0,0.0,0.0,0.0,0.0,0.0,0.0
2019-12-25,0.0,0.0,0.0,0.0,0.0,0.0,0.0
2019-12-26,0.0,0.0,0.0,0.0,0.0,0.0,0.0
2019-12-27,0.0,0.0,0.0,0.0,0.0,0.0,0.0
2019-12-28,0.0,0.0,0.0,0.0,0.0,0.0,0.0
2019-12-29,0.0,0.0,0.0,0.0,0.0,0.0,0.0
2019-12-30,0.0,0.0,0.0,0.0,0.0,0.0,0.0
2019-12-31,0.0,0.0,0.0,0.0,0.0,0.0,0.0
2020-01-01,0.0,0.0,0.0,0.0,0.0,0.0,0.0
2020-01-02,0.0,0.0,0.0,0.0,0.0,0.0,0.0
2020-01-03,0.0,0.0,0.0,0.0,0.0,0.0,0.0
2020-01-04,0.0,0.0,0.0,0.0,0.0,0.0,0.0
2020-01-05,0.0,0.0,0.0,0.0,0.0,0.0,0.0
2020-01-06,0.0,0.0,0.0,0.0,0.0,0.0,0.0
2020-01-07,0.0029003714852895435,-4.546207445732531e-05,-5.084232987240256e-05,-0.0008333333333333526,-0.00028923060106000875,-0.00043939770389533894,-0.00017003646546620566
2020-01-08,-0.0012976834006305227,-0.0015077393815550177,-0.001686183403833308,0.0,0.0,-0.0007541667974563238,-0.0008431922105935907
2020-01-09,-0.002696207283377161,-0.00190076179493337,-0.0021261007820326805,-0.0008340283569641116,-0.0002893142796029924,-0.001367202888054253,-0.0012070420733799603
2020-01-10,0.002883497699181392,0.001848788348949304,0.0019667259339402055,-0.0008333333333333526,-0.00025780500751493296,-0.0004166666666666208,0.0008544604632125807
2020-01-11,-0.0022847674326478273,-0.0016763699283895983,-0.001783098721182097,0.0,0.0,0.0,-0.0008925401535667676
2020-01-12,0.002134236628466457,0.0028395971673738085,0.003020707634602493,0.0,0.0,0.0,0.0015106845412622416
2020-01-13,-0.0009635701239356642,-0.0020147614888454957,-0.0021428766591978787,0.0,0.0,0.0,-0.0010732887536311075
2020-01-14,0.01360548196470357,0.026944895023810034,0.02905939009018521,-0.0008326383097024825,-0.0003685297516562436,0.011448616978079862,0.014313062750506367
2020-01-15,0.0003322692419818196,0.0011369853040035238,0.001228027937300702,0.0,0.0,0.0005747401191131818,0.0006211489516037005
2020-01-16,-0.0035865336314705454,-0.003272592026443366,-0.0028539257000482765,0.0,-0.00014240230121309594,-0.0016552077131662957,-0.001788778644142175
2020-01-17,0.006769238653531406,0.008455717331903756,0.010911361479861714,0.0,-0.0001339836804339356,0.004269794109503122,0.004483424285243842
2020-01-18,0.00010870132928619824,0.006377813450892722,0.009511054758255533,0.0,0.0,0.0032339605778919367,0.004731362297851094
2020-01-19,-0.024930757624137545,-0.025097235265809648,-0.03283655525007856,-0.0016666643537873727,-0.001538110931469494,-0.01335828304372666,-0.017153756813521825
2020-01-20,-0.0026688407676564996,0.0001442980394634752,0.000187533484820257,0.0,0.0,7.218398493802347e-05,9.380755874399682e-05
2020-01-21,0.004223859212280301,0.004725078972793062,0.006140570065348516,0.0,0.0,0.002363854874256832,0.003071909380541582
2020-01-22,-0.0024097035184934557,-0.0025488770194347365,-0.003307783549610366,0.0,0.0,-0.001278151886891954,-0.0016598291401680454
2020-01-23,-0.01403786055530909,-0.009668002128195519,-0.01432354268694458,-0.0008347268557130638,-0.0006849902316915513,-0.005259488391287537,-0.006499275868923848
2020-01-24,-3.91267391200989e-05,0.0007969267378107325,0.0010849171000382185,-0.0008326371464943971,-0.0004868706241457632,-1.659806380482909e-05,0.0003011204045848537
2020-01-25,-0.00539963261195453,-0.005279377943123609,-0.006942915896451685,-0.0008347222183481273,-0.000582386940211288,-0.003060829326176129,-0.0037682081712574478
2020-01-26,0.009934349341697235,0.011896078756868489,0.015795525126007792,-0.0008326371503653007,-0.0006334840409150111,0.0055255602219008715,0.007570983803790288
2020-01-27,0.015092077135840709,0.004469919041192094,0.005918589786857442,0.0,0.0,0.0022463528919853815,0.0029786005453498188
2020-01-28,0.039849444866591366,0.018828090338620207,0.02474691752675051,-0.0008319444483121385,-0.00081505394395609,0.008993211631170173,0.011962849015596522
2020-01-29,-0.0060158021119383065,-0.007177875783606957,-0.008445778596335107,0.0,-0.00012672442885885982,-0.003263404577170559,-0.0042762368159694475
2020-01-30,0.018659488037084504,0.04096317822548068,0.0518850060707956,0.0,0.0,0.01870664537900768,0.02453738489322399
2020-01-31,-0.013979751885234926,-0.016859687005533197,-0.02115427410210413,0.0,0.0,-0.007867522698415064,-0.010261047438629323
2020-02-01,0.002805169476721714,0.013171746002141216,0.016599431804501075,0.0,0.0,0.006090846884902357,0.007830316589747532
2020-02-02,-0.005299147507305868,0.017430042131178825,0.021891802406353245,0.0,-0.000126647491387466,0.008116684105200278,0.010593296254425066
2020-02-03,-0.004205684188385184,0.004016071272515909,0.005532752660412754,0.0,-0.0001262820063764325,0.002079373442854804,0.0027071938599587675
2020-02-04,-0.008386060218457336,-0.0025292534616865314,-0.003433441278728022,0.0,0.0,-0.001294836579544989,-0.0016847280830919464
2020-02-05,0.038551702238127206,0.048340212052881304,0.06773992528435624,0.0,-0.00021693608805273268,0.024716901704660676,0.03217203009127334
2020-02-06,0.015094442110609396,0.029179978084450386,0.04192519177579368,0.0,0.0,0.015264015059448077,0.01958640122573052
2020-02-07,0.0038792485413414735,0.03055216312723341,0.04335975811949,0.0,0.0,0.016200862050899545,0.02084631672984294
2020-02-08,0.007530349164040162,-0.0008186383039103795,-0.0011475532440050618,0.0,0.0,-0.00044022899308537866,-0.0005638830526001337
2020-02-09,0.02359312537567848,0.015918003849361595,0.022320934630185585,0.0,0.0,0.008556787382984599,0.010961623238375351
2020-02-10,-0.026930081881471724,-0.016129432071366856,-0.022475752896380263,0.0,0.0,-0.008733724972480372,-0.011161673858312793
2020-02-11,0.03425742077226657,0.04039914428652125,0.05625594795134581,0.0,-0.00013234211524293382,0.021582428979946444,0.027816026856360976
2020-02-12,0.009186855242410807,0.08123991577571932,0.09236652461429906,0.0,-0.00045228565171773205,0.04227920514500605,0.0568243769724861
2020-02-13,-0.010345696748662259,0.0057764249383198685,0.006475580467047548,0.0,-0.00048646363866122755,0.0032258043230659617,0.004787596147918682
2020-02-14,0.010467217808952878,0.03625690971415518,0.04197008725317364,0.0,-0.0001277463404739665,0.018166337369066365,0.03108190678955447
2020-02-15,-0.04218320360491745,-0.04029257568267175,-0.049480313641617424,0.0,-0.0003338310252881671,-0.020947471002468077,-0.036306477939747284
2020-02-16,0.001147643017764377,-0.01088084332312822,-0.012517005239567003,0.0,0.0,-0.006364864577135254,-0.011207499913831187
2020-02-17,-0.020151219774125262,0.010152311938622205,0.01249636283961153,0.0,-0.00020517015409737827,0.009560650119601721,0.011681448476741352
2020-02-18,0.039697483820969826,0.022061442562397504,0.02594585515442871,0.0,-0.0005754824011448001,0.012527117464056214,0.023575669529722676
2020-02-19,-0.05104279912171783,-0.035331939210452634,-0.041395594157320414,0.0,-0.0006068220125013957,-0.02033795265787941,-0.03792122677292242
2020-02-20,-0.000182317305521984,-0.0018717341927066977,-0.002013229861948962,0.0,-0.000623140570230496,-0.0012803251805004745,-0.0022950924519885563
2020-02-21,0.00475404985251604,0.010004693023724087,0.010488528048078871,0.0,0.0,0.007149759554076374,0.010265134158885747
2020-02-22,-0.0017510652488192946,-0.004410431447884888,-0.004621509571315019,0.0,0.0,-0.003160807765477114,-0.004524076759305662
2020-02-23,0.018752453522235202,0.016947580016679176,0.018701957835994154,0.0,-0.0006827172789632963,0.011063626280268357,0.016960394945178203
2020-02-24,-0.020596725707900942,-0.012958109287877884,-0.012776781358183054,0.0,-0.00018729520339844097,-0.007594527832112563,-0.012914104622391731
2020-02-25,-0.02694262283622828,-0.027619092115458987,-0.031418060388206714,0.0,-0.0003838912626146218,-0.01609959579659115,-0.02752407287867409
2020-02-26,-0.03852040753879171,-0.03556104773324131,-0.0380712948780354,-0.0008354149262237431,-0.0010152825183533665,-0.020865321281890226,-0.03609054704608394
2020-02-27,0.0005459314119709013,0.0016355315185354602,0.0017978178664685984,-0.0024972129610467686,-0.0017428162841703898,-0.0003275183586584074,0.0007358050015673356
2020-02-28,-0.010250390219607941,-0.004434914735070183,-0.0048006189491299756,-0.0008354149146111434,-0.0005740726198517621,-0.0029844063161844625,-0.00468493741128595
2020-02-29,-0.008195577879731797,-0.010035673165568748,-0.010897506298903625,-0.0016666597106579362,-0.0011345362113165391,-0.006317261420446751,-0.010059866889236546
2020-03-01,0.00029401317239452496,0.000437810572060382,0.00047756463833104057,0.0,0.0,0.0002404521467795906,0.00041883148639754175
2020-03-02,0.016613453844498194,0.013574775741791223,0.01486407854018168,-0.0008319398109729592,-0.0004256495995065279,0.005256376514193306,0.012376197097234476
2020-03-03,-0.008503986458383683,-0.009464811626100689,-0.01037527340947031,0.0,0.0,-0.0032124117015046583,-0.008616963090909535
2020-03-04,-0.0005085242345550522,0.0004149302226401641,0.00045526264229178715,0.0,0.0,0.0001399463513422905,0.000377438112445061
2020-03-05,0.01702602596516334,0.004882295665909808,0.005356652990984978,0.0,0.0,0.0016471379677067688,0.004441309461322707
2020-03-06,0.0037385065030055564,0.019457883985388058,0.021338313194602332,0.0,0.0,0.006585700129478234,0.017708150224821306
2020-03-07,-0.011830855305053234,-0.008849195946943889,-0.009686523855875762,0.0,0.0,-0.0030333930430744838,-0.00806728567040449
2020-03-08,-0.028564676220713903,-0.025705546277862368,-0.02816164547894595,-0.0025020815812777375,-0.0012106990242487514,-0.010004423715665678,-0.024012955038147377
2020-03-09,0.0,0.0,0.0,0.0,0.0,0.0,0.0
2020-03-10,0.0,0.0,0.0,0.0,0.0,0.0,0.0
2020-03-11,0.0,0.0,0.0,0.0,0.0,0.0,0.0
2020-03-12,0.0,0.0,0.0,0.0,0.0,0.0,0.0
2020-03-13,0.0,0.0,0.0,0.0,0.0,0.0,0.0
2020-03-14,0.0,0.0,0.0,0.0,0.0,0.0,0.0
2020-03-15,0.0,0.0,0.0,0.0,0.0,0.0,0.0
2020-03-16,0.0,0.0,0.0,0.0,0.0,0.0,0.0
2020-03-17,0.0,0.0,0.0,0.0,0.0,0.0,0.0
2020-03-18,0.0,0.0,0.0,0.0,0.0,0.0,0.0
2020-03-19,0.0,0.0,0.0,0.0,0.0,0.0,0.0
2020-03-20,0.0,0.0,0.0,0.0,0.0,0.0,0.0
2020-03-21,0.0,0.0,0.0,0.0,0.0,0.0,0.0
2020-03-22,0.0,0.0,0.0,0.0,0.0,0.0,0.0
2020-03-23,0.0,0.0,0.0,0.0,0.0,0.0,0.0
2020-03-24,0.0,0.0,0.0,0.0,0.0,0.0,0.0
2020-03-25,0.0,0.0,0.0,0.0,0.0,0.0,0.0
2020-03-26,0.0,0.0,0.0,0.0,0.0,0.0,0.0
2020-03-27,0.0,0.0,0.0,0.0,0.0,0.0,0.0
2020-03-28,0.0,0.0,0.0,0.0,0.0,0.0,0.0
2020-03-29,0.0,0.0,0.0,0.0,0.0,0.0,0.0
2020-03-30,0.0,0.0,0.0,0.0,0.0,0.0,0.0
2020-03-31,0.0,0.0,0.0,0.0,0.0,0.0,0.0
2020-04-01,0.0,0.0,0.0,0.0,0.0,0.0,0.0
2020-04-02,0.0,0.0,0.0,0.0,0.0,0.0,0.0
2020-04-03,0.0,0.0,0.0,0.0,0.0,0.0,0.0
2020-04-04,0.0,0.0,0.0,0.0,0.0,0.0,0.0
2020-04-05,0.0,0.0,0.0,0.0,0.0,0.0,0.0
2020-04-06,0.0,0.0,0.0,0.0,0.0,0.0,0.0
2020-04-07,0.0,0.0,0.0,0.0,0.0,0.0,0.0
2020-04-08,0.0,0.0,0.0,0.0,0.0,0.0,0.0
2020-04-09,0.0,0.0,0.0,0.0,0.0,0.0,0.0
2020-04-10,0.0,0.0,0.0,0.0,0.0,0.0,0.0
2020-04-11,0.0,0.0,0.0,0.0,0.0,0.0,0.0
2020-04-12,0.0,0.0,0.0,0.0,0.0,0.0,0.0
2020-04-13,0.0,0.0,0.0,0.0,0.0,0.0,0.0
2020-04-14,0.0,0.0,0.0,0.0,0.0,0.0,0.0
2020-04-15,0.0,0.0,0.0,0.0,0.0,0.0,0.0
2020-04-16,0.0,0.0,0.0,0.0,0.0,0.0,0.0
2020-04-17,0.0,0.0,0.0,0.0,0.0,0.0,0.0
2020-04-18,0.0,0.0,0.0,0.0,0.0,0.0,0.0
2020-04-19,0.0,0.0,0.0,0.0,0.0,0.0,0.0
2020-04-20,0.0,0.0,0.0,0.0,0.0,0.0,0.0
2020-04-21,0.0,0.0,0.0,0.0,0.0,0.0,0.0
2020-04-22,0.0,0.0,0.0,0.0,0.0,0.0,0.0
2020-04-23,0.0,0.0,0.0,0.0,0.0,0.0,0.0
2020-04-24,0.0,0.0,0.0,0.0,0.0,0.0,0.0
2020-04-25,0.0,0.0,0.0,0.0,0.0,0.0,0.0
2020-04-26,0.0,0.0,0.0,0.0,0.0,0.0,0.0
2020-04-27,0.0,0.0,0.0,0.0,0.0,0.0,0.0
2020-04-28,0.0,0.0,0.0,0.0,0.0,0.0,0.0
2020-04-29,0.023723241188633448,0.00796750287534942,0.012572965412739334,-0.0024979166666666552,-0.0006851807495978912,0.0027326123745756714,0.0047256422570638446
2020-04-30,-0.009514225681425459,-0.016133595350185548,-0.018003234664366707,0.0,-0.00047332322984505737,-0.004803259457649367,-0.006234544491011573
2020-05-01,0.006840428863022385,0.007110062677616824,0.008199908253589516,0.0,0.0,0.003089339023871096,0.003929867387570951
2020-05-02,0.00470091551946572,0.0020338190575162063,0.002352882651822208,0.0,-0.00016307301766049775,0.0009747592383935189,0.0012389275910922315
2020-05-03,-0.0030849900513439943,-0.005864029887632238,-0.006700792095825636,0.0,0.0,-0.0037441741110959548,-0.002247379573124264
2020-05-04,-0.000881996584786493,-0.004934983698885009,-0.005643927020153039,0.0,0.0,-0.0025581948982458247,-0.0031169398200230347
2020-05-05,0.0059595278220141434,-0.001746081559082291,-0.0019983415572185637,0.0,0.0,-0.0009029762403688357,-0.0011008153129020704
2020-05-06,0.002483232191390572,-0.01533422902627668,-0.01654582207534072,0.0,-0.00031692566796837074,-0.007506697763384529,-0.008255668511936376
2020-05-07,0.04406255336918563,0.02652919811904919,0.03171965984451197,0.0,-0.00013604335161943037,0.013115702850817978,0.015449521520237486
2020-05-08,-0.009724540405323667,-0.0011839274588764104,-0.0017619824050721933,0.0,0.0,-0.0006855469404957182,-0.0008056777486251665
2020-05-09,-0.01454795048378521,-0.0027680509156972066,-0.0031720502304476428,0.0,0.0,-0.0012328425717645919,-0.0014490521187520145
2020-05-10,-0.047347780062145794,-0.05049118943135955,-0.057902202893624466,0.0,-0.0002783881125278942,-0.0224276038514708,-0.026366548628545705
2020-05-11,-0.007918634036805483,-0.0037084833900239422,-0.0041065954401712235,0.0,0.0,-0.0018431103150291506,-0.002175580617739592
2020-05-12,0.012338809814593343,0.008287744943356046,0.009181117291249485,0.0,0.0,0.004111298333032254,0.004854533744157896
2020-05-13,0.024378794313784313,0.02002895681265726,0.02216832406132485,0.0,0.0,0.009977082881037713,0.01177201399053085
2020-05-14,0.023036320222044715,0.007418365911788571,0.008193564272231502,0.0,0.0,0.0037321104016425632,0.0043957251428599076
2020-05-15,-0.02218865902082956,-0.016732161666248135,-0.01846641574913499,0.0,0.0,-0.00844870856393587,-0.00994441725142059
2020-05-16,0.003094429896271844,0.012786227511634163,0.01247560679248405,0.0,0.0,0.005650142202249464,0.006660456473972509
2020-05-17,0.013724416716667465,0.014855698357993719,0.014102838559798103,0.0,-0.00012715908118543506,0.006583274301914965,0.007752655351522142
2020-05-18,0.0028179540877617537,0.01767762681547813,0.019375431206477556,0.0,0.0,0.007898187231569764,0.009290342176040411
2020-05-19,0.002169186831026515,-0.00072468820195426,-0.0007929661907315477,0.0,0.0,-0.0003269250637025767,-0.0003840192974775558
2020-05-20,-0.013741400078075117,-0.010908991714764671,-0.011062240095616294,0.0,-0.0001298602821608874,-0.005306265390811249,-0.005355052711450092
2020-05-21,-0.023885686533739237,-0.028401307602843096,-0.02778517036304229,0.0,-0.0002731654823360241,-0.013877837782961255,-0.013155402761466872
2020-05-22,0.004704240775233348,0.017988818123736205,0.018238916180514986,0.0,0.0,0.010705587754660906,0.010223423124591902
2020-05-23,0.00042271596224918717,-0.0015579946058728034,-0.0015792673709877914,0.0,0.0,-0.0007471368658136246,-0.0008922472708101647
2020-05-24,-0.02407665028575845,-0.013756384819855638,-0.015456050631223572,0.0,-0.00014751635368415172,-0.006591526089183786,-0.00787288866135294
2020-05-25,0.00959685550826439,0.008847778442728549,0.010033968285848793,0.0,0.0,0.004208935228610322,0.005033625713725121
2020-05-26,-0.003124538671505417,-0.007588361993757231,-0.007620183231794253,0.0,0.0,-0.0032149693071936714,-0.003841749091046842
2020-05-27,0.021756740014204468,0.017224821546852676,0.019523874233071004,0.0,-0.00013294294104493343,0.009394787912628377,0.008754166056037072
2020-05-28,0.021880904625506403,0.03126443989539096,0.03093932303376934,0.0,0.0,0.015084709418150322,0.013978931435624009
2020-05-29,-0.009120830373133493,0.001163784706867954,0.0011581352436351722,0.0,-0.0001741451254377857,0.000573477309444792,0.00037471350498852196
2020-05-30,0.01719756468331446,0.0580963240624055,0.06388782117499825,0.0,0.0,0.028644971333128932,0.03192156598502294
2020-05-31,-0.015582499322990051,-0.028874254367243668,-0.03160890800432703,0.0,0.0,-0.014644353852698133,-0.016294035019194797
2020-06-01,0.04775081482501187,0.04097170210086554,0.04497875218044056,0.0,0.0,0.020479808952590606,0.022825065722075433
2020-06-02,-0.04132922065977995,-0.025800994112358255,-0.028633641034290447,0.0,-0.00015617242597187886,-0.012672497886496603,-0.014708583039251044
2020-06-03,0.008958298319013736,0.014226606481930082,0.0160283530637233,0.0,-0.00014259344887879166,0.008308686354664419,0.0077843415948575245
2020-06-04,0.007608194013945191,-0.0029101706821295092,-0.003113407283280356,0.0,0.0,-0.0015851232651675762,-0.0014858619554958263
2020-06-05,-0.01032218150373121,-0.007229072662176539,-0.007581340564925099,0.0,0.0,-0.003853965486106059,-0.0036122688737145747
2020-06-06,0.0028040678199066082,0.004373607308918004,0.004953976560249984,0.0,0.0,0.002323758855756086,0.0021774989029546
2020-06-07,0.004998395157626456,0.005973273753773212,0.0068337392006077025,0.0,0.0,0.0031801745449453467,0.0029804457505751003
2020-06-08,0.0023497231803439877,0.00470374513865357,0.004766692888802604,0.0,-0.00016871696809239722,0.0022263249220852988,0.002644698175938487
2020-06-09,-0.0006508796861761645,-0.006424870173003749,-0.0065760127761916864,0.0,0.0,-0.0031389056876814925,-0.0036560266094803895
2020-06-10,0.00765315730475713,0.00989859073287569,0.011247207150682614,0.0,0.0,0.004820069990096432,0.005419743659151655
2020-06-11,-0.04271087057140299,-0.04079698686451261,-0.04620555448000119,0.0,-0.0005047881140727295,-0.020814899053585023,-0.02355343242383756
2020-06-12,0.009221342113312714,0.014120280553624243,0.015934262968546387,0.0,-0.0005344166330252254,0.008665424323827331,0.009490772945369486
2020-06-13,0.0004992246803041667,0.0012039397243015504,0.001354450483754821,0.0,0.0,0.00019075473698504375,0.00020936239734448137
2020-06-14,-0.00797631608256033,-0.013613927245170854,-0.015313572929107067,0.0,0.0,-0.006375296849811862,-0.007163300406244577
2020-06-15,0.0032221410778940918,-0.00281105179841179,-0.0031471467232717654,0.0,-0.00045676486328616317,-0.0009209375171386203,-0.001035589114423252
2020-06-16,0.006445806542927812,0.010434055727188474,0.011755873043513443,0.0,0.0,0.004497507391526323,0.005058002482682955
2020-06-17,-0.0038882543841247674,-0.003442103476239855,-0.0038730927610534094,0.0,0.0,-0.001492456795041619,-0.0016775159477324664
2020-06-18,-0.005089636128471908,-0.0059511356845647345,-0.0066991806973757395,0.0,0.0,-0.002575306254505305,-0.0028951713357614484
2020-06-19,-0.005532923202164142,-0.005888672462165845,-0.006633093685883162,0.0,-0.0004914996096601065,-0.0022984467327668012,-0.0025847534736487265
2020-06-20,0.003476621068980279,0.0002405040632427191,0.00027370182486219363,0.0,-0.000179476515610677,-0.00011163506328371042,0.00024320889604512175
2020-06-21,-0.004727296199704356,-0.002406794905275067,-0.0027504737651429245,0.0,-0.00035059782400470585,-0.0017704938039502238,-0.0013127338302196812
2020-06-22,0.02963083300281899,0.038672749678405394,0.04432784862427952,0.0,-0.00040260330613173245,0.020156951459597394,0.0199664939684685
2020-06-23,-0.005007743235726836,2.8017125227375317e-05,3.270579625080927e-05,0.0,0.0,1.3093887853310449e-05,1.6318385061442342e-05
2020-06-24,-0.026850676225226855,-0.022436549919820803,-0.026317657884158407,0.0,-0.0003243563655928039,-0.011208221243452887,-0.0133497176364189
2020-06-25,-0.0033655878972719266,-0.004946850097036659,-0.005881032465130054,0.0,0.0,-0.0027543645395726735,-0.0029264322613155036
2020-06-26,-0.006271074184867054,-0.006835734235994151,-0.00813425747182528,0.0,-0.00013283762578930602,-0.0037977115238649883,-0.004035654428624302
2020-06-27,-0.010860707446331386,-0.020937137439066,-0.024946995213994794,0.0,-0.00030908690926034765,-0.011596519346215861,-0.012326035061700935
2020-06-28,0.0076277116747545115,0.009807546357741614,0.011733934559155168,0.0,0.0,0.005380802277874519,0.005723523046458068
2020-06-29,0.005528580960665552,0.00730247563748021,0.008720185105957512,0.0,0.0,0.004024063309380876,0.004278910344838405
2020-06-30,-0.00389656091564472,-0.005630473019722082,-0.006714128654270013,0.0,0.0,-0.0031128296135162214,-0.0033091275742812565
2020-07-01,0.006768339876416896,0.01309875198781496,0.01563681308834375,0.0,0.0,0.0072234086811622245,0.007680435982567735
2020-07-02,-0.010464461554239746,-0.010866447240786337,-0.012939552223038442,0.0,-0.00013885325781914926,-0.006027341699897715,-0.0064057868497173764
2020-07-03,-0.0020559914886983943,-0.0038559515119569454,-0.004601235059226938,0.0,0.0,-0.002128385527336185,-0.002262884316417857
2020-07-04,0.006003704978021718,0.010468410653329707,0.01352710711931282,0.0,0.0,0.005768288315926018,0.006133629732635981
2020-07-05,-0.005485493738102476,-0.003878961151492999,-0.005836235580344296,0.0,0.0,-0.0027297521193021534,-0.0022825448012812055
2020-07-06,0.019685668691434843,0.033077610360648935,0.040342163239006856,0.0,-0.00015117491719840448,0.015654112158766553,0.019950462675787817
2020-07-07,-0.0069239234276325945,-0.005349578463786364,-0.006825618588656712,0.0,0.0,-0.0024260948492974554,-0.0031673007139962905
2020-07-08,0.015287815916209757,0.018331289381803062,0.025097224426407383,0.0,-0.00039292419519965094,0.008273994112331318,0.01204018123487871
2020-07-09,-0.019887793705225754,-0.017189220711014364,-0.019143297614415578,0.0,-0.00030780427095877805,-0.007879373805654732,-0.00970153651143113
2020-07-10,0.005164817222266249,-0.0013053358040283625,-0.0018336979037401058,0.0,-0.00017892704226163403,-0.0008782413369701203,-0.0011644843639022628
2020-07-11,-0.0053382422833021526,-0.0065524955417736175,-0.0078087617327641246,0.0,-0.00013259210515192965,-0.0031915510139518544,-0.004097379640946364
2020-07-12,0.006724454195815577,0.009908010775595555,0.013595938883027348,0.0,0.0,0.005447296898644094,0.006772635777829716
2020-07-13,-0.0058445957052253306,-0.009300424649421601,-0.012258511505979008,0.0,0.0,-0.004951253164144465,-0.006147799777124319
2020-07-14,0.0008654072867597673,0.002682209876398556,0.002803352842098983,0.0,-0.0002925413303912494,0.0014216828730078124,0.001767379718676354
2020-07-15,-0.005647536377914486,-0.006510330306731427,-0.006827809136695895,0.0,0.0,-0.0027638150480817636,-0.003434679494968562
2020-07-16,-0.006780493452760439,-0.01491223179356782,-0.019642012146018795,0.0,-0.00034310926576130996,-0.008144559815375096,-0.009624627238632888
2020-07-17,0.00130553577410919,-0.0031921433501863605,-0.003908371510098263,0.0,-0.0005715145148624812,-0.0011553946753313227,-0.002003520126643621
2020-07-18,0.0015284386020970597,0.008740169879465354,0.011297313669254239,0.0,0.0,0.0038557705211668125,0.005641096667066581
2020-07-19,0.0037014764983283044,0.00993522589963347,0.012809539620361576,0.0,0.0,0.005137237440706377,0.0064321730018868095
2020-07-20,-0.004592872542546811,-0.010128662364382146,-0.011397483949612486,0.0,0.0,-0.004654155355233058,-0.0059028127305900124
2020-07-21,0.022191844874288824,0.03146216262153412,0.036249793205243686,0.0,-0.0001672829011599708,0.015167137352081417,0.0179040559668715
2020-07-22,0.013521398592014844,0.06444193893285544,0.07343833183719695,0.0,-0.00012664171557652537,0.03242996644393714,0.03332389076452125
2020-07-23,0.008892741359168399,0.03350532725732758,0.03516556563611273,0.0,0.0,0.017488691363858555,0.020412958103772416
2020-07-24,-0.006780354708819547,0.010286174127478231,0.010683599608743322,0.0,0.0,0.005742790180946589,0.006703897519916735
2020-07-25,0.016956598186101957,0.06692062627996487,0.07168834054682183,0.0,0.0,0.038578095796484746,0.04516185365093128
2020-07-26,0.023697355440702284,0.012275889658915018,0.013516022354049362,0.0,0.0,0.006922013030384644,0.009499335559545408
2020-07-27,0.11001684956896529,0.02254558464257328,0.02550659674386946,0.0,0.0,0.013211895439969146,0.017772211796655224
2020-07-28,-0.011376946833630441,-0.009387538095763981,-0.011844937117843402,0.0,-0.0001578608532617487,-0.0054006204709231564,-0.008311404360698882
2020-07-29,0.016462599659375243,0.001726338981876685,0.001997803580260804,0.0,0.0,0.0009799705698154693,0.002403243737296945
2020-07-30,-7.670284211813705e-05,0.03146055748663068,0.03639782624696064,0.0,0.0,0.017872161316436763,0.024832179294928647
2020-07-31,0.019664948915715907,0.020369535369051395,0.023453965833670543,0.0,0.0,0.011726034652883355,0.01618189637833045
2020-08-01,0.038081584900906185,0.06877233664860238,0.07833979626983845,0.0,0.0,0.04113180822464835,0.056512889986319426
2020-08-02,-0.05376733786766141,-0.02259352596201869,-0.025194898727858295,0.0,-0.00045835726904619456,-0.010225732322651226,-0.018049841272111844
2020-08-03,0.00891486892510085,0.015983079457305704,0.017284761327353904,0.0,0.0,0.009138855014377167,0.013632695493615232
2020-08-04,-0.0016569912472849113,0.004650120033104166,0.004612222188754345,0.0,0.0,0.0024582736830740526,0.003650820632416396
2020-08-05,0.0343237856488503,0.011442507312101835,0.013898238431704568,0.0,0.0,0.007423554853834169,0.011011737420504097
2020-08-06,0.0010896219685578856,-0.00605874820256791,-0.007341220965914053,0.0,0.0,-0.004072290118534605,-0.005833142097083077
2020-08-07,-0.010433480667949246,-0.018019794428106528,-0.0191786162249149,0.0,-0.00012570759682761778,-0.010275994711238301,-0.01521571045294312
2020-08-08,0.011187837077717866,0.02101754978222603,0.02241760692478767,0.0,0.0,0.011903417736500943,0.017713852763440396
2020-08-09,-0.005370166273630961,-0.008017523964741646,-0.008812052909745183,0.0,0.0,-0.0045816720649874965,-0.006909355805848727
2020-08-10,0.015028123089606327,0.00621717245588238,0.0073069878453115855,0.0,0.0,0.003540584925962209,0.005251054076009565
2020-08-11,-0.035103426954501527,-0.02138664340454899,-0.022501034305806633,0.08153493596607708,0.06517529267468358,0.029841252683825648,0.017827319489618576
2020-08-12,0.012512064544641044,0.010870069193238852,0.011453485378212891,0.08232185957490823,0.10509015549078748,0.04960302517616966,0.06640744353369987
2020-08-13,0.015472456739263007,0.04911232957190603,0.051718427817781354,-0.0003403931494155854,-0.0036113309412161287,0.027965711770035595,0.03040413777971085
2020-08-14,-0.001374814887704523,0.014988724449532587,0.017861536315414872,-0.025274905948416526,-0.044968093671273524,-0.008465926090918674,-0.016669319212913702
2020-08-15,0.006426424386788643,-0.006326589156942064,-0.007487361875432752,-0.019190521984654207,-0.034847047111624785,-0.017995912699977024,-0.030134294521625415
2020-08-16,0.004374402585586079,0.0014295217001187854,0.0016937822087048637,0.017798538713624357,0.03284369818394306,0.013690976522380272,0.024460408441473014
2020-08-17,0.027509315550990898,-0.002997710278355936,-0.0035509281393735215,-0.02259958423822306,-0.04109560453604377,-0.018232367229552682,-0.03177064826549647
2020-08-18,-0.024312750017510543,-0.010505286587882634,-0.011669752579553161,0.01973862866950893,0.03652039447727984,0.006930477297634852,0.01710852078827929
2020-08-19,-0.014116975496165418,-0.01789363615744266,-0.01913773021385945,-0.028778409848897124,-0.05337245893807374,-0.03758361435049806,-0.059318790994347115
2020-08-20,0.007441549893605348,0.01066270868171637,0.011418521281839844,0.02069414770919331,0.04326785649011766,0.02858584263437769,0.03619114577975813
2020-08-21,-0.024856883325751422,-0.0370324979196508,-0.039591701801912405,-0.017402882963307942,-0.025354697344630805,-0.03260502958061651,-0.043814429851613435
2020-08-22,0.009002541863800007,0.008698730233429597,0.00931919006315618,0.005265816169836679,0.007734492392071246,0.009202203633273287,0.014767571868512297
2020-08-23,-0.0009900206395954125,-0.005358879533652661,-0.0057296241084703325,0.015371525577488221,0.02252256691619836,0.006701394166334307,0.014964864577347692
2020-08-24,0.006484505729111634,0.02345772861323514,0.02546322817006974,0.005771116700530543,0.008396781436702971,0.016939721624617654,0.018314353156347885
2020-08-25,-0.032528516676534225,-0.0346738472455238,-0.036214853350804765,-0.005738002021238087,-0.008326862591468642,-0.022550592156043492,-0.02317195746927192
2020-08-26,0.010935268918057073,0.003646838747696668,0.003925516662700135,0.02076975167081274,0.029541825518742293,0.015921913866669746,0.025992316326864717
2020-08-27,-0.009970462021369642,-0.00320462243205899,-0.003494627217938029,-0.005434354944218511,-0.01066117370913322,-0.006944262167741133,-0.010390522250069645
2020-08-28,0.015102851781022553,0.014986107333674559,0.016347042670795675,0.02568980379268271,0.04964557496652766,0.03184604313258799,0.048388515566733625
2020-08-29,-0.004623256386265262,0.004414487592914407,0.005266108750465959,-0.002377648697109991,-0.0038311428928277103,0.0011687633877566217,-0.0008034292254514019
2020-08-30,0.01908450484958757,0.041591393163921575,0.04531228923886865,0.02154914326210533,0.03477313784925018,0.03576602343015045,0.04724688137147304
2020-08-31,-0.004997847472369754,0.0064018151266656,0.006940846069257045,0.013812659420744167,0.022004185377650698,0.011854307728193403,0.020359965910208278
2020-09-01,0.021521461701113465,0.05155813677811971,0.05913770029275334,-0.012697617352562474,-0.023113969019143865,0.018832178323916926,0.0029751628241947436
2020-09-02,-0.0442435327766314,-0.044126922392205614,-0.04775860766464646,-0.007433361834677243,-0.011707175458292585,-0.02916683350960858,-0.030500567082063723
2020-09-03,-0.0885773070752458,-0.053991746349845826,-0.06278389779505589,-0.030103245383784616,-0.03926614541587847,-0.05202363538801491,-0.057438261918081324
2020-09-04,0.012449813346104177,0.0006583115374880766,0.0006286288799295381,-0.001135040779638885,-0.0014663456210124437,0.0005349706543538169,-0.0008756884091979389
2020-09-05,-0.013527540498094126,-0.034456018575746206,-0.034683987564160024,-0.032592489756189,-0.04454984449644328,-0.032428461457119306,-0.04858213439985515
2020-09-06,0.0011485624485061408,0.0074893725194491445,0.007334763315496096,0.017808746046907853,0.02013386148324714,0.01194096149639745,0.022636238981670553
2020-09-07,-0.0001365124303438492,-0.0029914397832526696,-0.003464948060987516,-0.006098411358083311,-0.007813007606740086,-0.002046612767929723,-0.0063630390097406675
2020-09-08,-0.010166631276776528,-0.009000580264733382,-0.010483185325613542,-0.016409024709651554,-0.020710667525067672,-0.010908185305806395,-0.02068982483273829
2020-09-09,0.0016189832165436346,0.005038598204746281,0.005887810500655899,0.04144517669231207,0.03431524177387457,0.01937746708648458,0.030032347866456366
2020-09-10,0.0018775748364496803,0.005376750278364373,0.0062219617312271325,-0.0017009559003322572,-0.0031529218932990766,0.003368171273903542,0.0008403983009392935
2020-09-11,0.0008777186966155703,0.0022002157551186396,0.0026341618230172337,-0.0009600031605954129,-0.0020303740519823643,0.0006137237250138927,-0.0004758445593108229
2020-09-12,0.0022407822195691374,0.008707408863722677,0.010273384090679905,-0.0007834682767785539,-0.0016587859959140694,0.0032803692882465985,0.0014446903323130922
2020-09-13,-0.005844857990712882,-0.014934574288471003,-0.01757599215061867,-0.0008614035130550812,-0.0018253922109789933,-0.0071704315407126185,-0.0055230767359910615
2020-09-14,0.013994386464511788,0.00666827585047991,0.007985471003914002,4.59488841713096e-05,9.746389021469959e-05,0.0031934479457496057,0.0021477753336609506
2020-09-15,0.004376347000465852,-0.008207076210328568,-0.011917045332339171,-0.010255829490153023,-0.013892699512227824,-0.008259196240625322,-0.016934044765328782
2020-09-16,0.007249943592592789,1.2065996992216554e-05,0.0009723682668134614,-0.012576902034037607,-0.0181151819926354,-0.004993586885820078,-0.015169439248717498
2020-09-17,3.4476016487650085e-05,0.018750097453690495,0.024470320927968192,0.011241256931930232,0.022553288939850535,0.013013630164563805,0.02565509849302594
2020-09-18,8.526073029613279e-05,-0.0040161246300901565,-0.004836565871867093,0.007348436540517644,0.014580042420560435,0.0008822116538607094,0.013079092904679568
2020-09-19,0.00942566218911245,0.0006093177459505217,0.001128880613060046,-0.004132680397607502,-0.006692409109325781,-0.0007267426393228194,-0.004504744549751805
2020-09-20,-0.011036389763559362,-0.014876367063613505,-0.021201908667175307,-0.008090874695557804,-0.013306957640110806,-0.008483686639137455,-0.016523703279372692
2020-09-21,-0.03804522382112063,-0.034457653665225574,-0.05069321815102723,-0.004636128772735559,-0.007665290340679531,-0.019366294303999387,-0.02021253778782106
2020-09-22,0.007680517924815833,0.004162355974333787,0.005527384198123153,0.006869653587733282,0.011392830799771936,0.00423048433169626,0.01049316449682225
2020-09-23,-0.01837008213592417,-0.025619823740297143,-0.03353883997548501,-0.002583947766754635,-0.004266128385725598,-0.014746517380548774,-0.01443053132883032
2020-09-24,0.01739192117856425,0.01812590248214052,0.024185958422909826,0.006471042055062437,0.010879729379724479,0.013019496696473842,0.017267849754640352
2020-09-25,-0.0032492719823702387,0.0031679663649131218,0.004243914219082212,0.0022194349711270878,0.003758732423352784,0.002272531076408235,0.004451104264382222
2020-09-26,0.0027529930423100257,0.0021409912185530455,0.002865070864059849,-0.002856027762329405,-0.0048294190836409845,0.00019111087542023064,-0.0026746769263602532
2020-09-27,0.0029890079235628253,0.0038135046451597265,0.005099540946162273,0.0012822838981627616,0.002172586103155849,0.0023105714541356015,0.00354585844966393
2020-09-28,-0.006036606049602988,-0.0037564510582367427,-0.005595754774185502,-0.00870924407883511,-0.016189830744075095,-0.004569348911881876,-0.013170509895647053
2020-09-29,0.009309701625972666,0.006227389959120311,0.009198605535378324,-0.0004173125686856016,-0.0008773724925010828,0.003007620202224004,0.0025467998129127256
2020-09-30,-0.005310117355663446,4.246208973834875e-05,6.253696350744242e-05,-0.0023894456771265116,-0.0050259671023651364,-0.0007081425022323895,-0.004336107962904068
2020-10-01,-0.020193886569097597,-0.015092696222254176,-0.0225449390549185,-0.001326692013485009,-0.01743450817898884,-0.005873083015502822,-0.019577121507628248
2020-10-02,-0.006339785236365469,-0.008346895526816445,-0.010887313917744001,-0.010863904454142204,-0.02100426016471557,-0.007497860115936894,-0.01986778615771534
2020-10-03,-0.0016349910489869002,0.00033941848587604184,0.0004451502512134997,-0.003573942369383576,-0.00681846134338282,-0.0009208024626845557,-0.004873920081326144
2020-10-04,0.007919586675582568,0.006223792327897604,0.0093353476692426,-0.0010719576489631732,-0.0005191135711521966,0.002792972432301699,0.0016598397782152663
2020-10-05,0.009095218943330874,0.0019104856874621046,0.0026057959563179356,0.008670001969713903,0.01448759188165294,0.00480850098078367,0.012918579899615201
2020-10-06,-0.01669380369898965,-0.01816450513690182,-0.027232993275416617,-0.0323161735772739,-0.06580462896947814,-0.025329627552728384,-0.056066115421541274
2020-10-07,0.005083972906919421,0.001188833750508378,0.001508851866267591,0.00883420358608511,0.018579239881468368,0.0049961094788526506,0.01565207221008791
2020-10-08,0.020491323400166683,0.013440966993491177,0.01996729174509171,0.005414586860496229,0.00912738366324084,0.008915651966379112,0.013878598576173573
2020-10-09,0.011151115063218642,0.023201510220645538,0.030964168405229753,0.015987565534223647,0.0239480755254049,0.016606494159604912,0.028948758748531978
2020-10-10,0.021389669485324614,0.008863876047745078,0.011740441838117066,-0.012346551818679607,-0.01835035302097865,0.00022984451302954234,-0.011155674296339013
2020-10-11,0.0065437519249595955,0.006288268759196303,0.007679872771447549,0.002167455517957606,0.003241134121696243,0.004924376804583908,0.0050227727376386255
2020-10-12,0.01365682860300832,0.021382812030738885,0.02604716526234041,0.015262690413207158,0.02279884624032924,0.01946310451026556,0.02640888739823688
2020-10-13,-0.009111909347602976,-0.009272495724609198,-0.009979684190487337,-0.016574874158975073,-0.024576510048313183,-0.01430716352121253,-0.02309566494046289
2020-10-14,-0.00022799255528738183,-0.004020897087955166,-0.004330651412345565,-0.00907316264050173,-0.013563655717966028,-0.007314483802033256,-0.012333103000392143
2020-10-15,0.007450309325821136,-0.0018038240300889408,-0.0019433880438205486,-0.0036421123021042057,-0.006119180319141271,-0.003282664543218017,-0.0055598992934008384
2020-10-16,-0.015751811536603766,-0.020893329533002825,-0.022742760677375018,-0.015338735834824369,-0.018600946143032315,-0.017560241071832183,-0.022940145338177342
2020-10-17,0.0035212029770017583,0.004956876131062771,0.005744267189542018,0.007946556779955927,0.011226947529468179,0.006204602656400882,0.009648630138190173
2020-10-18,0.012268950041789184,0.01712356646138491,0.019828079442767876,0.0011675404061681771,0.0016644536290533196,0.008958852086899283,0.007823530625158392
2020-10-19,0.021056534351102885,0.002485697402598408,0.0027962423184715313,-0.018730996297863234,-0.02668979004154093,-0.007817628517648112,-0.017196601588269522
2020-10-20,0.013164124448809433,-0.01995755593259485,-0.022815198874314713,-0.020040236816271206,-0.03066017120367137,-0.019172516007224805,-0.027923941202622315
2020-10-21,0.07138900166482376,0.04443768883778443,0.04807743895438943,0.0006272333543815289,0.0006718187048291302,0.022401630835969577,0.015971125209417236
2020-10-22,0.0143489840426545,0.0460753269020604,0.04482440938431376,0.011774430395211866,0.01261082510522571,0.027386225356174076,0.02477016609017757
2020-10-23,-0.003427894265877196,-0.008362869371438042,-0.008033975556617223,0.00013395575898322853,0.00014335277991506246,-0.004766911405041596,-0.0032287764046258216
2020-10-24,0.014277909770098907,0.0052470620541853474,0.005039035011120685,-0.007500517765512749,-0.00802660503909125,-0.0007166969830167957,-0.003148261214854009
2020-10-25,-0.0061856076087437595,-0.010818334438860933,-0.010391577030623433,-0.020512401855204976,-0.021962786000603862,-0.016038284588963725,-0.019932412192525284
2020-10-26,0.001753861894971509,-0.0249452904896047,-0.024032113447558734,-0.019409212536666498,-0.02081241088050323,-0.022531464186012262,-0.026010807440095207
2020-10-27,0.043768282257735436,0.02100093097090605,0.020132540173742663,0.00546206142637784,0.005865336916170083,0.01368325205983778,0.012582164180363398
2020-10-28,-0.02655150277526741,-0.028970274085710956,-0.027789540028767656,-0.03371225564961966,-0.03628039769090363,-0.03134370138208653,-0.03975004565365792
2020-10-29,0.014630358454359005,-0.0019203104248503022,-0.0018443895553336143,-0.017155038254501154,-0.019459746110591425,-0.00851265500738041,-0.014134107714247834
2020-10-30,0.006992373890278181,-0.00811580338120832,-0.0077943462988580015,0.0011948149466127767,0.001256366856690505,-0.004343110207016054,-0.0026254720897259665
2020-10-31,0.016112265097099288,0.007000725873203439,0.006721257377926282,0.024663374062033894,0.02593233451267496,0.013919343325528466,0.020710062607716795
2020-11-01,-0.0017687499031857623,0.01932603592666826,0.017170246202035777,0.012574063146813197,0.013204661041149812,0.0155339309983058,0.0165948642845426
2020-11-02,-0.013396062310219947,-0.02542223667825294,-0.02256782907493282,-0.02858464475691458,-0.02999950159941578,-0.025239104434852222,-0.030434376604667412
2020-11-03,0.03094946605741944,0.00928754385649011,0.008220661629704917,-0.01359461800380568,-0.014288322886937155,-0.00036853245913437416,-0.006153857027246135
2020-11-04,0.007140778887522625,0.026849454962116326,0.024511231176361115,-0.004579173581392704,-0.0048162263041251485,0.01452082373425001,0.007342703428500297
2020-11-05,0.08210518503577968,0.022047637207505133,0.023253403664414973,0.002121469383507657,0.002231824207794997,0.013698178636424752,0.010155633733955005
2020-11-06,-0.0005420298063619766,0.05768282587125784,0.05482418620377483,0.10673196216893333,0.09975536020779541,0.09155940402069351,0.09781026546255744
2020-11-07,-0.035178230837128566,-0.026867549009208846,-0.025810278951240107,0.03587020988871581,0.028926788718733443,0.001724560927018448,0.011330067993390536
2020-11-08,0.03144283557485017,0.023150569274315913,0.024433446890574473,0.012918863834161298,0.013533631114576172,0.019907954486484192,0.018989153854713337
2020-11-09,-0.005304874149329453,-0.011855289231773591,-0.012468827073447541,-0.011956370903919655,-0.01251773888669061,-0.01339041928534812,-0.014133882945689069
2020-11-10,-0.0013528923925837377,0.007236983017344656,0.007616242056266875,0.022702695280605534,0.023782129986882117,0.017479344750687797,0.021466607227336176
2020-11-11,0.01680510545772007,0.0152173694103519,0.0160088181845095,-0.02500880848486009,-0.02617026890208407,-0.007289946557843874,-0.015502338293742146
2020-11-12,0.025947227185812993,-0.0008229404300802434,-0.0008650668108762805,-0.008781441471293783,-0.009200229438068863,-0.005665373959931275,-0.007543720758082295
2020-11-13,0.0012004086825778693,0.016519428274448078,0.01736579117631165,0.010230426727564357,0.010722847352744758,0.014858825428781364,0.01444440692554494
2020-11-14,-0.009930054480293493,-0.01971945877414527,-0.01889301853191483,-0.009231582853714504,-0.009671212098685489,-0.015037038758751509,-0.014137272700305292
2020-11-15,-0.005127468171433502,-0.01653889111468887,-0.015873880249494654,0.01190204257095484,0.012474380461505508,-0.0018318342153523792,0.004331085520542066
2020-11-16,0.036352497499394065,0.017418576623269733,0.017202320403856053,0.021306113699117724,0.022318045389495555,0.02212360339380215,0.023022898817850024
2020-11-17,0.0453080006876716,0.030446447140483945,0.0293884475639814,-0.005904058474205165,-0.006178349488113577,0.012177316527949955,0.0041046446805854675
2020-11-18,0.006503255633965255,-0.005115982450805134,-0.006151512785751434,-0.007991336430155704,-0.008364906342616218,-0.00741741717958333,-0.008116170652643806
2020-11-19,0.0009345198654775455,-0.009844598576376873,-0.00853973509192174,-0.0028886163766888018,-0.0030247892048098635,-0.006898162642394512,-0.0053692589310390115
2020-11-20,0.02982251480951348,0.05319965836681928,0.046759580213366236,0.0017496639989522667,0.0018323954961894096,0.02941375733089724,0.017795335428807846
2020-11-21,0.0016342748159565712,0.0487238964454082,0.04734651974078119,0.03360018766091111,0.02787542959748568,0.044501795934797084,0.039032934975572475
2020-11-22,-0.009809650933597647,0.006606587336287939,0.007328640958667254,-0.027008898400727066,-0.022442352246388797,-0.007725224843026068,-0.014876527338800183
2020-11-23,-0.0015895714136638928,0.04146228299362176,0.04288336523553338,0.015298516157721043,0.012652527902822897,0.03210550605925366,0.02439552385235433
2020-11-24,0.027158320970172234,-0.0029602448399824732,-0.0029041226362837014,0.0032099101091769278,0.0003634389468269994,-0.0014835996167482657,-0.000799991749863338
2020-11-25,-0.0147188866823188,-0.029172197421452717,-0.028617521509176846,-0.0015628533490817942,-0.0015906951060929986,-0.017310724121920473,-0.01174701930368105
2020-11-26,-0.05488333249782673,-0.04117029754736978,-0.04504988167132373,-0.034301320212432485,-0.03491336136880807,-0.04211853005907984,-0.04147390048111521
2020-11-27,-0.00026849727734978845,-0.002355923909944102,-0.0008169431487368151,-0.005012779147314017,-0.005105458300973975,-0.0046136183054614754,-0.004266256576801131
2020-11-28,0.015664208306273242,0.012186143755295253,0.013394602561139779,0.002594436514919529,0.0026426501068932406,0.008592687165718704,0.00796109727211114
2020-11-29,0.012361380311722625,0.024781798164288382,0.027206843054848884,0.002858531035694556,0.002911512404860872,0.016192722941807514,0.01434659397200666
2020-11-30,0.03966228059843058,0.02516777167642492,0.027565355657075852,0.005120688284406816,0.005215322020990731,0.017741333045814045,0.016369032188137345
2020-12-01,-0.023505154929582273,-0.019099777635103288,-0.020870489593852404,0.0007263785760358576,0.0007397328897942312,-0.011073489835182304,-0.00897935871163047
2020-12-02,0.011354776108305487,0.007211963910059849,0.007894826017248002,0.0146264015219848,0.014895105995914593,0.01214547159205126,0.014743042897582104
2020-12-03,0.005568776047802926,0.011673236576050794,0.012769855006400599,-0.002371559503794307,-0.002414488454526964,0.00563611734416769,0.003908960386050264
2020-12-04,-0.01961275181331079,-0.02958273439483705,-0.03232678301101277,-0.029452610185685124,-0.02432333966830036,-0.0303803925280538,-0.0327594058103603
2020-12-05,0.012892917757803879,0.018537817744507912,0.020314801159013296,0.016182747852710566,0.012915887781405067,0.01786905817922646,0.018907087196552874
2020-12-06,0.005970423551153292,0.0035884347131600602,0.0031926572789917618,-0.01630420454197179,-0.013054794656268132,-0.005114900294262648,-0.00832120398345626
2020-12-07,-0.005457528779749032,-0.00718565620157785,-0.007073264446670335,-0.003754526392619306,-0.0023891488828835517,-0.005033046521467965,-0.004934682000849899
2020-12-08,-0.026275988391272875,-0.02563515535116989,-0.02783190287372883,-0.025651429450600505,-0.021509600461704803,-0.026940270480171113,-0.023823775153891225
2020-12-09,0.005837043419290477,0.013140323401371834,0.012587013705182226,-0.0006256814008458456,-0.0005297273203888064,0.006596413277884405,0.0054406279219374465
2020-12-10,-0.008258078829091797,-0.010075786034707712,-0.009382224509017711,-0.01459231971660202,-0.012353265252700862,-0.012880016969406438,-0.011546626890801437
2020-12-11,-0.006747604322096978,-0.010030710588597946,-0.011444520257199109,-0.02108039705673226,-0.017805350518193208,-0.01645889808204859,-0.015398981928106736
2020-12-12,0.024051469780122847,0.019494411837311487,0.01877289091112,0.008703605017342353,0.007326901890228221,0.013680701062247502,0.013738694697625453
2020-12-13,0.013000848949951793,0.02046972901519073,0.02071369108983423,0.01617257579255904,0.0142491499481463,0.0176562182045763,0.016308973922144476
2020-12-14,0.0034654848276374217,-0.003914211274919199,-0.0039642558578556475,0.004989799128642947,0.004412221953684625,-8.786694669848938e-05,0.0013878109751603862
2020-12-15,0.005422266191294822,0.00231525098743135,0.0023288679571671356,0.03178002545418024,0.029405131519048888,0.014707968127294802,0.019273099753051248
2020-12-16,0.07174110210451312,0.04803566174057816,0.0482962049526281,0.004051098568578659,0.004232521987429738,0.02494237070444627,0.01763142442674659
2020-12-17,0.04639953682778941,0.007009091395262734,0.004741668332036264,-0.017085437173164908,-0.017847362395483013,-0.005645398337638552,-0.009543413011606106
2020-12-18,0.008681254107698821,0.009380191401516802,0.009636144234950628,0.003615003522025928,0.0037791441127694725,0.006888332463744762,0.005758491774461749
2020-12-19,0.019814208715950077,0.003483841088383066,0.0035779957200479107,-0.005167329810060406,-0.005401071016416514,-0.0005146680747571963,-0.0020892869772278777
2020-12-20,-0.009958903712900202,-0.01648664105826192,-0.016930622077709012,-0.020112410753747034,-0.01896218198599009,-0.017683539413712812,-0.017788962004000375
2020-12-21,-0.02060591917589638,-0.025841209372288954,-0.02654909140271311,-0.006238044551091115,-0.0054812720685351035,-0.016828161109761264,-0.012869521278837448
2020-12-22,0.026131304511171516,0.02502697952833932,0.025731254794811198,-0.008899585754264527,-0.007813976126251676,0.010234952285053556,0.004184966079122665
2020-12-23,-0.013491242167274597,-0.04303866670350598,-0.04231248779137675,-0.060835588807374164,-0.05335615875921307,-0.05275205210094425,-0.048774242791975175
2020-12-24,0.011745388345065333,0.023640450817278502,0.022031674588303796,0.04326724256472869,0.031501790962187526,0.034132001659879174,0.02810194439167124
2020-12-25,0.02299334571115419,0.012527140283671523,0.01169302232507885,0.021717334851358627,0.0159435379297288,0.017493731255151523,0.014443947078235375
2020-12-26,0.04070998877480547,0.009055290181440911,0.008459313663803147,-0.030087318179438216,-0.022213799112383525,-0.009560145264286501,-0.0103415088211537
2020-12-27,-0.0019741270836709512,0.04105310499175552,0.03817640620258622,-0.0056845462831204285,-0.004163167667277534,0.020501203941343027,0.012635180586620942
2020-12-28,0.015957134347150737,0.028681539547829926,0.028959906181615702,0.0552302772321438,0.04038697471399333,0.04278534788475019,0.038411581235150205
2020-12-29,0.006016609743423329,0.0009786343052040625,0.0009878650490871,0.031112855758170355,0.027855265489005854,0.018171877913632395,0.017187478042316684
2020-12-30,0.029170991335524032,0.01240236195392419,0.012519228942914573,-0.02270741048737035,-0.023951638931939745,-0.008049415156084927,-0.00851501508107777
2020-12-31,0.0009144812252617207,-0.009565901661681253,-0.009654926272814057,-0.004726122780085773,-0.005020246063565659,-0.008834070070912414,-0.007721111786495483
2021-01-01,0.007752594506428956,-0.004605318883382892,-0.004648595902061015,0.05739420900181247,0.06098407499317582,0.03567056191735918,0.03421163883194511
2021-01-02,0.05616772971244699,0.028123232435612655,0.0283887458273695,-0.003751418046801791,-0.006111948527629529,0.012470221375515234,0.008901453903666479
2021-01-03,0.013118853829865218,0.10590704463232026,0.09909255602216249,0.05465775090614167,0.046730107724453296,0.09780644438271957,0.08330986788297845
2021-01-04,-0.01214006568696735,0.02603205389208685,0.024582115109117453,0.0285707758386069,0.02779957511371789,0.033054470048863305,0.033478004365084635
2021-01-05,0.021696154818929614,0.01274444246359141,0.016653498166607994,-0.02134260003754418,-0.025944067083466638,-0.007394834887948787,-0.01242670878234653
2021-01-06,0.028793293326970337,0.023591261345547565,0.02763564768669924,-0.014701567540983285,-0.01808223928219932,0.004113263806222456,0.00021702636816156584
2021-01-07,0.026430075877799553,0.003482748906427524,0.003667221738516746,0.02834439223103713,0.034982302747941674,0.021570135583829142,0.027760720820325435
2021-01-08,0.012533217970953414,-0.0016752007309562833,-0.0017636078755063345,0.05354328732385416,0.06555333775847672,0.03573002143229842,0.04935063989010913
2021-01-09,-0.003685304417011759,0.012483646515227598,0.013143623170404961,0.0051017896881540015,0.005979396179565777,0.010610469277629209,0.008410000434080578
2021-01-10,-0.014495396172398034,-0.004539894241326392,-0.004776792479976089,0.002077501940825899,0.0024327482934012323,-0.0013498889278857895,0.0003094222127970614
2021-01-11,-0.02083541715194892,-0.03506733592374989,-0.036905982996815134,-0.010896034786446962,-0.012754701085146869,-0.027561464341078645,-0.02064863921038529
2021-01-12,-0.010487905455513924,-0.006276408351436058,-0.006670079122875872,0.016926816787899313,0.0198515291612118,0.006348007362271035,0.012126064666225567
2021-01-13,0.026004735248331023,0.013551067514182558,0.014411119198558975,-0.0034674628062127955,-0.004054928795711454,0.007751336924390895,0.0024155547248239095
2021-01-14,0.013535827247954213,0.017059062252216872,0.018126376224336216,-0.00726257585303236,-0.008498028807154445,0.007978664155134041,0.0006311954889228755
2021-01-15,-0.018093858725295453,-0.010402086553220724,-0.011041314590165885,-0.0014057756142679123,-0.0016469648682904126,-0.008714452225986435,-0.00549452210267809
2021-01-16,-0.005731888120665718,0.009879975284122988,0.010493897092667792,0.005593141600012563,0.006554341286899135,0.011017406036219146,0.008874861067593942
2021-01-17,-0.0012835390876680952,0.0007622077838875807,0.0008090779926355207,0.012621293533470634,0.01477618026587657,0.008668991001918203,0.01116054501015351
2021-01-18,0.006200454071882078,0.004286214049152637,0.004549571813976527,-0.0012398887797635538,-0.0014484977817577072,0.0023869734190049563,0.0006743548096521668
2021-01-19,-0.005679498002817973,0.017549362138789437,0.018622763731040326,-0.004906744219119075,-0.00573349243346899,0.009918698587279007,0.002941046126020419
2021-01-20,-0.0032680462832377355,0.001876148604761152,0.001988804716205994,0.002741489846766365,0.003206073235739737,-0.0013509879460978924,0.003112889548588349
2021-01-21,-0.03577386983785735,-0.042835525274536934,-0.04540254230279528,-0.02260288846815317,-0.026421019471287166,-0.035990974265095343,-0.03695830301388758
2021-01-22,0.016831236109680736,0.020466082627807136,0.02175089320265755,0.010988396172719295,0.012894954092178335,0.017339454382426567,0.017907133144607013
2021-01-23,-0.006851395832006335,0.00016155277121954192,0.00017147875966760928,0.005436055690403174,0.006367239001733305,0.003559098256310067,0.004735277946400052
2021-01-24,0.0014470824508152624,0.026192045005110298,0.027801038527482724,0.003753671712127593,0.004392598480659871,0.015538989865186759,0.01396077307032595
2021-01-25,-4.5280105253953096e-05,-0.011986792255074596,-0.012703230586531555,0.002370410431908665,0.0027721224662238253,-0.00457165628516254,-0.002955246468850259
2021-01-26,0.0016966508735016816,0.007817746139267445,0.008291016909789395,0.01049226583465801,0.012265468298858329,0.010625018074311932,0.012187828209195839
2021-01-27,-0.016667490197943002,-0.02047591317422426,-0.021705291354068512,-0.011270152977365333,-0.013151740523434818,-0.017457485897701797,-0.0180036104793162
2021-01-28,0.024185222436175158,0.01492950402261184,0.015845762270130015,0.004204407960081591,0.00491570186787138,0.010162877937521797,0.009709426143527766
2021-01-29,0.006987586098528897,0.00808184151201452,0.008570105926148708,0.002100271290379707,0.0006993256277787463,0.004441601951497232,0.0038280934183714255
2021-01-30,8.351880058787842e-05,-0.00023338126961180983,-0.0002473611884513671,0.018834855515300175,0.01443659467870928,0.007737480157546717,0.010436574036790214
2021-01-31,-0.009147985485056576,-0.010544856254400492,-0.011176666634622578,0.001136000042080143,0.0008744997800809173,-0.004795045841046952,-0.0036588474981325003
2021-02-01,0.003420163086819361,0.010025936446370398,0.010633444912096834,0.016779828532270002,0.012920589531920657,0.012102835879839846,0.013566634610470363
2021-02-02,0.01525659902720733,0.02557055681620568,0.02351216200705908,0.028163816706632483,0.021768968111706588,0.023008880575779767,0.02495790490049843
2021-02-03,0.018791409276184057,0.02952164985691952,0.0254610943879785,0.022062731993238716,0.0171599188907392,0.021374768022494495,0.022257660639129595
2021-02-04,-0.0064497939219984035,-0.012930292823918332,-0.011195953805848813,0.029362808066820234,0.02294784151254725,0.0073183642758440914,0.012468768634487315
2021-02-05,0.012880178109114349,0.02351165232866892,0.020322328991437155,0.012754259839944604,0.009669989681206914,0.014766324592028202,0.014694487338920315
2021-02-06,0.008424168352383576,-0.007967141655296883,-0.006907935373823393,-0.01911528344597624,-0.018957957689076377,-0.013710362382924224,-0.01648863363718278
2021-02-07,-0.0036449449421251945,-0.012134800104335208,-0.010691953085804284,0.019390022082633074,0.01922735121916941,0.005524198264679869,0.010089734216526924
2021-02-08,0.07086710877090763,0.026288945572730205,0.027613865856450426,0.038280538263074426,0.03778110372470089,0.03589634757810645,0.03626556817619897
2021-02-09,0.00027270877351037726,0.003509586009262211,0.003681710439663144,-0.0017361064333986098,-0.0013342331261497753,0.0009785640809958362,0.00021120111321559776
2021-02-10,-0.011885895674006552,-0.005223856277598693,-0.005479115731329087,0.041148672343908066,0.03161086647014444,0.019889307484886487,0.019676866161201234
2021-02-11,0.0235822794179239,0.008305741278701761,0.00871383048402019,0.0022761978082885825,0.002623422379438578,0.006408498549083097,0.004370543555471729
2021-02-12,-0.00496864342144232,0.010037631445600326,0.01052655389438284,-8.91178645978652e-06,-9.480282762708292e-06,0.005436303241444618,0.0031223128870687678
2021-02-13,-0.0018119254986391775,-0.003711861947996664,-0.004823344909809624,-0.010157299137076081,-0.010805254715688384,-0.010313576271913316,-0.008788000445690614
2021-02-14,0.011963563946173705,-0.0030839304711591797,-0.002785428560480141,-0.0006369845536891017,-0.0006780630077453109,-0.0019453033754428528,-0.0014148274592948873
2021-02-15,-0.00553450971263747,-0.004504042014477849,-0.004066865971876554,0.0030585737904436083,0.0032559517846939556,0.00023073089526737256,0.0003633009091472683
2021-02-16,0.010203779682887326,0.0005855886315138115,0.0005557004285008382,-0.01238111222086824,-0.013177505678930279,-0.00928218983110296,-0.008731388651024852
2021-02-17,0.0246765319651836,0.01450085597945483,0.01500777644391782,-0.0014664363785951151,-0.0015620219210543684,0.005743738603851467,0.004913728696598119
2021-02-18,-0.004573377202754192,0.01889178874486719,0.019542442432903817,0.01688081558921617,0.017982865634503353,0.021927421030815797,0.01996297502854638
2021-02-19,0.03526866641021531,0.0031801380291214265,0.003287566025514277,0.055738577081026586,0.059902975817905935,0.04360095999949287,0.04157581439542546
2021-02-20,-0.0005071651661243681,-0.008651227164256814,-0.011194190119863667,-0.025239541705051938,-0.033816931163348496,-0.019883059889445165,-0.02658574307970052
2021-02-21,0.012271623185582392,0.0042657058205981535,0.004948449101230823,0.018734307266535355,0.025323798448528834,0.01372854431117454,0.018926332726151518
2021-02-22,-0.025685406667841915,-0.033003865625953144,-0.03740431906818542,0.05649740068660436,0.06100006992412066,0.023562444461867837,0.038869639334010886
2021-02-23,-0.0447152125644702,-0.057095880548463596,-0.05921324849750875,0.008522268905072572,0.00959684779206782,-0.021920224330859828,-0.00857117725676182
2021-02-24,0.0054168718209903766,0.008372224399278094,0.008428641412608684,0.020853268250103918,0.024214417322538484,0.01677122397448083,0.022171757991811702
2021-02-25,-0.017856972556037354,-0.02584606945424417,-0.02601877988451118,-0.034925029381271955,-0.02862979735936233,-0.03600251445252478,-0.04212367399499528
2021-02-26,-0.005567104693087299,-0.006960760755240325,-0.007008517001509951,-0.00269928549369991,-0.002198399364744308,-0.006156620520244904,-0.005471097292590987
2021-02-27,-0.001197411445159613,0.0025540727085036075,0.002571719315305643,-0.004415672834008788,-0.003594484301422396,-0.000647836962132553,-0.002831465947043532
2021-02-28,-0.00682823669114796,-0.007328485763867132,-0.007378989877237063,-0.0011279980096129405,-0.0009174659698095722,-0.005575043486304887,-0.004243818070370997
2021-03-01,0.031525468621159014,0.028559910264197352,0.028758193445331814,0.020816353736913484,0.01692757567905434,0.03053956101377464,0.03123453586099867
2021-03-02,-0.007870756955594582,-0.01530975080760777,-0.015413070678316654,-0.011198972123310447,-0.00914167680520972,-0.016315822100015254,-0.016660639589113457
2021-03-03,0.013208754691405922,0.015141684675857414,0.015245469980364135,0.0014177647740740706,0.0011549128902024197,0.011002561405412559,0.007921670715826057
2021-03-04,-0.013491162808600188,-0.00524662749492899,-0.005282049312055115,-0.011111091179786592,-0.009053484595480277,-0.00946107443135491,-0.012175391643214017
2021-03-05,0.002614416192617375,-0.0020237299230659866,-0.002037465382913606,-0.00562784846015274,-0.004576134086529127,-0.004362526068834027,-0.005898002179960615
2021-03-06,0.0009010793208792389,0.022662713009995228,0.022816843412372334,0.005563642274097003,0.008667221156205995,0.018439481850911044,0.015083795846059012
2021-03-07,0.014685454756064642,0.013765873528281736,0.015328847963136827,0.008512851579774994,0.010332528678030695,0.011952582871501027,0.013695371205366014
2021-03-08,0.01127089262641534,0.019169225123741418,0.02246523594050065,-0.0012286450836006546,-0.002830754570801508,0.008776647253618375,0.006600137490916813
2021-03-09,0.019927871898118843,0.007826200263662209,0.007663999656245979,0.01812799067725024,0.016352808964046783,0.010403135393252105,0.014696266929766555
2021-03-10,0.007530097101302813,-0.015429396083617042,-0.015360151066132088,-0.009134500212747643,-0.008254397327595808,-0.010434290396378332,-0.01187797853451622
2021-03-11,0.01485018504745006,0.006373242888326525,0.006344194458408392,0.026545577856395886,0.023966641915752707,0.013103455736203085,0.019693308091957684
2021-03-12,-0.0041992524652385566,-0.012327018637443565,-0.013605928836105785,-0.020833720992494698,-0.018857072680303233,-0.013616781246578169,-0.018305177525477223
2021-03-13,0.030333836670917158,0.03267654197769865,0.03716499571966869,0.010753467855798782,0.013008594707823118,0.018658057849934462,0.019505134351143427
2021-03-14,-0.016477523295871488,-0.01503655028133477,-0.017027961837192684,-0.012058365595652543,-0.013805453113166721,-0.011406519545406058,-0.013618809599427295
2021-03-15,-0.025379326497897314,-0.010626075652058753,-0.012743148438528862,-0.00558442534235104,-0.005029437463114683,-0.006560964998402419,-0.008380853646067998
2021-03-16,0.011225007367341,0.0027592868091228517,0.0027507294054247566,-0.00939594981819869,-0.00865569750536932,-0.0037512053955851554,-0.005819229854162833
2021-03-17,0.017323128018492007,0.00436394098026982,0.005691014814076967,0.01029180517642958,0.009473894031757801,0.008774884328775157,0.010133744114206644
2021-03-18,-0.010703288365843555,-0.01118020248604179,-0.012594500686691878,3.983526211270849e-05,3.669918194293409e-05,-0.005720582927469464,-0.005149978789926957
2021-03-19,0.0032663157502217377,0.007859881084974596,0.00886684000515614,-0.0008835833436410256,-0.0008140247072356832,0.003558994329314169,0.002982403209257578
2021-03-20,0.0006161794264658571,-0.0007085328709750538,-0.0007985078871968199,0.0006197802166667543,0.0005663477484170176,-4.574416549774085e-05,0.00011669571047701055
2021-03-21,-0.006396753333012817,-0.005204657652695621,-0.006158751929321138,0.003891337736460887,0.0030381971739201763,-0.0014278087152566066,-0.000605155022839643
2021-03-22,-0.028027983865700268,-0.027300399562301014,-0.027342020938308065,0.009942787230430516,0.009410786674278748,-0.008103217295557075,-0.0051801957374451035
2021-03-23,-0.0006389284981352938,-0.003184078276628699,-0.005454040876125665,-0.011519707551831293,-0.010794978322248405,-0.007589130608326999,-0.009797125245192051
2021-03-24,-0.02353322784017864,-0.027244319542203077,-0.029842415476720174,-0.014299058268610665,-0.0140013818796908,-0.015899115733729263,-0.016934136969707247
2021-03-25,-0.007759778074149515,0.000855187840004934,0.0008834687187573298,-0.011246024966778734,-0.01020167655085702,-0.005451225939788751,-0.007865766396191187
2021-03-26,0.028491899086993566,0.027346091665205297,0.028619238256923474,0.032468340560740216,0.029299213401508872,0.03149931083645541,0.03706199306604829
2021-03-27,0.0054006049598136485,0.003258624587084924,0.0034069107827985334,0.029772642764876567,0.026949353880559856,0.017524189658115752,0.023599846158078197
2021-03-28,-0.0003494343421100998,-0.007028406292359235,-0.007407143893471302,0.03013586721037842,0.02489476399193813,0.01169535069620542,0.01772386113148805
2021-03-29,0.01643685213378432,0.03584109973391514,0.03778687082618437,0.013596411269196196,0.013402199587442931,0.02499830105328682,0.024760038886820768
2021-03-30,0.010610495737888082,0.006326484592695358,0.00665743635851479,0.0019189967334556357,0.0017630289127537058,0.004504275366274069,0.003881381095174996
2021-03-31,-5.734101963184024e-05,0.02337925879633085,0.024117624868361,0.00515077074741721,0.004732874963705003,0.01425249531128503,0.015082665595108402
2021-04-01,-0.0001915604701189233,0.01256634609175733,0.01455836033834057,-0.005514835660247797,-0.005069509988796073,0.003987226695425505,0.0021927707077584735
2021-04-02,0.00218721844382741,0.04240842185359739,0.048825880384204545,0.011451011796953958,0.012190216494915473,0.029719156089969667,0.02981438536877934
2021-04-03,-0.01804431461056666,-0.030743211317343255,-0.0351788564584431,0.04410971542253361,0.04353203102899217,0.005840077869330607,0.016284650862129935
2021-04-04,0.011813527844023453,0.017021015799286054,0.019566358286897234,0.015007696208513499,0.018053646209628793,0.02179733685806884,0.02286665788130815
2021-04-05,0.00981262027665375,0.007895914526150127,0.009054018877810543,-0.009438080100542368,-0.011175367216464838,-0.0006126844563846268,-0.005169153299925511
2021-04-06,-0.011925272050983371,0.0011940201204896361,0.00136757726005321,0.02469244797999237,0.02928900668228618,0.013302050963456935,0.023998012172498973
2021-04-07,-0.02131517799246696,-0.03672603506702998,-0.045305149832237324,0.015165964141504062,0.014862471739761407,-0.010879833593232413,-0.007407651034264662
2021-04-08,0.02316058143868549,0.02998784006268651,0.03446383235225703,0.0035414416340653343,0.004563437571408313,0.018146233597518657,0.017417847179200363
2021-04-09,0.000746374520711024,-0.003530793503602636,-0.004030437719872548,0.005990115640407856,0.007710901861933683,0.002246034865803326,0.004208867780206127
2021-04-10,0.018657949476321933,0.01825193249155932,0.020751677590362894,-0.008096674018510774,-0.009188365835373746,0.003933936890481382,0.000833991879866991
2021-04-11,0.002627073204757968,0.00480810047932434,0.005453220179651996,0.011432217651689891,0.01579011137247366,0.008552694381822601,0.014798376531293345
2021-04-12,-0.0015996297881237798,-0.0036604490767756515,-0.004148920621439345,0.007438054133909633,0.009096266021877186,0.002272675552136283,0.005558564595281812
2021-04-13,0.04178997326934364,0.043404125548076156,0.04922035475099795,-0.011669569573653393,-0.014247688386498036,0.014571626078993205,0.007238994901723306
2021-04-14,-0.0066456886518654334,0.03436325690395936,0.038751979324644914,-0.011291453713383581,-0.013822092410725961,0.011044247340550317,0.004488138137706654
2021-04-15,0.002178888373790322,0.02028012440793292,0.02036748225567675,0.015040150557086518,0.018458191028555948,0.01814687514152391,0.023139743926221534
2021-04-16,-0.019796543675712153,-0.022302722586141743,-0.022471501062969357,-0.026748511998942126,-0.03271723520198366,-0.02526023850706438,-0.034688526414930254
2021-04-17,-0.014696411316889368,-0.023857296185318955,-0.026434905563086586,-0.0049785064777776444,-0.006126997060981743,-0.015979198592397048,-0.01662591749867981
2021-04-18,-0.046089674284649496,-0.024188661868204897,-0.02806315568982698,0.06321998893070657,0.06773417530104231,0.016353370422398372,0.03629637872587255
2021-04-19,-0.0037201251100659194,-0.01142863469364186,-0.01127023286902662,-0.00491506932613206,-0.005477403881901655,-0.00946258778399034,-0.00949343961317417
2021-04-20,0.0057206222116859,0.026204075383994718,0.025836744825165292,0.0012646703895611289,0.0014163936280906508,0.015000200937819175,0.013476094620485268
2021-04-21,-0.018944736489011516,0.003408662143955299,0.0025474629575243934,0.004636900774919184,0.005192405630828789,0.007231430975995323,0.005786246136935347
2021-04-22,-0.015351616618290431,0.008194048199591908,0.0049978394005278926,0.03212783667188268,0.03642451602572483,0.02037905797196271,0.034067379473221804
2021-04-23,-0.004207471249640382,-0.0031527847714121204,-0.0037163575939906934,-0.005339912652229439,-0.006476176340473261,-0.005059130859989325,-0.008020146418957763
2021-04-24,-0.011371947542462069,-0.018868856404245404,-0.022293612540840613,0.012263121237473085,0.007599248557470073,-0.0013368812438058209,-0.005266446848595896
2021-04-25,-0.008320656443469687,0.00956146521707879,0.010986054991533267,0.01302635414087705,0.01862934384902326,0.012453837886791108,0.01909677240790808
2021-04-26,0.022154481579857777,0.01357056735532769,0.015402179777429748,-0.009063981467159365,-0.011066458385046496,0.004619025447580638,-0.0012281924666756039
2021-04-27,0.0064322031254679946,0.012350797538041913,0.013862387474505411,-0.0020457707047530915,-0.0024937244355683896,0.006120583607029495,0.004756378029238784
2021-04-28,-0.0010482335704881107,0.0075020711091653425,0.008407680993296918,0.004728098608651532,0.005765978485614109,0.005560818247305033,0.0073028180749230565
2021-04-29,-0.008174482195833166,0.0007980348343197274,0.0008935661329141364,-0.006556369540387297,-0.007987328074881561,-0.0015514195675876419,-0.004387859904624314
2021-04-30,0.027614996574530926,0.0016506944283940506,0.0019168957452662116,0.0008484849053216337,-0.00021259837225540146,0.0010257264668278587,0.0010031124998539642
2021-05-01,0.0008185836474436936,0.020928845709335953,0.025855772846085978,0.03082038524410402,0.034211598270017074,0.02396349247379126,0.04195434396939346
2021-05-02,-0.010831158116969886,0.0006177370896869316,0.0009387054928642335,-0.01211471845380474,-0.013163626709862486,-0.005649516426937784,-0.01164216533889384
2021-05-03,0.005729676905903647,0.06205520564305478,0.08147113980062115,-0.0043560531643626055,-0.006042780450078555,0.03147147867966815,0.027004924704907562
2021-05-04,-0.03603478936091109,-0.019315017299607384,-0.02369289901556204,-0.014551131865889966,-0.018188682162511682,-0.015319234246054303,-0.024455930358811995
2021-05-05,0.032878055393276595,0.02795765158817498,0.034163715436748454,0.01056516771690208,0.010690458802730785,0.01898029301717652,0.028380420222115177
2021-05-06,-0.009961190228618633,-0.003776629183770308,-0.004661078615431968,-0.006618938782830153,-0.009830818742934122,-0.004819564573644075,-0.008256216901633251
2021-05-07,0.008132171433885782,-0.0011198277165911374,-0.001383308464713351,-0.0035579932068258158,-0.002100758023972027,-0.0011635316321746414,-0.0014902676440730067
2021-05-08,0.016161212957004567,0.04734158229515417,0.0623558799450985,0.014310656976837643,0.019108981091569666,0.02591068858436496,0.04042266678996431
2021-05-09,-0.006385210981747824,0.001436655863643832,0.0016647857446261405,-0.007443382464947246,-0.00996013697999032,-0.0020454193769047224,-0.005742980390142427
2021-05-10,-0.025082844120687953,0.0022980763287758776,0.0026623866433213017,-0.00863402651622358,-0.011582730782123352,-0.002070410941729217,-0.006270311083364732
2021-05-11,0.007054038646203464,0.018227679299117838,0.02040256360409276,0.004392180316593608,0.011057132788347523,0.014240810446627394,0.019757191297994137
2021-05-12,-0.06015805412823472,-0.02769435320416158,-0.030736555954660738,-0.0017914607562790064,-0.005451034096771612,-0.017952634994999217,-0.01904574722451391
2021-05-13,-7.973369001867958e-05,-0.0038791325855159764,-0.0042102434658916055,-0.006001588844623873,-0.007725958431369251,-0.007595466080813851,-0.007322923928979819
2021-05-14,0.0006895789165917154,0.012605544880808006,0.013678496248606287,0.0035731789954083215,0.004568429237626015,0.010716650060210497,0.01044953299211504
2021-05-15,-0.00952083452938457,-0.01127721318964392,-0.012550908790471826,0.0016950448702561793,0.0021650246715299026,-0.006847342409510904,-0.007414720439671285
2021-05-16,-0.0010100490295845699,-0.0013276551566848704,-0.001525982682322513,0.007041951388571777,0.00901937970086486,0.001913623952553234,0.004771258583983862
2021-05-17,-0.0030118923771006445,-0.006167249739842617,-0.0070899326448937705,-0.00014300365165709206,-0.00020551908845500844,-0.005441335812356396,-0.001991673953182116
2021-05-18,-0.0006959754122941586,0.0019172302123668938,0.004406317024678863,0.009335848068901864,0.011835979376902506,0.012339544968809069,0.004597039642208145
2021-05-19,-0.003732921480215534,-0.009309751120698428,-0.0038799442799456463,-0.00621159450719333,-0.002812699288488596,-0.007171103914726862,-0.005289843277191952
2021-05-20,0.0,0.0,0.0,0.0,0.0,0.0,0.0
2021-05-21,0.0,0.0,0.0,0.0,0.0,0.0,0.0
2021-05-22,0.0,0.0,0.0,0.0,0.0,0.0,0.0
2021-05-23,0.0,0.0,0.0,0.0,0.0,0.0,0.0
2021-05-24,0.0,0.0,0.0,0.0,0.0,0.0,0.0
2021-05-25,0.0,0.0,0.0,0.0,0.0,0.0,0.0
2021-05-26,0.0,0.0,0.0,0.0,0.0,0.0,0.0
2021-05-27,0.0,0.0,0.0,0.0,0.0,0.0,0.0
2021-05-28,0.0,0.0,0.0,0.0,0.0,0.0,0.0
2021-05-29,0.0,0.0,0.0,0.0,0.0,0.0,0.0
2021-05-30,0.0,0.0,0.0,0.0,0.0,0.0,0.0
2021-05-31,0.0,0.0,0.0,0.0,0.0,0.0,0.0
2021-06-01,0.0,0.0,0.0,0.0,0.0,0.0,0.0
2021-06-02,0.0,0.0,0.0,0.0,0.0,0.0,0.0
2021-06-03,0.0,0.0,0.0,0.0,0.0,0.0,0.0
2021-06-04,0.0,0.0,0.0,0.0,0.0,0.0,0.0
2021-06-05,0.0,0.0,0.0,0.0,0.0,0.0,0.0
2021-06-06,0.0,0.0,0.0,0.0,0.0,0.0,0.0
2021-06-07,0.0,0.0,0.0,0.0,0.0,0.0,0.0
2021-06-08,0.0,0.0,0.0,0.0,0.0,0.0,0.0
2021-06-09,0.0,0.0,0.0,0.0,0.0,0.0,0.0
2021-06-10,0.0,0.0,0.0,0.0,0.0,0.0,0.0
2021-06-11,0.0,0.0,0.0,0.0,0.0,0.0,0.0
2021-06-12,0.0,0.0,0.0,0.0,0.0,0.0,0.0
2021-06-13,0.0,0.0,0.0,0.0,0.0,0.0,0.0
2021-06-14,0.0,0.0,0.0,0.0,0.0,0.0,0.0
2021-06-15,0.0,0.0,0.0,0.0,0.0,0.0,0.0
2021-06-16,0.0,0.0,0.0,0.0,0.0,0.0,0.0
2021-06-17,0.0,0.0,0.0,0.0,0.0,0.0,0.0
2021-06-18,0.0,0.0,0.0,0.0,0.0,0.0,0.0
2021-06-19,0.0,0.0,0.0,0.0,0.0,0.0,0.0
2021-06-20,0.0,0.0,0.0,0.0,0.0,0.0,0.0
2021-06-21,0.0,0.0,0.0,0.0,0.0,0.0,0.0
2021-06-22,0.0,0.0,0.0,0.0,0.0,0.0,0.0
2021-06-23,0.0,0.0,0.0,0.0,0.0,0.0,0.0
2021-06-24,0.0,0.0,0.0,0.0,0.0,0.0,0.0
2021-06-25,0.0,0.0,0.0,0.0,0.0,0.0,0.0
2021-06-26,0.0,0.0,0.0,0.0,0.0,0.0,0.0
2021-06-27,0.0,0.0,0.0,0.0,0.0,0.0,0.0
2021-06-28,0.0,0.0,0.0,0.0,0.0,0.0,0.0
2021-06-29,0.0,0.0,0.0,0.0,0.0,0.0,0.0
2021-06-30,0.0,0.0,0.0,0.0,0.0,0.0,0.0
2021-07-01,0.0,0.0,0.0,0.0,0.0,0.0,0.0
2021-07-02,0.0,0.0,0.0,0.0,0.0,0.0,0.0
2021-07-03,0.0,0.0,0.0,0.0,0.0,0.0,0.0
2021-07-04,0.0,0.0,0.0,0.0,0.0,0.0,0.0
2021-07-05,0.0,0.0,0.0,0.0,0.0,0.0,0.0
2021-07-06,0.0,0.0,0.0,0.0,0.0,0.0,0.0
2021-07-07,0.0,0.0,0.0,0.0,0.0,0.0,0.0
2021-07-08,0.0,0.0,0.0,0.0,0.0,0.0,0.0
2021-07-09,0.0,0.0,0.0,0.0,0.0,0.0,0.0
2021-07-10,0.0,0.0,0.0,0.0,0.0,0.0,0.0
2021-07-11,0.0,0.0,0.0,0.0,0.0,0.0,0.0
2021-07-12,0.0,0.0,0.0,0.0,0.0,0.0,0.0
2021-07-13,0.0,0.0,0.0,0.0,0.0,0.0,0.0
2021-07-14,0.0,0.0,0.0,0.0,0.0,0.0,0.0
2021-07-15,0.0,0.0,0.0,0.0,0.0,0.0,0.0
2021-07-16,0.0,0.0,0.0,0.0,0.0,0.0,0.0
2021-07-17,0.0,0.0,0.0,0.0,0.0,0.0,0.0
2021-07-18,0.0,0.0,0.0,0.0,0.0,0.0,0.0
2021-07-19,0.0,0.0,0.0,0.0,0.0,0.0,0.0
2021-07-20,0.0,0.0,0.0,0.0,0.0,0.0,0.0
2021-07-21,0.0,0.0,0.0,0.0,0.0,0.0,0.0
2021-07-22,0.0,0.0,0.0,0.0,0.0,0.0,0.0
2021-07-23,0.0,0.0,0.0,0.0,0.0,0.0,0.0
2021-07-24,0.0,0.0,0.0,0.0,0.0,0.0,0.0
2021-07-25,0.0,0.0,0.0,0.0,0.0,0.0,0.0
2021-07-26,0.0,0.0,0.0,0.0,0.0,0.0,0.0
2021-07-27,0.0,0.0,0.0,0.0,0.0,0.0,0.0
2021-07-28,-0.0044975371403336295,-0.0024636295335837,-0.003043243252575323,-0.0022329199750047435,-0.004020934697092415,0.0,0.0
2021-07-29,0.0,0.0,0.0,0.0,0.0,0.0,0.0
2021-07-30,0.0,0.0,0.0,0.0,0.0,0.0,0.0
2021-07-31,-0.0017595107327911252,0.0021955892912368657,0.0025604440273712115,0.007309274057257564,0.012571736731448624,0.0,0.0
2021-08-01,-0.0036213303659923257,0.0008083597424342059,0.0009423468449494266,-0.004342848417302481,-0.007430751440100303,0.0,0.0
2021-08-02,-8.959343685954746e-05,-8.377630904843336e-05,-9.76493119793087e-05,-0.00014445578713706553,-0.0002479373813628616,0.0,0.0
2021-08-03,0.0,0.0,0.0,0.0,0.0,0.0,0.0
2021-08-04,0.0,0.0,0.0,0.0,0.0,0.0,0.0
2021-08-05,-0.0008645528323731888,-0.00039147263790073605,-0.0004764729015560576,0.001903822461025939,0.0033587642192496325,0.0,0.001441274554408567
2021-08-06,0.005571357079314998,0.002117313572453483,0.002637472794618123,0.00392995935981677,0.006715784441299721,0.0,0.004676496053645618
2021-08-07,0.004870548977152556,0.008790579046499047,0.010944474764179812,-0.00010092827501861912,-0.00017199589272975935,0.004640122902204835,0.005375319422616487
2021-08-08,-0.0021730770426393597,-0.004814040835084077,-0.005980822661802332,-0.003278697560766708,-0.005587756229618046,-0.002579352359052045,-0.0057849898589906745
2021-08-09,0.008815496430338188,0.006834507942616197,0.008481785404778508,-0.0019524536697843597,-0.0029507946977250787,0.0010257311716022066,0.0027653014015927013
2021-08-10,-0.0073275908213351615,-0.0017420135490688882,-0.0030579604963062446,0.013968670343695866,0.025812710452602694,0.005870621940521126,0.01000132902391826
2021-08-11,-0.00081094156072814,0.002477856176111626,0.0030089750755977196,0.0067775758297443645,0.012452671356707246,0.004482916377566815,0.006857186967581752
2021-08-12,-0.009897018041968408,-0.010913078923936004,-0.013327348740119427,-0.0055858081782710345,-0.010344372731032392,-0.00768170741512797,-0.010532043388027268
2021-08-13,0.029942128507166155,0.025987364567387372,0.03324839479586883,0.016879868523063557,0.029184686801644766,0.019987272361972064,0.03121926453569146
2021-08-14,-0.008297694544530443,-0.007560537380351118,-0.009645805055006118,-0.004851418926976492,-0.008319558338398814,-0.006210342445270189,-0.008983742306146403
2021-08-15,-0.0007553967750189017,0.007987686133957839,0.008337514976353155,0.06635040832711159,0.11418032459022665,0.035967099292334215,0.06065689504622873
2021-08-16,-0.013430228405012956,-0.023101090061160234,-0.028732013308118032,0.05608635124223871,0.0921870244827292,0.02249473115972722,0.03692921866042287
2021-08-17,-0.015298741780489289,-0.01985489512620142,-0.024837720386244766,0.01616472987893469,0.022355331429747105,-0.0032543293676133844,-0.0024745034624813478
2021-08-18,-0.006156836098153318,-0.00556323079660026,-0.0071731440642957,0.01654054821713391,0.02006274272775954,0.009046369673491705,0.0137933009705562
2021-08-19,0.015223412728334385,0.020279456608787605,0.02571495407292468,-0.0009524426215854476,-0.0011664683551477761,0.010251062125523625,0.010687765914237257
2021-08-20,0.03374284930794258,0.01554726073747803,0.01963332906870252,0.020420172175424245,0.026797358335952648,0.015062482874316219,0.031618634818277425
2021-08-21,-0.006378321140978804,-0.009333013752603425,-0.011738648154949738,-0.01648168801815375,-0.02149456032332031,-0.010568304549985363,-0.023362375636168164
2021-08-22,0.005351738639843839,0.002235919346305959,0.0037450326450134686,-0.0035509275742635626,-0.004654659291465024,-0.0011983105282383777,-0.0026039230611877295
2021-08-23,0.003184001190337238,0.012751677923875882,0.01744972111545451,0.009891891209435011,0.0129809576682558,0.011912795242664309,0.01833395308804331
2021-08-24,-0.023074600469362605,-0.022778315822758466,-0.0285344786338928,-0.017526446868475154,-0.022929515942952228,-0.021191134796490374,-0.032359543089337084
2021-08-25,0.01887357005079293,0.00970335009382639,0.012257314589142476,0.00810313064047774,0.006658982386738677,0.007201383243045756,0.010716840577290165
2021-08-26,-0.030314089790107523,-0.02297769240827552,-0.02857919423013444,0.012467191264725175,0.013481472680526574,-0.004752538476695656,-0.0006616571793784942
2021-08-27,0.03311433684265741,0.03171343298581486,0.040619853624803026,0.04533651504676217,0.05669198113870633,0.039253380041058605,0.057266968654132056
2021-08-28,-0.0025178764130877607,-0.004940346314801891,-0.006282957154285396,0.027363777287721325,0.030281655447015998,0.013094204894097405,0.022022750736993224
2021-08-29,-0.0018441138907824284,-0.0036006908369242696,-0.0045854178475762675,-0.006432468415717207,-0.007098220908930752,-0.004929183132376225,-0.007537603153273453
2021-08-30,-0.0258600773055625,0.0010612349086460693,0.0013528013565120567,0.050346355481710514,0.05584642986313049,0.02848631310507388,0.04582658199874423
2021-08-31,0.00035382022628915877,0.031014623877201553,0.03849119119902267,-0.0006719092830747009,-0.004677290118834776,0.01411673709423078,0.010132942995756178
2021-09-01,0.017892779261289515,0.04559341731050037,0.05711591470720556,0.004986328000554208,0.005587519095747728,0.025441419244594643,0.02423708283819792
2021-09-02,0.004254120511882897,-0.004060708409745373,-0.004483439541032697,0.02574882976515136,0.03049130260899724,0.011461736037604586,0.02197286433514689
2021-09-03,0.0074836511506792824,0.015369657768673717,0.016694689923078432,0.023271633804748726,0.02717350426478493,0.02143616508621138,0.030414418506268248
2021-09-04,-0.000683722574276735,-0.004129430529654754,-0.004741578196785667,-0.007770952178306922,-0.009135832482158879,-0.008177598502193573,-0.009160841221834692
2021-09-05,0.015086930276738464,0.005106907509413006,0.0071839143153804574,0.0032493691492254673,0.0038253463060617943,0.005528279725851792,0.005532176622185636
2021-09-06,0.007321568155584268,-0.0018450543135557496,-0.0024790309119052667,0.023066389329650105,0.027139513666995185,0.015497890260844027,0.019508161588172923
2021-09-07,-0.04716743901936571,-0.038932848296633904,-0.052609997964242816,0.009029356846496972,0.01479352165056591,-0.013277070996406293,-0.011761236170742873
2021-09-08,-0.005081148790317513,0.006007392821907986,0.00643311440925598,0.009757067534992059,0.01515835384417108,0.009699462672144499,0.010554923541715944
2021-09-09,0.0028769378185349304,-0.006345636786935449,-0.006777858046041474,-0.0017168505498422748,-0.0026530676877435377,-0.003740122344705221,-0.0034445867035330924
2021-09-10,-0.009943386451446656,-0.013846812095456462,-0.015223342404302898,-0.0045751174736201605,-0.007630575366701642,-0.010607080930065571,-0.00967951073193718
2021-09-11,0.001564077326754898,0.0027726453136911466,0.0031751265680350915,-0.0003101013749452486,-0.000250719584351633,0.0016789780152952627,0.001215371228876494
2021-09-12,0.003751132118389622,0.00533899563195761,0.005901931010688255,-0.00263114008263976,-0.0040283958448065205,0.002446646966147048,0.0011059085664968382
2021-09-13,-0.009933706952167332,-0.009575736579432448,-0.01164305556670131,-0.0026436350991924096,-0.006924447297721348,-0.005957200771907867,-0.005462761360741086
2021-09-14,0.013960040110931216,0.01083137284037572,0.013048693781567922,-0.005930534009544686,-0.008032243326061561,0.00028585482595588907,-0.0015880906848358967
2021-09-15,0.007266209018236269,0.015557543029918852,0.01866166220199683,-0.00023770112516452446,-8.561313199462184e-05,0.005872449304374472,0.004411038061749251
2021-09-16,-0.0033637557020276265,-0.0038960630007277564,-0.004659183965218916,-0.006141298812778029,-0.006183700049970597,-0.004304471082450134,-0.006752105711795409
2021-09-17,-0.0038524403977420185,-0.014434136565071198,-0.017274581733147443,-0.004477577744143368,-0.0045086845428886635,-0.007584604071131484,-0.010759439187056019
2021-09-18,0.008768818646237797,0.0031203509418249453,0.0037451881052665836,0.020664668292224908,0.020808880872349222,0.010655977684467688,0.020358343643014365
2021-09-19,-0.009116838337213884,-0.009291130037809125,-0.012605253258944349,-0.01539990109167233,-0.015505181655069866,-0.010639589177133368,-0.01834173349187085
2021-09-20,-0.022426682756946592,-0.020378782587053723,-0.024786499810111717,-0.01292938965125412,-0.01393894467387835,-0.020408984175690814,-0.021362402960223292
2021-09-21,-0.007553714817538748,-0.006435518191337475,-0.008356918472661734,-0.003841463896073316,-0.004528142308846239,-0.008065602314145437,-0.007701023582957878
2021-09-22,0.007022711010268079,0.008444177786666396,0.011163733818833732,0.010791210916685445,0.01272896130636636,0.014342604760161581,0.01625433342519722
2021-09-23,0.005530976512539976,0.0032637248548648135,0.004416503636014646,0.0008503011961151774,0.0010010685151045084,0.0017153305916184358,0.0022476314783326234
2021-09-24,-0.010690456654287028,-0.012207062136139757,-0.015576981870367268,-0.004845745738148999,-0.0057040880143438555,-0.007369476836605382,-0.008830599688352758
2021-09-25,-0.0004463211903720232,-0.00012548095662123782,-0.0003161697868263591,-0.0013867233652486988,-0.0016337672229096434,-0.0014497882661017591,-0.001437891564953775
2021-09-26,0.0015644331556390334,0.002540200933512704,0.00640167246523915,-0.00018997804419296216,-0.00022387789257882762,0.0014196695035835205,0.002480202531887299
2021-09-27,-0.0032292140609679887,-0.0024627073271052957,-0.006182564103433652,0.00032121438410159797,0.00037854499483347404,-0.0012431775457591998,-0.0022763685881157514
2021-09-28,-0.0029628497397439224,-0.002227038739831322,-0.005011886508559105,-0.0018769178028102962,-0.0022117848928000505,-0.003264102458314322,-0.0040996787974005855
2021-09-29,-0.002542476663906057,-0.001700868918062537,-0.0030388248646923133,-0.00014975610009004825,-0.0022538527407768294,-0.00018107062992989142,-0.0001958308612396431
2021-09-30,0.002860068855405462,0.003971728643033856,0.0027342399408047946,0.0,0.002533271092094447,0.0,0.0
2021-10-01,0.008075147601341426,0.010821509849450406,0.010309139776436771,0.006563788477718768,0.013305705456068795,0.005542046453471006,0.00916901211391985
2021-10-02,-0.002880263728822774,0.004920910396155387,0.00647879486795655,0.006111738493673746,0.007619868438990984,0.005517136742274165,0.008939934344856848
2021-10-03,0.0035151378362709984,0.001891326333383736,0.002486722590186341,0.0032747234788967905,0.004076682008639976,0.0025811238387134505,0.004323319442178342
2021-10-04,0.00923149238242904,-0.0024394836661395525,-0.002067521591489707,-0.004773650701852761,-0.007782732626716027,-0.003376439820099053,-0.00522311097084216
2021-10-05,0.0187264858824725,0.010037082803864061,0.015511483099994505,-0.002986939816561951,-0.0033105385648419805,0.0030229840047253376,0.004185595403833009
2021-10-06,0.031438185224433646,0.00459417078079527,0.007061637707353574,-0.012261529683880834,-0.014225696138807087,-0.002529669171400184,-0.008950835432935622
2021-10-07,-0.012133098602842507,0.0009649507565352433,0.0014795786279606649,0.0004503589808690922,0.000523542783260611,0.0005551182899052876,0.0011369110322123621
2021-10-08,0.0013344474102392478,-0.0018652034625639136,-0.0028584847809178804,0.005309535244142571,0.00617188875986896,0.0011213952710453778,0.003924577085933967
2021-10-09,0.00800427272397286,0.0008974927608109695,0.0013768068669701705,-0.0023192643046875405,-0.0029013329758939,-0.00046047831624052016,-0.0016619646238460462
2021-10-10,-0.002312478447894839,-0.012318912845759145,-0.018888893798311157,-0.010691115021718267,-0.015582674547288455,-0.00884417793585357,-0.019382785154816062
2021-10-11,0.02242216848548284,0.011899707108907975,0.015332512816488508,-0.0032338522550305893,-0.0047368740101473295,0.004776413366903043,0.003901199501190833
2021-10-12,-0.010026661281550497,-0.004679049059813201,-0.005981356446332797,0.008811078086423008,0.012925759628880318,0.0007493697406297795,0.005933306495117918
2021-10-13,0.00929156363439887,0.010760624439844824,0.013773622480487191,-0.004951263331482991,-0.007233946241320011,0.0036299245680335712,0.0014756823827688503
2021-10-14,-0.0001280714427345231,0.016837603712579252,0.02148811466794731,0.0023019351967557,0.0033709303527431622,0.009303272285822617,0.012393785532412327
2021-10-15,0.029061559976786056,0.007057801926188878,0.008966145364986522,0.015264592800257937,0.022329498231851153,0.008926030459970313,0.019210459339753738
2021-10-16,-0.005203795859194726,-0.003499238200744381,-0.002773316563362993,-0.006443609271277628,-0.009360763797835236,-0.004042996651093755,-0.008373420616085814
2021-10-17,0.004285120988156699,0.001519591900591477,0.0016960211979641926,0.0029667249125879813,0.004322513552923679,0.0018129432051554595,0.003810762192284489
2021-10-18,0.003147442735475181,-0.009153125842085164,-0.010214032607778312,-0.0034394761513313332,-0.005004546330571125,-0.005852794325123756,-0.008831536444452559
2021-10-19,0.014796434596987762,0.011973896649039473,0.013376070935616768,-0.0015416016497038498,-0.0022466072778636326,0.00551119266637734,0.005642008082536343
2021-10-20,0.011049541775366878,0.025454456190198815,0.028395894006448152,0.024127597042505,0.03518648035094718,0.02139683994148256,0.0388341224998785
2021-10-21,-0.021901049205296452,-0.00818868795572858,-0.008587239338907371,0.015503599544834046,0.02000509194473543,0.0006120149697677046,0.010749165844629927
2021-10-22,-0.008402551359457888,-0.006129037172250551,-0.006905768997812034,0.006414760128130137,0.007469466471354824,-0.0013196740229215465,0.0045129562685155555
2021-10-23,0.003571441174319512,0.014878565032518054,0.016777234792109352,0.001607228835875052,0.0018695280320590868,0.009283506602040248,0.008791805062416502
2021-10-24,-0.002807719263116737,-0.0063772758099470694,-0.007177658655562857,0.004824940141382461,0.00561089934907999,-0.0020342734644096527,0.00022575887318465604
2021-10-25,0.014427444449366611,0.010448982461358947,0.011769867528905298,0.008269110571515803,0.009608592638793434,0.009086870445981221,0.011386066253972205
2021-10-26,-0.017565558950737636,-0.006655981264962141,-0.008583230864048552,-0.010685547319947308,-0.012399985533681379,-0.0077333070244691715,-0.01118442402390385
2021-10-27,-0.012453261844281749,-0.015800850464435467,-0.019114027357903574,-0.01684292068223936,-0.019579206013187078,-0.015296465518510827,-0.02038552013843331
2021-10-28,0.014237012112122027,0.027893129139532125,0.02884275303247885,0.012190553898059342,0.014210570338129891,0.02072107328033046,0.023301531787575103
2021-10-29,0.010891274197851741,0.009904919816585478,0.010232680122951754,0.005498465983559964,0.006396814541742124,0.007799708403470662,0.009109106343622608
2021-10-30,-0.0025333657897343986,-0.007101723442810126,-0.007334343809074717,-0.0051615541959968425,-0.005999497376357521,-0.006028121036312117,-0.0074027186330620776
2021-10-31,-0.004550573070809416,-0.0026369383285882453,-0.0032062044202347817,0.007479572885528807,0.008701159523321067,0.0010813194067282872,0.004036395514562141
2021-11-01,-0.002464476335657828,0.0024016573229832527,0.001595723618912137,0.0015416645552519537,0.0017912819479117825,0.0019637871341509072,0.002354914833711641
2021-11-02,0.014675546275023654,0.020111606930312442,0.022944744272249018,0.018471497809564363,0.0214569479314497,0.018424046508411784,0.02374174217527525
2021-11-03,-0.002026531832855616,0.0009811628578861864,0.0011815113578255154,0.02417126727468699,0.0279958764343462,0.009167786031018865,0.017922818241868255
2021-11-04,-0.009424609924176375,-0.0051726363760241645,-0.0062276161275856,0.0029475314428366595,0.003226810993752105,-0.0016346209436436387,0.00019655827270415038
2021-11-05,-0.002901485134070292,-0.0042515669289900915,-0.005124124861171753,-0.00913263157027433,-0.010091143375466016,-0.006644289668544245,-0.010488220126084857
2021-11-06,0.0033903724056516538,0.003216992839094601,0.003880623503310865,0.01873497744326391,0.020721344450418178,0.010399276080245157,0.018785518231617226
2021-11-07,0.01262060862539971,0.006931434546317394,0.00835578679573934,-0.007198400085080214,-0.007946113380472575,0.0007288802615856849,-0.0031442010211593097
2021-11-08,0.030567094876983614,0.014219369343612565,0.017117118708229073,-0.001175324395964017,-0.001298385727539264,0.007780114921368098,0.006074298441334003
2021-11-09,-0.0026883172400634647,-0.005428189918858184,-0.006515778288122109,-0.007640311485882845,-0.008441323761839148,-0.00663743454357435,-0.009669210428945973
2021-11-10,-0.011870199366362577,-0.007470678714939671,-0.008977315635647964,-0.004968530900387513,-0.005493867530029117,-0.006638424890013095,-0.0083099176809307
2021-11-11,-0.0006291908823948811,0.00655797011850523,0.006762273413638109,0.00023498072784899904,0.00025996314567477974,0.003966584897341807,0.0035536010072330093
2021-11-12,-0.004362666257725523,-0.004764143699359402,-0.00510476011465133,-0.004102806488052502,-0.005175161587647081,-0.004125283969628524,-0.00569813630689342
2021-11-13,0.0017443594791852757,-0.0017795077078626154,-0.001891577661701782,0.011044863620816248,0.015436856131205046,0.004055838595759198,0.009253530407330679
2021-11-14,0.007694998937636699,-0.0014965085180269622,-0.0015909343439991508,-0.0024581549475909403,-0.0034207808987110067,-0.0018699912396519247,-0.0028918472792403005
2021-11-15,-0.012819977421396511,-0.005286934115765862,-0.0056210575848346656,-0.00036754353894841163,-0.0005119695034415672,-0.0028446818447602773,-0.002646897225697109
2021-11-16,-0.022971440439832236,-0.028236969159418424,-0.029419473726482126,-0.016010735110995267,-0.02086247912822059,-0.022418984947466636,-0.027703541527557163
2021-11-17,0.001581406334834723,0.00566087161119877,0.0056302195024382495,-8.49230155592906e-05,-9.123690273415974e-05,0.003380158781541187,0.0028881792010697627
2021-11-18,-0.01906422732471469,-0.02098254739850547,-0.02086956860048883,-0.020323803582033784,-0.02183498298048081,-0.02194185022766637,-0.029750554921612493
2021-11-19,0.006531917111031849,0.021945033233215172,0.021824353475014657,0.017546489573136537,0.01888028477636272,0.021287943185364755,0.027958933053260804
2021-11-20,0.009255329994444006,0.00846450583042535,0.008418952141919789,0.002027694070536379,0.0021789729088921295,0.004622602776265694,0.006329257855562487
2021-11-21,-0.006013784192544835,-0.010999213480969994,-0.010940512876776443,0.010951197526964274,0.011766449907833376,6.080805119479393e-05,0.004230264634002889
2021-11-22,-0.013236586610669843,-0.012457341058415006,-0.012390123322234214,-0.012548285217528599,-0.013471567646841764,-0.011224054347239276,-0.018063343327473724
2021-11-23,0.007309591267781856,0.018552821494538962,0.018451457651293968,0.005246629564797933,0.00563793959948522,0.01055303491336157,0.014577395917690916
2021-11-24,-0.0022596914126863377,-0.005036095281241382,-0.0050090789292078775,-0.013598847423212823,-0.01460740578493025,-0.008412019058780196,-0.015151706987376445
2021-11-25,0.010240311844865957,0.01845297637252541,0.018353486224700566,0.0036677638720039596,0.003943815941711559,0.009862301691166975,0.013171057138496645
2021-11-26,-0.03040804080128734,-0.03742522781871027,-0.037166095795685195,-0.018577230062315486,-0.019874410115790053,-0.02301957200617133,-0.0368018790627993
2021-11-27,0.003880088780074953,0.0016200477546708392,0.0017214746501814648,-0.0005171496697453648,-0.0006084967067889746,0.0010600480147986424,0.0009594309066884854
2021-11-28,0.005707233319875993,0.00502348910406214,0.005332686770812778,0.00136613517729689,0.0018527671742176732,0.0065673438777296145,0.00582395543838099
2021-11-29,0.002266633620903402,0.007433070521495111,0.007789455584848115,0.0023421826103935395,0.0027609018012275666,0.003894633437672379,0.0034833859942704493
2021-11-30,-0.0038862837086147684,0.009248414037917208,0.009685905948345397,0.0032249497313834308,0.0037912741509156245,0.004898456127198525,0.004380061828365811
2021-12-01,0.0011033518835119605,-0.0023342108204152945,-0.002443570328143796,0.015406829578782366,0.018102161170289843,0.007436422494853545,0.0063635041663865355
2021-12-02,-0.0033215110898158207,-0.0035478350677283776,-0.0037144609333539247,0.0027023449480680917,0.003166698047293748,0.0002469830658125005,0.00015056452030082212
2021-12-03,-0.013635151421097502,-0.01466471695458893,-0.015356020612526389,-0.015608604233191326,-0.01828221712082767,-0.013416287798521442,-0.020822679588349824
2021-12-04,-0.015325615612523547,-0.00777693541245339,-0.00888431380974386,-0.0038276987955521147,-0.007771123326863805,-0.009780871687700254,-0.00473695031724064
2021-12-05,0.0002328703211269545,0.000810215839972539,0.0008202511973798288,-0.000504461768779163,-0.0006672070722044676,6.152377179935442e-05,-7.548021445435982e-05
2021-12-06,0.0009982374780614922,0.0015452075030317758,0.0015643308030515168,-0.0003416358508094852,-0.0004519251826843318,0.0004806105649519665,0.001347728526276848
2021-12-07,0.00025447042048365454,-0.0004204359961067494,-0.0010388176375916158,-0.0004012913872417645,-0.0005308977189566466,-0.0004194974532180096,-0.0015511414697367831
2021-12-08,-0.0018656973205695149,0.001332706514729276,0.0008258009088748519,0.0005265341219788944,0.0006966808210921993,0.0008946040962545254,0.0031346308904480757
2021-12-09,-0.002713643802180532,-0.0033782706257374784,-0.003539518905732786,-0.0016073461314231041,-0.0021263898711000317,-0.002427172065175065,-0.008581255603725357
2021-12-10,-0.00037672691781232004,-0.002125291346640523,-0.002227093988440121,-0.001636169811448207,-0.002165647160667472,-0.0018915056469063218,-0.006936621819595867
2021-12-11,0.0020929458947391844,0.0019629803909750887,0.002057218123687088,0.0005685810460533958,0.0007529776580366132,0.0011964680954292817,0.004156964728861956
2021-12-12,0.0006164287166496862,0.0004158159157465757,0.00043573720562917195,7.75982488410154e-05,0.00010274521450281959,0.00022853269475864302,0.0007748543403813812
2021-12-13,-0.00310956679922203,-0.003560740548961605,-0.003731257469140381,-0.0020997650574592353,-0.002780157926081994,-0.002794929366305543,-0.010093258950323536
2021-12-14,-4.4856654124791895e-05,-0.0005163580048940242,-0.0005411779924304749,-0.0004879187285822262,-0.0006464612008405535,-0.0005123846954881994,-0.0019202719299242776
2021-12-15,0.0,0.0,0.0,0.0,0.0,0.0,0.0
2021-12-16,0.0,0.0,0.0,0.0,0.0,0.0,0.0
2021-12-17,0.0,0.0,0.0,0.0,0.0,0.0,0.0
2021-12-18,0.0,0.0,0.0,0.0,0.0,0.0,0.0
2021-12-19,0.0,0.0,0.0,0.0,0.0,0.0,0.0
2021-12-20,0.0,0.0,0.0,0.0,0.0,0.0,0.0
2021-12-21,0.0,0.0,0.0,0.0,0.0,0.0,0.0
2021-12-22,0.0,0.0,0.0,0.0,0.0,0.0,0.0
2021-12-23,0.0007582130462444603,0.0,0.000814157276922689,0.0,0.00045740704798702403,0.0,0.0
2021-12-24,-1.95559214031249e-05,0.0,-0.0008370977755303155,0.0,9.142711715282026e-05,0.0,0.0
2021-12-25,-0.0004370173715083636,0.0,0.0006242601406407644,0.0,0.0007590527262362201,0.0,0.0
2021-12-26,0.00039091223224363425,0.0,-0.0004024847587926761,0.0,0.0013038053577965059,0.0,0.0
2021-12-27,-7.699156390716944e-05,0.0,-0.0003390371192177888,0.0,-0.0005916157958592017,0.0,0.0
2021-12-28,-0.003283389340867471,0.0,-0.0031491039299818002,0.0,-0.0050759702456795175,0.0,0.0
2021-12-29,-4.959902771095592e-05,0.0,-4.900807797414419e-05,0.0,-0.00012325110175415155,0.0,0.0
2021-12-30,0.0,0.0,0.0,0.0,0.0,0.0,0.0
2021-12-31,0.0,0.0,0.0,0.0,0.0,0.0,0.0
2022-01-01,0.0,0.0,0.0,0.0,0.0,0.0,0.0
2022-01-02,0.0,0.0,0.0,0.0,0.0,0.0,0.0
2022-01-03,0.0,0.0,0.0,0.0,0.0,0.0,0.0
2022-01-04,0.0,0.0,0.0,0.0,0.0,0.0,0.0
2022-01-05,0.0,0.0,0.0,0.0,0.0,0.0,0.0
2022-01-06,0.0,0.0,0.0,0.0,0.0,0.0,0.0
2022-01-07,0.0,0.0,0.0,0.0,0.0,0.0,0.0
2022-01-08,0.0,0.0,0.0,0.0,0.0,0.0,0.0
2022-01-09,0.0,0.0,0.0,0.0,0.0,0.0,0.0
2022-01-10,0.0,0.0,0.0,0.0,0.0,0.0,0.0
2022-01-11,0.0,0.0,0.0,0.0,0.0,0.0,0.0
2022-01-12,0.0,0.0,0.0,0.0,0.0,0.0,0.0
2022-01-13,0.0,0.0,0.0,0.0,0.0,0.0,0.0
2022-01-14,0.0,0.0,0.0,0.0,0.0,0.0,0.0
2022-01-15,0.0,0.0,0.0,0.0,0.0,0.0,0.0
2022-01-16,0.0,0.0,0.0,0.0,0.0,0.0,0.0
2022-01-17,0.0,0.0,0.0,0.0,0.0,0.0,0.0
2022-01-18,0.0,0.0,0.0,0.0,0.0,0.0,0.0
2022-01-19,0.0,0.0,0.0,0.0,0.0,0.0,0.0
2022-01-20,0.0,0.0,0.0,0.0,0.0,0.0,0.0
2022-01-21,0.0,0.0,0.0,0.0,0.0,0.0,0.0
2022-01-22,0.0,0.0,0.0,0.0,0.0,0.0,0.0
2022-01-23,0.0,0.0,0.0,0.0,0.0,0.0,0.0
2022-01-24,0.0,0.0,0.0,0.0,0.0,0.0,0.0
2022-01-25,0.0,0.0,0.0,0.0,0.0,0.0,0.0
2022-01-26,0.0,0.0,0.0,0.0,0.0,0.0,0.0
2022-01-27,0.0,0.0,0.0,0.0,0.0,0.0,0.0
2022-01-28,0.0,0.0,0.0,0.0,0.0,0.0,0.0
2022-01-29,0.0,0.0,0.0,0.0,0.0,0.0,0.0
2022-01-30,0.0,0.0,0.0,0.0,0.0,0.0,0.0
2022-01-31,0.0,0.0,0.0,0.0,0.0,0.0,0.0
2022-02-01,0.0,0.0,0.0,0.0,0.0,0.0,0.0
2022-02-02,0.0,0.0,0.0,0.0,0.0,0.0,0.0
2022-02-03,0.0,0.0,0.0,0.0,0.0,0.0,0.0
2022-02-04,0.0,0.0,0.0,0.0,0.0,0.0,0.0
2022-02-05,0.0,0.0,0.0,0.0,0.0,0.0,0.0
2022-02-06,0.0,0.0,0.0,0.0,0.0,0.0,0.0
2022-02-07,0.0,0.0,0.0,0.0,0.0,0.0,0.0
2022-02-08,0.0,0.0,0.0,0.0,0.0,0.0,0.0
2022-02-09,0.0,0.0,0.0,0.0,0.0,0.0,0.0
2022-02-10,0.0,0.0,0.0,0.0,0.0,0.0,0.0
2022-02-11,0.0,0.0,0.0,0.0,0.0,0.0,0.0
2022-02-12,0.0,0.0,0.0,0.0,0.0,0.0,0.0
2022-02-13,0.0,0.0,0.0,0.0,0.0,0.0,0.0
2022-02-14,0.0,0.0,0.0,0.0,0.0,0.0,0.0
2022-02-15,0.0,0.0,0.0,0.0,0.0,0.0,0.0
2022-02-16,0.0,0.0,0.0,0.0,0.0,0.0,0.0
2022-02-17,0.0,0.0,0.0,0.0,0.0,0.0,0.0
2022-02-18,0.0,0.0,0.0,0.0,0.0,0.0,0.0
2022-02-19,0.0,0.0,0.0,0.0,0.0,0.0,0.0
2022-02-20,0.0,0.0,0.0,0.0,0.0,0.0,0.0
2022-02-21,0.0,0.0,0.0,0.0,0.0,0.0,0.0
2022-02-22,0.0,0.0,0.0,0.0,0.0,0.0,0.0
2022-02-23,0.0,0.0,0.0,0.0,0.0,0.0,0.0
2022-02-24,0.0,0.0,0.0,0.0,0.0,0.0,0.0
2022-02-25,0.0,0.0,0.0,0.0,0.0,0.0,0.0
2022-02-26,0.0,0.0,0.0,0.0,0.0,0.0,0.0
2022-02-27,0.0,0.0,0.0,0.0,0.0,0.0,0.0
2022-02-28,0.0,0.0,0.0,0.0,0.0,0.0,0.0
2022-03-01,0.0,0.0,0.0,0.0,0.0,0.0,0.0
2022-03-02,0.0,0.0,0.0,0.0,0.0,0.0,0.0
2022-03-03,0.0,0.0,0.0,0.0,0.0,0.0,0.0
2022-03-04,0.0,0.0,0.0,0.0,0.0,0.0,0.0
2022-03-05,0.0,0.0,0.0,0.0,0.0,0.0,0.0
2022-03-06,0.0,0.0,0.0,0.0,0.0,0.0,0.0
2022-03-07,0.0,0.0,0.0,0.0,0.0,0.0,0.0
2022-03-08,0.0,0.0,0.0,0.0,0.0,0.0,0.0
2022-03-09,0.0,0.0,0.0,0.0,0.0,0.0,0.0
2022-03-10,0.0,0.0,0.0,0.0,0.0,0.0,0.0
2022-03-11,0.0,0.0,0.0,0.0,0.0,0.0,0.0
2022-03-12,0.0,0.0,0.0,0.0,0.0,0.0,0.0
2022-03-13,0.0,0.0,0.0,0.0,0.0,0.0,0.0
2022-03-14,0.0,0.0,0.0,0.0,0.0,0.0,0.0
2022-03-15,0.0,0.0,0.0,0.0,0.0,0.0,0.0
2022-03-16,0.0,0.0,0.0,0.0,0.0,0.0,0.0
2022-03-17,0.0,0.0,0.0,0.0,0.0,0.0,0.0
2022-03-18,0.0,0.0,0.0,0.0,0.0,0.0,0.0
2022-03-19,0.0,0.0,0.0,0.0,0.0,0.0,0.0
2022-03-20,0.0,0.0,0.0,0.0,0.0,0.0,0.0
2022-03-21,0.0,0.0,0.0,0.0,0.0,0.0,0.0
2022-03-22,-0.0012402844041766725,-0.001356642570843003,-0.0015352400236181563,-0.0009356707348360249,-0.0013180692030654306,0.0,-0.0014266546133420155
2022-03-23,-0.0009037739907082898,-0.0007197467049069317,-0.000814644640196871,0.00015071882292616579,0.000212397265551445,0.0,-0.0003010678467741945
2022-03-24,0.002945927284631944,0.0024650952826736905,0.0028001722414012775,0.006322802964073615,0.008984585376292431,0.0012325476413368452,0.005892378808846965
2022-03-25,0.0008865695759459058,-0.0002955338385307593,-0.00033559316740394696,-0.0032495168937243246,-0.004605321704690746,-0.00014794882482593863,-0.002477020207026559
2022-03-26,0.0005454856109694539,0.0014698752702042572,0.001669182341934361,0.002743050113857004,0.0038928355384073576,0.0007357337502522654,0.0027820473279212
2022-03-27,0.006374857688155489,0.005158929137478063,0.005857286112872284,0.004640815092965989,0.0065785303867436085,0.002584153102151765,0.0062186448885463985
2022-03-28,0.0008563334592894822,0.0014644950654150168,0.001660226198860082,-0.004858916474112185,-0.007685269153593022,-0.0035772397290384506,-0.0029943815319655176
2022-03-29,0.0010235862402758755,0.00459080616048313,0.004035413835101975,0.009034146262318687,0.012520387316609538,0.00680339190120427,0.009401260597602823
2022-03-30,-0.002473079257867994,-0.0013261653679984553,-0.0013758392996789937,0.014032368476826873,0.026255250988375556,0.0065024276530261105,0.009976223543202156
2022-03-31,-0.009633117955793247,-0.00850086073059031,-0.009286640974256244,0.002834021877365256,0.00523055617179824,-0.0020364013102671663,-0.0018065161443157063
2022-04-01,0.0026288492563857346,0.007002008261074,0.00820972148896204,0.008510537094690074,0.014881282721500355,0.014984672556359824,0.014203168705200886
2022-04-02,-0.0027129413700367477,-0.0009706037786625377,-0.001151669925538612,-0.00021634341546428182,-0.0005113396042337737,-0.001041583146803693,-0.0008405331707477259
2022-04-03,0.0020282095647583542,0.004280323201156788,0.005038393213927517,0.0035064133654603147,0.006462636659348986,0.004038096740928143,0.00574846679979113
2022-04-04,-1.9200760147830565e-05,-0.0008337168368329761,-0.0009836711010183796,-0.004425168971254223,-0.00811600083834818,-0.003494325690659994,-0.004550883542281392
2022-04-05,-0.007440466703362736,-0.008859285021399432,-0.010343280746459294,-0.004553894605350051,-0.008423096927458018,-0.00805232273604517,-0.009375445412322159
2022-04-06,-0.009291339382848984,-0.010898245349308833,-0.012687401316959335,-0.010449874651930702,-0.019452695857823388,-0.015193689650835007,-0.016061242792173358
2022-04-07,0.0011031322513614938,0.002711151274735979,0.0031619583175812593,0.004195262875286154,0.00788128699832602,0.005290315671622192,0.005507361769137686
2022-04-08,-0.004799368118138636,-0.00160349291242734,-0.0018692794206793817,-0.00646680319129167,-0.012104208450215759,-0.0068494037833169985,-0.006967819446173862
2022-04-09,0.0020304892656342055,0.003054298722919624,0.0035615112545384076,0.0023115701634131014,0.004351360627556478,0.0037031973337084967,0.0039529440597152465
2022-04-10,-0.001751117821236714,-0.0019541815484898084,-0.00213465684782288,-0.0014338131432297674,-0.0011657611629578568,-0.0010880880864870823,-0.0028368734906990545
2022-04-11,-0.0032414696130417253,-0.004699045157802395,-0.0058061812700510584,-0.005621799415498785,-0.0071928457896831555,-0.005446723621263749,-0.009433280579529413
2022-04-12,0.0,0.0,0.0,0.0,0.0,0.0,0.0
2022-04-13,0.0,0.0,0.0,0.0,0.0,0.0,0.0
2022-04-14,0.0,0.0,0.0,0.0,0.0,0.0,0.0
2022-04-15,0.0,0.0,0.0,0.0,0.0,0.0,0.0
2022-04-16,0.0,0.0,0.0,0.0,0.0,0.0,0.0
2022-04-17,0.0,0.0,0.0,0.0,0.0,0.0,0.0
2022-04-18,0.0,0.0,0.0,0.0,0.0,0.0,0.0
2022-04-19,0.00016446320467267128,0.00011961300896823346,0.00013973522584898035,0.0,0.0012018045892838725,0.0,0.0
2022-04-20,-0.00020900493426023736,-0.00045602292784086007,-0.0005327278805674629,0.0,-0.0017574713918455664,0.0,0.0
2022-04-21,-0.0013599697961315105,-0.0016394526380256735,-0.0019153623738281667,0.0,-0.0022971762636654347,0.0,0.0
2022-04-22,-6.277364709461608e-05,-5.299016387283473e-05,-6.192519442760336e-05,0.0,-0.0001537696402431621,0.0,0.0
2022-04-23,0.0,0.0,0.0,0.0,0.0,0.0,0.0
2022-04-24,0.0,0.0,0.0,0.0,0.0,0.0,0.0
2022-04-25,0.0,0.0,0.0,0.0,0.0,0.0,0.0
2022-04-26,0.0,0.0,0.0,0.0,0.0,0.0,0.0
2022-04-27,0.0,0.0,0.0,0.0,0.0,0.0,0.0
2022-04-28,0.0,0.0,0.0,0.0,0.0,0.0,0.0
2022-04-29,0.0,0.0,0.0,0.0,0.0,0.0,0.0
2022-04-30,0.0,0.0,0.0,0.0,0.0,0.0,0.0
2022-05-01,0.0,0.0,0.0,0.0,0.0,0.0,0.0
2022-05-02,0.0,0.0,0.0,0.0,0.0,0.0,0.0
2022-05-03,0.0,0.0,0.0,0.0,0.0,0.0,0.0
2022-05-04,0.0,0.0,0.0,0.0,0.0,0.0,0.0
2022-05-05,0.0,0.0,0.0,0.0,0.0,0.0,0.0
2022-05-06,0.0,0.0,0.0,0.0,0.0,0.0,0.0
2022-05-07,0.0,0.0,0.0,0.0,0.0,0.0,0.0
2022-05-08,0.0,0.0,0.0,0.0,0.0,0.0,0.0
2022-05-09,0.0,0.0,0.0,0.0,0.0,0.0,0.0
2022-05-10,0.0,0.0,0.0,0.0,0.0,0.0,0.0
2022-05-11,0.0,0.0,0.0,0.0,0.0,0.0,0.0
2022-05-12,0.0,0.0,0.0,0.0,0.0,0.0,0.0
2022-05-13,0.0,0.0,0.0,0.0,0.0,0.0,0.0
2022-05-14,0.0,0.0,0.0,0.0,0.0,0.0,0.0
2022-05-15,0.0,0.0,0.0,0.0,0.0,0.0,0.0
2022-05-16,0.0,0.0,0.0,0.0,0.0,0.0,0.0
2022-05-17,0.0,0.0,0.0,0.0,0.0,0.0,0.0
2022-05-18,0.0,0.0,0.0,0.0,0.0,0.0,0.0
2022-05-19,0.0,0.0,0.0,0.0,0.0,0.0,0.0
2022-05-20,0.0,0.0,0.0,0.0,0.0,0.0,0.0
2022-05-21,0.0,0.0,0.0,0.0,0.0,0.0,0.0
2022-05-22,0.0,0.0,0.0,0.0,0.0,0.0,0.0
2022-05-23,0.0,0.0,0.0,0.0,0.0,0.0,0.0
2022-05-24,0.0,0.0,0.0,0.0,0.0,0.0,0.0
2022-05-25,0.0,0.0,0.0,0.0,0.0,0.0,0.0
2022-05-26,0.0,0.0,0.0,0.0,0.0,0.0,0.0
2022-05-27,0.0,0.0,0.0,0.0,0.0,0.0,0.0
2022-05-28,0.0,0.0,0.0,0.0,0.0,0.0,0.0
2022-05-29,0.0,0.0,0.0,0.0,0.0,0.0,0.0
2022-05-30,0.0,0.0,0.0,0.0,0.0,0.0,0.0
2022-05-31,0.0,0.0,0.0,0.0,0.0,0.0,0.0
2022-06-01,0.0,0.0,0.0,0.0,0.0,0.0,0.0
2022-06-02,0.0,0.0,0.0,0.0,0.0,0.0,0.0
2022-06-03,0.0,0.0,0.0,0.0,0.0,0.0,0.0
2022-06-04,0.0,0.0,0.0,0.0,0.0,0.0,0.0
2022-06-05,0.0,0.0,0.0,0.0,0.0,0.0,0.0
2022-06-06,0.0,0.0,0.0,0.0,0.0,0.0,0.0
2022-06-07,0.0,0.0,0.0,0.0,0.0,0.0,0.0
2022-06-08,0.0,0.0,0.0,0.0,0.0,0.0,0.0
2022-06-09,0.0,0.0,0.0,0.0,0.0,0.0,0.0
2022-06-10,0.0,0.0,0.0,0.0,0.0,0.0,0.0
2022-06-11,0.0,0.0,0.0,0.0,0.0,0.0,0.0
2022-06-12,0.0,0.0,0.0,0.0,0.0,0.0,0.0
2022-06-13,0.0,0.0,0.0,0.0,0.0,0.0,0.0
2022-06-14,0.0,0.0,0.0,0.0,0.0,0.0,0.0
2022-06-15,0.0,0.0,0.0,0.0,0.0,0.0,0.0
2022-06-16,0.0,0.0,0.0,0.0,0.0,0.0,0.0
2022-06-17,0.0,0.0,0.0,0.0,0.0,0.0,0.0
2022-06-18,0.0,0.0,0.0,0.0,0.0,0.0,0.0
2022-06-19,0.0,0.0,0.0,0.0,0.0,0.0,0.0
2022-06-20,0.0,0.0,0.0,0.0,0.0,0.0,0.0
2022-06-21,0.0,0.0,0.0,0.0,0.0,0.0,0.0
2022-06-22,0.0,0.0,0.0,0.0,0.0,0.0,0.0
2022-06-23,0.0,0.0,0.0,0.0,0.0,0.0,0.0
2022-06-24,0.0,0.0,0.0,0.0,0.0,0.0,0.0
2022-06-25,0.0,0.0,0.0,0.0,0.0,0.0,0.0
2022-06-26,0.0,0.0,0.0,0.0,0.0,0.0,0.0
2022-06-27,0.0,0.0,0.0,0.0,0.0,0.0,0.0
2022-06-28,0.0,0.0,0.0,0.0,0.0,0.0,0.0
2022-06-29,0.0,0.0,0.0,0.0,0.0,0.0,0.0
2022-06-30,0.0,0.0,0.0,0.0,0.0,0.0,0.0
2022-07-01,0.0,0.0,0.0,0.0,0.0,0.0,0.0
2022-07-02,0.0,0.0,0.0,0.0,0.0,0.0,0.0
2022-07-03,0.0,0.0,0.0,0.0,0.0,0.0,0.0
2022-07-04,0.0,0.0,0.0,0.0,0.0,0.0,0.0
2022-07-05,0.0,0.0,0.0,0.0,0.0,0.0,0.0
2022-07-06,0.0,0.0,0.0,0.0,0.0,0.0,0.0
2022-07-07,0.0,0.0,0.0,0.0,0.0,0.0,0.0
2022-07-08,0.0,0.0,0.0,0.0,0.0,0.0,0.0
2022-07-09,0.0,0.0,0.0,0.0,0.0,0.0,0.0
2022-07-10,0.0,0.0,0.0,0.0,0.0,0.0,0.0
2022-07-11,0.0,0.0,0.0,0.0,0.0,0.0,0.0
2022-07-12,0.0,0.0,0.0,0.0,0.0,0.0,0.0
2022-07-13,0.0,0.0,0.0,0.0,0.0,0.0,0.0
2022-07-14,0.0,0.0,0.0,0.0,0.0,0.0,0.0
2022-07-15,0.0,0.0,0.0,0.0,0.0,0.0,0.0
2022-07-16,0.0,0.0,0.0,0.0,0.0,0.0,0.0
2022-07-17,0.0,0.0,0.0,0.0,0.0,0.0,0.0
2022-07-18,0.0,0.0,0.0,0.0,0.0,0.0,0.0
2022-07-19,0.0,0.0,0.0,0.0,0.0,0.0,0.0
2022-07-20,0.0,0.0,0.0,0.0,0.0,0.0,0.0
2022-07-21,0.0,0.0,0.0,0.0,0.0,0.0,0.0
2022-07-22,0.0,0.0,0.0,0.0,0.0,0.0,0.0
2022-07-23,0.0,0.0,0.0,0.0,0.0,0.0,0.0
2022-07-24,0.0,0.0,0.0,0.0,0.0,0.0,0.0
2022-07-25,0.0,0.0,0.0,0.0,0.0,0.0,0.0
2022-07-26,0.0,0.0,0.0,0.0,0.0,0.0,0.0
2022-07-27,0.0,0.0,0.0,0.0,0.0,0.0,0.0
2022-07-28,0.0,0.0,0.0,0.0,0.0,0.0,0.0
2022-07-29,0.0,0.0,0.0,0.0,0.0,0.0,0.0
2022-07-30,0.0,0.0,0.0,0.0,0.0,0.0,0.0
2022-07-31,0.0,0.0,0.0,0.0,0.0,0.0,0.0
2022-08-01,0.0,0.0,0.0,0.0,0.0,0.0,0.0
2022-08-02,0.0,0.0,0.0,0.0,0.0,0.0,0.0
2022-08-03,0.0,0.0,0.0,0.0,0.0,0.0,0.0
2022-08-04,0.0,0.0,0.0,0.0,0.0,0.0,0.0
2022-08-05,0.0,0.0,0.0,0.0,0.0,0.0,0.0
2022-08-06,0.0,0.0,0.0,0.0,0.0,0.0,0.0
2022-08-07,0.0,0.0,0.0,0.0,0.0,0.0,0.0
2022-08-08,0.0,0.0,0.0,0.0,0.0,0.0,0.0
2022-08-09,0.0,0.0,0.0,0.0,0.0,0.0,0.0
2022-08-10,0.0,0.0,0.0,0.0,0.0,0.0,0.0
2022-08-11,0.0,0.0,0.0,0.0,0.0,0.0,0.0
2022-08-12,0.0,0.0,0.0,0.0,0.0,0.0,0.0
2022-08-13,0.0,0.0,0.0,0.0,0.0,0.0,0.0
2022-08-14,0.0,0.0,0.0,0.0,0.0,0.0,0.0
2022-08-15,0.0,0.0,0.0,0.0,0.0,0.0,0.0
2022-08-16,0.0,0.0,0.0,0.0,0.0,0.0,0.0
2022-08-17,0.0,0.0,0.0,0.0,0.0,0.0,0.0
2022-08-18,0.0,0.0,0.0,0.0,0.0,0.0,0.0
2022-08-19,0.0,0.0,0.0,0.0,0.0,0.0,0.0
2022-08-20,0.0,0.0,0.0,0.0,0.0,0.0,0.0
2022-08-21,0.0,0.0,0.0,0.0,0.0,0.0,0.0
2022-08-22,0.0,0.0,0.0,0.0,0.0,0.0,0.0
2022-08-23,0.0,0.0,0.0,0.0,0.0,0.0,0.0
2022-08-24,0.0,0.0,0.0,0.0,0.0,0.0,0.0
2022-08-25,0.0,0.0,0.0,0.0,0.0,0.0,0.0
2022-08-26,0.0,0.0,0.0,0.0,0.0,0.0,0.0
2022-08-27,0.0,0.0,0.0,0.0,0.0,0.0,0.0
2022-08-28,0.0,0.0,0.0,0.0,0.0,0.0,0.0
2022-08-29,0.0,0.0,0.0,0.0,0.0,0.0,0.0
2022-08-30,0.0,0.0,0.0,0.0,0.0,0.0,0.0
2022-08-31,0.0,0.0,0.0,0.0,0.0,0.0,0.0
2022-09-01,0.0,0.0,0.0,0.0,0.0,0.0,0.0
2022-09-02,0.0,0.0,0.0,0.0,0.0,0.0,0.0
2022-09-03,0.0,0.0,0.0,0.0,0.0,0.0,0.0
2022-09-04,0.0,0.0,0.0,0.0,0.0,0.0,0.0
2022-09-05,0.0,0.0,0.0,0.0,0.0,0.0,0.0
2022-09-06,0.0,0.0,0.0,0.0,0.0,0.0,0.0
2022-09-07,0.0,0.0,0.0,0.0,0.0,0.0,0.0
2022-09-08,0.0,0.0,0.0,0.0,0.0,0.0,0.0
2022-09-09,0.0,0.0,0.0,0.0,0.0,0.0,0.0
2022-09-10,0.0,0.0,0.0,0.0,0.0,0.0,0.0
2022-09-11,0.0,0.0,0.0,0.0,0.0,0.0,0.0
2022-09-12,0.0003308573072831056,-0.0016811392494902044,-0.0023860439657781285,-0.0007157894770667417,-0.0011752784561409602,0.0,-0.0017806612109594333
2022-09-13,-0.009007042006098032,-0.004842885131396413,-0.006878372354619411,-0.005009248605950867,-0.00822863491536796,0.0,-0.007553913076905561
2022-09-14,0.0,0.0,0.0,0.0,0.0,0.0,0.0
2022-09-15,0.0,0.0,0.0,0.0,0.0,0.0,0.0
2022-09-16,0.0,0.0,0.0,0.0,0.0,0.0,0.0
2022-09-17,0.0,0.0,0.0,0.0,0.0,0.0,0.0
2022-09-18,0.0,0.0,0.0,0.0,0.0,0.0,0.0
2022-09-19,0.0,0.0,0.0,0.0,0.0,0.0,0.0
2022-09-20,0.0,0.0,0.0,0.0,0.0,0.0,0.0
2022-09-21,0.0,0.0,0.0,0.0,0.0,0.0,0.0
2022-09-22,0.0,0.0,0.0,0.0,0.0,0.0,0.0
2022-09-23,0.0,0.0,0.0,0.0,0.0,0.0,0.0
2022-09-24,0.0,0.0,0.0,0.0,0.0,0.0,0.0
2022-09-25,0.0,0.0,0.0,0.0,0.0,0.0,0.0
2022-09-26,0.0,0.0,0.0,0.0,0.0,0.0,0.0
2022-09-27,0.0,0.0,0.0,0.0,0.0,0.0,0.0
2022-09-28,0.0,0.0,0.0,0.0,0.0,0.0,0.0
2022-09-29,0.0,0.0,0.0,0.0,0.0,0.0,0.0
2022-09-30,0.0,0.0,0.0,0.0,0.0,0.0,0.0
2022-10-01,0.0,0.0,0.0,0.0,0.0,0.0,0.0
2022-10-02,0.0,0.0,0.0,0.0,0.0,0.0,0.0
2022-10-03,0.0,0.0,0.0,0.0,0.0,0.0,0.0
2022-10-04,0.0,0.0,0.0,0.0,0.0,0.0,0.0
2022-10-05,0.0,0.0,0.0,0.0,0.0,0.0,0.0
2022-10-06,0.0,0.0,0.0,0.0,0.0,0.0,0.0
2022-10-07,0.0,0.0,0.0,0.0,0.0,0.0,0.0
2022-10-08,0.0,0.0,0.0,0.0,0.0,0.0,0.0
2022-10-09,0.0,0.0,0.0,0.0,0.0,0.0,0.0
2022-10-10,0.0,0.0,0.0,0.0,0.0,0.0,0.0
2022-10-11,0.0,0.0,0.0,0.0,0.0,0.0,0.0
2022-10-12,0.0,0.0,0.0,0.0,0.0,0.0,0.0
2022-10-13,0.0,0.0,0.0,0.0,0.0,0.0,0.0
2022-10-14,0.0,0.0,0.0,0.0,0.0,0.0,0.0
2022-10-15,0.0,0.0,0.0,0.0,0.0,0.0,0.0
2022-10-16,0.0,0.0,0.0,0.0,0.0,0.0,0.0
2022-10-17,0.0,0.0,0.0,0.0,0.0,0.0,0.0
2022-10-18,0.0,0.0,0.0,0.0,0.0,0.0,0.0
2022-10-19,0.0,0.0,0.0,0.0,0.0,0.0,0.0
2022-10-20,0.0,0.0,0.0,0.0,0.0,0.0,0.0
2022-10-21,0.0,0.0,0.0,0.0,0.0,0.0,0.0
2022-10-22,0.0,0.0,0.0,0.0,0.0,0.0,0.0
2022-10-23,0.0,0.0,0.0,0.0,0.0,0.0,0.0
2022-10-24,0.0,0.0,0.0,0.0,0.0,0.0,0.0
2022-10-25,0.0,0.0,0.0,0.0,0.0,0.0,0.0
2022-10-26,0.0,0.0,0.0,0.0,0.0,0.0,0.0
2022-10-27,0.0,0.0,0.0,0.0,0.0,0.0,0.0
2022-10-28,0.0,0.0,0.0,0.0,0.0,0.0,0.0
2022-10-29,0.0,0.0,0.0,0.0,0.0,0.0,0.0
2022-10-30,0.0,0.0,0.0,0.0,0.0,0.0,0.0
2022-10-31,0.0,0.0,0.0,0.0,0.0,0.0,0.0
2022-11-01,0.0,0.0,0.0,0.0,0.0,0.0,0.0
2022-11-02,0.0,0.0,0.0,0.0,0.0,0.0,0.0
2022-11-03,0.0,0.0,0.0,0.0,0.0,0.0,0.0
2022-11-04,0.002686510125773145,0.0012689527485378882,0.001977406743452148,0.0022496790416037804,0.003981183845714664,0.0006344763742689441,0.002979295294583295
2022-11-05,0.002094262444912287,-0.002303532765126848,-0.0035683703177719073,0.01652583687212239,0.029150115361175732,0.0069968417890753365,0.012790994545177403
2022-11-06,-0.005859539227143773,-0.007279017683279099,-0.0112926567267988,-0.022310028909169333,-0.03886935215644716,-0.014866467198590194,-0.025303719561885152
2022-11-07,-0.0025984774070939576,-0.00010303920707943615,-0.00016215111147332983,-0.007302005452077487,-0.015333581822507325,-0.008023884631558564,-0.007748334086414843
2022-11-08,-0.00016074268035870531,-0.00010569759888856556,-0.00016278001413794208,-0.00017552393969100244,-0.0003752625736446191,-0.0002979519370686079,-0.00026820921129644404
2022-11-09,0.0,0.0,0.0,0.0,0.0,0.0,0.0
2022-11-10,0.0,0.0,0.0,0.0,0.0,0.0,0.0
2022-11-11,0.0,0.0,0.0,0.0,0.0,0.0,0.0
2022-11-12,0.0,0.0,0.0,0.0,0.0,0.0,0.0
2022-11-13,0.0,0.0,0.0,0.0,0.0,0.0,0.0
2022-11-14,0.0,0.0,0.0,0.0,0.0,0.0,0.0
2022-11-15,0.0,0.0,0.0,0.0,0.0,0.0,0.0
2022-11-16,0.0,0.0,0.0,0.0,0.0,0.0,0.0
2022-11-17,0.0,0.0,0.0,0.0,0.0,0.0,0.0
2022-11-18,0.0,0.0,0.0,0.0,0.0,0.0,0.0
2022-11-19,0.0,0.0,0.0,0.0,0.0,0.0,0.0
2022-11-20,0.0,0.0,0.0,0.0,0.0,0.0,0.0
2022-11-21,0.0,0.0,0.0,0.0,0.0,0.0,0.0
2022-11-22,0.0,0.0,0.0,0.0,0.0,0.0,0.0
2022-11-23,0.0,0.0,0.0,0.0,0.0,0.0,0.0
2022-11-24,0.0,0.0,0.0,0.0,0.0,0.0,0.0
2022-11-25,0.0,0.0,0.0,0.0,0.0,0.0,0.0
2022-11-26,0.0,0.0,0.0,0.0,0.0,0.0,0.0
2022-11-27,0.0,0.0,0.0,0.0,0.0,0.0,0.0
2022-11-28,0.0,0.0,0.0,0.0,0.0,0.0,0.0
2022-11-29,0.0,0.0,0.0,0.0,0.0,0.0,0.0
2022-11-30,0.0,0.0,0.0,0.0,0.0,0.0,0.0
2022-12-01,0.0,0.0,0.0,0.0,0.0,0.0,0.0
2022-12-02,0.0,0.0,0.0,0.0,0.0,0.0,0.0
2022-12-03,0.0,0.0,0.0,0.0,0.0,0.0,0.0
2022-12-04,0.0,0.0,0.0,0.0,0.0,0.0,0.0
2022-12-05,0.0,0.0,0.0,0.0,0.0,0.0,0.0
2022-12-06,0.0,0.0,0.0,0.0,0.0,0.0,0.0
2022-12-07,0.0,0.0,0.0,0.0,0.0,0.0,0.0
2022-12-08,0.0,0.0,0.0,0.0,0.0,0.0,0.0
2022-12-09,0.0,0.0,0.0,0.0,0.0,0.0,0.0
2022-12-10,0.0,0.0,0.0,0.0,0.0,0.0,0.0
2022-12-11,0.0,0.0,0.0,0.0,0.0,0.0,0.0
2022-12-12,0.0,0.0,0.0,0.0,0.0,0.0,0.0
2022-12-13,0.0,0.0,0.0,0.0,0.0,0.0,0.0
2022-12-14,0.0,0.0,0.0,0.0,0.0,0.0,0.0
2022-12-15,0.0,0.0,0.0,0.0,0.0,0.0,0.0
2022-12-16,0.0,0.0,0.0,0.0,0.0,0.0,0.0
2022-12-17,0.0,0.0,0.0,0.0,0.0,0.0,0.0
2022-12-18,0.0,0.0,0.0,0.0,0.0,0.0,0.0
2022-12-19,0.0,0.0,0.0,0.0,0.0,0.0,0.0
2022-12-20,0.0,0.0,0.0,0.0,0.0,0.0,0.0
2022-12-21,0.0,0.0,0.0,0.0,0.0,0.0,0.0
2022-12-22,0.0,0.0,0.0,0.0,0.0,0.0,0.0
2022-12-23,0.0,0.0,0.0,0.0,0.0,0.0,0.0
2022-12-24,0.0,0.0,0.0,0.0,0.0,0.0,0.0
2022-12-25,0.0,0.0,0.0,0.0,0.0,0.0,0.0
2022-12-26,0.0,0.0,0.0,0.0,0.0,0.0,0.0
2022-12-27,0.0,0.0,0.0,0.0,0.0,0.0,0.0
2022-12-28,0.0,0.0,0.0,0.0,0.0,0.0,0.0
2022-12-29,0.0,0.0,0.0,0.0,0.0,0.0,0.0
2022-12-30,0.0,0.0,0.0,0.0,0.0,0.0,0.0
2022-12-31,0.0,0.0,0.0,0.0,0.0,0.0,0.0
2023-01-01,0.0,0.0,0.0,0.0,0.0,0.0,0.0
2023-01-02,0.0,0.0,0.0,0.0,0.0,0.0,0.0
2023-01-03,0.0,0.0,0.0,0.0,0.0,0.0,0.0
2023-01-04,0.0,0.0,0.0,0.0,0.0,0.0,0.0
2023-01-05,0.0,0.0,0.0,0.0,0.0,0.0,0.0
2023-01-06,0.0,0.0,0.0,0.0,0.0,0.0,0.0
2023-01-07,0.0,0.0,0.0,0.0,0.0,0.0,0.0
2023-01-08,0.0,0.0,0.0,0.0,0.0,0.0,0.0
2023-01-09,0.0,0.0,0.0,0.0,0.0,0.0,0.0
2023-01-10,0.0,0.0,0.0,0.0,0.0,0.0,0.0
2023-01-11,0.0,0.0,0.0,0.0,0.0,0.0,0.0
2023-01-12,0.011911813184069642,0.0017010300481345997,0.0031299114978255993,0.000510410476769918,0.00248299178504352,0.0007153720035510958,0.002809113504945726
2023-01-13,0.021484191555733334,0.007352503192965099,0.009256971857393381,0.011327491831696124,0.03829292243531013,0.009343298229585573,0.02379787950612111
2023-01-14,0.0351417604572537,0.03923146344506523,0.04713978618679393,0.06921351759822336,0.2144415318790469,0.03928161217338211,0.13207784873284267
2023-01-15,-0.002421984781417086,0.000832781150345685,0.0010271245589010825,-0.0109700769805402,-0.013208150270266561,-0.0038776336567656333,-0.01050264013704616
2023-01-16,0.00914305682449168,0.00775557019719364,0.009563605126897912,0.005669118905301307,0.006841191850345929,0.006095417081997567,0.008636072134773576
2023-01-17,-0.0014662470801311,-0.003583218823063228,-0.0044106516149274855,-0.005882255132190872,-0.007090130034464015,-0.00408622733582209,-0.007190316241288186
2023-01-18,-0.013209246847849965,-0.017123403258005654,-0.02109503744604191,-0.01701154978105468,-0.02052968196377314,-0.015208495143510525,-0.023492250129062642
2023-01-19,0.011535655334509176,0.01276220007094686,0.016484334209780682,0.005099821257615655,0.007358455044663481,0.008380200796579862,0.01102227102603437
2023-01-20,0.05020222416449416,0.038181309920602535,0.04572249457573463,0.03418674448228454,0.05285679607734961,0.030397617769710505,0.05704415793951534
2023-01-21,0.003727838823364804,-0.012063735667924957,-0.014231240256819433,-0.008161414158709634,-0.011482000506531809,-0.009525061714291683,-0.013212079372803887
2023-01-22,-0.00245309242024383,0.00029753290599532356,0.00035188686281228954,-0.0037521520113341644,-0.004448438873517757,-0.0017326122079555084,-0.004516227433943865
2023-01-23,0.007229450070765031,-0.0005320921033408199,-0.0006099538912708313,0.0012554278934067131,0.001489438634560969,0.00040893466516922494,0.0010475774214924183
2023-01-24,-0.009896001474962057,-0.02919987681391567,-0.03404585006107008,-0.016195611201117677,-0.019209970291158007,-0.021504711296410295,-0.026502994055805806
2023-01-25,0.015087888663079863,0.02394019267465275,0.0280533102259517,0.018480177439672785,0.021987112623258698,0.020199637237495738,0.02696431794164522
2023-01-26,-0.0017809963205254187,-0.004532392184186662,-0.005289844550103062,-0.0019813349879347353,-0.0023492386338651583,-0.003066211452653067,-0.003589676543797271
2023-01-27,0.0022440448445621985,-0.0014561297862046851,-0.001700771988916605,0.0011277091231083336,0.002840916813561245,-0.00013847164097191555,0.0004910168289817829
2023-01-28,-0.001809579993278354,-0.011533712199164547,-0.01396171696188453,-0.00584913492825101,-0.006827060416520148,-0.008558450780890015,-0.009136845194431698
2023-01-29,0.02895869046138211,0.03650992576913459,0.0427235733932676,0.030837802702755823,0.03580861224637788,0.03272438415250378,0.041827202619135306
2023-01-30,-0.0368607524340967,-0.038085663942092673,-0.04562137382233167,-0.030493354230389347,-0.035238716568548156,-0.034996747553930674,-0.04179250332194717
2023-01-31,0.0124896614749328,0.009646278862881053,0.011646148778502008,-0.000596254877159752,-0.0006924329915146687,0.004694547049408193,0.0033304377438732047
2023-02-01,0.025066036095696687,0.03033556649524649,0.033910379622479336,0.016108486446921644,0.018708645254092993,0.022674370544784272,0.025497735706345948
2023-02-02,-0.009809734597294395,0.00152242911283329,0.0008381433972748376,-0.009981592015764762,-0.011563185840313461,-0.0045804990262586776,-0.008420123475674446
2023-02-03,-0.0023186059852978724,0.009875458038035134,0.011863754600475174,0.005485918562441183,0.006365337047147479,0.007910234302372032,0.008806856991082412
2023-02-04,-0.004280484800023188,0.0007791115084905265,0.0016437508141751156,-0.0051610692185027895,-0.005983179818172313,-0.0023326559607541597,-0.003917453913662827
2023-02-05,-0.016407413209902466,-0.018983245286752104,-0.02208915926713595,-0.012895498044004916,-0.01496199585969582,-0.014640254944213726,-0.018908830031555857
2023-02-06,-0.006996976781502129,-0.006949669377113943,-0.008642818067444602,-0.012163001310929178,-0.01414172246930312,-0.009302036004241399,-0.01309183065581554
2023-02-07,0.019104327015160072,0.025233189856159965,0.03153712999620861,0.01763309046375716,0.02054285463839589,0.021576147650181454,0.025097654008080283
2023-02-08,-0.011803092686726413,-0.009685507959969919,-0.012056249377614736,-0.008962526983886887,-0.010411727856250219,-0.008971282536142544,-0.011203232039217803
2023-02-09,-0.04269091776766509,-0.041629644522142906,-0.0534500208031935,-0.041299016778704734,-0.0480471443346252,-0.0438192547226377,-0.05359942442791121
2023-02-10,-0.00651934638113183,-0.013305777401330765,-0.015694755845814368,-0.005817115686866714,-0.006815587549294233,-0.01045279293159418,-0.010876881173691122
2023-02-11,0.00910017821311504,0.010628632966477758,0.01316400811180718,0.011069748006961477,0.012982840509117688,0.011499202080897275,0.014376259959976823
2023-02-12,-0.0030018579896551323,-0.009785425682984461,-0.012400491579134143,0.010635734590688894,0.012450262437336379,-0.0003494434108085587,0.0051613375246517545
2023-02-13,-0.00036469152423268536,-0.004002094303640402,-0.0056565863964154195,-0.011142853603688496,-0.013020521901261572,-0.007791714928873983,-0.011568463779000449
2023-02-14,0.01623488409191265,0.021146748016454664,0.02821981954456132,0.0167461180922579,0.0196052123669328,0.020265303508923083,0.023874909431518265
2023-02-15,0.09110836755221574,0.0570568275960166,0.07040533581662123,0.03502809177333477,0.04054304698602906,0.043064080311167485,0.051347829949731416
2023-02-16,-0.029078337187107728,-0.01736636416680748,-0.017130966095904365,-0.028478738875610254,-0.02909017132771541,-0.02305695979147737,-0.028242253913649318
2023-02-17,0.03185113871397882,0.02472345394994302,0.022974707741318046,0.016285306591489856,0.01656684135425701,0.021496916496758,0.020821320030875112
2023-02-18,0.0018270268209117368,-0.0011284668773776652,-0.0009052971415087763,0.005519496685755021,0.005613360808488066,0.00243339352644778,0.0036746363895505674
2023-02-19,-0.01150001699142944,-0.005498013332347784,-0.0054977506599402926,0.024612860344704668,0.025029088257542353,0.010487464688160086,0.01613827121207878
2023-02-20,0.018212072745279695,0.011653128081709374,0.010233334655452175,0.02454007179788875,0.024944935416858494,0.018861142707998768,0.02169957401032052
2023-02-21,-0.012229826920539533,-0.021407255115633683,-0.01873903610350025,-0.02159078859715824,-0.021938325474902043,-0.02260691134828663,-0.02249835457363436
2023-02-22,-0.008569166610427836,-0.008356048060444765,-0.007327415161422324,-0.014136824126198544,-0.014369482133305356,-0.011943717828585942,-0.013014094175543112
2023-02-23,-0.007748651799405426,0.0037467833417896834,0.0035157191204200355,-0.00437181087702998,-0.00444480928235691,-0.0004657966263680313,-0.0020790434335031804
2023-02-24,-0.026525483429318375,-0.0222791683337753,-0.02107550182368234,-0.014753785305898104,-0.015001236825407882,-0.0190352947789707,-0.017548920768955534
2023-02-25,-0.0008623009803042647,-0.006240947540084973,-0.005710313141671475,-0.012478932580386237,-0.012691417649652426,-0.010283592336913117,-0.011327199410696487
2023-02-26,0.013202891136598227,0.023245713708745397,0.0217779389064352,0.01588604180282638,0.016160018590435143,0.019350570041622106,0.019251316517717942
2023-02-27,-0.0023767130000690306,-0.004307851415392361,-0.0040833384574163745,-0.011612285973764513,-0.011894822388573756,-0.007667233960230058,-0.009076909190885774
2023-02-28,-0.012811519810354555,-0.015197285409603856,-0.014353288545752796,-0.016090824588236963,-0.016477365892176632,-0.015272421447605655,-0.016034289416428482
2023-03-01,0.015667547676021742,0.029373608728501033,0.02820306379599047,0.012834764018358591,0.013148252173486696,0.020662047955661178,0.020430190796604464
2023-03-02,-0.0070882670614144105,-0.00967898841130499,-0.010283057037523968,-0.01042384092823534,-0.010675138344667823,-0.010493214122670347,-0.01013953335770379
2023-03-03,-0.043218192620495643,-0.04181336735261676,-0.04098042873794083,-0.01430118648018508,-0.015355906854415347,-0.02462244171343908,-0.025559317988402608
2023-03-04,-0.00017811228872788298,-0.0008942520185976077,-0.0008357167281574096,-0.006978974421869566,-0.006474384384783982,-0.004875600267478686,-0.004551047811450659
2023-03-05,0.0019183153174717749,-0.0007074862886831124,-0.0006611374374170254,-0.00015972779121165015,-0.00014810398176101636,-0.0005914564510401954,-0.0003726436532925925
2023-03-06,-0.0004631571982135485,0.00041491341706079155,0.00038771362089473627,-0.005431612480666148,-0.00503628127318434,-0.0023333115323805886,-0.003101304292626228
2023-03-07,-0.004854414973304411,-0.001277139984941833,-0.0011934490685172605,-0.006103779076295446,-0.005657276588522553,-0.0035630054840081193,-0.004159886089283971
2023-03-08,-0.011330689885787337,-0.009748997420652605,-0.00910938278200868,-0.02973664671248677,-0.027548980949387847,-0.01925803408515192,-0.021626364047514723
2023-03-09,-0.031255653165553676,-0.028405457547718393,-0.02954356335888031,-0.014543960877226203,-0.016628142414100155,-0.022566168450165125,-0.02327310584861242
2023-03-10,-0.005316923105622262,-0.0033411606717559383,-0.003479200777210645,0.0029592448590094467,0.0033691408591913774,-0.0006989267247051734,0.00023623340388723157
2023-03-11,6.565634717103919e-05,0.0013094707225043134,0.0013160899190254316,-0.0005227732039729815,-0.004527287128401447,0.0021051202113322454,0.001701445799547896
2023-03-12,0.023005573284901493,0.01684681620533901,0.02132036415959493,0.017084793067466242,0.019839157045600686,0.013708833276831811,0.021567509280110198
2023-03-13,0.03224231764978214,0.01891266813011505,0.019749857667182846,0.0011374429926307439,0.0030084150533182807,0.008491067516230855,0.00941440780299807
2023-03-14,0.011542198165550577,0.007369118142962705,0.007698826349245014,0.006444262757004049,0.0073756324767588755,0.006907979809542608,0.007953043408372107
2023-03-15,-0.009012610479244065,-0.01705955551310956,-0.01654309061939796,-0.027427584974852093,-0.02990554158116443,-0.019390486253070827,-0.022156807534477685
2023-03-16,0.01920081331515222,0.009506981382137791,0.009519171792505166,0.008337635050928549,0.0090432472588724,0.008346976089744329,0.009583830069124666
2023-03-17,0.06268956763879285,0.04512866780503022,0.04632289025114544,0.038036229794974785,0.043330397526316844,0.04272186062871186,0.043403639818304196
2023-03-18,-0.008294627693474999,-0.007649264033726344,-0.006884094032749699,-0.0019274743413748574,-0.0027938506341163016,-0.007233776636218048,-0.0038198086697484035
2023-03-19,0.019266664275621403,0.0066647709404188404,0.006128869736310216,0.009635516377093145,0.00934998880438731,0.009473738090112205,0.008747504780806548
2023-03-20,-0.004539589314731751,-0.014520555692621784,-0.013360098482872562,0.0039041833318325114,0.003789563047905231,-0.004321694860686787,-0.0030297996235558733
2023-03-21,0.006923671951373667,0.02105589013899012,0.019350354397265734,0.005761481426665993,0.00559297255625113,0.01305629762681515,0.011680644771481452
2023-03-22,-0.015125359049748544,-0.020154719406577537,-0.01855316942373486,-0.01589652343448056,-0.015434175921240523,-0.01725032279606531,-0.017921118177117612
2023-03-23,0.018070964639214537,0.026365999452221178,0.024304240638412633,0.010768869882097132,0.010450749317637786,0.01703919347634608,0.01623820283804389
2023-03-24,-0.015273895603837406,-0.018988446322326435,-0.017260063441684292,-0.0215962233820034,-0.02096485289742378,-0.019381171265013375,-0.02125520936230285
2023-03-25,0.00011122713574107657,-0.002500138463246704,-0.002284452446107088,-0.004431942594175342,-0.004359008550447796,-0.0028314559475997036,-0.003265514938864067
2023-03-26,0.010297291629714156,0.011229525219310199,0.01032715908563464,0.009427821521311719,0.009271357153423088,0.00961620524339879,0.010209443695754716
2023-03-27,-0.017577222643632817,-0.020356529258957257,-0.019415145691748736,-0.018150869608704823,-0.017852404487656126,-0.018213996039642577,-0.02090075275787262
2023-03-28,0.0033443097814336298,0.020464257619198678,0.02018589238751023,0.0096919064216614,0.010292956551431809,0.015317354192520005,0.015211664392489999
2023-03-29,0.024505779785449544,0.006970429474236761,0.0070015389721751475,0.011554201416795085,0.013049055434470658,0.009527389094117877,0.01078679153907025
2023-03-30,-0.004296181326771342,0.0002995794556261977,0.000317414144186845,-0.00824787277183836,-0.00876435616610638,-0.004750219047666149,-0.006487770460083753
2023-03-31,0.008773908169970923,0.00893622265883387,0.008635802961226346,0.01107856599537449,0.011837294577299096,0.009388828424012674,0.011403546087913385
2023-04-01,-5.9436578976557186e-05,-0.00013683043541834472,-0.00013022915612370678,-0.0014134912462715477,-0.0015075823468291283,-0.0008134175742121608,-0.0010558096875709078
2023-04-02,-0.005051171687253886,-0.0076691387577445536,-0.0073911895849197995,-0.009908444223074464,-0.010569010080826335,-0.00863733306492609,-0.010456747059223837
2023-04-03,-0.006494150882248251,0.005883045180791635,0.005671576594638905,-0.0012509505011507605,-0.001335238408300854,0.0016113541843683077,0.0014944904647873347
2023-04-04,0.008641845001950532,0.02348891206988779,0.02307038709506748,0.010311982516552742,0.012076592839070033,0.01595564711987363,0.019029120791619336
2023-04-05,-0.00036605409672552103,0.014741329017646798,0.013869029187228099,0.0010820487365501563,0.0004869963567519786,0.007485051578042468,0.007846952285700981
2023-04-06,-0.003081402451207027,-0.012506128141511641,-0.012430996139877526,-0.007566154208251463,-0.008374459592292438,-0.008988465812092117,-0.012260726784713905
2023-04-07,-0.0035079716054174925,-0.003645490662880446,-0.00401208267825659,-0.00452695870140607,-0.0050516819973071,-0.003023126837302881,-0.004996793339887118
2023-04-08,0.0007297492121665083,-0.005121052516714131,-0.005174424670154498,-0.00890641135210779,-0.011499187886763407,-0.006009867194770813,-0.00891946973087332
2023-04-09,0.008528966451780473,0.003453958044033145,0.0034889536817028777,0.005108304519872986,0.006371235088366012,0.0038204728847353042,0.005796430027749544
2023-04-10,0.0323226493839468,0.018934841451126116,0.01920325727032135,0.012917620183773293,0.017571303942450323,0.013912542028096997,0.019550746372666294
2023-04-11,0.009940420031197661,-0.004602564124136843,-0.004518360871280769,0.03530930954402001,0.04654092235365015,0.013472671172660045,0.025328641651912287
2023-04-12,-0.0046394019397746344,0.006547130486571184,0.006451558604424479,0.01026327446171904,0.012638859199146868,0.008420975070752235,0.011444770621660938
2023-04-13,0.007665780770662378,0.0223559749283333,0.024574292911201612,0.007805092861571383,0.009589147162420986,0.014999525795281299,0.017096805218004274
2023-04-14,0.0015399436342433681,0.020332579935225414,0.022391388829872794,0.0034420645274262363,0.004221363903600839,0.011854510903942073,0.012635638828034423
2023-04-15,-0.0035912977257701595,-0.0021649425938330413,-0.0023788676007873155,-0.00875232971176354,-0.010623660823236847,-0.00512895804774538,-0.007945232069089592
2023-04-16,0.00020296272023934137,0.007444351869868582,0.008169627565429938,0.019149089269187014,0.02301975605404505,0.011803834728373097,0.019207591014663183
2023-04-17,-0.01855967903132061,-0.011759243029272781,-0.013129011611558994,-0.011069660079015442,-0.013256857203666317,-0.010735131234650197,-0.01486519384109486
2023-04-18,0.022214639738691977,0.008527123066038422,0.00941780164907069,0.0035348112896351758,0.00424261976342577,0.0055630139607218965,0.0068548638623449065
2023-04-19,-0.03669754742641029,-0.04709740570942467,-0.05166546673185313,-0.03170124369261662,-0.038022263862717454,-0.03657916138076389,-0.0483664757687291
2023-04-20,-0.014202163420753755,0.0024061441457217114,0.0027944134069122217,-0.006972218793439677,-0.008417381885861608,-0.0015819053857801801,-0.004390712650541029
2023-04-21,-0.023103779725814233,-0.02444483393857111,-0.028251919273735604,-0.01450024639864067,-0.01753129103149531,-0.019527677469630134,-0.0252316720533593
2023-04-22,0.013241221976898698,0.006751122263924492,0.007153846145190101,0.008363518398875724,0.010142974337142396,0.007199689791567376,0.010601580366825125
2023-04-23,-0.005434561523231518,-0.003212889638611438,-0.003403186402521574,-0.004915051923987779,-0.005950297741754373,-0.003817576948895285,-0.005800469419280696
2023-04-24,-0.0018855641808368517,-0.005815557277171979,-0.006336399782551516,-0.0013891862763018015,-0.001683538796970252,-0.0035191251999968642,-0.0040732629390825
2023-04-25,0.01813416092310871,0.007178532585703001,0.007873112565244256,0.008501281552173667,0.010305642597291609,0.007101610170215711,0.010558947896388338
2023-04-26,0.0014533935512954788,-0.0014983763973510644,-2.8979595161682248e-05,-0.009962276985559515,-0.01493665245706477,-0.006990377697636885,-0.008222079195983834
2023-04-27,0.018926345164604008,0.009584223728634766,0.009414266580311192,0.01767147916615963,0.01580135649030523,0.015427194410188028,0.01305343847025009
2023-04-28,-0.002867080595314375,-0.004122803374346451,-0.004011930363815419,0.015360208929813934,0.014397978384576904,0.006142019935563292,0.006929479637566738
2023-04-29,-0.001408104621929196,0.004092529496322106,0.003986724599684077,-0.0022677275605770264,-0.002125952797989994,0.0011310288447226036,0.0003601674159061652
2023-04-30,4.78996786084096e-05,-0.010102614924978437,-0.009857457215346477,-0.00681864551208422,-0.006391446307129622,-0.00924313713337166,-0.0074955579851166965
2023-05-01,-0.020216687639776354,-0.01021560787648279,-0.009971419077999477,-0.011900128310778801,-0.011149770089220246,-0.012415586426836822,-0.010545558124010479
2023-05-02,0.008970023944953942,0.009630710901061157,0.009461590776215223,0.0035386621052879708,0.004192169062081197,0.005912982110130693,0.00640717998986684
2023-05-03,0.006455744801459273,0.009447479064874864,0.009477276024594028,-0.00015734193362404447,-0.0001439540740492129,0.004631471485473382,0.0033574695880986827
2023-05-04,-0.003970101856824115,-0.008699246453521603,-0.008936310274064163,-0.00925708797551994,-0.009619885685905105,-0.00932741338146692,-0.009973492263943506
2023-05-05,0.013871925911412397,0.03604222841472371,0.03698520857851584,0.019879146364799594,0.020452358455217645,0.02923655446373452,0.02892270569473121
2023-05-06,-0.012497462270984028,-0.026790015245198973,-0.026897195818252673,-0.016423535605906703,-0.016887614196416045,-0.021965853825597792,-0.02355513752644378
2023-05-07,-0.009838695189419377,-0.008694694275605763,-0.008723558690538424,-0.004587300016448248,-0.005666116782082287,-0.0066986789130256685,-0.006529367983916123
2023-05-08,-0.015031653661995215,-0.0063760049448464695,-0.006479846209832885,-0.01765433755227941,-0.018775152557200525,-0.012860055167001394,-0.0155373799121733
2023-05-09,-0.0010469105425846559,-0.0005071862505944269,-0.000495776287735783,0.0004840198025439779,0.0004304204330172201,0.00013353558624751294,6.5079958041947e-05
2023-05-10,-0.0004610712980566145,-0.0013841089452687472,-0.001444791222466213,0.0035852679574450708,0.0040081704242920235,0.0010378145496912072,0.001863030284500189
2023-05-11,-0.009761303497474727,-0.011346444903105435,-0.011846607046940627,-0.010038083519451013,-0.011362327524006122,-0.01014350371745576,-0.01193084929056587
2023-05-12,-0.00308382329222745,0.0032964010922313935,0.003435775091622295,0.010002843116799554,0.01302512617664986,0.006470540612530051,0.008401686432356614
2023-05-13,-0.0003515468325524518,-0.003083189383175422,-0.0032131023001559234,-0.000814009083890177,-0.0010669528030154973,-0.0017708058105543323,-0.001881064142357447
2023-05-14,0.002537089378898738,0.0010275665998562555,0.0010710035966838838,0.0012220083517340274,0.0016021386108044933,0.0010680213277500794,0.0012929910697185854
2023-05-15,0.004347331362841711,0.004253764712859542,0.004433386243889004,0.0008136779132836836,0.0010663839123628005,0.002285522935365103,0.0023765218730604776
2023-05-16,-0.002271177534097446,0.0019969589292343493,0.0020809112918747097,-0.004336087358999485,-0.0056813223951329705,-0.001296178099786105,-0.0021848427077724164
2023-05-17,0.005300761241895158,-0.0005083288645968409,-0.0005300172755094978,0.005307620776134447,0.006963674549237409,0.002428120837360437,0.0034840936267654943
2023-05-18,-0.008424830650046511,-0.004418617701410832,-0.004633518649071688,-0.00974695138809556,-0.012767108563467522,-0.00726905933756139,-0.009102218887359403
2023-05-19,0.0008575947648854498,0.002420851929046508,0.002539138956290987,0.00027341359872501414,0.00035922821009792827,0.001440640465366183,0.0014482305977994159
2023-05-20,0.0032276800580821607,0.0014580390699912016,0.0015291009537432565,-0.0010933554566494585,-0.0014363968461247323,0.0002386805413809867,-5.6108544743693756e-06
2023-05-21,-0.005135769477302876,-0.002975400750242052,-0.00312019437805644,-0.009166874601807207,-0.012047128043019106,-0.006187857321443224,-0.007942901906914823
2023-05-22,0.0014772874001838243,0.002558542070007608,0.002683439570015489,-0.0011046786418456023,-0.0014560037130754155,0.0008347517889244482,0.0005689056906748036
2023-05-23,0.00538271343094987,0.007528847574433728,0.007895391347136682,0.006773639376051133,0.008931026350113225,0.007452489530900497,0.008657553635524007
2023-05-24,-0.013335732622547725,-0.011842982363705179,-0.012432423912335455,-0.011162186275731956,-0.014656598084028749,-0.012013841951560633,-0.013951260488064388
2023-05-25,0.0011597301841541618,0.0006497386200716715,0.0006702932691722285,0.00022483534977002506,0.0003285483155945901,0.0004374105922955174,0.0004995385555266463
2023-05-26,0.001615489155931904,0.0026876808273901265,0.002773289243084953,0.0004857971470315636,0.00071258907584415,0.0015869334131795032,0.001742988654977129
2023-05-27,0.0018953771823380094,0.00033631406996192936,0.00034922556914840364,0.015504913829607503,0.01944553443037922,0.007974594198113083,0.011513519355541124
2023-05-28,0.02185688543117692,0.020470210474014428,0.020944802487330882,0.005615106559951677,0.008913615313163703,0.012760325315804621,0.01416731542020222
2023-05-29,-0.006001498794990789,-0.004194951311666695,-0.004307539524138759,-0.003963580662768251,-0.005865478199177487,-0.0038204392331975257,-0.004607808935626956
2023-05-30,-0.0019249866856237974,0.0013538821258967104,0.0013705122393763425,0.011030678063765675,0.016364565818617116,0.005643127395109859,0.009512296361050332
2023-05-31,-0.010926977573966212,-0.008612477781962613,-0.008872813088021791,-0.008986806572666595,-0.01312659750209999,-0.007833035884108108,-0.009367138450651291
2023-06-01,-0.007624900456243977,-0.0034888571430774507,-0.0036239605498724625,-0.005442022045989425,-0.007898634794365256,-0.004703666211319457,-0.005825501834039848
2023-06-02,0.004593750629843907,0.007769853047060682,0.00791950128953256,0.00744092524998563,0.011202752288830053,0.007517521237490721,0.00943385212164305
2023-06-03,-0.003725478969692775,-0.004407529511726183,-0.004495620630375341,-0.0013007941912993592,-0.0019329421032301397,-0.0028547075111867715,-0.0032138455937125165
2023-06-04,0.0009919563292870581,-0.0006207548392570539,-0.00108228441027991,0.011722396146509606,0.016178805825019404,0.005558266094334963,0.008413148396001269
2023-06-05,-0.02017551077188695,-0.016431106391017414,-0.016844572348606368,-0.02132632106193677,-0.0326412553229628,-0.019004570779513785,-0.02487487189489479
2023-06-06,0.011033893019518848,0.007946342897160896,0.00786260883850698,0.0027118283052049996,0.0031628711875830717,0.00626147776655972,0.0060484339709487855
2023-06-07,-0.01165029909741,-0.008531233126937932,-0.00827740182111636,-0.015185480603718493,-0.025998384686450104,-0.01301727056985924,-0.017131330211968998
2023-06-08,0.0015349960326584977,0.0019240868031225045,0.0018659700732077678,0.0018975309816686714,0.003264630034673255,0.0022412144550965074,0.0025606550694279306
2023-06-09,-0.00020015686172070168,-0.0007491091635598579,-0.0007265245848838697,-0.011287865576098177,-0.019393881159728732,-0.007958995475244812,-0.010004740059151418
2023-06-10,-0.007723920001973306,-0.012707446633810626,-0.012318129093759733,-0.019762153481976963,-0.029030167343070512,-0.020453467696086358,-0.018003890881836848
2023-06-11,0.0006683383915646601,0.0001441369996841857,0.0001435487261547408,-0.0001979923137432893,-0.0007643825701292295,-6.13527943624792e-05,-0.0003620647725731674
2023-06-12,-0.00016123169787451985,-0.0011939385001682457,-0.001189066318781018,-0.001188189134776363,-0.004589803786789859,-0.0009090443769910195,-0.002704851790349072
2023-06-13,0.0002301644742603859,-0.0002874039203693002,-0.00028622969653469,-0.0004956677531954279,-0.0019212363423352086,-0.00032377680349282567,-0.0010755881387282118
2023-06-14,-0.004690715175611593,-0.010463336828243297,-0.010420575347500516,-0.001851410629810868,-0.007186422494118494,-0.0036757739880786122,-0.00645057796675097
2023-06-15,0.0011678749236674335,0.00045734188723933755,0.0005212534836080973,0.0009605445814577784,0.0010403619159227162,0.0009772492944630784,0.0010001366689231794
2023-06-16,0.0019866698014081585,0.0018836775770614267,0.0020655439474375203,0.0017868838735060066,0.0024942436132846524,0.0024715634624685734,0.0028035855864325665
2023-06-17,-5.16050412862068e-05,-0.0008109287829921596,-0.0008831671538502839,0.0010900368201494093,-0.0003431388276172731,0.0008499067913632086,0.001059721593799301
2023-06-18,-0.0009198685458333689,-0.0004915198124995079,-0.0005377110831353837,-0.0006269135981504803,-0.0016454848960748558,-0.0005241822724834089,-0.0006443187653910609
2023-06-19,0.003014892549246584,0.0013736621461741816,0.0015040393399623486,0.002146049802528971,0.0070320040925682115,0.0015742148289785707,0.0034784267869321095
2023-06-20,0.016726481666615056,0.009489621424796368,0.010279141463181762,0.006252285039205274,0.012347250014915545,0.007591277058167645,0.011313619873031477
2023-06-21,0.032316923702585765,0.0268578158233872,0.028472928559662103,0.008879218372484177,0.01946509766153537,0.01762466865943768,0.02397238691821979
2023-06-22,-0.001769774577109362,-0.004730567125176277,-0.00441419912875729,-0.007902733892750757,-0.017092082260751762,-0.006395623956942709,-0.010721451172559848
2023-06-23,0.013074027819353518,0.005666372945651421,0.005346453293973763,0.006659834647386287,0.014538596448725016,0.006166270092506254,0.009890099688977916
2023-06-24,-0.0025867458601545046,-0.004828354127422108,-0.004557198184014566,-0.006356332537550413,-0.01376828388827711,-0.005624041492721554,-0.009131164940519687
2023-06-25,-0.0010428884700874885,0.006545921954455691,0.006176626020991893,0.0037543226133003316,0.009117058586040061,0.005219267608570943,0.007629930533011642
2023-06-26,-0.003137734225510558,-0.010865289058677341,-0.009971115985975998,-0.011168390960955898,-0.019481047722743172,-0.009767390257605424,-0.014822230097696787
2023-06-27,0.006862913213879107,0.008441873993304094,0.008815627780145885,0.005892799678994365,0.010365964752865331,0.006371060620874447,0.009147112802538215
2023-06-28,-0.009876610455967771,-0.016835393671408405,-0.017574246960539774,-0.010740176370289456,-0.018809292253064935,-0.012280102858228226,-0.017329481163318228
2023-06-29,0.0067151918668877375,0.007127765153018384,0.006965405579208994,0.033228326983174794,0.05894382363157313,0.017829474462648598,0.039539913243729075
2023-06-30,0.0011254012878567643,0.02324745469762557,0.02360571331940653,0.013433069769202444,0.014392852894096642,0.018714241321877934,0.0236722650472021
2023-07-01,0.002468181687333537,-0.002215483231654436,-0.002435323608509843,-0.00206441030443405,-6.859535429559749e-05,-0.002128648451698134,-0.0006287489460931051
2023-07-02,0.0006568894737557507,0.00422193089537326,0.004349266826326081,0.009696941768543965,0.013022491608718267,0.007282891043314477,0.011540254564571528
2023-07-03,0.01136982320588098,0.005849577139046547,0.006025239838690188,-0.002432966249319768,-0.0032566218764825683,0.0016030239603603835,-0.0002428814399373369
2023-07-04,-0.0072896328503126995,-0.005303571809393115,-0.0053550917468783155,-0.0016687210599742874,-0.002094547407874403,-0.0035401010493056884,-0.004097750923653276
2023-07-05,-0.00423942807142863,-0.006646406485393164,-0.006646532008530048,-0.001671510344488203,-0.0018024837735581833,-0.004211244265020286,-0.004924158593906713
2023-07-06,-0.011782738623625,-0.019870281186499805,-0.019870216813318797,0.00785637285571128,0.008473081067062127,-0.004069879448019509,1.005892180616641e-05
2023-07-07,0.009098628182203194,0.008501305844838214,0.008501305804253345,0.02901510768646265,0.0331384781358679,0.017017003239779394,0.02837717562663644
2023-07-08,-0.0014278120301769448,-0.0021873670904594134,-0.0021873670904711817,0.005168954485295751,0.00578632998827433,0.0010249009561129618,0.0031069729598280915
2023-07-09,-0.002949682989219715,-0.0009433643131042668,-0.0009433643131094849,-0.0066520347466179075,-0.009093516410887292,-0.003800785940416773,-0.006636379051369601
2023-07-10,0.005988916815639067,0.006811020318846062,0.006811020318883365,-0.00027332982178263077,-0.00037457009443886413,0.0032449751867267285,0.0024472321586372914
2023-07-11,0.004655912910342064,-0.0008690824233679173,-0.000869082423376577,0.010526075228901144,0.014426352316053492,0.004839566104830606,0.009562935641589165
2023-07-12,-0.005301587821360143,-0.002309407378109918,-0.002309407378109918,-0.0017586182362464564,-0.002400980532424657,-0.0021157345752129686,-0.0026370116416039036
2023-07-13,0.021458609521862737,0.04240542744893361,0.04318155499538334,0.0547935723274906,0.0648322750639132,0.048743730650930406,0.07064486150987426
2023-07-14,-0.020864760008266092,-0.020531630781389754,-0.018821375516786643,0.011364542897089658,0.009836542053243802,-0.0007629703534283161,-0.0014462827516487087
2023-07-15,-0.0005808039733207204,-0.0020825268998121427,-0.0018450951778710145,0.004681426921031573,0.00261799900425852,0.0020642356339661827,0.004846337731257089
2023-07-16,-0.001398546260377831,-0.003260424017335617,-0.0035143980930804064,-0.00023592978642916762,-0.00036973471567225413,-0.001724719224234006,-0.001103236836518473
2023-07-17,-0.0023574240638891686,-0.0034541919890656025,-0.00430261463065551,-0.003657774667644942,-0.00573300778492658,-0.004401011311088943,-0.005214264221579001
2023-07-18,-0.006661453525077854,-0.004919705120750351,-0.005364042659469659,-0.007460832109192794,-0.011718131443641755,-0.007468852166941042,-0.009917398852940407
2023-07-19,0.0011593963294305176,-0.002990897848732743,-0.003128755507986525,0.004593670000702543,0.0072459897874386225,0.0014037060220715158,0.004567417286254871
2023-07-20,-0.00252538025307536,0.001034920239581849,0.0010827719131605296,-0.00843558470554795,-0.008688691830738393,-0.003071834772785831,-0.006159917330499143
2023-07-21,0.002358136120185872,4.8898324385149294e-05,5.1156793942075396e-05,0.0009525891156774158,0.0011309479850658555,0.0004951002237174595,0.0008471794791331533
2023-07-22,-0.002491356882346585,-0.00880476058869839,-0.009211405740333856,-0.00777207418475967,-0.009225641490715142,-0.008535464147584881,-0.0090977125907995
2023-07-23,0.006718098643042625,0.00782589572432113,0.008190692596161675,0.0019182740748886484,0.002280378729861088,0.0051286366914296,0.0037177026693955284
2023-07-24,-0.02265187291027393,-0.014611937788520546,-0.0151861111447823,-0.013435270937385724,-0.016502467769450635,-0.01270542765905669,-0.01707398371619262
2023-07-25,0.0009515141613145595,0.0026785853515416402,0.0027594953723930615,-0.0010170486359882824,-0.0012601998638042122,0.0010568431393682687,7.910355288576199e-07
2023-07-26,0.002829768890807438,0.00503542169982385,0.005188592202496789,0.019343597463191253,0.02397400945573036,0.010253633887337354,0.020463166663037935
2023-07-27,-0.0029623571190157127,-0.0037454164427798142,-0.003858758698607634,-0.0006991350666060159,-0.0008625736315488464,-0.002286612120015352,-0.0020180109834256887
2023-07-28,0.0021012932621913283,0.004018032279917483,0.004665069923833531,-0.00279849679366706,-0.00345327322862532,0.0008198415198581444,-0.001071650537384894
2023-07-29,0.0008896162818614606,0.002301807744709894,0.0022551641200048156,0.0035079379451758985,0.0043315495599154374,0.002488350372799486,0.004162217905476773
2023-07-30,-0.0016467121787890893,-0.006838286786446379,-0.006700028155160798,-0.009188632303967159,-0.011336682014642885,-0.0071320540443551295,-0.011169784181779274
2023-07-31,-0.0014617170830681925,-0.002450465961030046,-0.0023310843865682607,-0.005241739194595474,-0.006481164738083578,-0.004757401070510925,-0.00576302329206535
2023-08-01,0.011807711009504285,0.00687791614771216,0.006804320983270884,0.0032426829565617155,0.004014427233821394,0.005242722451863635,0.005333777949911855
2023-08-02,-0.012808973126205547,-0.013613373942343965,-0.013091593154738623,-0.009090567985458042,-0.01124543262414024,-0.011785281442375672,-0.012997148564645622
2023-08-03,-1.594988388597951e-05,-0.0014809798780063277,-0.0015741245376157398,-0.005096646963193674,-0.006318517026472792,-0.0038255307673105143,-0.005444348592863246
2023-08-04,-0.0017648190248911177,-0.002023502321055748,-0.0019639919849128162,0.0015368267523583334,0.0007244841940339253,-0.00016196645917587738,0.0007625636480068643
2023-08-05,-0.0009291391269019567,0.002271063155077968,0.0022041407257775703,-0.0015344685400554559,-0.0022484837162448645,0.00029135140064173726,-0.0006754631575260905
2023-08-06,0.0003619147779534426,-0.00224778977729323,-0.0021816988287315375,0.005635031425314185,0.00826301955781994,0.0021586144612686375,0.004638512695909425
2023-08-07,0.0027237059858655766,-0.0004287689335881195,-0.00041613443127597183,-0.0008150481128619269,-0.001192043872036197,-0.0007142636351300524,-0.0016028029200880756
2023-08-08,0.013432878606980614,0.009887726832797261,0.010417210375670116,0.013758815620926068,0.016410164876980105,0.011943448506447352,0.017571533771197245
2023-08-09,-0.0037870109775036687,-0.0003178353748315432,-0.00033052464619920396,0.0019943544048770523,0.002233720043764764,0.0007979582883237413,0.0016455551844576366
2023-08-10,-0.0026913257845943006,-0.0009527906081919779,-0.0009527897423134979,0.002985577308059817,0.0031607337625867427,0.0010238509880766689,0.0019354616485098841
2023-08-11,-0.0006161982759637086,-0.001198507615885469,-0.0011985075903041542,0.0,-1.1102230246251565e-16,-0.0005285441654608869,-0.00034142533672465447
2023-08-12,8.588942769272023e-05,0.0003603142915755697,0.0003603142838755069,0.0035968339547363115,0.004185831887276059,0.0019023057163447543,0.0037127778951620005
2023-08-13,-0.0026206472330551067,-0.003040089458645201,-0.003040089393702594,-0.009081179300680864,-0.009774141168734651,-0.005418199512763011,-0.00942838475527763
2023-08-14,0.002554643150272984,0.0013656597394366976,0.0013656596550992717,0.013869970857385283,0.01563689739065799,0.006182591650459646,0.011941341379000825
2023-08-15,-0.005764499593626238,-0.006634273421993853,-0.006634273421997738,-0.021470752583239605,-0.024332763920187017,-0.01354930946668953,-0.021576413938350303
2023-08-16,-0.011127658510266758,-0.008131977566421367,-0.008131977566421367,-0.01601735918211966,-0.021399056531947958,-0.013205497496166063,-0.020303118376546525
2023-08-17,-0.019351753998008148,-0.020533864708037086,-0.020724302707368913,-0.002049079017578337,-0.004104370227271503,-0.010360669925785548,-0.013672591959077551
2023-08-18,-0.0002052280528893613,-0.00020342500205272618,-0.00020658976323584266,-0.00020181601762259138,-0.00032729993945479485,-0.00020260536028937626,-0.0003612049683123786
2023-08-19,0.0,0.0,0.0,0.0,0.0,0.0,0.0
2023-08-20,0.0,0.0,0.0,0.0,0.0,0.0,0.0
2023-08-21,0.0,0.0,0.0,0.0,0.0,0.0,0.0
2023-08-22,0.0,0.0,0.0,0.0,0.0,0.0,0.0
2023-08-23,0.0,0.0,0.0,0.0,0.0,0.0,0.0
2023-08-24,0.0,0.0,0.0,0.0,0.0,0.0,0.0
2023-08-25,0.0,0.0,0.0,0.0,0.0,0.0,0.0
2023-08-26,0.0,0.0,0.0,0.0,0.0,0.0,0.0
2023-08-27,0.0,0.0,0.0,0.0,0.0,0.0,0.0
2023-08-28,0.0,0.0,0.0,0.0,0.0,0.0,0.0
2023-08-29,-0.0007857943376565757,-0.00036623687245185277,-0.0003845108006403919,0.0001250803611672069,0.00021498396061447878,-0.0001831184362259819,-7.867494674995701e-05
2023-08-30,-0.0015648082656770645,-0.0008834835825911602,-0.0009275832540449613,-0.0011572072380193754,-0.00198879049804912,-0.0004416608854143078,-0.0015146773244185674
2023-08-31,0.0,0.0,0.0,0.0,0.0,0.0,0.0
2023-09-01,0.0,0.0,0.0,0.0,0.0,0.0,0.0
2023-09-02,0.0,0.0,0.0,0.0,0.0,0.0,0.0
2023-09-03,0.0,0.0,0.0,0.0,0.0,0.0,0.0
2023-09-04,0.0,0.0,0.0,0.0,0.0,0.0,0.0
2023-09-05,0.0,0.0,0.0,0.0,0.0,0.0,0.0
2023-09-06,0.0,0.0,0.0,0.0,0.0,0.0,0.0
2023-09-07,0.0,0.0,0.0,0.0,0.0,0.0,0.0
2023-09-08,0.0,0.0,0.0,0.0,0.0,0.0,0.0
2023-09-09,0.0,0.0,0.0,0.0,0.0,0.0,0.0
2023-09-10,0.0,0.0,0.0,0.0,0.0,0.0,0.0
2023-09-11,0.0,0.0,0.0,0.0,0.0,0.0,0.0
2023-09-12,0.0,0.0,0.0,0.0,0.0,0.0,0.0
2023-09-13,0.0,0.0,0.0,0.0,0.0,0.0,0.0
2023-09-14,0.0,0.0,0.0,0.0,0.0,0.0,0.0
2023-09-15,0.0,0.0,0.0,0.0,0.0,0.0,0.0
2023-09-16,0.0,0.0,0.0,0.0,0.0,0.0,0.0
2023-09-17,0.0,0.0,0.0,0.0,0.0,0.0,0.0
2023-09-18,0.0,0.0,0.0,0.0,0.0,0.0,0.0
2023-09-19,0.0,0.0,0.0,0.0,0.0,0.0,0.0
2023-09-20,0.0,0.0,0.0,0.0,0.0,0.0,0.0
2023-09-21,0.0,0.0,0.0,0.0,0.0,0.0,0.0
2023-09-22,0.0,0.0,0.0,0.0,0.0,0.0,0.0
2023-09-23,0.0,0.0,0.0,0.0,0.0,0.0,0.0
2023-09-24,0.0,0.0,0.0,0.0,0.0,0.0,0.0
2023-09-25,0.0,0.0,0.0,0.0,0.0,0.0,0.0
2023-09-26,0.0,0.0,0.0,0.0,0.0,0.0,0.0
2023-09-27,0.0,0.0,0.0,0.0,0.0,0.0,0.0
2023-09-28,0.0,0.0,0.0,0.0,0.0,0.0,0.0
2023-09-29,0.0,0.0,0.0,0.0,0.0,0.0,0.0
2023-09-30,0.0,0.0,0.0,0.0,0.0,0.0,0.0
2023-10-01,0.0,0.0,0.0,0.0,0.0,0.0,0.0
2023-10-02,-0.009106379463696634,-0.013777125453733996,-0.014521754032632561,-0.00356360351079954,-0.007674824915464784,-0.008153043027934626,-0.010625389916994132
2023-10-03,-0.00039328839416030714,-0.00037425648186772964,-0.0003943270208404126,-0.00039495738824069093,-0.0008540050342948913,-0.00035756333344372226,-0.0005964837398204637
2023-10-04,0.0,0.0,0.0,0.0,0.0,0.0,0.0
2023-10-05,0.0,0.0,0.0,0.0,0.0,0.0,0.0
2023-10-06,-0.0004181369654503442,-0.0004940715311001487,-0.0005044704384705723,-0.001303903096839809,-0.002757829995599148,-0.00024703576555007434,-0.0016311502170348602
2023-10-07,0.0001931883685728497,-0.0014387600174142756,-0.0014690574190399097,-0.0004645531385589763,-0.000983989105743266,-0.0007192022522038988,-0.0012267969671753143
2023-10-08,-0.0012239848363062578,-0.0022855769145927463,-0.0023342494278180137,-0.001579294355481986,-0.003368222192121628,-0.0016395434145624055,-0.0028511719050504647
2023-10-09,-0.003727929244395578,-0.005716630615014706,-0.005863301385320208,-0.0048265895364034694,-0.010350547928140719,-0.005271808637398401,-0.00810464780941289
2023-10-10,0.0,0.0,0.0,0.0,0.0,0.0,0.0
2023-10-11,0.0,0.0,0.0,0.0,0.0,0.0,0.0
2023-10-12,0.0,0.0,0.0,0.0,0.0,0.0,0.0
2023-10-13,0.0,0.0,0.0,0.0,0.0,0.0,0.0
2023-10-14,0.0,0.0,0.0,0.0,0.0,0.0,0.0
2023-10-15,0.0,0.0,0.0,0.0,0.0,0.0,0.0
2023-10-16,0.004293376584829867,0.008439622182412787,0.008567571424574316,0.008151152230827963,0.0163957556340506,0.008298344625321308,0.012478576174414169
2023-10-17,-0.002527500056650145,-0.01889261023042721,-0.019022008583628347,-0.0008831088043622648,-0.0013704443031046232,-0.009527621937516106,-0.009889420607221866
2023-10-18,-0.002598190203986883,-0.0009783394092506281,-0.0009749923224842139,-0.011778971936875271,-0.020713866557256155,-0.006519236237065518,-0.010261015416404895
2023-10-19,0.013510712215983878,0.001952357425505813,0.0019456715175787398,0.03787848461413068,0.06262652873856167,0.018261181919191127,0.030052966441007856
2023-10-20,0.032346468342595136,0.023233228013005425,0.02315381961324192,0.05052940446647036,0.0819634128884128,0.035352410429212,0.05090732198097614
2023-10-21,0.007896457688374658,0.015240563156869058,0.01518965153004248,0.049490850187329904,0.08413022207926057,0.03246191603515691,0.04815827559703245
2023-10-22,0.0030860118392734837,0.018939213031182067,0.01891646746548603,-0.004915834613189118,-0.005402240987657181,0.007114257044374961,0.006111319752432731
2023-10-23,0.08661727323415636,0.051769554428035214,0.051769391191985425,0.051779770251027646,0.055545124359100306,0.05079521226114836,0.06935278075318574
2023-10-24,0.02196381896584443,0.009441838050245899,0.010539309480577241,-0.02175673955472679,-0.0241514701728468,-0.009421816213428524,-0.01491102972688585
2023-10-25,0.01328301436400503,0.0010398128177107058,0.0009520230207482605,0.028994021970835337,0.02896567760779578,0.01974079007270313,0.024419342627813645
2023-10-26,-0.007874433502748523,0.007125827467724388,0.007113657876677948,0.004096223970345481,0.0040923322552020025,0.006069090970998614,0.005891310397597271
2023-10-27,-0.005983754217683823,-0.010689984778032735,-0.010436266188643017,-0.011090884219455255,-0.012844483214344171,-0.012481285290702693,-0.014340463421530392
2023-10-28,0.0043815170741678955,-0.0014419343264640005,-0.0014073501919688036,-0.0010637103468945641,-0.0012511164066015823,-0.0014329392990167777,-0.001536440512641013
2023-10-29,0.01026981441776642,0.008546772679665304,0.008852353206109553,0.012778116377338833,0.015032203916164777,0.012476770188437403,0.015469074254808035
2023-10-30,-0.001168969312878687,0.006219291813408301,0.005425569190973034,0.022184709167941685,0.026040183865378097,0.016997010376153865,0.023656903197201373
2023-10-31,0.0037754590446612557,0.002503467107476842,0.0024081631661470038,0.03558918175656056,0.04161724431747538,0.023343265995671603,0.028444281565208174
2023-11-01,0.017814017035082452,0.01433570196770817,0.013791270347620843,0.032286435747919784,0.035343947590981806,0.03199427561613599,0.0332678727514244
2023-11-02,-0.010744148340204318,-0.020198255520680553,-0.019441614832264142,-0.005242055278187108,-0.006163794375208753,-0.012626846429511396,-0.011395679109780343
2023-11-03,-0.004806134743544632,0.01523344360025125,0.015243642036502303,-0.004467771519389929,-0.005258236353597567,0.003269276167767954,0.0002487251046736638
2023-11-04,0.008545194564434588,0.010723138622259487,0.010723462838920561,0.01703070944347096,0.020059812062068305,0.016025824783601372,0.019345908524690092
2023-11-05,-0.0012315719415011417,0.016808629691590582,0.01680913251254812,-0.007128161108874154,-0.008371052317203365,0.002195349579080519,-0.00173253788241845
2023-11-06,0.0002655808353193567,0.003052874470640621,0.003052613611120192,0.005754865033661849,0.006766774259740371,0.005651149279928713,0.0066879806592887725
2023-11-07,0.007927114497398913,-0.006501145574596023,-0.00650114573924665,0.004362268088306864,0.005124153908220741,-9.361788331907483e-05,0.0019376063356206785
2023-11-08,0.004438055880334302,0.0008985104818384215,0.000898510395606289,0.0011281354171834845,0.0013241638477150541,0.0013094277735941073,0.0014531496687548717
2023-11-09,0.022301576778495313,0.08604050287787346,0.08701607297102876,0.012170132947574741,0.014282057770750312,0.05307096652482013,0.04343363775372855
2023-11-10,0.013276878094338862,-0.01386643155646683,-0.014751270908308634,0.058890189604177356,0.07418576053009263,0.03287033835812436,0.05313991528443318
2023-11-11,-0.003799806092719793,-0.007758477046117873,-0.008271900370715901,-0.0014033889084394957,-0.001779369908349926,-0.0032395520478184503,-0.004060846431793386
2023-11-12,-0.0014638927967566273,-0.0027040534761968438,-0.002884488886866765,0.0017979273862864797,-0.00029349888639174093,-0.0016672240625704715,-0.0011479285781952342
2023-11-13,-0.01338063760510011,0.002993914942913234,0.003056385641063031,-0.015637545717778645,-0.0228996341556873,-0.010514477895917418,-0.021786644034985314
2023-11-14,-0.02056739132017349,-0.02560849415813571,-0.027482505188768158,0.01768501458078431,0.026090430097166495,0.00024067654636961144,0.018151528658163052
2023-11-15,0.05743712384355204,0.027990920638270023,0.030884676251833776,0.02875157135921147,0.042069286250413285,0.038848815612136045,0.0476136274461767
2023-11-16,-0.03520480974449536,-0.02945187405160632,-0.03158705742331447,-0.02473821420571476,-0.02537319750125666,-0.035396229239905264,-0.03815019205066317
2023-11-17,0.009762631977554115,-0.00029717731920086976,-0.0003189291739600364,0.0023603746900833222,0.002486189514016468,0.0016891077101579555,0.0026885891210244317
2023-11-18,-0.0010384496875666116,0.0017144858717386136,0.001864073159090207,0.0001658321437292276,0.0025482477713940632,0.000437154030156206,0.0003743781444802696
2023-11-19,0.017962846542232125,0.017195183368106326,0.018491519930331934,0.008422876117845979,0.011571385844047821,0.01631809371055204,0.014838140658161691
2023-11-20,0.0019817511961617296,0.003434863047894421,0.003035942469998165,-0.014896430320622933,-0.020401087784729266,-0.009658625543858101,-0.016468666878759586
2023-11-21,-0.03469219109472221,-0.027559444265808586,-0.03033919910798133,-0.016423556824032626,-0.02261892346908745,-0.030263310750379024,-0.028164564100624068
2023-11-22,0.03794432673427606,0.041355063743018006,0.04545203104875384,0.020057715954410638,0.027799077420604057,0.03925571799563787,0.037299565732934914
2023-11-23,-0.0026500922104844005,-0.0003317151158293008,-0.0003650792255635027,-0.003493482319897101,-0.004805338409883064,-0.0028854356803084125,-0.0041805654976138085
2023-11-24,0.008964743876040737,0.0061239816737805874,0.00603539573816092,0.0011685765080025057,0.0016095137281000316,0.004406250454985106,0.0032338774940352533
2023-11-25,0.001421902804208841,0.0007347151439960342,0.0007241509437494464,0.006536390172810824,0.00899879319617325,0.005446305029836562,0.007847654630563472
2023-11-26,-0.007051596124556858,-0.0073064755543980064,-0.007262113167243345,-0.005361682586914718,-0.00568784255419208,-0.007052829185800857,-0.006881544416283192
2023-11-27,-0.004362998955465214,-0.012336179598365415,-0.01218288119334221,-0.010565020299640238,-0.011486521373887726,-0.012977035426612105,-0.01322955867530684
2023-11-28,0.012332559977955349,0.007401636568919345,0.008532227545624327,0.017196404187584724,0.014443977464849933,0.01203889136859626,0.01437361862226405
2023-11-29,0.0007563073644383245,-0.006880931997006456,-0.0066238022260498575,0.005814217710905734,0.005156827254398699,-0.0007236250331674743,0.0024590653226121972
2023-11-30,-0.0027609604083587147,0.008297840577235371,0.008102964336364371,-5.115582298698129e-05,-4.540151166698703e-05,0.004323215311160533,0.0022641006773573835
2023-12-01,0.020308183720207262,0.012541625567346948,0.012249450773824222,0.0023021298017498193,0.002043160787590148,0.00775188551722561,0.0052401835883810755
2023-12-02,0.012941110547625145,0.02397442030289132,0.02336039184789085,0.017943371942441333,0.017716599204719907,0.02214058428581045,0.02268005063497469
2023-12-03,0.009638264024831589,0.009306371698762916,0.009085062828844803,-0.00280204513129223,-0.0030275104977014466,0.0025920870285669473,0.00016780315842668259
2023-12-04,0.0370185359246189,0.016383625569414972,0.015996147082593337,-0.0067706295791467586,-0.005984093474814323,0.0043117468103475165,-0.00016845349866556614
2023-12-05,0.031054680771608334,0.01301777415693417,0.012768200261333407,-0.0030437220924868225,-0.0027405016716308683,0.006026825732802665,0.0025306849534270093
2023-12-06,-0.0047310718220238135,-0.014473236932918798,-0.014565290342445247,0.00521975775275485,0.0036940766901274458,-0.006248130132464613,-0.002764549050581988
2023-12-07,-0.006462988413715287,0.026956655624580383,0.027534064013076787,0.02360215858548642,0.022589461609541006,0.030156546234039405,0.029977600403699123
2023-12-08,0.011930428963934148,0.0005535875699969051,0.0006324654144371777,0.028186278107168672,0.02552715597059696,0.017634622329126826,0.02021743157389877
2023-12-09,-0.006006040855262462,-0.0037907690324062715,-0.0038536979553414064,-0.01005165003594577,-0.009126971562600894,-0.005224778172323252,-0.008840692271174566
2023-12-10,0.0008388870966471451,0.0023326959007432535,0.002624005652274164,0.009884484390141335,0.008966808333410459,0.005739912210346532,0.008140962553794484
2023-12-11,-0.03639355485215079,-0.02822107126179907,-0.02900954627342267,-0.01759507702084484,-0.01597606649111194,-0.023064279042387725,-0.02425394023827765
2023-12-12,0.0026829007823059303,-0.005895120620718286,-0.006388489675140052,-0.006396503042571222,-0.007940081166821766,-0.004509691290779827,-0.0066347885767218395
2023-12-13,0.02237451472276053,0.015009793906809232,0.01630206857284855,0.007881283042471932,0.009177676742819108,0.014150576193239672,0.011040710483490201
2023-12-14,0.002032822627984432,0.012481896548572013,0.013517084282435254,0.019587846496434747,0.01917774157171248,0.019522476129717692,0.019201809786861368
2023-12-15,-0.01567757578801443,-0.02122675059367718,-0.02296418381023435,-0.012035684293170368,-0.011550031173907738,-0.019762109700548147,-0.01735196721262411
2023-12-16,0.004912380684855888,0.0012771196403043028,0.0015222734668867144,0.004650028736737033,0.00446020245545542,0.004054370208415037,0.00414151564972931
2023-12-17,-0.014990172964003956,-0.009161900707859494,-0.008920745553431253,-0.01090185309437286,-0.010458787227105804,-0.01165992945434624,-0.010882329558187798
2023-12-18,0.02161588581394458,0.005929297526613864,0.006356777497589228,0.013729174668154487,0.013165305286854556,0.012282563965867466,0.012053481716910008
2023-12-19,-0.006295863022351633,-0.011725392175019667,-0.011447674971965749,-0.0054172948796303855,-0.005197692900914097,-0.00984745377204499,-0.007780264794407299
2023-12-20,0.023491328488079777,0.005780081075531962,0.006894157361672315,0.03532749625428466,0.0338879359980373,0.02280757976909964,0.02783601251623069
2023-12-21,0.002104103544789071,0.007347837819297043,0.00814062842498986,0.035072044022995685,0.033627657487674156,0.02484414148637426,0.028060680670741744
2023-12-22,0.0013864493012578638,0.017250459937910856,0.01893693018196818,0.012287875412978488,0.010954261943575405,0.015861127778072026,0.015564869799284287
2023-12-23,-0.0033777632064346808,-0.0032625991004070487,-0.003575635192423987,0.021747194391005698,0.026635209801142867,0.009199062566341398,0.01796556330216048
2023-12-24,-0.01012566692255823,-0.00884426227620716,-0.009695886440262647,0.010506186326999511,0.009498366894732824,-0.0002854882089502464,0.00492789576555186
2023-12-25,0.008874405006668473,0.0006218028422313449,0.0010674723595955893,0.014121986728063085,0.017661374049043443,0.010302271205081759,0.01669740549690557
2023-12-26,-0.01687349782530445,-0.010277462056988429,-0.010323094518768672,-0.013859492535589824,-0.017272807225111153,-0.014147268626062748,-0.01914063582077652
2023-12-27,0.01479448870806288,0.03783928293732752,0.03800904376286662,-0.009313879990899054,-0.011648018722581366,0.011777930323591201,0.0020255715512658146
2023-12-28,-0.013709862262643702,-0.0070337080514684125,-0.008491965715725192,-0.00860956601906493,-0.010792625911622111,-0.009771283674086084,-0.012644547194169298
2023-12-29,-0.009200983038989197,-0.012992955852633603,-0.011256816444397133,0.007426720390054209,0.009330401140422717,-0.0006067289028878209,0.004515706720386037
2023-12-30,0.0013271945352208991,-0.0015872048280333173,-0.0019046721276617662,-0.007203275839489209,-0.009032612915000238,-0.005681857800448276,-0.008834736405850863
2023-12-31,0.0025901390473297425,-0.0021167589862675085,-0.0025143590746974365,-0.00030585412377648336,-0.0003842365439742368,-0.0014055024829930929,-0.0012028147161080582
2024-01-01,0.0341810123398858,0.01962373933258399,0.019402658210039503,0.01808785016407599,0.017489482849272653,0.0196848411030508,0.021979657997334145
2024-01-02,0.013867192458693056,0.0017662204371209356,0.0013912686949260067,-0.006932863575763726,-0.006674062314159568,-0.0030255085811004,-0.005743526229399443
2024-01-03,-0.02714797346719955,-0.03087033924505922,-0.030809455131935892,-0.018647067115456717,-0.01734660616673822,-0.025677606693153332,-0.028450683425681134
2024-01-04,0.020193812335171257,0.012646429481457888,0.013499383248978258,0.013647627983907062,0.015475754902962713,0.014298132112195772,0.0153432707414205
2024-01-05,-0.0017985325816299857,-0.0011918808598261332,-0.0007705110536355697,-0.012668232410973701,-0.012988657506066148,-0.005920150306617744,-0.009995096460871933
2024-01-06,-0.002379412146438442,-0.007515208192740097,-0.007682917108714826,-0.015928749661217156,-0.016336946881465808,-0.010385734319301565,-0.01534165923135189
2024-01-07,-0.0007241696743891524,-0.005888274789876746,-0.006025353779129161,-0.011359464931043672,-0.01165540234321727,-0.01041811063491116,-0.010906770642309827
2024-01-08,0.055726239206632,0.0333544433922246,0.03413564155863846,0.022396183258314828,0.022986530606049493,0.031391527265078656,0.028327924006628535
2024-01-09,-0.011033771575485463,0.0010134695155350482,0.00138994444010887,0.005248524109229047,0.005623311610035042,0.004725930735115957,0.004696129788669623
2024-01-10,0.007674381672881481,0.05143863702981655,0.05116004152653475,0.0077104719422165235,0.005252828703264267,0.0317948528985037,0.020583546596131486
2024-01-11,-0.004143066876886592,0.005602184833055857,0.005792865348093201,-0.00533377028967974,-0.004156552808605829,0.0016391980518699611,-0.0009304667648293297
2024-01-12,-0.04128825919144341,-0.014218240910663926,-0.01416212431391306,-0.019866311319034713,-0.015463312575771493,-0.017896497774774645,-0.018270635288158643
2024-01-13,0.0006808677574916544,0.008160986420730376,0.008054595870326642,0.009717647803703544,0.007530084772767287,0.009599033259906298,0.0096002461175273
2024-01-14,-0.013036091943500971,-0.01673227826172241,-0.016462937395437693,-0.005263595944132282,-0.004087550940866214,-0.012515784184998435,-0.010288771321758872
2024-01-15,0.0063931246035200395,0.0046493429296705635,0.0046010409456873624,-0.00019101987377534435,0.0011065589087895233,0.004457398361244813,0.002638485566120119
2024-01-16,0.006984915575097617,0.012572791821690243,0.01228495757967396,0.008247561985858853,0.006531529665960933,0.01102431216922417,0.008592090723581913
2024-01-17,-0.004347352849111807,-0.009838917137565018,-0.009620708928667399,0.011301117430866148,0.00896500425495761,-0.0006867070726291891,0.004216384848781507
2024-01-18,-0.015154112068826886,-0.008941757569283726,-0.008746756206276962,-0.019163961283598763,-0.015237677621473322,-0.014174914525572513,-0.014526529354192408
2024-01-19,0.00350384589756203,0.0031931352259992885,0.0031230019400154685,-0.001979213969653615,-0.0015674411162843738,0.001233746512625089,-0.000209033371502243
2024-01-20,0.00042845858438078643,-0.003221736312818857,-0.003130765655501966,-0.0018814395888809843,-0.0014893940580621434,-0.0027908786233573624,-0.0020912959419809862
2024-01-21,-0.0013851384204860429,-0.002664920526574077,-0.002568046155797088,-0.004559628481883737,-0.0036080973435164143,-0.003462315178726083,-0.0039025154220748703
2024-01-22,-0.02412232378441359,-0.0282617525595924,-0.02720860701785688,-0.018552360863870798,-0.017569684447639844,-0.022247499207159405,-0.02106619370436924
2024-01-23,-0.00019390723726753212,-0.014630400020078982,-0.013760278641867796,-0.00027383381381040905,-0.0007810922607487392,-0.006276671309588089,-0.007150785170442209
2024-01-24,0.002541298263137648,-0.001555791437427012,-0.001576182611259025,0.013076105207272759,0.01284000912701977,0.0042229735134753366,0.008707301559707226
2024-01-25,-0.00167551195173532,-0.003367226002840895,-0.0034114286403631455,-0.005431590361480776,-0.005334763349239324,-0.003898539720604277,-0.005159092274761523
2024-01-26,0.02276410033019971,0.010115181174292776,0.010248420884938714,0.015411479352322788,0.015484584651350941,0.011490563807589504,0.015109208949717123
2024-01-27,0.002600720920572286,-0.0002198873804812873,-0.00020354258160182326,0.0045318733552166535,0.003561053639862033,0.002112589916524854,0.004152780474425466
2024-01-28,-0.001232148437424807,-0.0023284419966131953,-0.002532894951413067,0.0038347139141221565,0.003585135502258696,0.0010260205752896656,0.0026490222508099848
2024-01-29,0.01773650160875251,0.014473659845105624,0.015679142680766534,0.013919451945298755,0.016072736658541364,0.01401441050026575,0.017670911104518572
2024-01-30,-0.0057564457219342335,0.006723336807403113,0.007227563148133775,-0.000950895611450453,-0.0010750875953638994,0.0033524252947545463,0.002304694404385188
2024-01-31,-0.011195340317653124,-0.02176853836854642,-0.023488479254685224,-0.018026743537809753,-0.02101661459237858,-0.018441753616442402,-0.019561848764932166
2024-02-01,0.00848735104061804,0.004851315168502346,0.005878124341573088,0.002657300487370229,0.002822177272161719,0.003891843054056654,0.003902450591007245
2024-02-02,0.0022085094203867506,0.0014859188700633297,0.0015533767073041549,0.010186365331776859,0.011081045611605278,0.0054978221794552695,0.008536580647703573
2024-02-03,-0.0032912392779334,-0.0035385045746416655,-0.0038140550395527884,-0.009537603586294408,-0.010366121524608363,-0.006414175667080246,-0.008971950630212278
2024-02-04,-0.007003045898962279,-0.0017534928931493,-0.0019134361555597224,-0.007560037773915229,-0.00855733593653174,-0.005028189290022911,-0.007911148540896584
2024-02-05,0.000507150932664846,0.0016983587636258957,0.0018692443982497586,-0.0009125816956174759,-0.0013492605089193699,0.0017810980434327384,0.001962235529761047
2024-02-06,0.005568626855128711,0.017303757856221846,0.018747889911052473,0.0030957168779721655,0.004180019001162272,0.010836069167216689,0.00969636928463502
2024-02-07,0.017102632771772486,0.011195952679198706,0.012379990296939036,0.011677068003151936,0.014535047279429003,0.01366646390884041,0.014822736059087793
2024-02-08,0.012068793340415773,-0.0014615091969490956,-0.0013958059742769091,0.004389320759136117,0.005448222178741524,0.0020579793211048525,0.003161593794082984
2024-02-09,0.02157652573782398,0.014939235144336482,0.01457882257617471,0.011276037197323507,0.012629075142906343,0.014328601502628935,0.01573999773689816
2024-02-10,0.006620585960585901,0.002660235121704657,0.0027692574669355707,0.005521802220341154,0.005559092406463906,0.003765331028928065,0.005877644957825501
2024-02-11,0.005838624663838221,0.0013518014632438735,0.0014070482976431542,-0.004111977296628155,-0.004139593044868661,-0.001146222154537302,-0.0027994058784104325
2024-02-12,0.01710307632868635,0.029591021418591712,0.030798678962574044,0.011134860551794024,0.01120995233591704,0.01968626686300312,0.02332366562513699
2024-02-13,-0.0022633023737489433,-0.0037623457159174922,-0.004367842446573622,0.0022129861867159484,0.0022277447814817997,-0.0009285803714792484,-0.0004876542314163901
2024-02-14,0.021504065784124782,0.024775220703909584,0.02335785750342323,0.01180281859495369,0.011881357639966561,0.01797694857191745,0.019282202508088986
2024-02-15,0.0007703096771229934,0.007337289538457137,0.007310153097203509,-0.009015150496596624,-0.00907443528447971,0.000523084232648019,-0.0026964119986484514
2024-02-16,0.002214965902583854,-0.0031693418851643784,-0.003157705365330221,-0.008310664564458836,-0.008365817039912904,-0.005527936644237563,-0.00669850639617553
2024-02-17,-0.004359029643034362,-0.0024270020385407376,-0.0024180628579965058,-0.003727519818568892,-0.0037524656353631336,-0.0030931149522753776,-0.003437073231692067
2024-02-18,0.004501418072506258,0.014605105360985693,0.01455118116417986,0.008809693482689562,0.008868872984649334,0.012748843383165953,0.011959296587043422
2024-02-19,-0.003285504844685039,0.009609672818330806,0.0095747013689913,-0.0018675481875748412,-0.0018799832394542637,0.00510259817316383,0.0029736179437933608
2024-02-20,0.0043966572856066755,0.01047750943675374,0.010439741380750212,-0.008485572799187824,-0.008542180326325366,0.002851619579696152,-0.0008204087808032501
2024-02-21,-0.0037022940196070886,-0.00694763131909415,-0.0069228460912298395,-0.008717663430202194,-0.008776320298901297,-0.0072010055616755775,-0.008564391195124421
2024-02-22,-0.0050914531294735665,0.0008310052888185204,0.0005201208899527909,-0.008767517454322471,-0.00882703208569191,-0.0034248962981517916,-0.005297840176477497
2024-02-23,-0.004965161153056896,-0.006400733773746836,-0.007301671662341858,-0.0050311388746692165,-0.0050655948037642284,-0.005785653317068373,-0.006419932577836018
2024-02-24,0.007555179192233252,0.00922265345400941,0.010530340094725865,0.011173408937060758,0.01125032001609294,0.009977656606624752,0.011726083984376912
2024-02-25,0.0014616334882251447,0.015577304023238758,0.01776300494681826,-0.001451817381115772,-0.0014616996468961307,0.008339656322015054,0.006997530832524523
2024-02-26,0.024965149924756957,0.00809940787049701,0.009216026961818224,0.01731251564922931,0.017430531404454275,0.011869185139260496,0.01494485892306252
2024-02-27,0.022701572597031427,0.008423685851668195,0.009574406225667298,-0.004075825099074004,-0.004103133142474014,0.003155089346916773,0.0017373761233150375
2024-02-28,0.042347405259905324,0.01770018476206947,0.020095193531339373,0.02835521623130499,0.026123464721286682,0.021998968634871607,0.02668592194742425
2024-02-29,-0.008307808759655533,-0.004608410641798288,-0.005329489759919093,0.014126470349176357,0.013959469407719638,0.004094612811290643,0.009687324909127826
2024-03-01,0.008092820008193335,0.009985404370135731,0.011499353096752651,0.010457132975632,0.009799360938317347,0.010650044667687153,0.008853344887563397
2024-03-02,-0.0025587293438567027,-0.00127423165527063,-0.001465229422677683,0.0008897685510018682,0.0009320012395057642,-0.00021915690669271903,0.00012436282566374857
2024-03-03,0.007214543045444222,0.00704319945793852,0.008100471373185592,0.00021094382939135237,0.00022094691369534125,0.0048157785955551535,0.0032863806721954436
2024-03-04,0.03262473900670293,0.014738772283645174,0.016933467412585834,0.004684978228515213,0.004907093661321582,0.013073522703387797,0.01018424655077843
2024-03-05,-0.026426585567245975,-0.007691498589714407,-0.006702143261152038,-0.01193521775149231,-0.0124983048705819,-0.011227316836333712,-0.012623493167284283
2024-03-06,0.01322227209393434,0.02296681747655205,0.026023027061840676,0.008315960497615071,0.00871326163993924,0.01975312754357983,0.018042832979110912
2024-03-07,0.003326514624797383,0.003412861169319603,0.0038088387670822677,0.019610092096205456,0.021477295863931767,0.016405459148549406,0.01651888956435399
2024-03-08,0.005758030105277312,0.0009898006019779526,0.0011042065733033457,0.0014317685758016285,0.0011379993363063168,0.001190491776170699,0.0015422985710176196
2024-03-09,0.0008320358578861597,0.0014798464219984986,0.0016507056106085383,-0.0007369698687736959,-0.0005859308071644032,0.0005281449357230628,0.00010396249725364015
2024-03-10,0.0028254181513982513,-0.0018083579274075223,-0.002016802113283589,0.00014750267878449463,0.00011725486467040191,-0.0009740535107525261,-0.0007043570529591259
2024-03-11,0.016359912647555097,0.015441576230005971,0.01408190594377512,0.006548153067915674,0.005205505620508033,0.010089180806935216,0.010707162706643736
2024-03-12,-0.0031764736774477775,-0.00676590595472748,-0.006322753946982007,0.003252776853227113,0.0025892743281854536,-0.0018542060656655535,-8.865485237374848e-05
2024-03-13,0.008247312461323597,0.001993656796986487,0.0018622457676946702,0.01876696541324696,0.014948759828939062,0.009132863752661313,0.015096930085995552
2024-03-14,-0.008498230818963282,-0.009863509736905085,-0.009214569226607905,0.017044553600858547,0.014613966393854483,0.0033372434494185477,0.010353287843520631
2024-03-15,-0.01094233021632085,-0.011290650873337915,-0.010540907259847798,0.008072446228249541,0.008246695204799925,-0.00072369147280682,0.001338775117355473
2024-03-16,-0.018509223652429685,-0.01793442166673398,-0.01673081847928959,-0.002084222871391539,-0.002128844192602397,-0.00954170919855546,-0.007910014372512153
2024-03-17,0.013889679031624524,0.01013700145528662,0.009445117858899232,0.01579071402855381,0.016555848970914777,0.017255413884267767,0.018900339100824004
2024-03-18,-0.0034703726174459826,-0.01025228398521083,-0.009559079377277957,-0.004700899221596555,-0.004921075480108672,-0.008405373544913108,-0.00812068215846884
2024-03-19,-0.02294942935954547,-0.028329371766897204,-0.02810500485591194,-0.020753024151793142,-0.021729841603299604,-0.0302247551624365,-0.030563284942897617
2024-03-20,0.022081087564823187,0.024808912466646182,0.028603640653432016,0.017823096959822315,0.018680640900083922,0.028318699028892835,0.02813869300860139
2024-03-21,-0.008561089026537627,-0.0016017582422754861,-0.0016186212987747695,-0.009820518004405643,-0.010284359454777237,-0.006184705889041298,-0.006952383519413852
2024-03-22,-0.006292430093944201,-0.010602927791343975,-0.009651130829573251,-0.00342413871834768,-0.0035875477576550185,-0.007548513820014979,-0.006775881538672146
2024-03-23,0.0007183213438901603,-0.00046700896286666627,-0.00042467825645298163,-0.002069626716966866,-0.00216875043920961,-0.00119129785078409,-0.0014953907812261802
2024-03-24,0.011952836998221139,0.008594376464864162,0.00781503255064897,0.009097699166077389,0.009534375897667147,0.008940104009520056,0.009429535308676407
2024-03-25,0.009794269840868175,0.009199709430290914,0.00837194253551199,0.004102414134522059,0.004297464544366081,0.007046338270476182,0.006574405264335503
2024-03-26,0.0003922908601763364,-0.00020797375255410255,-0.0001894161564688357,0.001175324862520144,0.0012309668871688384,0.00040642245533906163,0.0006399500603833097
2024-03-27,-0.001881015854093726,-0.005798895029291429,-0.0052813588595477245,-0.0032982266973361485,-0.0034541787985129524,-0.004762163080502035,-0.004588698704903749
2024-03-28,0.004768101301186878,0.004015326192233992,0.003655066200252133,0.002644107816436092,0.0027695641569815965,0.0034577342708153047,0.0034015670773321904
2024-03-29,-0.0036959955537548828,-0.004058996205729026,-0.003883754805895978,0.0019019336892713845,0.001991926472328709,-0.0010905534474605627,-0.00031189326178271415
2024-03-30,-0.0011962534924944146,-0.0003376380592441386,-0.00031090628187779856,0.0017467763939789105,0.0018292633739613873,0.0006259742042642458,0.0009690766868830636
2024-03-31,0.007577387128827384,0.011504165945101397,0.012605117337297855,0.006568847723972926,0.008192634405139287,0.00828957877995018,0.00821617132654362
2024-04-01,-0.007220884751238388,-0.011523177944751883,-0.01266405968184725,-0.007687463865755251,-0.011064382858664401,-0.008985727027123858,-0.009169600192252436
2024-04-02,-0.018675564560326374,-0.018524803422384606,-0.020382424035610303,-0.011444140594659258,-0.011736075787018962,-0.012436862249759262,-0.01196133197286775
2024-04-03,0.002270045086165462,0.0026753633060281334,0.0029492239412676202,0.0038048291711403337,0.0039030413820182464,0.0025098547347812694,0.002724475114343594
2024-04-04,0.011451805404522952,0.0013872759811566215,-0.0006191514977939017,-0.0011306612740749067,-0.001159733017200737,0.0002615303637096833,-3.429055565939976e-05
2024-04-05,-0.002992183198021414,-0.0007984388519013397,-0.0009095301745607465,-0.010381517093000836,-0.010648758245712542,-0.003846072844567505,-0.005122499557761673
2024-04-06,0.005581596832874958,0.002994648789694354,0.0032162811256428725,0.004695090938464874,0.004817252905841896,0.002871478507500136,0.004328101570477694
2024-04-07,0.0024184780767968483,0.010126369031505877,0.009749987071270727,0.0009107763485092235,0.000934360305302695,0.004274184225740996,0.004714289031394037
2024-04-08,0.011739341056444141,0.0234877211706348,0.02262314735988813,0.0012565942906295202,0.0012891026019747898,0.009680776096282484,0.011730765185995695
2024-04-09,-0.01270402353589617,-0.01807905236716767,-0.017320110009221512,-0.008936588300197834,-0.010979200818038826,-0.011928838617965565,-0.014837216857329194
2024-04-10,0.007724032217842902,0.0030292517350622994,0.0036754665072020742,0.00097158380514073,0.0012589482148106512,0.002096036210491148,0.0024786408548833627
2024-04-11,-0.0032249900990487523,-0.0033178813992348344,-0.004023076141076998,-0.0010251711253171925,-0.0013280037546524737,-0.002273330658809747,-0.002686351509628593
2024-04-12,-0.014962691820521012,-0.023125258481964894,-0.02325610850034454,-0.020972071576414453,-0.02717539980625272,-0.02276358089206465,-0.027242382756845096
2024-04-13,-0.014352835803120967,-0.016915895352456967,-0.017704398405950617,-0.016381010218405545,-0.021361700848226528,-0.018908061442542423,-0.02270107635713181
2024-04-14,0.007954937057505163,0.011059594450475663,0.010937538283950943,0.014488480299950313,0.016404656615930158,0.014656967763212014,0.014955694796157104
2024-04-15,-0.01127475320745297,-0.003923425902480293,-0.004497032139542445,-0.014236862442734144,-0.018001443408051543,-0.010646844219156959,-0.01202796773128667
2024-04-16,0.0018993245557630267,-0.001317656139766088,-0.001511168157307674,-0.002596018418812074,-0.00329505398565455,-0.0022643459659127396,-0.0024274077625130452
2024-04-17,-0.012773645954962998,-0.008370385496694444,-0.008415560637535346,-0.004978233925127196,-0.0063231655023308075,-0.006948404947838882,-0.006543605198948921
2024-04-18,0.013270046086286458,0.007338506085414309,0.006784604955537787,0.011685417732494763,0.014862467129120649,0.010193371414044305,0.010930288706764157
2024-04-19,0.002058783610430881,-0.000732285798678789,-0.0009255831311237861,0.00048550261554680674,0.0006155687124087539,-2.7402771907603096e-05,-8.692419621114666e-05
2024-04-20,0.0066289222687732074,0.009167664028103317,0.008850473271654113,0.009840763696434163,0.012475481349596862,0.009884563285248671,0.012082851176012488
2024-04-21,3.2850671296547063e-06,-0.0007426273788735394,-0.0007216916433712139,-0.0027044240335012404,-0.0034195714100565544,-0.0019441462903071471,-0.002380821655348808
2024-04-22,0.01101766832463369,0.004807784211426469,0.004637817362248997,0.00913257267673484,0.011555841227570696,0.007562159168222893,0.009247581693270002
2024-04-23,-0.0023517658715080936,0.0013979550198743862,0.002023216082781998,-0.0024429241597533347,-0.003083733054562887,-0.00043302828883917677,-0.0008809322094028849
2024-04-24,-0.012706127105294285,-0.007394251056878742,-0.008246357222263634,-0.007758581532398834,-0.009800047726703176,-0.009089509810022767,-0.009451083860616105
2024-04-25,0.0012281480587201798,0.0014205441070722635,0.0015856073731166376,-0.003298219303268901,-0.0041746478046150726,-0.0011230500875549776,-0.0017062430556119557
2024-04-26,-0.004279759752422341,-0.002316930739243217,-0.002585725430782393,-0.006314367082821959,-0.00799930386266634,-0.005176666862003243,-0.005821911494117038
2024-04-27,-0.0018178032347377915,0.011778384135296527,0.015438987696390516,0.0023560325643221525,0.0036895013383644315,0.008535753258222423,0.009583653945458126
2024-04-28,-0.0020299892434351152,0.000739172789541831,0.000953980630238771,-0.0037517511912267265,-0.006090998192210262,-0.0017800761804952492,-0.0036341901478166294
2024-04-29,0.004427596316204374,-0.004373719249188834,-0.00564353570030629,-0.00046165300284073396,-0.0004060938792185276,-0.0028098413089719942,-0.0025187183909521904
2024-04-30,-0.022146738204752214,-0.02368609189593074,-0.029149806830805924,-0.01661467757461843,-0.02470462988555866,-0.018998919587877472,-0.023172065479884263
2024-05-01,-0.014495388411611021,-0.007081611142212618,-0.00839531792463133,0.002061444031132842,0.003273485686382527,0.0020444403553834256,-0.002313291042207566
2024-05-02,0.0018975112974422004,0.0006227630362214409,0.000717866278672874,0.0020317946227284,0.0026244702675184417,0.0010373497827027567,0.0019507066074686552
2024-05-03,0.012027610297640656,0.005916928328376203,0.006774794825577413,0.004213977228649135,0.005994830442866084,0.004406659716089223,0.006104120258452195
2024-05-04,0.00431468635821286,0.001119497647333878,0.0012568045365199954,0.0023175037824312295,0.00322596219301885,0.0006819954515484561,0.0014965260287567173
2024-05-05,-0.00018689683103756405,0.0014670283133983997,0.0016467341397474744,-0.00033043247719655167,-0.0004360120440732862,0.0007262787629573886,0.00045053282792317795
2024-05-06,-0.003909359593482042,-0.005637264895204108,-0.00632667481099447,0.007323564516457992,0.009664605736001697,-0.001090018680724003,0.0038514592220078026
2024-05-07,-0.0037332994709646794,-0.004371162811502849,-0.005876948119242109,-0.004911823995622178,-0.008383481084425104,-0.0038258561975610395,-0.006781044564191596
2024-05-08,-0.004915431780121993,-0.002428542197269956,-0.003271504966178007,-0.006028393366354634,-0.00996481256704873,-0.0030592498008160662,-0.0068362748391909145
2024-05-09,0.008303025429733824,0.004796215380519886,0.006466477157954564,0.010771775315337573,0.01787632267866468,0.005713001060114742,0.012468244018249752
2024-05-10,-0.013709815158637562,-0.013603771851744995,-0.014116771769187908,-0.0066377702518791715,-0.010920544942749966,-0.007697998308927478,-0.011107082301874072
2024-05-11,6.5607636380971e-05,0.00011705012800611314,0.0001295910499397035,-0.00034427173905582364,-0.0005161955456157719,-0.00011466600064080623,-0.00020913583814530234
2024-05-12,0.001294961192441102,0.00025663982155998966,0.00028271606078300593,-0.0021841961951234445,-0.0035285002798793874,-0.00045499023868855737,-0.001293306657173865
2024-05-13,0.00385810482286586,-0.0003198906778674182,-0.00036323633461488036,0.003509858843983915,0.00572319373021668,0.0016994439446251786,0.003611520393274281
2024-05-14,-0.007611700551665712,-0.006493894668515354,-0.007222433665913797,-0.004723240948770191,-0.007872468587103554,-0.005603615417385077,-0.007863478773801336
2024-05-15,0.028303704274085684,0.018874498997877742,0.020945552360245534,0.024123542101292417,0.041939521774035926,0.021094243016968717,0.03189686395805347
2024-05-16,-0.007865122613374131,-0.013387817822666181,-0.0147442943797359,0.002553489186534641,0.004107152961196903,-0.00607282210837834,-0.005150055628001748
2024-05-17,0.013839846440186987,0.023918688687371903,0.026212879514773357,0.015754620845135348,0.02528532959995733,0.018211354471814545,0.025729890655830978
2024-05-18,-0.0008636476164874951,0.004931864027689192,0.005391635682683749,0.004559123844812385,0.007420909303218037,0.004411289362576065,0.006445816000808513
2024-05-19,-0.00509412577237256,-0.008211167506211092,-0.008972546240967216,-0.0037871379880460854,-0.006768281186310565,-0.005431189244453183,-0.007276905796318456
2024-05-20,0.04130576433335453,0.09448468790823261,0.1033250810375641,0.025810421335439093,0.04626620971859263,0.05345517598392435,0.0770035577593815
2024-05-21,-0.009956140624447718,0.007334840405906373,0.00943973106351903,-0.012828061680183911,-0.01983161964274749,-0.00020928422528121438,-0.00440349038556509
2024-05-22,-0.006900470463971686,-0.003082170239184112,-0.003916103561042439,-0.0018238258601273039,-0.001572363988932901,-0.0033826005681537596,-0.0028988644579939216
2024-05-23,-0.008053845888081224,0.0027346668149705877,0.003477486161636678,-0.001202879200108753,-0.0016171511051991105,0.0016326035786358162,0.0017022694213510992
2024-05-24,0.0056241142906852115,-0.003288937735867248,-0.004179218119833239,-0.012526285579877117,-0.017372297070220477,-0.008917048364162183,-0.010713253818093293
2024-05-25,0.0060461889644845,0.0012512128241579656,0.001591324196938304,0.0012619138792657747,0.001553778943900852,0.001505583956436407,0.0019724920466483997
2024-05-26,-0.00635328166567628,0.004598923658743814,0.005847041564501554,-0.00957845829295867,-0.011467622420029189,7.713719142543596e-05,-0.0022006924327994115
2024-05-27,0.007585135038666868,0.004016976018692775,0.004961868155759719,0.013194972288204987,0.018484986528734648,0.008307026127775341,0.012363056521340399
2024-05-28,-0.008413799360503571,-0.002924941682076243,-0.004383994956158155,-0.00284035677340988,-0.003958420664731954,-0.0034719428108018757,-0.004518600614087265
2024-05-29,-0.006097740668983276,-0.0056471141319991425,-0.006868541903673808,-0.0006975789502577934,-0.0009732617216947625,-0.004003396141558646,-0.004604021855052376
2024-05-30,0.005755019737116784,-0.0014219626404333718,-0.0017473621454120458,-0.002792263625360447,-0.003896839531530305,-0.0020184091120205583,-0.002904859934533044
2024-05-31,-0.006641303042290048,0.0010490235765063805,0.0012895005426221129,-0.0023917368732011557,-0.0033415720030612883,-0.0002164965581388234,-0.0008107502958258905
2024-06-01,0.0018673479173776375,0.004224790743322604,0.0047940242260084975,0.0009550900703734211,0.0013356585500292617,0.002486672542856061,0.0035273963794113516
2024-06-02,-3.3000469906063756e-05,-0.0030395367058083655,-0.003622640642159225,-0.005822437640309763,-0.008139371567728926,-0.004814123055988828,-0.005729950322395871
2024-06-03,0.009367428677539591,-0.0014360773274008087,-0.0014223994187375633,0.003408151944183091,0.004775493775059925,0.0011483364027731202,0.0012671012760887557
2024-06-04,0.013895226662508975,0.004354349152064785,0.004439888067267361,0.013449659731797459,0.018819982823754744,0.009317948006908772,0.011844839174937283
2024-06-05,0.004499881211669221,0.005599857837070177,0.00570937786331327,0.003390022352578903,0.004546643375731518,0.004517853058889187,0.005996533203048493
2024-06-06,-0.002406775370260794,-0.0052460984228484,-0.005348117284164289,-0.006507584470027639,-0.008035595219364589,-0.0060256641813690726,-0.007815613858306758
2024-06-07,-0.0102020731109278,-0.013567420854075363,-0.013832679913548973,-0.014781448514684215,-0.018280316060503732,-0.014482771465844979,-0.01889355481124555
2024-06-08,-0.00032232848935820346,0.0003307724543859525,0.0003373301560922748,-0.009158827079104537,-0.011367151461629144,-0.004763990005353103,-0.005871177245940884
2024-06-09,0.002412028778982611,0.002526265932325966,0.0025763333176234138,0.008491339915099427,0.010562264091333429,0.005768549108174925,0.007345483570659672
2024-06-10,-0.0007705791286909403,-0.003912289359652377,-0.003989626723780337,-0.006025389641014289,-0.00747954239869375,-0.005123001577891029,-0.006642358665974402
2024-06-11,-0.01542641951560153,-0.016467737830001217,-0.017718189583645683,-0.01736860946176133,-0.02390870991086902,-0.018712569516536215,-0.023572885520686482
2024-06-12,0.007284790891998849,0.0067436835451821775,0.0071931766696602395,0.011077710687234177,0.014862580818452598,0.008554298166566277,0.011732346863544185
2024-06-13,-0.011367669842421657,-0.010723777150053349,-0.01117991071792912,-0.01664966651098576,-0.019650458846350305,-0.014312729259305157,-0.016776982688433084
2024-06-14,-0.0077533367570312706,-0.0034444660110332093,-0.0036948936828465895,-0.0110005839123829,-0.013044086473533945,-0.00813007002131716,-0.009753408709468392
2024-06-15,0.0006771386541908342,0.005108260621868421,0.005292532312489051,0.0026361009928261847,0.0030979067294134577,0.003973800383242576,0.004500957362805202
2024-06-16,0.002191539868336312,0.0032543314995141515,0.004152803792099036,0.0061524712371496815,0.009114608462141183,0.004761235347946702,0.0059521706418776965
2024-06-17,-0.000841026743754747,-0.0065813617128599455,-0.008499048495458683,-0.008495197905033391,-0.012722866002427002,-0.007662754925798154,-0.00930615707584137
2024-06-18,-0.007000142722687008,-0.001644656593691174,-0.0021279868801833413,-0.00625260148598572,-0.009404331843958169,-0.003973788283838875,-0.0051809949250802845
2024-06-19,-0.0008212905555816663,0.004529081337252494,0.005830052063534152,-0.0019219414788418376,-0.0028999261340157956,0.0014083266608435618,0.0010594692026704156
2024-06-20,-0.0004269558212014468,-0.0027739759085670945,-0.0047296761729417325,-0.0022268602644968105,-0.0033632991836756165,-0.0025565882629070558,-0.00299758637238845
2024-06-21,-0.00344900144464122,-0.000307807535022131,5.917073077732482e-06,0.0011320878021745528,-0.0005784434481033163,0.0007278440519320473,0.0009472545876012539
2024-06-22,0.0003807988974633414,-0.0010053583880951233,-0.0013347316304093138,-0.0009800332781643162,-0.001123797881699251,-0.0011842422648417061,-0.0013793113215382347
2024-06-23,-0.0033807340649507633,-0.003310626025646246,-0.004396695451118093,-0.003632977540296123,-0.006181660572766923,-0.0049736761051114575,-0.006033380380159881
2024-06-24,-0.007649997016553334,-0.00390699697274266,-0.005209960341497344,0.002562485817799498,0.0006566542909764994,-0.0008909533790497637,-0.00240436561648405
2024-06-25,0.002061300661358123,0.0008093202828616253,0.001058441244602859,0.0010773699608768172,0.0023355425736086843,0.0008804534408193287,0.0019205282548238056
2024-06-26,-0.00127964713427009,-0.0004499617505028253,-0.000588320303945955,6.568677776197518e-05,0.00012609955780362725,-0.00019154323701153775,-0.0002183555838899398
2024-06-27,0.0011457537107126825,0.0015152526745028094,0.0019814513698162006,0.0036839294629389396,0.007071648684172205,0.002598252761635944,0.005206125006645745
2024-06-28,-0.0017389818707128635,-0.0013461515123561751,-0.0017595037148323556,-0.0027542285929795796,-0.0052692154219262655,-0.0020496503021536494,-0.004023390612830191
2024-06-29,0.0007613661005212435,-2.588923327018211e-05,-3.385284939017019e-05,7.132839149770476e-05,0.000136805969159548,2.279120134307533e-05,6.477777670554907e-05
2024-06-30,0.00243049103583437,0.0011383886475020422,0.0014885727182116781,0.00180590606034281,0.0034634533180395444,0.00147106610847203,0.0028088261022396477
2024-07-01,0.00017380543722933517,7.738983384841802e-05,0.00010116063104148587,1.7086735949023435e-05,3.2715632337643186e-05,4.7108385352823134e-05,6.987532058322365e-05
2024-07-02,-0.0010380890921355412,-0.00039936959674757855,-0.0005220261908110979,0.0020959371303563845,0.004012986279392727,0.0008502418387825728,0.0021368532208969615
2024-07-03,-0.0026191101881196666,-0.0024119297330658096,-0.003153081801229418,-0.0037483137088984986,-0.0071630061807258505,-0.0030788396763564707,-0.005850685398319233
2024-07-04,-0.0034130278796762337,-0.002673606515489313,-0.0034977668216412683,-0.0024080106933384027,-0.0046175214798280795,-0.0025373447099431568,-0.004499762589868173
2024-07-05,0.0,0.0,0.0,0.0,0.0,0.0,0.0
2024-07-06,0.0,0.0,0.0,0.0,0.0,0.0,0.0
2024-07-07,0.0,0.0,0.0,0.0,0.0,0.0,0.0
2024-07-08,0.0,0.0,0.0,0.0,0.0,0.0,0.0
2024-07-09,0.0,0.0,0.0,0.0,0.0,0.0,0.0
2024-07-10,0.0,0.0,0.0,0.0,0.0,0.0,0.0
2024-07-11,0.0,0.0,0.0,0.0,0.0,0.0,0.0
2024-07-12,0.0,0.0,0.0,0.0,0.0,0.0,0.0
2024-07-13,0.0,0.0,0.0,0.0,0.0,0.0,0.0
2024-07-14,0.0005566112174169024,0.0007780399863968057,0.0009016887590400646,0.0,0.0008273683726898184,0.0,0.0
2024-07-15,0.004624881550071125,0.0045589619676691395,0.005282835070039571,0.002506596660641236,0.005712701161503242,0.0,0.0
2024-07-16,-0.004235968616720598,-0.01004434129297238,-0.01136325954486983,-0.009251149859673125,-0.01523192200589063,-0.009751500161778281,-0.013430843052639752
2024-07-17,-0.006353002202382885,-0.005422018962900177,-0.006091729286040293,-0.008433111642008884,-0.013859221051842563,-0.006926362338332326,-0.009969143887638365
2024-07-18,-0.007812124847163648,-0.0017467312293980575,-0.0019515257244320239,-0.003786152490092509,-0.006271959932875326,-0.0027655205697085794,-0.004106813929137476
2024-07-19,0.005305079980870264,0.0031832783604919257,0.0034232411550263464,0.00036849096084190514,0.004075027541498244,0.0012092640797565224,0.0014222890253987597
2024-07-20,0.005109157473019321,0.0024074998419418847,0.002706894336493182,0.012563079707734959,0.018781584636494708,0.006381546528429816,0.009702657474408793
2024-07-21,0.013146988275413607,0.004204814607394747,0.004713334585655149,0.029659878452802824,0.05393387472186273,0.018266315226199703,0.02728044854595635
2024-07-22,-0.008001106277053416,-0.020902941051475388,-0.02343671347456766,-0.014786299702793104,-0.026262406621568313,-0.018750060883459985,-0.024735556172585937
2024-07-23,-0.020325520589038026,0.009510945441615126,0.010691493052238599,-0.016669140667926907,-0.02832167125173246,-0.0038088622800257488,-0.00801661627322825
2024-07-24,-0.007279855822479697,-0.032209520357695864,-0.036165239632827806,0.015268988737331846,0.024976193152753234,-0.009552987032025784,-0.00735415053843691
2024-07-25,-0.005754681266156969,-0.03508640271408758,-0.03954795934261135,-0.021104279539746806,-0.03433482102753338,-0.02898023825900531,-0.036560114036423674
2024-07-26,0.028176892331830627,0.023276985000266093,0.027446407139491313,0.03262637146282321,0.052321025240119834,0.02795179736005249,0.04234186643533899
2024-07-27,-0.0009287382783038645,-0.006242236345234131,-0.0073188177189047465,0.0024547939811176978,0.0038634765273377614,-0.0017217576506199928,-0.0013032032075770417
2024-07-28,0.004918149348766221,0.005148849811573264,0.005939387840267152,0.002790473336680366,0.004385622525652888,0.003852775530993169,0.0052765595355637185
2024-07-29,-0.02046728343765092,0.011980988845791796,0.013793959958084967,-0.006616030871304801,-0.00614985181761174,0.0021373684529635284,0.0005943983157132848
2024-07-30,-0.007913760119136803,-0.009027881091534407,-0.010270916997441204,-0.00974717657872759,-0.013041694436232265,-0.00928715677055103,-0.013557191594140705
2024-07-31,-0.020854956803348812,-0.011010339812955072,-0.012542069868638706,-0.021504761887802593,-0.02886935681101821,-0.01612617996585275,-0.02494197364947881
2024-08-01,-0.006602773715934651,-0.012198539528361696,-0.013921360452082698,-0.015139368308178858,-0.01912474419575283,-0.013657104045325608,-0.01945604937851353
2024-08-02,-0.025758984109362837,-0.029755053700458167,-0.03310308065178558,-0.029485250747388392,-0.03635719989156416,-0.029619556017196125,-0.040191469930858204
2024-08-03,-0.002563055350903065,-0.004340528429554125,-0.004866441259413823,-0.006756388456938711,-0.008126834586435483,-0.005548750516251477,-0.007638132308545265
2024-08-04,0.0,0.0,0.0,0.0,0.0,0.0,0.0
2024-08-05,0.0,0.0,0.0,0.0,0.0,0.0,0.0
2024-08-06,0.0,0.0,0.0,0.0,0.0,0.0,0.0
2024-08-07,0.0,0.0,0.0,0.0,0.0,0.0,0.0
2024-08-08,0.0,0.0,0.0,0.0,0.0,0.0,0.0
2024-08-09,0.0,0.0,0.0,0.0,0.0,0.0,0.0
2024-08-10,0.0,0.0,0.0,0.0,0.0,0.0,0.0
2024-08-11,0.0,0.0,0.0,0.0,0.0,0.0,0.0
2024-08-12,0.0,0.0,0.0,0.0,0.0,0.0,0.0
2024-08-13,0.0,0.0,0.0,0.0,0.0,0.0,0.0
2024-08-14,0.0,0.0,0.0,0.0,0.0,0.0,0.0
2024-08-15,0.0,0.0,0.0,0.0,0.0,0.0,0.0
2024-08-16,0.0,0.0,0.0,0.0,0.0,0.0,0.0
2024-08-17,0.0,0.0,0.0,0.0,0.0,0.0,0.0
2024-08-18,0.0,0.0,0.0,0.0,0.0,0.0,0.0
2024-08-19,0.0,0.0,0.0,0.0,0.0,0.0,0.0
2024-08-20,0.0,0.0,0.0,0.0,0.0,0.0,0.0
2024-08-21,0.0,0.0,0.0,0.0,0.0,0.0,0.0
2024-08-22,0.0,0.0,0.0,0.0,0.0,0.0,0.0
2024-08-23,0.0,0.0,0.0,0.0,0.0,0.0,0.0
2024-08-24,0.00022591427512441697,0.00022311740734837215,0.0002591106462470627,0.008058606241358568,0.011901387360019777,0.00414086182435347,0.006080249003133531
2024-08-25,0.0002689188195077463,-0.0017691582374150805,-0.002653226641443851,-0.001990909504522187,-0.003237199839811522,-0.0018804664620629685,-0.0024943311624666675
2024-08-26,-0.006974465625851023,-0.006663216080375012,-0.007838374978589746,-0.0028196348143655348,-0.004149241820424976,-0.004742349255834055,-0.006086983327224904
2024-08-27,-0.00015595499167431193,-0.00013186692327615823,-0.00015638045687826896,-0.00025827436832426276,-0.0003921970313425227,-0.00019508215164554255,-0.00027430461490041136
2024-08-28,0.0,0.0,0.0,0.0,0.0,0.0,0.0
2024-08-29,0.0,0.0,0.0,0.0,0.0,0.0,0.0
2024-08-30,0.0,0.0,0.0,0.0,0.0,0.0,0.0
2024-08-31,0.0,0.0,0.0,0.0,0.0,0.0,0.0
2024-09-01,0.0,0.0,0.0,0.0,0.0,0.0,0.0
2024-09-02,0.0,0.0,0.0,0.0,0.0,0.0,0.0
2024-09-03,0.0,0.0,0.0,0.0,0.0,0.0,0.0
2024-09-04,0.0,0.0,0.0,0.0,0.0,0.0,0.0
2024-09-05,0.0,0.0,0.0,0.0,0.0,0.0,0.0
2024-09-06,0.0,0.0,0.0,0.0,0.0,0.0,0.0
2024-09-07,0.0,0.0,0.0,0.0,0.0,0.0,0.0
2024-09-08,0.0,0.0,0.0,0.0,0.0,0.0,0.0
2024-09-09,0.0,0.0,0.0,0.0,0.0,0.0,0.0
2024-09-10,0.0,0.0,0.0,0.0,0.0,0.0,0.0
2024-09-11,0.0,0.0,0.0,0.0,0.0,0.0,0.0
2024-09-12,0.0,0.0,0.0,0.0,0.0,0.0,0.0
2024-09-13,0.0,0.0,0.0,0.0,0.0,0.0,0.0
2024-09-14,0.0,0.0,0.0,0.0,0.0,0.0,0.0
2024-09-15,0.0,0.0,0.0,0.0,0.0,0.0,0.0
2024-09-16,0.0,0.0,0.0,0.0,0.0,0.0,0.0
2024-09-17,0.0,0.0,0.0,0.0,0.0,0.0,0.0
2024-09-18,0.0,0.0,0.0,0.0,0.0,0.0,0.0
2024-09-19,7.121616143068721e-05,0.0029147151001660543,0.0033036864772055807,0.004372619697067259,0.00609590526056869,-0.0009897126295105307,0.004699648145672697
2024-09-20,-8.48829954258612e-06,0.007680234433560917,0.008835524591233046,0.004157697692555251,0.005888533730339374,0.0062932440663809874,0.007361555917215545
2024-09-21,0.0005390708574481984,0.004889632696782886,0.005747983431163117,0.0035453218467926817,0.005171169856009961,0.004223911347251974,0.005459536505174167
2024-09-22,0.0013196706944935688,-0.00399985750947407,-0.004766910971698013,-0.008600577571989176,-0.01267415925490889,-0.004618589814210927,-0.007662635160919584
2024-09-23,-0.0014650961773036153,0.008287650080305742,0.009875989403975494,0.0002854893143748871,0.00042216130754901826,0.003352361368538004,0.00539666464981603
2024-09-24,0.0056700691170963324,0.0007762265993662698,0.0009235366423783198,0.014163363736851231,0.020940914443291048,0.005427474206150196,0.011184987195892893
2024-09-25,-0.01075327919935809,-0.013783985425915413,-0.016457939684827227,-0.012794487427236878,-0.01971189743072621,-0.013415065256046299,-0.018061129429208678
2024-09-26,0.019945247374047126,0.0085930377406227,0.010293540131186552,0.018496487142640516,0.030763151177506387,0.013065922889358372,0.018902797050361686
2024-09-27,0.0077987826893370915,0.01682176130567492,0.020111652382581502,0.00742346714861597,0.011473591479305378,0.012103796790924548,0.015766256678711343
2024-09-28,0.0011433132547302716,-0.005114452506723488,-0.006094983881918203,-0.003137895297281701,-0.004830460719952301,-0.004126842722512736,-0.005461873406999107
2024-09-29,-0.0035410639394857224,-0.004621825032734006,-0.005524361465936489,0.006537225116771239,0.010103264397784528,0.0006738601038938086,0.0019251904862112035
2024-09-30,-0.031216605472496495,-0.01654439886935022,-0.019146907232722166,-0.0191173156155231,-0.02966108120547095,-0.01856104167815742,-0.024807999089655808
2024-10-01,-0.02524083351353068,-0.036883258086895854,-0.044590746397416114,-0.025921032903532648,-0.04130143052683266,-0.03140823460745712,-0.042955493015114476
2024-10-02,-0.0038104697925320785,-0.009566648392346555,-0.011665065269569563,-0.007588539854429532,-0.012007809926921853,-0.00857756638514573,-0.011836480729019883
2024-10-03,-0.0022979489924180863,-0.0031370035708712107,-0.003800987205329953,-0.005795791612836387,-0.009147165636900767,-0.004466604573611144,-0.0064745194157797
2024-10-04,0.0030561067775698447,0.002311888659431549,0.0028135859836904142,0.0038068132417989897,0.0060790553010621196,0.0030593509506153804,0.004446320642376378
2024-10-05,-0.00010657979989303623,2.0101295849617173e-05,2.4451190276275625e-05,-0.0006806084343067287,-0.0010844009284868283,-0.00033051464754840776,-0.0005308760926194811
2024-10-06,0.0029004596781447844,0.002039838499437341,0.002481246119818703,0.004075953835408708,0.006496767580509877,0.0030582980070115173,0.0044911567363643545
2024-10-07,-0.01896081445847486,-0.015537079180823032,-0.019131009490690354,-0.018847548807035763,-0.03022756788052361,-0.017191669568991652,-0.024672887621398076
2024-10-08,-0.0009657158437634816,0.0008433057593046911,0.0010460307731250396,-0.001594706482051178,-0.002583217851955366,-0.00037499149536146525,-0.0007638403863511334
2024-10-09,-0.0057876813787186565,-0.005545239049495554,-0.006852745310916175,-0.004267044618583293,-0.006837524125364314,-0.004906917710606584,-0.006845115978219574
2024-10-10,-0.007230320644333821,-0.003223333218067892,-0.004070269320707087,-0.005246959995531597,-0.008349198673253455,-0.004235176522212392,-0.006209761554821336
2024-10-11,0.0031902542004293988,0.0004907914022509452,0.0006402286691065129,0.002467944259419763,0.0038888350892445356,0.0014792108870678167,0.002264415175449619
2024-10-12,0.002876374901365386,0.004045242864092913,0.004998181406011382,0.0002662964102975174,-3.345747973626523e-05,0.0021768469982224037,0.002729860666099704
2024-10-13,-0.004340958875524437,-0.0024265599998496423,-0.0029983276883094323,0.0009215569256397771,0.0016596417617296133,-0.00041606293109863746,-0.00032681170237258694
2024-10-14,0.0390558156284202,0.041834128834778994,0.048010647971627796,0.033213176273291456,0.04839637947601383,0.03544933442556353,0.048203526379633654
2024-10-15,0.014316325063908009,-0.008062870397015032,-0.008133256198940786,-0.012514385972559161,-0.017176210134377645,-0.009102331277019537,-0.01265631880890572
2024-10-16,0.00778119628228624,0.0011017926793583932,0.0013520022294002398,-0.002119008749551843,-0.0029641930603034883,-0.00042174556324026113,-0.0007969690885366587
2024-10-17,-0.002803885494339964,-0.0015807789598832889,-0.0019392783124880797,-0.01572326801334989,-0.0234124192806473,-0.008540206923546068,-0.01260725701602261
2024-10-18,0.014272605454295206,0.010864897788799066,0.01333369779344351,0.018763626044822512,0.028159586047502794,0.014734811146902116,0.020618681643960635
2024-10-19,-0.000699238969040783,0.0017819952422830632,0.002181584973969475,0.020118801555774724,0.029917445307073853,0.010775311285941225,0.01591082467750371
2024-10-20,0.009152305515932602,0.0310693772739854,0.035634408566191045,0.0309452697716619,0.04557902275720882,0.030054501000107203,0.04062485932454929
2024-10-21,-0.022943878340073276,-0.024528044687537998,-0.02795956744352679,-0.00485153442607178,-0.007045772278958751,-0.014031286310928093,-0.01741455432459882
2024-10-22,0.0006883747203794144,-0.013758947238100894,-0.01573921916014487,0.005628264160440821,0.008191861597962813,-0.003639757004626931,-0.0035455187941255684
2024-10-23,-0.010741896158058428,-0.031213900087274205,-0.03577823475031161,0.012848909116471408,0.01865385834973532,-0.00978146825694115,-0.007716535589843532
2024-10-24,0.021931134381504513,0.003678021484529559,0.004235806412971943,0.024671369084179995,0.0356134213434387,0.014619314212631407,0.021016968281012627
2024-10-25,-0.021044075682973395,-0.03198678496645457,-0.03582050770575462,-0.04667359720214037,-0.06666204811386067,-0.04011660123797678,-0.05424865884230157
2024-10-26,0.00565275123231701,0.014074264469357,0.01634734616134792,0.021856237597295713,0.0325777649579817,0.01956971457355894,0.02700121416563639
2024-10-27,0.013238218703298221,0.008618059571910974,0.009710544226036566,0.020685410571475993,0.030467097811831545,0.015915632305221195,0.02228704649137203
2024-10-28,0.027292681686536868,0.021469355365205445,0.022694815901859178,0.006928620942435515,0.008535661828806385,0.01326060122863093,0.016525216000033094
2024-10-29,0.03798179308785854,0.02511748679053616,0.026519365544023676,0.004303524237226908,0.005761244367899154,0.013962077936110484,0.01696438727724514
2024-10-30,-0.005166278225899101,0.007005004714148777,0.0073858736532752545,-0.017254096382789186,-0.023065047486965362,-0.0055060484353878225,-0.009053757098982818
2024-10-31,-0.027216214950275264,-0.047960435292269565,-0.05054897233312261,-0.023846687248020193,-0.032067550221269836,-0.0349938160974792,-0.04449584339311041
2024-11-01,-0.010849073255823738,-0.0025514353813053114,-0.0026964738722825565,-0.01023814585780003,-0.01388455684246881,-0.006434180291613023,-0.009179993694274136
2024-11-02,-0.001670976681255154,-0.006200901914209411,-0.0065543504656220275,0.0002795689121046774,0.0003805419493667639,-0.0027968522887078517,-0.0032646296212375248
2024-11-03,-0.008263972076907322,-0.013523074493344556,-0.013952037038443055,-0.014185331601494378,-0.019780653998431874,-0.013650799045397122,-0.018417242600436645
2024-11-04,-0.012886911041732563,-0.021299756326259245,-0.023073296043411684,-0.01776063762296287,-0.025391097378034244,-0.0197672108050434,-0.02640660595061073
2024-11-05,0.021458282861999356,0.007979319809309215,0.009658402691610002,0.033979910277173175,0.04931791597816537,0.02257328138046999,0.03266682226270046
2024-11-06,0.08415941590485998,0.09859792141398138,0.10773193241215084,0.07430247602832685,0.10433606396050132,0.0886767267166515,0.11138050333255545
2024-11-07,0.0032146591315762585,0.043644639665630036,0.04790666912104902,0.027532853308056326,0.029004922807920108,0.03745288731925478,0.037325201904295335
2024-11-08,0.007306362626595453,0.014573601374978429,0.016377204850624327,0.009608901270439008,0.010108168857688504,0.013470551945545362,0.013370085050174119
2024-11-09,0.0019056427088974814,0.03564192191753213,0.03998182844172349,0.00010877084619687061,0.00011436589997337876,0.021198447605371262,0.018875360444569056
2024-11-10,0.04401603839528967,0.011927956927566097,0.013324516841967782,0.027679169670452364,0.029102793176163155,0.019764863757291584,0.022420809248585805
2024-11-11,0.09135326883957262,0.03895618365292064,0.0434573116642587,0.03002565101697452,0.032018033814219526,0.03597522554277366,0.03924874275797796
2024-11-12,-0.006125849277527462,-0.02311021000215152,-0.02567272564992551,-0.02315244100653291,-0.02525161759868122,-0.026473681546909877,-0.027039940590352418
2024-11-13,0.023567872127019163,-0.01045680229606294,-0.009629350077258292,0.007885331020935915,0.009890805258020663,-2.826944543588006e-05,0.0011243910378315736
2024-11-14,-0.021799911580903553,-0.021400201993822754,-0.023526712472255684,-0.010376055628636083,-0.01146938782313256,-0.017363400324746037,-0.018527093308662534
2024-11-15,0.024772680742627617,0.005298455151309556,0.005855368303679942,0.017989307409416844,0.018530549139079033,0.012294453259323657,0.013863905620867367
2024-11-16,-0.0029095288458673707,0.007242542283465658,0.007999364222760263,-0.005452665095119769,-0.005613733958677702,0.0009391602151032075,0.0006314868664893947
2024-11-17,-0.00531144629783975,-0.009540871363046488,-0.010529949167354502,0.043079906495818276,0.04440316496928154,0.01784107969090698,0.021174704178843262
2024-11-18,0.00439836902549362,0.022324598827412112,0.024663562224210844,0.003754500859835641,0.0039268280031270475,0.013952445835664351,0.014680687205951504
2024-11-19,0.01329892401579702,-0.016628003030502048,-0.01832819736402025,-0.003482494736570918,-0.0036417119024956257,-0.010879423468760474,-0.011478104416446033
2024-11-20,0.014041600383736252,-0.006264411992593977,-0.006970701355025644,-0.0034784858845378075,-0.003638101041032904,-0.005492567893957578,-0.005928255968130514
2024-11-21,0.028248138949584334,0.05304025434292914,0.053549290935286153,0.033915915628188076,0.035477877100297706,0.04678756971341924,0.05084752689471639
2024-11-22,0.0038771457055186698,-0.004256289370326627,-0.004984240158107167,0.0008322537393243845,0.0008692690757932109,-0.0018278957220854153,-0.0018181241311548968
2024-11-23,-0.008928705076279853,0.01008460749070994,0.011818011967369202,-0.0031536584051360395,-0.003293798769274825,0.0035662969858933913,0.003433469210014195
2024-11-24,0.0017557778373182842,-0.004182082431843259,-0.005777288302628136,-0.0033997276269160936,-0.0027375994581594343,-0.004877914158019192,-0.005267011946997746
2024-11-25,-0.03884638489357528,0.008917464493847227,0.009466850894069845,-0.03324137634311297,-0.03465195174804192,-0.0139520212482791,-0.016515929009694674
2024-11-26,-0.007761000472369939,-0.014887537645883686,-0.01579612633554761,-0.006426360310331836,-0.006753443815182614,-0.011184405388938612,-0.011950497641302404
2024-11-27,0.030161371839222628,0.05531662655044345,0.05874679201976596,0.02088639562347039,0.021956682014083073,0.03986762947025202,0.04250779516701719
2024-11-28,-0.0016459301644838886,-0.011884185150324411,-0.012580229136427978,-0.007933112343315729,-0.008330896626723372,-0.010471711866007816,-0.011285490483284089
2024-11-29,0.013662985272574257,0.002166786397798548,0.002295309606040963,0.010503477405990003,0.011034570114060172,0.006813752622659708,0.00768973777062798
2024-11-30,-0.008493467687022305,0.017946087601194094,0.019008124345669453,-0.011352160831261893,-0.010895123124297856,0.003647807253366775,0.0030945019202217594
2024-12-01,0.006705921939936799,0.0006346629915827684,0.000995873445254647,-0.0016422445264830943,-0.001877126938220397,-0.0006252871294486484,-0.0003523165571839293
2024-12-02,-0.011521505671807541,-0.011203345460821246,-0.011745091627666682,-0.022782501129571697,-0.024041276699915626,-0.018580304026464267,-0.02048408325628359
2024-12-03,7.862653060741742e-05,-0.0050768251450944435,-0.005352641355014787,0.017253780045181966,0.018230566688340888,0.007539172057169363,0.008798012370103914
2024-12-04,0.02518182119877399,0.039411579528749074,0.04156427346610636,-0.009866417108823522,-0.010414982994951028,0.013003419442001452,0.012815173060484408
2024-12-05,-0.008709645420073686,-0.008932083214469255,-0.009400492108319392,0.013975695165356683,0.014760912056067221,0.0036188764562286035,0.004543377790164227
2024-12-06,0.018064095332081198,0.033343872200347624,0.032518982327239376,0.0021220566870010504,0.0017418044699517576,0.018891445307716026,0.019581010388081355
2024-12-07,0.0006491790894274097,-0.000400879170820434,-0.00039186881726993583,0.0026109758587840037,0.001590294344956611,0.001267080079932592,0.0014547497321506508
2024-12-08,0.009451255780018819,0.001619314786337922,0.001225292796146471,-0.002343691363202338,-0.0023341844363286013,-0.0006627187251531108,-0.0008146196963485508
2024-12-09,-0.02840727788799835,-0.04830616801566845,-0.0470365501666391,-0.04625159074937957,-0.04259408374802642,-0.04747476647049198,-0.05127707699599693
2024-12-10,-0.008328950651356193,-0.01763503843791947,-0.016759363127818228,-0.010175633152031627,-0.01067625721868759,-0.01084076562338232,-0.013430651820788286
2024-12-11,0.032302404491495684,0.029871787529387017,0.029795035289369,0.028930114162943,0.029174519496795837,0.03446801101078778,0.030434401307989134
2024-12-12,-0.007863115293839873,0.007096021962216481,0.0070783170407422435,-0.0006777581694173973,-0.0006833216460456759,0.0037488428311480693,0.003064552181966329
2024-12-13,0.01004166922090155,0.00356404267227739,0.003573992984706953,-0.004459796080304557,-0.004496429998610885,-0.0004988189488195349,-0.0007293694883140356
2024-12-14,-0.0002469326831174845,-0.005681995013826269,-0.005623062010785218,-0.011319339937765793,-0.009861066736210677,-0.008824854403823634,-0.007792101243217053
2024-12-15,0.023788353161884768,0.014419095849271368,0.014915092306457156,0.01019347360005285,0.010182744867071047,0.012653114107694652,0.012166618434405807
2024-12-16,0.012515337829142936,0.0045375842087467255,0.004543652209845428,-0.018786214437616522,-0.01876664106951975,-0.0073583400585401915,-0.008975301473353459
2024-12-17,0.0005819617032207791,-0.015511162861638783,-0.015531811741482215,0.016492007095391337,0.01647449542812729,0.0005713537350113818,0.0019489753685222322
2024-12-18,-0.04593591716781564,-0.04498857558289826,-0.045049410468412376,-0.038742828560479614,-0.038702357105083074,-0.0420328090767037,-0.04462849071450803
2024-12-19,-0.017248068696079644,-0.031617621758922576,-0.032210267774073875,-0.029532168582259266,-0.0296551351124954,-0.032440880345117384,-0.0341415269496389
2024-12-20,-0.0020688840003676434,0.0003333534862051124,0.0007872873525605062,0.0003220370507974746,0.0004270125513614609,0.0040102290317833855,0.0038930573770807886
2024-12-21,-0.002740978233293667,-0.014141211124036879,-0.014946273795876874,-0.0214413077083927,-0.022480116069441336,-0.02049974631023921,-0.021495265222556736
2024-12-22,-0.011271976552847618,-0.005470425077639618,-0.005877233310913055,-0.0015638781912769018,-0.0016413888611216398,-0.004121002726817036,-0.003857993674294846
2024-12-23,-0.0016502037656878077,0.013556183104575181,0.014570248740834124,0.016151702148878844,0.01695354690945794,0.017829318286256335,0.016252454264634064
2024-12-24,0.020333708733621725,0.006466193637485018,0.0069405503288448855,0.011569019783164602,0.012133784357129862,0.01101951401501644,0.00998796478907904
2024-12-25,0.003946972935738868,0.00043932080363084935,0.0004722435604498365,0.000573473910829625,0.0005648633382018264,0.0005614783331435724,0.0005101633568915798
2024-12-26,-0.021412939863541314,-0.018616953161102456,-0.020011451452556894,-0.015209579059976885,-0.017695430941597423,-0.017841279830318357,-0.016374335537980844
2024-12-27,-0.0090608326994015,-0.00018038890537497299,3.810053276454006e-05,-0.008247117697170459,-0.008505591078655672,-0.004468556107528943,-0.003938523915736236
2024-12-28,0.005403924691511408,0.008258381889217459,0.007837637691841426,0.022122895315831004,0.022822198211740474,0.01559825378101265,0.01400800353707976
2024-12-29,-0.009464193586940506,-0.005521690273481927,-0.005975250050431979,-0.01066852894217496,-0.010998235630545361,-0.008263236609062252,-0.007471253913802545
2024-12-30,-0.005788259736923207,0.0006262750130170414,0.0006780273990398822,0.0027928680375062243,0.002880140366716244,0.0017780371830729003,0.0015868527245854747
2024-12-31,0.004823891094626553,-0.0028094675180800888,-0.003041471235903037,-0.004003566371360789,-0.004128311660095529,-0.003444173333523315,-0.0031300131070512993
2025-01-01,0.006220468721521266,0.002866073926979462,0.0028656255235632866,0.009651066155241805,0.009953025883957523,0.006371590505135805,0.005699755962761399
2025-01-02,0.014716461245740664,0.012413825520883437,0.01160114079280139,0.026983934045674784,0.02781987927937668,0.019190788351169497,0.017097795906208413
2025-01-03,0.009211500378374593,0.026221936569538196,0.026583452347023195,0.020817695250431312,0.022197431871737283,0.021786342736005215,0.02247190693900225
2025-01-04,0.00031665517484702477,0.007847046345164088,0.008226847919321933,-0.003226308248999832,-0.003423773523756668,0.0029380680977051377,0.0023866964514365208
2025-01-05,0.0012907862205169263,-0.003733333977518738,-0.004312197620562674,-0.008517203664458739,-0.009681766794675029,-0.005948501370763859,-0.006781626125785034
2025-01-06,0.03670436383403053,0.010014843242436067,0.010662208343151347,0.012362029524669138,0.014313003394846868,0.010796757586424954,0.01246927657255048
2025-01-07,-0.047882201183994666,-0.056772667251942965,-0.06265304401529004,-0.03929505940495148,-0.04733149318964769,-0.047432011173099586,-0.05636849385623377
2025-01-08,-0.013606883368054934,-0.008839738494390903,-0.008984095716834117,-0.010501636849646223,-0.011916774902653637,-0.010442429197903613,-0.010907143872787683
2025-01-09,-0.017706862701693415,-0.01737286262017579,-0.018139473729224753,-0.028354379276145814,-0.03222132815914058,-0.025158415760784036,-0.026439791626757247
2025-01-10,0.015621970741405367,0.007217128320353261,0.00817674655511702,0.006358048299359043,0.00725402365202088,0.007709650230620646,0.007997687618795712
2025-01-11,-0.0008924914686423424,0.0023650061996711713,0.0026769164678051016,0.0009488389586864709,0.0010815862711708313,0.0018826279557446757,0.0019228514307263467
2025-01-12,-0.0008022634423834329,-0.0028034352426286047,-0.0030635691055417302,0.0009710599927610364,0.0011067693575836923,-0.0007729721576488213,-0.0007231249089695302
2025-01-13,-0.0035381377057573937,-0.024292710602377476,-0.025467916861604656,-0.015307675860651182,-0.02111311945599137,-0.02080535781587356,-0.018999414513262702
2025-01-14,0.015208620055225719,0.015143107423619462,0.015268427040121102,0.011124296064805028,0.01310695170692,0.0125029260882632,0.014405749319430061
2025-01-15,0.03350301533500932,0.041932346035201684,0.04377052704866191,0.0487554801258101,0.05617778692701059,0.04331565081138633,0.05421812561074968
2025-01-16,-0.004406264416396244,-0.025560758277748064,-0.026634272540203008,0.013410758999242933,0.01612971174813449,-0.005195038235898508,-0.005303062417214455
2025-01-17,0.03549098631810388,0.030273717092057506,0.03157995951125181,0.020977773054794424,0.021670349985731585,0.024246783499890956,0.02957535750835083
2025-01-18,0.004011789267638788,-0.0324237380092689,-0.030676056792532602,0.09324780273521016,0.10446077284381583,0.03251711706557159,0.04872017341882251
2025-01-19,-0.02691376421309677,-0.010497329433494906,-0.009289609680600441,-0.005308911132287153,-0.010542818600239423,-0.01706963719715615,-0.019457679956756735
2025-01-20,0.018748038959985447,0.011442601914267492,0.010848478741520395,-0.009666554474675348,-0.010990452404123219,0.0017848038551295797,-0.0051723842564338485
2025-01-21,0.022701323978846943,0.005367498351407374,0.005029919671623473,0.009141784544185239,0.011294686219300631,0.007402664937517622,0.010226984175146336
2025-01-22,-0.013929272497204215,-0.010415279056183002,-0.00976350809026183,0.007823655388973672,0.009645558181777591,-0.0019442111806409201,0.0006591794357868608
2025-01-23,0.001180550889290144,0.013849669649742546,0.011098339995698314,-0.004693088780167387,-0.005775532486924861,0.004549892328139293,0.0025194974338087484
2025-01-24,0.005558626985486592,-0.0038923457116253335,-0.0032283203668177496,0.0002884603778912087,0.00035537919741734925,-0.0019662743017819784,-0.0016182392865474737
2025-01-25,-0.0008520873980263355,0.0012061728208705436,0.0013127243040200742,0.0033717948661182717,0.004153726775564248,0.0027432583687625467,0.0032755750860378186
2025-01-26,-0.013413116535849423,-0.011958369946358571,-0.011330824842744391,-0.017587165580105424,-0.021648824395563593,-0.01804386182874096,-0.019761015539899396
2025-01-27,-0.006019389763625482,-0.009621611644500372,-0.006673427442564828,-0.005806967443882538,-0.007802472166188901,-0.008317803406498347,-0.008433716614163811
2025-01-28,-0.004953265358391579,-0.016221911022453184,-0.01402304804410226,-0.010623263080908774,-0.010975719216284152,-0.014957158646313529,-0.014214746448062199
2025-01-29,0.01636737919713349,0.005673666818138745,0.0054789412114200076,0.0015084369606044312,0.0012353536327205372,0.004174902750668341,0.0034967002934847002
2025-01-30,0.006909354955445313,0.020815503515041245,0.02029781236312367,0.013897795279325553,0.016849523628235774,0.019387614781150697,0.018472913452282524
2025-01-31,-0.017174769286124048,0.00904023535806675,0.007988005121486896,-0.009718006664997225,-0.01067683776184336,0.0007165180724879594,-0.0036875951316842626
2025-02-01,-0.012696072063819841,-0.02788954555860379,-0.027122885896622817,-0.029578162424779952,-0.03092404558291062,-0.029239298698394922,-0.03338614223698233
2025-02-02,-0.020330285666855463,-0.034668379572294516,-0.034053892903647576,-0.01437072900716918,-0.01645285056265966,-0.027898103456744927,-0.028518751840508783
2025-02-03,0.019119208428819423,-0.010043587044943902,0.0011281758181456158,0.012137821237381718,0.018313955583743713,0.0023675142278127836,0.012730646364064846
2025-02-04,-0.020818903558336155,-0.012996910161149788,-0.017291916727291357,-0.013127251050918054,-0.013576461662152983,-0.0149793829445235,-0.01946550853940876
2025-02-05,-0.005426275045424145,0.005052579997403939,0.005350625799826814,-0.011194105678643429,-0.012251939275388146,-0.00410598641272597,-0.004354715950226962
2025-02-06,-0.0026497202834538935,-0.00895218605633663,-0.01180743934996309,-0.009801354700305742,-0.01087648051901513,-0.010428780419080685,-0.009594614292163128
2025-02-07,-0.0013343222334701865,-0.005737556847115521,-0.007370197637898701,0.00324635858239275,0.0035947415838830654,-0.0019908312371484937,-0.003006220975049767
2025-02-08,-0.0004224454472160355,0.0009249714903620809,0.0011903895396776498,0.009681146388127004,0.010716357386866271,0.005810189151015388,0.00752317877168629
2025-02-09,0.00011446364783185281,-0.0005896332663934967,-0.0007355578704708599,0.0015043067561149037,0.0016634576939313916,0.0005088351213697884,0.0006982097939796095
2025-02-10,0.005597925157868167,0.0038002383587047994,0.00474142758959184,-1.1102230246251565e-16,0.0,0.0019565382842974266,0.0025127598785013028
2025-02-11,-0.009588401981901029,-0.006523107368126446,-0.008131034373971002,-0.003278381315662715,-0.0036246477793873133,-0.005134104236592885,-0.006687034961303073
2025-02-12,0.007804884370027132,0.011546096130448547,0.014449839848857948,-0.0005376793445650563,-0.0005448760480663006,0.005969075724506112,0.00724066143104829
2025-02-13,-0.009215921368300073,-0.008000525939712455,-0.00994938383136279,-0.005125768354032556,-0.006525147644534379,-0.006876311104749955,-0.009083109933442968
2025-02-14,0.004994083348758505,0.003945078644325584,0.004909058879120298,0.005217254179924025,0.006935064599090657,0.0036010702415165685,0.006647766277379841
2025-02-15,0.0003514510547526495,-0.0033149481221662613,-0.004115148496117715,-0.005772639878081076,-0.007695890258547222,-0.004894638269121621,-0.006667968640452826
2025-02-16,-0.005860717125309112,-0.0023244844856996627,-0.002950582026714721,-0.00678455440677006,-0.009146522808421986,-0.004863611532951895,-0.006894319312617969
2025-02-17,-0.0010580218272321362,0.005378928553515072,0.006902072904273471,-0.008083745206619253,-0.011532631277685779,-0.0013534979357913146,-0.003070831344944014
2025-02-18,-0.000339118534004923,-0.004665196555250994,-0.005977178926713234,-0.006229834148579694,-0.008918769617934807,-0.00544254451702475,-0.008366246651460352
2025-02-19,0.0019622993297083724,0.002830059599712609,0.0036307364643597406,-0.00029779128262130694,-0.00042748132253456195,0.0012777058615467407,0.0017031692077655869
2025-02-20,0.005483617421271569,0.0014570151242925267,0.0018661752723043712,0.007480817995165312,0.011699487230978134,0.004456896857220505,0.007812047172532033
2025-02-21,-0.01395933049152509,-0.012490940477109747,-0.01889307635081794,-0.009913941282931882,-0.019829696498758764,-0.009952632182484766,-0.02157395405936935
2025-02-22,0.0011922476137460336,0.006598619596922317,0.009547037849664486,0.0025248725678208572,0.0042988327373914,0.004563372025230716,0.007548472408483997
2025-02-23,-0.0009455178953966525,0.0036936875139117475,0.005328506192588733,-0.003323150588081414,-0.0056479819970639555,0.0001953957003095752,-0.00039319517735825205
2025-02-24,-0.015197384176316109,-0.019952797963106783,-0.032590865003374714,-0.02109526615206736,-0.043422818943520514,-0.020519811387285092,-0.03587411034276644
2025-02-25,-0.009682673339210579,-0.004426413226583548,-0.005292421595181285,0.0009703640277289871,0.0014983953261724636,-0.0013488484442886195,-0.0025815641136562872
2025-02-26,-0.004559797809796096,-0.003282474831040494,-0.005336835822295161,-0.0024537905184333075,-0.004617961950487137,-0.005335691862902947,-0.0054910117269955094
2025-02-27,0.00047405219428475753,-0.0005921836062888763,-0.0009647946312670852,0.0006443052546643013,0.001215200005227679,0.0006761129599552884,0.00020155576447122847
2025-02-28,-0.004975829030457679,-0.003688635814126262,-0.006011823549549766,-0.0026984123108778624,-0.005086472406714226,-0.005920187469393823,-0.006120626093703785
2025-03-01,0.0,0.0,0.0,0.0,0.0,0.0,0.0
2025-03-02,0.00010433983067326125,0.0010430654209625523,0.0016928891350005415,0.0021921930004626944,0.004582398135994703,0.0,0.003241712593432533
2025-03-03,-0.010221795257995603,-0.01094478237950447,-0.017751794873513305,-0.011634967699725607,-0.024263009361725985,0.0,-0.02156167490428962
2025-03-04,0.000343476374379037,0.0006745669591421422,0.00028609770347398644,0.0008470639073101527,0.00046469734474907654,0.0,0.0014860803500071906
2025-03-05,0.0013148546737273836,0.0020996348777599927,0.0011122552874511804,0.00047948936349784255,0.0003524419465679163,0.0,0.002245500132672218
2025-03-06,-0.003376284369467908,-0.0011776731188845035,-0.004283986326594547,-0.0009553026201315484,-0.0038130937990263902,0.0,-0.0020137674262916683
2025-03-07,-0.0011629888887866313,-0.0018139410278716905,-0.0009109859525489039,-0.0012620764632400583,-0.0008979192398016478,0.0,-0.0028742000720941574
2025-03-08,-0.00021548681650651602,0.0018586200229480099,0.0009325807451694423,-0.0007672290115018354,-0.0005456552070454146,0.0,0.0006765739160194961
2025-03-09,-0.0014654684227256576,-0.005437824804433333,-0.002731006020811333,-0.003486249065286273,-0.0024788794470470554,0.0,-0.008299676787487553
2025-03-10,0.0,0.0,0.0,0.0,0.0,0.0,0.0
2025-03-11,0.0,0.0,0.0,0.0,0.0,0.0,0.0
2025-03-12,0.0,0.0,0.0,0.0,0.0,0.0,0.0
2025-03-13,0.0,0.0,0.0,0.0,0.0,0.0,0.0
2025-03-14,0.0,0.0,0.0,0.0,0.0,0.0,0.0
2025-03-15,0.0,0.0,0.0,0.0,0.0,0.0,0.0
2025-03-16,0.0,0.0,0.0,0.0,0.0,0.0,0.0
2025-03-17,0.0,0.0,0.0,0.0,0.0,0.0,0.0
2025-03-18,0.0,0.0,0.0,0.0,0.0,0.0,0.0
2025-03-19,0.0,0.0,0.0,0.0,0.0,0.0,0.0
2025-03-20,-0.0018671959260662119,0.0,-0.002406615407185342,0.0,-0.0033723257623289316,0.0,0.0
2025-03-21,0.0,0.0,0.0,0.0,0.0,0.0,0.0
2025-03-22,0.0,0.0,0.0,0.0,0.0,0.0,0.0
2025-03-23,0.0008984887944814002,0.0003160778593307434,0.0004321399247875224,0.0,0.0007435229344394667,0.0,0.0
2025-03-24,0.0012969829160076607,0.0021512262824381345,0.00294080362857585,0.0,0.004848878970125536,0.0,0.0
2025-03-25,-9.633841849354674e-05,-0.00042955002062483594,-0.0005867480248474832,0.0,0.0015533677476282648,0.0,0.0
2025-03-26,-0.00044261926794098017,-0.0016170014047799386,-0.002209106198473476,0.0,-0.003715223875868312,0.0,0.0
2025-03-27,0.0002955519550138508,-0.00016759624142959062,-0.00022910159488565007,0.0,0.0006451897266095408,0.0,0.0
2025-03-28,-0.0018871565510003574,-0.003005809819702554,-0.004109150552769836,0.0,-0.004040084135680688,0.0,0.0
2025-03-29,0.0,0.0,0.0,0.0,0.0,0.0,0.0
2025-03-30,0.0,0.0,0.0,0.0,0.0,0.0,0.0
2025-03-31,0.0,0.0,0.0,0.0,0.0,0.0,0.0
2025-04-01,0.0,0.0,0.0,0.0,0.0,0.0,0.0
2025-04-02,-0.0044507507654251155,-0.0034299609057150127,-0.00483467149261585,-0.004955820066486427,-0.00893109205488507,0.0,0.0
2025-04-03,-8.813466462587183e-05,-6.218983936756572e-05,-8.778287985933275e-05,-0.00011627216265774898,-0.00021037944187107804,0.0,0.0
2025-04-04,0.0,0.0,0.0,0.0,0.0,0.0,0.0
2025-04-05,0.0,0.0,0.0,0.0,0.0,0.0,0.0
2025-04-06,0.0,0.0,0.0,0.0,0.0,0.0,0.0
2025-04-07,0.0,0.0,0.0,0.0,0.0,0.0,0.0
2025-04-08,0.0,0.0,0.0,0.0,0.0,0.0,0.0
2025-04-09,0.0,0.0,0.0,0.0,0.0,0.0,0.0
2025-04-10,0.0,0.0,0.0,0.0,0.0,0.0,0.0
2025-04-11,0.0,0.0,0.0,0.0,0.0,0.0,0.0
2025-04-12,0.0,0.0,0.0,0.0,0.0,0.0,0.0
2025-04-13,0.0,0.0,0.0,0.0,0.0,0.0,0.0
2025-04-14,0.0,0.0,0.0,0.0,0.0,0.0,0.0
2025-04-15,0.0,0.0,0.0,0.0,0.0,0.0,0.0
2025-04-16,0.0,0.0,0.0,0.0,0.0,0.0,0.0
2025-04-17,0.0,0.0,0.0,0.0,0.0,0.0,0.0
2025-04-18,0.0,0.0,0.0,0.0,0.0,0.0,0.0
2025-04-19,0.0,0.0,0.0,0.0,0.0,0.0,0.0
2025-04-20,0.0,0.0,0.0,0.0,0.0,0.0,0.0
2025-04-21,0.0,0.0,0.0,0.0,0.0,0.0,0.0
2025-04-22,0.010993856608765284,0.012355346217562069,0.019401641183375062,0.006909051690244805,0.012814432940575049,0.0052282135871977164,0.016105722671106104
2025-04-23,0.001196266025594861,0.006411535803956481,0.01029635164700582,0.003861956914776643,0.006486735463625326,0.004652098597119014,0.008726960979169585
2025-04-24,-0.0012058600301484423,-0.00523755718801211,-0.008678120213202134,-0.0002122117475894525,-0.0003081618959436261,-0.0008417417372322822,-0.004587813624879145
2025-04-25,0.004336061894191889,0.0033170858716102813,0.005276943537696477,-0.004399794941233881,-0.00801728706964644,6.648084449611957e-05,-0.0013683312416952198
2025-04-26,-7.385247624924762e-05,0.009708559304539843,0.015902624325897285,-0.004690569832832336,-0.008562391981476125,0.0017740789386047062,0.0034999164326390275
2025-04-27,-0.007874800361459489,-0.008389586467011156,-0.013646785193593858,-0.0036007878057205955,-0.007400571713908954,-0.006024292457497804,-0.009274036074577552
2025-04-28,0.011854232732966263,0.002571224007341666,0.004222950919968049,-0.0004499186049660153,-0.0008327814994012472,0.0010435205421519544,0.001709066240785262
2025-04-29,-0.007003515456037723,-0.0006180190481133163,-0.001013358402549125,-0.004919180842399951,-0.00910869765548794,-0.0024548499552577985,-0.004940414411420679
2025-04-30,-0.0007930270417033647,-0.0012547271370954016,-0.0020581751815321736,0.003974185315452239,0.007389991707493326,0.001129961348251829,0.002542710685106808
2025-05-01,0.02168856616313386,0.01331083422700452,0.021851830986253873,0.010652424149401485,0.019741002409395136,0.011101567002743895,0.020576100843459955
2025-05-02,0.0036379588273525165,0.0012073297038579511,0.001965455441098607,-0.008916135625627875,-0.0163760575931875,-0.004047526821048586,-0.006978181766332581
2025-05-03,-0.009759630773609973,-0.0028537157160279936,-0.004206087154483118,-0.004784886346756889,-0.008569783101571304,-0.003575721217376926,-0.005949492071612772
2025-05-04,-0.015408064615435646,-0.009348757339204705,-0.012586871817361178,-0.010873917302273717,-0.017533001231977985,-0.00972109204352567,-0.01505534385449614
2025-05-05,0.004520502169581109,0.004105862266387872,0.005856737373665322,0.011073705896773811,0.0179105523349139,0.006928916034632637,0.011880477585623828
2025-05-06,0.020725045725433544,-0.0011512924249358347,-0.0016393828741414485,0.0006326308734572184,0.0010163413050663372,-0.0002925057982730017,-0.0002653521562305805
2025-05-07,0.001899395795031289,-0.00212819072875825,-0.003031918791948085,0.0017386349878356633,0.0027921008614988363,-0.00028714049935552044,-2.2279105203693028e-05
2025-05-08,0.0601225966460921,0.14349033609196105,0.20460826376777352,0.06761018622720472,0.11430400353961234,0.10117749901776318,0.1527458460233968
2025-05-09,-0.002635909346391241,0.03974661620376607,0.04408937473054397,0.030740571134295402,0.045780412799396375,0.035807647304963997,0.05239838859150292
2025-05-10,0.01676872298539145,0.05642741184674671,0.06570418360881058,0.01831724419420122,0.023185406929296493,0.03772407827765667,0.04960132482278401
2025-05-11,-0.006217699266906962,-0.015396809769543607,-0.017772013212324134,-0.016544513263654803,-0.02084190168915334,-0.01525309746300274,-0.020380095746676874
2025-05-12,-0.01263476628619331,-0.004350098326749374,-0.0050333124560209,0.0036867072583184335,0.004664701840102481,-0.0007971708846554737,-0.0007905063531414847
2025-05-13,0.012658709145922264,0.04067449690856573,0.047303432250437094,0.033985695149048256,0.04295942122157381,0.0369630996311634,0.04927588035807662
2025-05-14,-0.005675883632976109,-0.014002689415180125,-0.016304409403378406,-0.022501101568528914,-0.02836235887981131,-0.018598753124775547,-0.024952366217276145
2025-05-15,0.0024512377646792594,-0.012391090248936143,-0.014461659825393158,-0.024066709934667196,-0.030532208207015632,-0.018421071262259336,-0.024997620545009647
2025-05-16,-0.0028649363820945073,-0.002377782965914066,-0.002780944413290687,-0.005802399955396664,-0.007410301869440361,-0.004072009527778975,-0.005593316857399611
2025-05-17,-0.0032319664088074074,-0.01278040243767542,-0.014953407533823682,-0.004841446517511505,-0.006193074786270403,-0.009867611007390531,-0.01295532292577084
2025-05-18,0.031992869833511905,0.00459081161907271,0.005554403994745272,0.024524932291103863,0.031414435804380414,0.014065242533592537,0.019717540576922765
2025-05-19,-0.00820320012086373,0.006380524148369204,0.0074285932801096966,-0.02094562570256553,-0.028227389025095362,-0.005959670710182996,-0.01263605174405813
2025-05-20,0.011988287071339476,-0.0008104391147358836,-0.0009529701945480973,0.005747073641174438,0.006752406002841438,0.0021309152358006678,0.003221284903347943
2025-05-21,0.025934166501458744,0.005503135468877485,0.0064718893439497105,0.01631694427192487,0.019152113945072102,0.010773177144897117,0.014293375775566775
2025-05-22,0.018567366731510715,0.02324602585205371,0.027311866147718522,0.01998747027242742,0.02339515215788235,0.02309750750840789,0.028219802269638494
2025-05-23,-0.03888691322067506,-0.02760558114922851,-0.03230556308829824,-0.018066371528766445,-0.021076110256290637,-0.02479850752089252,-0.02852465752999156
2025-05-24,0.004099807622466978,0.0008004497319840098,0.0009412797107881676,0.006035575525406012,0.007062710744918821,0.0032643223447936798,0.003888180467253921
2025-05-25,0.01143417304315153,0.004269752385516412,0.005020260064036108,-0.00041931051985144574,-0.0004901684032330156,0.0023464219040816303,0.002520118571870844
2025-05-26,0.003918516408205175,0.0030888377834936698,0.0029942306999655166,-0.002678259418325002,-0.0031310714806424,0.0002826572462109045,0.00015281882337903063
2025-05-27,-0.004501667199977355,0.021673333556454732,0.023229303739709994,0.005823871275425274,0.006811603116443576,0.014499953468963156,0.016054793572559678
2025-05-28,-0.010529626587216345,0.004541550963197194,0.0048601957212064395,-0.01447537546519051,-0.01691379771388979,-0.00411296949867912,-0.005272266778735157
2025-05-29,-0.020172157067520624,-0.01091872728466714,-0.011681102838323132,-0.01795198732544867,-0.02102808419039448,-0.014157009323401692,-0.016351238321973827
2025-05-30,-0.015067234012463904,-0.021997175077853925,-0.023551231401866102,-0.03493170938420587,-0.04104587332374654,-0.02794262530642333,-0.03230976947913089
2025-05-31,0.005782407289590896,-0.0007373667547704299,-0.0007907166946591326,0.0008609919378579356,0.0010181434243599075,-2.7693244726623156e-05,0.0010956856552295502
2025-06-01,0.009964805527114873,0.0025084469977663115,0.002690081710032821,0.0042324362407795135,0.005004170684375087,0.0032939921554049345,0.004247349323332816
2025-06-02,0.002018825827969417,0.015304755491020838,0.018844942306604162,-0.0029125272269461266,-0.003440947643779335,0.007241647758992276,0.007433460432178629
2025-06-03,-0.004507115490752445,-0.0031054312924490013,-0.0036179077334457244,-0.005635878947578443,-0.006661928211828205,-0.0038814557553502604,-0.0054869710179050735
2025-06-04,-0.006399606073325348,0.0031749682655815015,0.003700822597181741,-0.006670058942840118,-0.007892531581751516,-0.001439307341058571,-0.0022912061359032787
2025-06-05,-0.030196474947366547,-0.04280377145069891,-0.04986700917381892,-0.031208383893382208,-0.036973685560413694,-0.03418621451156456,-0.046191050026482716
2025-06-06,0.027147944797248247,0.014336408426404601,0.016415510518475118,0.012713107718114847,0.015151841136007205,0.012400592288391854,0.017059775035751956
2025-06-07,0.012015561670600139,0.011047066852893694,0.011889196496793764,0.007908004297272564,0.009402341100796185,0.008733266765343473,0.011891366367443368
2025-06-08,0.0017085306311317439,-0.0033321690996039877,-0.00358319934266893,0.00840889714536508,0.009983084171419687,0.002123770778308387,0.0033048991264739147
2025-06-09,0.04247880885603483,0.0415456929523379,0.04487458896953345,0.03247821261186168,0.036022254223733174,0.03371349512552135,0.043080851662835595
2025-06-10,0.00010229662859906341,0.03251803878486892,0.033391317444896984,0.014937248078876975,0.01580806938504309,0.02434730006843777,0.02659583989575176
2025-06-11,-0.014657148651028962,-0.010351600512776615,-0.009977816856959199,-0.015423548848666147,-0.016308727859011163,-0.01305455977332326,-0.014464183110217577
2025-06-12,-0.027146943430393145,-0.030116225394735907,-0.02901780543266974,-0.032651480632042706,-0.034556462541049826,-0.03195409525093551,-0.03526605881515199
2025-06-13,0.0037056547548217633,-0.019194079181925616,-0.014706127997286211,-0.017995515925017358,-0.01760449387315277,-0.017148003944464585,-0.018655260242146143
2025-06-14,-0.006095786284945448,-0.009859004888656542,-0.011390609442568866,-0.013997187916638953,-0.014965612698088937,-0.012732300956948994,-0.014368511006906282
2025-06-15,0.0016874103908870453,0.0036578577326817907,0.004008737935709439,0.03094853474354986,0.03195898113158857,0.018240514012369813,0.02086080006392188
2025-06-16,0.011274780485131641,-0.0031332144168118026,-0.000815133441504301,-0.011783615774543454,-0.008365039710401811,-0.00814924521753091,-0.005393995962837073
2025-06-17,-0.021398701361178163,-0.010301454101856677,-0.009216790137867026,-0.013923008005908177,-0.011809845420478804,-0.013248371442383777,-0.011602321940949123
2025-06-18,0.0030766304240772424,0.0010014736184473794,0.003233837583060728,-0.00599054724362813,-0.004666574979046545,-0.0018463997732923731,-0.0005472373425873256
2025-06-19,-0.0021229076210534936,-0.0008506793361032772,-0.0009727561258557893,0.0029849338493896926,0.0026682258543295756,0.0008588986565565282,0.0008502282099254188
2025-06-20,-0.012754696020905731,-0.029258579089126546,-0.02690060422050966,-0.030413509721616827,-0.02634514117105413,-0.027361246427987762,-0.025989834874207696
2025-06-21,-0.01044190638893261,-0.02049636407910138,-0.02460464398995499,-0.013644662817352216,-0.018272926742360696,-0.017639455551668015,-0.0219527097368436
2025-06-22,-0.010356452327048737,-0.012852520295561609,-0.015493656592875271,-0.010995791491358542,-0.014794981693908249,-0.012335230387314544,-0.015428432026177497
2025-06-23,0.036497380727006146,0.0352070135343967,0.04255575863975847,0.03825563243324814,0.04552621069273388,0.03805981176977613,0.04778054005943444
2025-06-24,0.006047366895804318,0.0073864221987596235,0.008163293899870583,0.0044867743169181296,0.0050806377635495,0.005599630436080805,0.006954917732345134
2025-06-25,0.011801163374209,-0.006166736330394218,-0.006593964011118891,-0.007689165061269709,-0.008806865154839305,-0.006335655261376916,-0.00787164434257126
2025-06-26,-0.0036497308283276464,-0.0017995245020412387,-0.0006723882596846309,-0.017572984617353127,-0.017051859318562457,-0.010075189296175457,-0.008795544017551338
2025-06-27,0.0009357884195817512,0.0017459682433391688,0.0017615621259947645,0.01185347324417596,0.01165486432079832,0.006777009510766652,0.006612051730132684
2025-06-28,0.0023175216726267767,0.0026698627145085307,0.003036460859289436,0.033365386820386256,0.03580363938512132,0.018193945620561758,0.01776053130228994
2025-06-29,0.009836343010603876,0.01755048524689129,0.015676145507652395,0.010241534792073459,0.010451218069567725,0.01387045566272982,0.012253219630915302
2025-06-30,-0.011121391424841809,-0.003911315646459856,-0.003500045868042201,0.0066036725817253394,0.005927403309143875,0.0007640159965691673,0.0010677109574179777
2025-07-01,-0.013615098806688986,-0.021610136713878125,-0.020633392600620137,-0.029751566030596255,-0.03136062850515098,-0.02598927112931071,-0.024465120248144512
2025-07-02,0.02984546007212363,0.04540472471058221,0.04430498650060599,0.0223812170141251,0.022005853544578624,0.033883042986555756,0.034806470858228966
2025-07-03,0.006724371120543582,0.005472412140908656,0.005345489320608632,0.000365531307935818,0.0003595328515757501,0.0030342774399965133,0.0029769946017264015
2025-07-04,-0.014541658469591212,-0.021731336968360715,-0.021229997347296248,-0.018919483169685947,-0.018609121502179304,-0.020047918272937948,-0.021075639989503903
2025-07-05,0.0019718746941461696,0.002144436081791712,0.0021818215412798825,-0.0006207403255088506,-0.0006103644022591448,0.0008878353680124018,0.0008099127982024168
2025-07-06,0.009254025539886968,0.015518335327311172,0.01403001671777293,0.019401999274424098,0.017548514813673588,0.01703648255498247,0.016767336402665478
2025-07-07,-0.008578208250528685,-0.007949395187943353,-0.007067770275318241,-0.013166421161165176,-0.011924062282919978,-0.010398165402294879,-0.010167498431903788
2025-07-08,0.006069667652901289,0.020835187830128943,0.02029110426805736,0.012491418634225981,0.011298527625415167,0.01632445333699306,0.015922450964759305
2025-07-09,0.021123623849430118,0.04293752914102211,0.041838571041583617,0.02379022145683285,0.022569759855281202,0.03272295436764838,0.032890583596331346
2025-07-10,0.04275171135927214,0.048964407644808805,0.047761522509670584,0.03148710702233637,0.03103950336313699,0.03956867486288762,0.04093099490046703
2025-07-11,0.013028123098871358,0.001569500539441382,0.0015297805376146556,-0.005904192934291341,-0.0058227888672143235,-0.001983405424840101,-0.002383039347714222
2025-07-12,-0.0009123053861485042,-0.0035085000547723233,-0.003421964481010842,-0.00943541929680436,-0.009304566513943624,-0.006468103795665647,-0.007010938060832528
2025-07-13,0.00875845848802781,0.0043625637767268355,0.004306568438567249,0.0015837882420419724,0.0015775285753596435,0.0030012847014377897,0.0031784190857064853
2025-07-14,0.0035594848389948197,0.005650584933489133,0.005599543855375977,0.002563006317302774,0.002609942107334229,0.00410975897286181,0.004401116535708072
2025-07-15,-0.010056492676368878,0.01596064646657891,0.015799028048494757,0.004268796012650178,0.004346766069545538,0.010550512583032523,0.011256559440406821
2025-07-16,0.0037108286615414876,0.026786595462652052,0.026456361618340418,0.02317445238108351,0.023595904502092147,0.02713499903185257,0.029131186456313962
2025-07-17,0.002318819982474629,0.011791244092956843,0.011649624546057114,0.0052575147249620535,0.005350924154870373,0.009484236701793991,0.01011495398309803
2025-07-18,-0.005296934857349278,0.009643232663974155,0.009366958918746615,0.005126929616401821,0.005819890905174763,0.006148656691766785,0.008659378443582444
2025-07-19,-0.0005907336031037991,0.004218531497417244,0.0042301644252273896,-0.0006440056036488562,-0.000622348744417911,0.002534314004288829,0.0018694544393484946
2025-07-20,-0.0027185314702687924,0.015342413650218933,0.015384543330402956,0.00900175045370677,0.008698847740555848,0.01564366420947283,0.013790538062066426
2025-07-21,0.0005464402300918714,0.0005175107851336236,0.0005189103187404065,0.02852067207718223,0.027569247371291628,0.016353324276779713,0.017716503825869978
2025-07-22,0.012198904477934924,-0.0014783615022533336,-0.001482357445116489,0.01936622810225974,0.018737520641888272,0.009991002685139083,0.011182403892993742
2025-07-23,-0.005611112470749857,-0.010830427437455215,-0.010859745041790103,-0.031029291886618182,-0.03004048123971126,-0.025029870432154766,-0.02499750565213532
2025-07-24,-0.001954016093090427,0.00950056973655422,0.009692364626361805,-0.012828822405004381,-0.012407344849151736,-0.0023418733134719094,-0.004062937898646646
2025-07-25,-0.003428251665013926,-0.00041355047017765934,0.001949240040485467,0.0031192430091278034,0.007484062778577938,0.0006330865026393795,0.005642398759562184
2025-07-26,0.0014470646737734238,0.0013276077327124547,0.0017424821883567088,-0.0027102431770817947,-0.0035901077638275103,-0.0007566308865248894,-0.0014881245399579468
2025-07-27,0.007069631221590766,0.012588038676620172,0.014118222462874419,0.0055477642316899,0.00720608615350149,0.008562248570369801,0.01103213660167679
2025-07-28,-0.006351920243218734,-0.00696658977877096,-0.007768506181194845,-0.009823054204513904,-0.010522486932631359,-0.007368757675822346,-0.010216782952340853
2025-07-29,-0.0005269984369673519,-0.0005000077365765465,-0.0005580136907264999,-0.002924126813396266,-0.003134548105894308,-0.0014837468157861133,-0.0022375354849327733
2025-07-30,-0.0005220772793692596,0.0015564645033911972,0.00173713094105854,-0.006675046583124122,-0.007156895887742265,-0.002170158994339144,-0.0037180167000052666
2025-07-31,-0.009818155792358785,-0.010700002409870013,-0.011939850177253297,-0.010052683949372532,-0.010783584587056527,-0.009132623145993501,-0.012317423939252947
2025-08-01,-0.012883243128587796,-0.02036877024815198,-0.02275749392656934,-0.017400329810529858,-0.01867924715576419,-0.016620465297808695,-0.022320107067409722
2025-08-02,-0.003989039243165737,-0.0098245863256895,-0.012523402960957553,-0.00787663492012236,-0.011232870969787978,-0.0075517773681043066,-0.010193974336340172
2025-08-03,0.00923813866316614,0.011810972579177292,0.013213223671064034,0.007095664940099056,0.008537104317273947,0.008653275284988826,0.010677937728564846
2025-08-04,0.005135298634161067,0.02546394065624602,0.028447707542642364,0.0174660496850374,0.018384951403841443,0.022397928952686774,0.02513307625478678
2025-08-05,-0.005586321634128089,-0.01206867023827507,-0.013443713881931552,-0.012365116187197822,-0.013003909852854045,-0.012646110821345924,-0.014108117616734694
2025-08-06,0.0052366656559634794,0.007992754000514024,0.008915817632279666,0.009172107350504666,0.009652190094749491,0.00886751190319468,0.00989821276774916
2025-08-07,0.01497695410293498,0.02524145916509135,0.028130773019180877,0.016518792967146867,0.017375147272805647,0.02180724776566323,0.024426344572399117
2025-08-08,-0.004744239363345448,0.012090599037518412,0.011955709151952876,0.0027857827878075003,0.003335809979166493,0.0073831111450388676,0.008292677966104334
2025-08-09,-0.001270471615154256,0.026417073924182244,0.02991074627810031,0.0065977004420481045,0.007422084739854284,0.018088365591721445,0.02031177560257791
2025-08-10,0.016952549549700713,-6.082286553210636e-05,-0.0011622844253255105,0.006492594675391539,0.006298316341889265,0.002347430363797587,0.002540777793700544
2025-08-11,-0.0013563697874729996,-0.0023945182278057864,-0.0020345578410144727,-0.019061417695240168,-0.018060725253590926,-0.009970301396353243,-0.009913186492165549
2025-08-12,0.007544732824038114,0.03732316408375436,0.03593831700143535,0.03564407222613197,0.03702563707928075,0.0395538137116489,0.03911900887138042
2025-08-13,0.016404691549762207,0.013899688541289867,0.013319415516769073,0.017985108664799743,0.017901199345611296,0.01738667851384945,0.019019598452638897
2025-08-14,-0.022265425776506365,-0.015507229737161787,-0.01484573686503421,-0.01490876367027183,-0.011394211022624057,-0.017507879050818187,-0.013638674848387433
2025-08-15,-0.00513104551479826,-0.008221924448356344,-0.007864217864248069,-0.009599569363226701,-0.009855199374962154,-0.009804553269749383,-0.009532574259536797
2025-08-16,0.00018990315592226636,-0.0013496384842441866,-0.0013434934906370044,0.005571458286096842,0.006712394509749586,0.002296106313254054,0.002622799576468271
2025-08-17,0.0001197426540873181,0.0032137234038414064,0.004445623570673796,0.0022345102930785288,0.0024944698878761606,0.00324187061077974,0.0030110428238705467
2025-08-18,-0.005791998722102565,-0.014254881805974118,-0.014009345859128608,-0.013658386626008823,-0.014410443939365414,-0.013077667599964982,-0.012556564357473099
2025-08-19,-0.01826163566903838,-0.018313507669051377,-0.02116903010430593,-0.011151314115960376,-0.012205474287134033,-0.015571360741950646,-0.015628825101063892
2025-08-20,0.00812022880454566,0.02047587255249428,0.023737608183861836,0.017083546591475374,0.02356688323372036,0.020851781978705963,0.025197167227710704
2025-08-21,-0.01020311991708045,-0.008536702328329149,-0.009865037953413203,-0.010963651725211632,-0.01583629971968581,-0.010786683247622553,-0.014043902818634768
2025-08-22,0.025816660135375535,0.04667372437844053,0.06046452107050504,0.029560495578915935,0.040988632156960136,0.04259977932010761,0.05296872155503918
2025-08-23,-0.008324276673839726,-0.003883697729986202,-0.003446573250097784,0.005811048010255115,0.005491200505465255,-0.00014426589046900862,0.0008849269126136594
2025-08-24,-0.01027202743342881,8.094094477195668e-05,0.0001127699478373767,0.00196811192615165,0.00291264634450239,0.0014473177320424302,0.0015736759052666915
2025-08-25,-0.02097873473844003,-0.01925055640252049,-0.025188807044376205,-0.020550304946665432,-0.028098242728242795,-0.019846520287113645,-0.02807439835578418
2025-08-26,0.004721711030187592,0.006406032446189869,0.007836406319833289,0.005500266312903124,0.0068235428603813375,0.00842966609908724,0.0077360027625492656
2025-08-27,-0.005220107327670309,-0.005154996815896706,-0.006298890788533629,0.0045620545753877195,0.005553411042764189,-4.5009050000044404e-05,-0.0003779098405410908
2025-08-28,0.002570612741531475,-0.0013863285436263029,-0.001655384751921285,0.007656731778459935,0.009434518306530082,0.0038116210476357715,0.004186284327852174
2025-08-29,-0.014557706097806156,-0.0051992243786175285,-0.006245992337679751,-0.004956680777224554,-0.006222748679639678,-0.006734783208756423,-0.006586468763843167
2025-08-30,0.001234316267056501,0.00039984311296215047,0.00047971786191247645,-0.0013650951131956024,-0.0017106645626752126,-0.0004329217476459757,-0.0006657312300354379
2025-08-31,-0.001160031183324084,0.0005359658484864749,0.0006429818486781702,-0.0011946551184721654,-0.0014975964609783565,0.0008129758388726316,-0.0004649790484068106
2025-09-01,0.0021017633508155775,-0.0022848338220757825,-0.0027407521618993957,-0.0018976333110778398,-0.0023795580028497243,-0.00200304894013148,-0.002708616039931444
2025-09-02,0.004237987794002862,0.0003553704243450806,0.000426476326703229,0.0071037283702517495,0.008912100853373017,0.004137820499069411,0.004990197935370366
2025-09-03,-0.0002383236401239941,0.003191656043180169,0.00381249235318859,0.00046504789019974346,0.0005374263839084126,0.0015506470217299118,0.0022788280973253805
2025-09-04,-0.0022378029668499444,-0.004127303026153939,-0.005038095419593103,-0.004308866324265304,-0.005825841677769228,-0.006362861499252803,-0.0057616564983338225
2025-09-05,-0.004850661931075861,-0.0040228922855432,-0.005184813484277129,-0.0026359672442346493,-0.0037351673665320106,0.0005743013445014267,-0.00471125415972018
2025-09-06,-0.0009765248497262125,-0.0009408319478392269,-0.0011635163926068115,-0.0016570800366373373,-0.0022372170155573468,-0.0018582743516435407,-0.0018068419128085544
2025-09-07,0.0019659963592448815,0.0009071343083906225,0.0011220930051316635,0.0032107346401457626,0.00433732019100197,0.002801510195076906,0.0029109287655793015
2025-09-08,0.0016557617990136109,-0.00041626707504660576,-0.0005854012258573738,0.003721904152374833,0.004925571699458509,0.0020233451084941123,0.002170668605051773
2025-09-09,-0.00404753858808149,-0.0005260910828124299,-0.001038352918172114,0.0016515971554769138,0.0025078357213230706,0.00041019846514500635,0.0007841380811104415
2025-09-10,0.009311106114800127,0.001611180704812476,0.002208920329532349,0.0052974750160372786,0.008224730576473771,0.003453950060871236,0.005569198550173793
2025-09-11,0.0069681856670678055,0.007011673814038,0.00967948164731225,0.004991211225725989,0.007805351569054153,0.006000038222226278,0.009227480470462401
2025-09-12,0.0028689462820810085,0.020487765169872718,0.027391427330799356,0.017882022082704063,0.02726249324876906,0.01630739499256606,0.02634630085324341
2025-09-13,-0.0006023403588988341,-0.003314179781247484,-0.004818404707874868,0.00026353351164321026,0.00039778657785993765,-0.0018194710630359268,-0.002348198754380193
2025-09-14,-0.00352673410788229,-0.005658462866554026,-0.0065829758097367685,-0.0055020147439091005,-0.005208932126680499,-0.00458846660166945,-0.007482964289001637
2025-09-15,-0.0003089353628870084,-0.009215164631560469,-0.010252469663354025,-0.008530521187266493,-0.010892110343805994,-0.0075188130708544465,-0.010428411556264283
2025-09-16,0.008678817444666809,-0.0023634075950037525,-0.002679533218735264,0.004183556013441558,0.005354485390864916,0.0011346154093634375,0.0016425224407374817
2025-09-17,-0.0017907052595954598,0.009416932833570257,0.010679910915043056,0.01238833173383247,0.015837216789921227,0.010766544505889986,0.013662379113658751
2025-09-18,0.003460242976476513,-0.00037348405956783015,-0.000339841437285604,0.004554482409745431,0.004416557712099145,0.0018176783586492107,0.002716478112827936
2025-09-19,-0.007939312669904552,-0.013810894309794874,-0.014104068386446178,-0.015799293942735604,-0.015359370766142133,-0.013043853967417474,-0.016269994826293988
2025-09-20,0.00029570256508626436,0.0013913743476676732,0.001421332614314208,0.0017001418938780155,0.0016520638731325477,0.0013571734550263947,0.0017076637897117664
2025-09-21,-0.002516698075522017,-0.004163625319080877,-0.0042531468482390755,-0.005931464182592716,-0.006824624580470062,-0.004415808225214146,-0.005626291288921226
2025-09-22,-0.014699857148676165,-0.0295275155641197,-0.030504759640691104,-0.026783129223546975,-0.030698624651941064,-0.025701520423135893,-0.03144951828545883
2025-09-23,-0.00261918215046808,-0.00205168026420699,-0.0028705335482293037,-0.006437034310194378,-0.009468808336304035,-0.0042420576376118735,-0.006750049281361914
2025-09-24,0.003845503154497054,-0.002793260969906952,-0.0029823462101272735,-0.005163003557549395,-0.0051828540612222085,-0.0039900070326227555,-0.005246250864311297
2025-09-25,-0.019277807029063898,-0.01979253926236435,-0.02895715495295792,-0.01807616220849806,-0.028656583359865206,-0.01893228964147764,-0.0303950433588438
2025-09-26,0.0012210347616614659,0.004528365716671923,0.0067398661503728086,0.005566035357206234,0.008956609125217563,0.0050466607338655045,0.008358971310204355
2025-09-27,-1.4300726423943644e-05,-0.0003957449681207814,-0.0005877195232885102,-0.0007614832356506174,-0.001221226202371084,-0.0005785179776639504,-0.0009786535126751206
2025-09-28,0.003503435284008427,0.0035356930389343066,0.005251854481238771,0.003284449267525691,0.005269849193400233,0.003410161012387114,0.0055414732974437
2025-09-29,0.007163425308851723,0.006470539018318622,0.01045147888650555,0.0030841378427648447,0.005288799535894562,0.004750067168006078,0.008074427764240388
2025-09-30,-0.005315102060859833,-0.005986259174838748,-0.009808682343787734,-0.008537221783781135,-0.01384960925477996,-0.007395451361000838,-0.013206196698891781
2025-10-01,0.0279589816306689,0.02406969121158009,0.03159998755978344,0.0249556355191356,0.03484808974686837,0.02363585675626223,0.03512323930314998
2025-10-02,0.010073709324875946,0.017419622385279165,0.01797202107663609,0.02584486757651061,0.027199149222341346,0.01914488842637163,0.02398963842742652
2025-10-03,0.00795833458666495,0.0028764179844942284,0.003517999726735166,-0.00444653554374852,-0.0038523330693680524,-7.811775882582417e-05,-0.000507348670336305
2025-10-04,0.0007659985878123443,-0.0027800016425145735,-0.0029731333242229985,-0.008388620270014968,-0.009660556992880043,-0.005817428277466674,-0.007230342687087554
2025-10-05,0.006005257917884643,0.00294491488638271,0.0029356004167280236,0.001189098224596341,0.0012224594322831628,0.0021460266637021164,0.0024169556334483477
2025-10-06,0.005050393526093044,0.016408700037165103,0.01828060246772467,0.00643047106858452,0.006610663372711434,0.01286057996462664,0.012454990755297546
2025-10-07,-0.01420737472373168,-0.022334055160890154,-0.024587032771312578,-0.020870864868519967,-0.021451859834534348,-0.023872995704583566,-0.022561080284812185
2025-10-08,0.00956344950024346,0.008912062344659022,0.008624574292989129,0.015582186822153288,0.01602546681940953,0.012506323947202747,0.012295115798575784
2025-10-09,-0.00796610029586331,-0.017657723072721176,-0.017056236699023675,-0.013715551481432997,-0.014099575518049856,-0.01596416254367572,-0.015053307039185726
2025-10-10,-0.04342324589817148,-0.05228089667315361,-0.05510372502664418,-0.05586578795810493,-0.05745235346718125,-0.05977296522326536,-0.05679902476726595
2025-10-11,-0.005919823276127278,-0.0019729757164821393,-0.002500283972559747,-0.006562564629636447,-0.008220600064809958,-0.004882265602220381,-0.005804927035757523
2025-10-12,0.010671228599456128,0.01205546815881453,0.01626809477922131,0.010815307240620298,0.013847874726815368,0.012101563208231747,0.015365536602222729
2025-10-13,-6.243143951156771e-05,0.004502445785828479,0.0062657265643095705,0.010901312913171202,0.014374203254066797,0.008846286337783615,0.011023281413643726
2025-10-14,-0.011974732373693064,-0.010027716068498504,-0.01395971651488892,-0.009883854687763982,-0.012946685056727025,-0.012498580388448866,-0.01376749497160723
2025-10-15,-0.004584105581684539,-0.003346862994027977,-0.004640107334698995,-0.002557899118591167,-0.0034254843236369847,-0.0031912386036816454,-0.004086463985259581
2025-10-16,-0.00396219183950941,-0.0019364040131445437,-0.0026870879501830203,-0.0032498992855978237,-0.004349656956469272,-0.0027369783454409546,-0.0037081348730805264
2025-10-17,-0.0028062280683400775,-0.002550290241041031,-0.0035416226767119863,-0.001397633729979808,-0.0018726556196515531,-0.00207945295421752,-0.0027002533849244115
2025-10-18,0.0,0.0,0.0,0.0,0.0,0.0,0.0
2025-10-19,0.0004586426186077297,0.0,0.0007369322866941364,0.0,0.0,0.0,0.0
2025-10-20,0.0011524820631803046,0.0,-4.512110643928313e-05,0.0,0.0,0.0,0.0
2025-10-21,-0.0018903556082182638,0.0,-0.0016021909104756427,0.0,0.0,0.0,0.0
2025-10-22,0.0,0.0,0.0,0.0,0.0,0.0,0.0
2025-10-23,0.0005085784326184228,0.0,0.0,0.0,0.0,0.0,0.0
2025-10-24,0.00045794082721606344,0.0,-0.0001994089229180318,0.0,0.0,0.0,0.0
2025-10-25,0.0003167977529692223,0.00014902750691292432,0.0002415848411061461,0.0001731385383727524,-7.359963113551249e-05,0.0,0.0
2025-10-26,0.003960301323911342,0.00649918158686047,0.01056002529958433,0.0025798863425394725,0.00362973406165068,0.0032058770590457364,0.00508043901953914
2025-10-27,-0.005115888274019098,-0.006511280053507318,-0.01072212466986977,-0.005473199492924019,-0.009046049402428147,-0.005992022896481153,-0.010261603275485975
2025-10-28,-0.011742303906029372,-0.016748167340244535,-0.026758618549473145,-0.011859101080395229,-0.019609756542860013,-0.014810034305792197,-0.024550621038887277
2025-10-29,-0.007449770700172165,-0.0016107506247298176,-0.003054753116794262,0.0009606527698322598,0.002190351078093178,-0.002431231003574119,-0.0005280469444584046
2025-10-30,-0.0028779711365931604,-0.003716880596140948,-0.0040991497340396865,-0.004891639744459053,-0.004828408495701542,-0.0030732453460819986,-0.007387818661140022
2025-10-31,-0.0008462913999238708,-0.000563858802078876,-0.0008863043153265471,-0.00041539691932857004,-0.0006985284251945778,0.0,-0.0008227984846252978
2025-11-01,0.00036530209466012487,0.0003856274643161406,0.000599797776582145,-0.00039910678004073663,-0.0006833472384722983,0.0,-7.33577693119436e-05
2025-11-02,0.0004247674436810289,0.0005766712607633284,0.0008967517562603611,0.00040887930318289634,0.0007002787966210455,0.0,0.0008309493676572632
2025-11-03,-0.0029178843297311685,-0.003133273031660555,-0.004870833244015826,-0.003408546961785275,-0.005836045213518881,0.0,-0.005622609564459369
2025-11-04,0.0,0.0,0.0,0.0,0.0,0.0,0.0
2025-11-05,0.0,0.0,0.0,0.0,0.0,0.0,0.0
2025-11-06,0.0,0.0,0.0,0.0,0.0,0.0,0.0
2025-11-07,0.0,0.0,0.0,0.0,0.0,0.0,0.0
2025-11-08,0.0,0.0,0.0,0.0,0.0,0.0,0.0
2025-11-09,0.0,0.0,0.0,0.0,0.0,0.0,0.0
2025-11-10,0.0,0.0,0.0,0.0,0.0,0.0,0.0
2025-11-11,0.0,0.0,0.0,0.0,0.0,0.0,0.0
2025-11-12,0.0,0.0,0.0,0.0,0.0,0.0,0.0
2025-11-13,0.0,0.0,0.0,0.0,0.0,0.0,0.0
2025-11-14,0.0,0.0,0.0,0.0,0.0,0.0,0.0
2025-11-15,0.0,0.0,0.0,0.0,0.0,0.0,0.0
2025-11-16,0.0,0.0,0.0,0.0,0.0,0.0,0.0
2025-11-17,0.0,0.0,0.0,0.0,0.0,0.0,0.0
2025-11-18,0.0,0.0,0.0,0.0,0.0,0.0,0.0
2025-11-19,0.0,0.0,0.0,0.0,0.0,0.0,0.0
2025-11-20,0.0,0.0,0.0,0.0,0.0,0.0,0.0
2025-11-21,0.0,0.0,0.0,0.0,0.0,0.0,0.0
2025-11-22,0.0,0.0,0.0,0.0,0.0,0.0,0.0
2025-11-23,0.0,0.0,0.0,0.0,0.0,0.0,0.0
2025-11-24,0.0,0.0,0.0,0.0,0.0,0.0,0.0
2025-11-25,0.0,0.0,0.0,0.0,0.0,0.0,0.0
2025-11-26,0.0,0.0,0.0,0.0,0.0,0.0,0.0
2025-11-27,0.0,0.0,0.0,0.0,0.0,0.0,0.0
2025-11-28,0.0,0.0,0.0,0.0,0.0,0.0,0.0
2025-11-29,0.0,0.0,0.0,0.0,0.0,0.0,0.0
2025-11-30,0.0,0.0,0.0,0.0,0.0,0.0,0.0
2025-12-01,0.0,0.0,0.0,0.0,0.0,0.0,0.0
2025-12-02,0.0,0.0,0.0,0.0,0.0,0.0,0.0
2025-12-03,0.0,0.0,0.0,0.0,0.0,0.0,0.0
2025-12-04,0.0,0.0,0.0,0.0,0.0,0.0,0.0
2025-12-05,0.0,0.0,0.0,0.0,0.0,0.0,0.0
2025-12-06,0.0,0.0,0.0,0.0,0.0,0.0,0.0
2025-12-07,0.0,0.0,0.0,0.0,0.0,0.0,0.0
2025-12-08,0.0,0.0,0.0,0.0,0.0,0.0,0.0
2025-12-09,0.0,0.0,0.0,0.0,0.0,0.0,0.0
2025-12-10,0.0,0.0,0.0,0.0,0.0,0.0,0.0
2025-12-11,0.0,0.0,0.0,0.0,0.0,0.0,0.0
2025-12-12,0.0,0.0,0.0,0.0,0.0,0.0,0.0
2025-12-13,0.0,0.0,0.0,0.0,0.0,0.0,0.0
2025-12-14,0.0,0.0,0.0,0.0,0.0,0.0,0.0
2025-12-15,0.0,0.0,0.0,0.0,0.0,0.0,0.0
2025-12-16,0.0,0.0,0.0,0.0,0.0,0.0,0.0
2025-12-17,0.0,0.0,0.0,0.0,0.0,0.0,0.0
2025-12-18,0.0,0.0,0.0,0.0,0.0,0.0,0.0
2025-12-19,0.0,0.0,0.0,0.0,0.0,0.0,0.0
2025-12-20,0.0,0.0,0.0,0.0,0.0,0.0,0.0
2025-12-21,0.0,0.0,0.0,0.0,0.0,0.0,0.0
2025-12-22,0.0,0.0,0.0,0.0,0.0,0.0,0.0
2025-12-23,0.0,0.0,0.0,0.0,0.0,0.0,0.0
2025-12-24,0.0,0.0,0.0,0.0,0.0,0.0,0.0
2025-12-25,0.0,0.0,0.0,0.0,0.0,0.0,0.0
2025-12-26,0.0,0.0,0.0,0.0,0.0,0.0,0.0
2025-12-27,0.0,0.0,0.0,0.0,0.0,0.0,0.0
2025-12-28,0.0,0.0,0.0,0.0,0.0,0.0,0.0
2025-12-29,0.0,0.0,0.0,0.0,0.0,0.0,0.0
2025-12-30,0.0,0.0,0.0,0.0,0.0,0.0,0.0
2025-12-31,0.0,0.0,0.0,0.0,0.0,0.0,0.0
2026-01-01,0.0,0.0,0.0,0.0,0.0,0.0,0.0
2026-01-02,0.0,0.0,0.0,0.0,0.0,0.0,0.0
2026-01-03,0.0,0.0,0.0,0.0,0.0,0.0,0.0
2026-01-04,0.0,0.0,0.0,0.0,0.0,0.0,0.0
2026-01-05,0.0,0.0,0.0,0.0,0.0,0.0,0.0
2026-01-06,0.0,0.0,0.0,0.0,0.0,0.0,0.0
2026-01-07,0.0,0.0,0.0,0.0,0.0,0.0,0.0
2026-01-08,0.0,0.0,0.0,0.0,0.0,0.0,0.0
2026-01-09,0.0,0.0,0.0,0.0,0.0,0.0,0.0
2026-01-10,0.0,0.0,0.0,0.0,0.0,0.0,0.0
2026-01-11,0.0,0.0,0.0,0.0,0.0,0.0,0.0
2026-01-12,0.0,0.0,0.0,0.0,0.0,0.0,0.0
2026-01-13,0.0,0.0,0.0,0.0,0.0,0.0,0.0
2026-01-14,0.0,0.0,0.0,0.0,0.0,0.0,0.0
2026-01-15,0.0,0.0,0.0,0.0,0.0,0.0,0.0
2026-01-16,0.0,0.0,0.0,0.0,0.0,0.0,0.0
2026-01-17,0.0,0.0,0.0,0.0,0.0,0.0,0.0
2026-01-18,0.0,0.0,0.0,0.0,0.0,0.0,0.0
2026-01-19,0.0,0.0,0.0,0.0,0.0,0.0,0.0
2026-01-20,0.0,0.0,0.0,0.0,0.0,0.0,0.0
2026-01-21,0.0,0.0,0.0,0.0,0.0,0.0,0.0
2026-01-22,0.0,0.0,0.0,0.0,0.0,0.0,0.0
2026-01-23,0.0,0.0,0.0,0.0,0.0,0.0,0.0
2026-01-24,0.0,0.0,0.0,0.0,0.0,0.0,0.0
2026-01-25,0.0,0.0,0.0,0.0,0.0,0.0,0.0
2026-01-26,0.0,0.0,0.0,0.0,0.0,0.0,0.0
2026-01-27,0.0,0.0,0.0,0.0,0.0,0.0,0.0
2026-01-28,0.0,0.0,0.0,0.0,0.0,0.0,0.0
2026-01-29,0.0,0.0,0.0,0.0,0.0,0.0,0.0
2026-01-30,0.0,0.0,0.0,0.0,0.0,0.0,0.0
2026-01-31,0.0,0.0,0.0,0.0,0.0,0.0,0.0
2026-02-01,0.0,0.0,0.0,0.0,0.0,0.0,0.0
2026-02-02,0.0,0.0,0.0,0.0,0.0,0.0,0.0
2026-02-03,0.0,0.0,0.0,0.0,0.0,0.0,0.0
2026-02-04,0.0,0.0,0.0,0.0,0.0,0.0,0.0
2026-02-05,0.0,0.0,0.0,0.0,0.0,0.0,0.0
2026-02-06,0.0,0.0,0.0,0.0,0.0,0.0,0.0
2026-02-07,0.0,0.0,0.0,0.0,0.0,0.0,0.0
2026-02-08,0.0,0.0,0.0,0.0,0.0,0.0,0.0
2026-02-09,0.0,0.0,0.0,0.0,0.0,0.0,0.0
2026-02-10,0.0,0.0,0.0,0.0,0.0,0.0,0.0
2026-02-11,0.0,0.0,0.0,0.0,0.0,0.0,0.0
2026-02-12,0.0,0.0,0.0,0.0,0.0,0.0,0.0
2026-02-13,0.0,0.0,0.0,0.0,0.0,0.0,0.0
2026-02-14,0.0,0.0,0.0,0.0,0.0,0.0,0.0
2026-02-15,0.0,0.0,0.0,0.0,0.0,0.0,0.0
2026-02-16,0.0,0.0,0.0,0.0,0.0,0.0,0.0
2026-02-17,0.0,0.0,0.0,0.0,0.0,0.0,0.0
2026-02-18,0.0,0.0,0.0,0.0,0.0,0.0,0.0
2026-02-19,0.0,0.0,0.0,0.0,0.0,0.0,0.0
2026-02-20,0.0,0.0,0.0,0.0,0.0,0.0,0.0
2026-02-21,0.0,0.0,0.0,0.0,0.0,0.0,0.0
2026-02-22,0.0,0.0,0.0,0.0,0.0,0.0,0.0
2026-02-23,0.0,0.0,0.0,0.0,0.0,0.0,0.0
2026-02-24,0.0,0.0,0.0,0.0,0.0,0.0,0.0
2026-02-25,0.0,0.0,0.0,0.0,0.0,0.0,0.0
2026-02-26,0.0,0.0,0.0,0.0,0.0,0.0,0.0
2026-02-27,0.0,0.0,0.0,0.0,0.0,0.0,0.0
2026-02-28,0.0,0.0,0.0,0.0,0.0,0.0,0.0
2026-03-01,0.0,0.0,0.0,0.0,0.0,0.0,0.0
2026-03-02,0.0,0.0,0.0,0.0,0.0,0.0,0.0
2026-03-03,0.0,0.0,0.0,0.0,0.0,0.0,0.0
2026-03-04,0.0,0.0,0.0,0.0,0.0,0.0,0.0
2026-03-05,0.0,0.0,0.0,0.0,0.0,0.0,0.0
2026-03-06,0.0,0.0,0.0,0.0,0.0,0.0,0.0
2026-03-07,0.0,0.0,0.0,0.0,0.0,0.0,0.0
2026-03-08,0.0,0.0,0.0,0.0,0.0,0.0,0.0
2026-03-09,0.0,0.0,0.0,0.0,0.0,0.0,0.0
2026-03-10,0.0,0.0,0.0,0.0,0.0,0.0,0.0
2026-03-11,0.0,0.0,0.0,0.0,0.0,0.0,0.0
2026-03-12,0.0,0.0,0.0,0.0,0.0,0.0,0.0
2026-03-13,0.0,0.0,0.0,0.0,0.0,0.0,0.0
2026-03-14,0.0,0.0,0.0,0.0,0.0,0.0,0.0
2026-03-15,0.0,0.0,0.0,0.0,0.0,0.0,0.0
2026-03-16,0.0,0.0,0.0,0.0,0.0,0.0,0.0
2026-03-17,0.0,0.0,0.0,0.0,0.0,0.0,0.0
2026-03-18,0.0,0.0,0.0,0.0,0.0,0.0,0.0
2026-03-19,0.0,0.0,0.0,0.0,0.0,0.0,0.0
2026-03-20,0.0,0.0,0.0,0.0,0.0,0.0,0.0
2026-03-21,0.0,0.0,0.0,0.0,0.0,0.0,0.0
2026-03-22,0.0,0.0,0.0,0.0,0.0,0.0,0.0
2026-03-23,0.0,0.0,0.0,0.0,0.0,0.0,0.0
2026-03-24,0.0,0.0,0.0,0.0,0.0,0.0,0.0
2026-03-25,0.0,0.0,0.0,0.0,0.0,0.0,0.0
2026-03-26,0.0,0.0,0.0,0.0,0.0,0.0,0.0
2026-03-27,0.0,0.0,0.0,0.0,0.0,0.0,0.0
2026-03-28,0.0,0.0,0.0,0.0,0.0,0.0,0.0
2026-03-29,0.0,0.0,0.0,0.0,0.0,0.0,0.0
2026-03-30,0.0,0.0,0.0,0.0,0.0,0.0,0.0
2026-03-31,0.0,0.0,0.0,0.0,0.0,0.0,0.0
2026-04-01,0.0,0.0,0.0,0.0,0.0,0.0,0.0
2026-04-02,0.0,0.0,0.0,0.0,0.0,0.0,0.0
2026-04-03,0.0,0.0,0.0,0.0,0.0,0.0,0.0
2026-04-04,0.0,0.0,0.0,0.0,0.0,0.0,0.0
2026-04-05,0.0,0.0,0.0,0.0,0.0,0.0,0.0
2026-04-06,0.0,0.0,0.0,0.0,0.0,0.0,0.0
2026-04-07,0.0,0.0,0.0,0.0,0.0,0.0,0.0
2026-04-08,0.0,0.0,0.0,0.0,0.0,0.0,0.0
2026-04-09,0.0,0.0,0.0,0.0,0.0,0.0,0.0
2026-04-10,0.0,0.0,0.0,0.0,0.0,0.0,0.0
2026-04-11,0.0,0.0,0.0,0.0,0.0,0.0,0.0
2026-04-12,0.0,0.0,0.0,0.0,0.0,0.0,0.0
2026-04-13,0.0,0.0,0.0,0.0,0.0,0.0,0.0
2026-04-14,0.0,0.0,0.0,0.0,0.0,0.0,0.0
2026-04-15,0.0,0.0,0.0,0.0,0.0,0.0,0.0
2026-04-16,-0.0012776091454734795,-0.00124467017874208,-0.00170285967969952,-0.0010037143228467382,-0.0013729994597783124,-0.001124192250794409,-0.0015379295697388606
2026-04-17,0.0015088063501362825,0.0013727418068347763,0.0018396595880310063,-0.002169296260695508,-0.0030261789144657714,-0.00039889735745779475,-0.0005944751281503624
2026-04-18,-0.0028169051360630304,-0.0033321385401254844,-0.004493808069098049,-0.0032600278305223718,-0.004557571451877074,-0.0032961297434169756,-0.0045256345317798985
2026-04-19,-0.0038680993088292537,-0.004237513399270587,-0.005721488680487941,-0.0033839065773505483,-0.004736922402909238,-0.003811245677932895,-0.00523007409073295
2026-04-20,0.0010723722254859513,4.97458729384892e-05,6.756423708598192e-05,-0.00026704162660429187,-0.0003742616137447641,-0.00010859099753957047,-0.00015322148918217593
2026-04-21,0.0010565137427933635,0.0006828140266630367,0.0009245596938782796,0.0010225073494727344,0.0014161398719301221,0.0008526467572078644,0.0011703224711059335
2026-04-22,0.003926105328348362,0.0024095257180609675,0.003261813937289304,0.0011440384436927076,0.0015838337264706404,0.0017767266008079652,0.0024227110847134803
2026-04-23,0.00016824841541307478,-0.00224392883837643,-0.003035062232889185,-0.0010202956387195261,-0.0014119010392932285,-0.00163244502986426,-0.0022240518347562688
2026-04-24,-0.0017413169641508075,-0.0007838816260817838,-0.0010610931222415632,8.170701641008193e-05,0.00011311178579131997,-0.00035105749519925844,-0.00047392561068304584
2026-04-25,0.0003994781109171175,0.00023170134703320855,0.00031372712954169657,0.0,0.0,0.00011579253693150271,0.0001567540438773829
2026-04-26,0.0021946900092928434,0.002565074243306542,0.0034728645367598787,0.0010212542614871367,0.0014137374120284374,0.0017928663057764638,0.0024427436169234262
2026-04-27,-0.002727901176390546,-0.0033695094007999415,-0.004557865595198662,-0.0028701974542685305,-0.003971699645462623,-0.0031199494307917464,-0.004264924971108863
2026-04-28,-0.0021873674142602884,-0.0007325200648000685,-0.000992047615309355,-0.0010367909916629836,-0.0014362692312057668,-0.0008846351261185825,-0.0012141159194559714
2026-04-29,-0.001199439286690862,-0.001878683736093345,-0.0025449513031238213,-0.0013929268206853695,-0.0019303970644204416,-0.001635874832726536,-0.0022378013177893896
2026-04-30,0.0012089883860790795,0.00023759675314782847,0.0003220744696297295,6.837596922548705e-05,9.481032865954475e-05,0.00015299000778190575,0.00020845441887384908
2026-05-01,0.0030288939631273326,0.0007324665687948873,0.0010715461820438588,-0.0004461581596867381,-0.0003503987072021042,0.00014318711663818817,0.00036071065068021824
2026-05-02,0.0015243689433446228,0.0018391584673609351,0.0024212448958988997,0.0005011421630551904,0.0006305150134913173,0.0011700421998217525,0.0015256715798903642
2026-05-03,-0.0020997164137053215,-0.0005929235285627721,-0.0006191564384256942,-0.002630828137615171,-0.003275366190590101,-0.0016120365721644658,-0.0020525337726544635
2026-05-04,0.006915399440548642,0.0034657143085201625,0.004162288825400484,0.0007752427496656722,-2.9946402228531177e-05,0.002121082142273689,0.0027734913923227467
2026-05-05,0.005717981307228337,0.001917807598082577,0.0025216531250558116,0.008928770781331474,0.0111884974769636,0.005417011223875612,0.0068882188952563705
2026-05-06,0.0029474358035368464,-0.001396574353931812,-0.0018351970698528008,0.011597621985935502,0.014500314753045807,0.005111540534332049,0.006402366341902832
2026-05-07,-0.007820647949692394,-0.008419332733543228,-0.011068457900784812,-0.00295604453299958,-0.003685318831010642,-0.005665399783046032,-0.007357936367167861
2026-05-08,0.0014086295195647747,0.0030394444362611406,0.0038645416096259044,0.014383328399103057,0.02028585225377144,0.008393984377331298,0.01064259030266812
2026-05-09,0.0030135382748814887,0.0032585275428584914,0.004196647192377112,0.004423651113971916,0.006174217035212148,0.0035992010459731105,0.004813703499984223
2026-05-10,0.01030783190348572,0.007513174962108238,0.009772527513073559,0.013133859957790373,0.01829941268447688,0.010851006144757758,0.013469181940103159
2026-05-11,-0.003135841044141885,-0.005223164185941487,-0.007387380858118853,0.0034931850571353618,0.004842366993886182,-0.0010818442751823198,-0.0012739520639624136
2026-05-12,-0.00840701675919886,-0.011203916232659594,-0.015384828475938583,-0.011951519825699641,-0.017086057205021987,-0.012049181103509943,-0.014931324518477673
2026-05-13,-0.008134566376752472,-0.0031607749077868785,-0.003926164458153414,-0.01217437826426715,-0.018766913792104933,-0.00774538157259963,-0.011487737593500746
2026-05-14,0.012233671619002129,0.00478244072702072,0.005945085446367182,0.0038835794250628997,0.006026794203878749,0.0042719989156108085,0.005856125686633851
2026-05-15,-0.01344926350291864,-0.011336159561836867,-0.014075771841914109,-0.011487241575713791,-0.017579575763658983,-0.011290670119513346,-0.015637586382566293
2026-05-16,-0.00626812259451015,-0.007142598405099676,-0.009984755858076011,-0.010782122222193213,-0.014985629236146436,-0.00961336676534974,-0.011954364805001894
2026-05-17,-0.003909560229282016,-0.0080695440566525,-0.011244405456314333,-0.005247976505153962,-0.007390840709415203,-0.007385561976815724,-0.0091176538610791
2026-05-18,-0.003046469014576614,-0.0014084543461716503,-0.002081617869825081,-0.0011791542917287678,-0.0016663866929441662,-0.0015221782589986965,-0.0017466804494710164
2026-05-19,-0.0004363666510827091,-0.0013315410506595793,-0.001715647205397297,-0.0018242669885275564,-0.0025727180725858556,-0.0015779255322238006,-0.0021439867595810513
2026-05-20,0.00207156060944369,0.0012292756369225444,0.0015798285828583225,0.004930685263693224,0.006962474893266846,0.0030806073936739953,0.004271959414674287
2026-05-21,0.0003018383840149852,0.0005659234074848474,0.0007495469574061442,0.0036592518924800643,0.005157417335572179,0.002115839371022332,0.0029600270214422686
2026-05-22,-0.005709548013531962,-0.004389582365141087,-0.005779053576027926,-0.004977519714761347,-0.007075318107666706,-0.00489515414704067,-0.0067122441520421905
2026-05-23,0.0021730866329428,0.0025609923467548867,0.0033679908825496874,0.0014936583413962534,0.00214698399671831,0.0020275500815036818,0.002758002251043168
2026-05-24,-0.0007706534295542911,-0.002021667118819237,-0.0028416996119989824,-0.0019486583230019505,-0.00293219168449399,-0.0007046914991792885,-0.002886917142197909
2026-05-25,0.0004958672974777478,0.0011118868198309872,0.0010219050827007248,-0.0006695127761867647,-0.0019240260110425789,-0.0013120215467001817,0.0002746561784356949
2026-05-26,-0.005120704047282931,-0.0038857035595981637,-0.005525775279550338,-0.00328797826608207,-0.005122748407587641,-0.004462716926072696,-0.005115284328722658
2026-05-27,-0.0019030684584132596,-0.0016689500314327477,-0.0023056456186705265,-0.0010187693680761,-0.0014946018017035767,-0.0013439832910069338,-0.001900153567328311
2026-05-28,-0.001071088549013277,-0.0005104393383711381,-0.0007056192550302098,-0.0002629193318688383,-0.00038590379951575216,-0.00038667697732175377,-0.0005457104364099408
2026-05-29,-0.0002020362189320002,0.00015861098337666135,0.00021930289316207663,-5.578543443518491e-05,-8.188998337110842e-05,5.1376651865719936e-05,6.863884429253453e-05
2026-05-30,0.0005461611472399319,0.0002700060466347409,0.00037330021521331247,0.0005499156738608679,0.0008072673717702816,0.0004100280449421678,0.0005903414009809094
2026-05-31,-0.00027059909151094796,-0.0005272238868148094,-0.000728844671587292,-0.00023099695002537501,-0.0003390126128651749,-0.0003790782710990648,-0.000533823615397
2026-06-01,-0.0016329795005004533,-0.0009418949877315619,-0.0013023568787727813,-0.0014596205726267186,-0.0021423800251753056,-0.001200989105745509,-0.0017226469536036904
2026-06-02,0.0,0.0,0.0,0.0,0.0,0.0,0.0
2026-06-03,0.0,0.0,0.0,0.0,0.0,0.0,0.0
2026-06-04,0.0,0.0,0.0,0.0,0.0,0.0,0.0
2026-06-05,0.0,0.0,0.0,0.0,0.0,0.0,0.0
2026-06-06,0.0,0.0,0.0,0.0,0.0,0.0,0.0
2026-06-07,0.0,0.0,0.0,0.0,0.0,0.0,0.0
2026-06-08,0.0,0.0,0.0,0.0,0.0,0.0,0.0
2026-06-09,0.0,0.0,0.0,0.0,0.0,0.0,0.0
2026-06-10,0.0,0.0,0.0,0.0,0.0,0.0,0.0
2026-06-11,0.0,0.0,0.0,0.0,0.0,0.0,0.0
2026-06-12,0.0,0.0,0.0,0.0,0.0,0.0,0.0
2026-06-13,0.0,0.0,0.0,0.0,0.0,0.0,0.0
2026-06-14,0.0,0.0,0.0,0.0,0.0,0.0,0.0
2026-06-15,0.0,0.0,0.0,0.0,0.0,0.0,0.0
2026-06-16,0.0,0.0,0.0,0.0,0.0,0.0,0.0
2026-06-17,0.0,0.0,0.0,0.0,0.0,0.0,0.0
2026-06-18,0.0,0.0,0.0,0.0,0.0,0.0,0.0
2026-06-19,0.0,0.0,0.0,0.0,0.0,0.0,0.0
2026-06-20,0.0,0.0,0.0,0.0,0.0,0.0,0.0
2026-06-21,0.0,0.0,0.0,0.0,0.0,0.0,0.0
2026-06-22,0.0,0.0,0.0,0.0,0.0,0.0,0.0
2026-06-23,0.0,0.0,0.0,0.0,0.0,0.0,0.0
2026-06-24,0.0,0.0,0.0,0.0,0.0,0.0,0.0
2026-06-25,0.0,0.0,0.0,0.0,0.0,0.0,0.0
2026-06-26,0.0,0.0,0.0,0.0,0.0,0.0,0.0
2026-06-27,0.0,0.0,0.0,0.0,0.0,0.0,0.0
2026-06-28,0.0,0.0,0.0,0.0,0.0,0.0,0.0
2026-06-29,0.0,0.0,0.0,0.0,0.0,0.0,0.0
2026-06-30,0.0,0.0,0.0,0.0,0.0,0.0,0.0
2026-07-01,0.0,0.0,0.0,0.0,0.0,0.0,0.0
2026-07-02,0.0,0.0,0.0,0.0,0.0,0.0,0.0
2026-07-03,0.0,0.0,0.0,0.0,0.0,0.0,0.0
2026-07-04,0.0,0.0,0.0,0.0,0.0,0.0,0.0
2026-07-05,0.0,0.0,0.0,0.0,0.0,0.0,0.0
2026-07-06,0.0,0.0,0.0,0.0,0.0,0.0,0.0
2026-07-07,0.0,0.0,0.0,0.0,0.0,0.0,0.0
2026-07-08,0.0,0.0,0.0,0.0,0.0,0.0,0.0
2026-07-09,0.0,0.0,0.0,0.0,0.0,0.0,0.0
2026-07-10,0.0,0.0,0.0,0.0,0.0,0.0,0.0
2026-07-11,0.0,0.0,0.0,0.0,0.0,0.0,0.0
2026-07-12,0.0,0.0,0.0,0.0,0.0,0.0,0.0
2026-07-13,0.0,0.0,0.0,0.0,0.0,0.0,0.0
2026-07-14,0.0,0.0,0.0,0.0,0.0,0.0,0.0
2026-07-15,0.0,0.0,0.0,0.0,0.0,0.0,0.0
2026-07-16,0.0,0.0,0.0,0.0,0.0,0.0,0.0
2026-07-17,0.0,0.0,0.0,0.0,0.0,0.0,0.0
2026-07-18,0.0,0.0,0.0,0.0,0.0,0.0,0.0
2026-07-19,0.0,0.0,0.0,0.0,0.0,0.0,0.0
2026-07-20,0.0,0.0,0.0,0.0,0.0,0.0,0.0
2026-07-21,0.0,0.0,0.0,0.0,0.0,0.0,0.0
2026-07-22,0.0,0.0,0.0,0.0,0.0,0.0,0.0
2026-07-23,0.0,0.0,0.0,0.0,0.0,0.0,0.0
2026-07-24,0.0,0.0,0.0,0.0,0.0,0.0,0.0
2026-07-25,0.0,0.0,0.0,0.0,0.0,0.0,0.0
2026-07-26,0.0,0.0,0.0,0.0,0.0,0.0,0.0
2026-07-27,0.0,0.0,0.0,0.0,0.0,0.0,0.0
2026-07-28,0.0,0.0,0.0,0.0,0.0,0.0,0.0
2026-07-29,0.0,0.0,0.0,0.0,0.0,0.0,0.0
2026-07-30,0.0,0.0,0.0,0.0,0.0,0.0,0.0
2026-07-31,0.0,0.0,0.0,0.0,0.0,0.0,0.0
2026-08-01,0.0,0.0,0.0,0.0,0.0,0.0,0.0
2026-08-02,0.0,0.0,0.0,0.0,0.0,0.0,0.0
2026-08-03,0.0,0.0,0.0,0.0,0.0,0.0,0.0
2026-08-04,0.0,0.0,0.0,0.0,0.0,0.0,0.0
2026-08-05,0.0,0.0,0.0,0.0,0.0,0.0,0.0
2026-08-06,0.0,0.0,0.0,0.0,0.0,0.0,0.0
2026-08-07,0.0,0.0,0.0,0.0,0.0,0.0,0.0
2026-08-08,0.0,0.0,0.0,0.0,0.0,0.0,0.0
2026-08-09,0.0,0.0,0.0,0.0,0.0,0.0,0.0
2026-08-10,0.0,0.0,0.0,0.0,0.0,0.0,0.0
2026-08-11,0.0,0.0,0.0,0.0,0.0,0.0,0.0
2026-08-12,0.0,0.0,0.0,0.0,0.0,0.0,0.0
2026-08-13,0.0,0.0,0.0,0.0,0.0,0.0,0.0
2026-08-14,0.0,0.0,0.0,0.0,0.0,0.0,0.0
2026-08-15,0.0,0.0,0.0,0.0,0.0,0.0,0.0
2026-08-16,0.0,0.0,0.0,0.0,0.0,0.0,0.0
2026-08-17,0.0,0.0,0.0,0.0,0.0,0.0,0.0
2026-08-18,0.0,0.0,0.0,0.0,0.0,0.0,0.0
2026-08-19,0.0036441468467949267,0.012970805789510598,0.01774921209539726,0.008163866925707142,0.010036286292653296,0.01056733635760887,0.013892749194025278
2026-08-20,0.040967650505448816,0.015897127492905172,0.025999612918397252,0.014795546318075559,0.019492137534125265,0.01534596876057992,0.022758812867461176
2026-08-21,0.05191153139849969,0.040845393920836415,0.05675015330096689,0.04133765343394469,0.04917344544177937,0.04109140505938047,0.05425210964893834
2026-08-22,-0.011269609897800903,-0.01898539237798702,-0.02578948170721118,0.0009539902678776802,-0.00011158173988679021,-0.009248754395850045,-0.01337418950705127
2026-08-23,0.005416784082367121,0.0074424329133016,0.010675363401148497,0.007779840353496548,0.01086326661566095,0.007270763764302135,0.01101935248628405
2026-08-24,0.01178305508543498,0.003950721425682868,0.0055332601680340154,0.019080352607456552,0.026976082589420747,0.010451639211815689,0.014834153415592022
2026-08-25,-0.004231763454233484,-0.008425593475883342,-0.011750767711542043,-0.012634964168647622,-0.01774354016993218,-0.009815382428046249,-0.013366204127278292
2026-08-26,0.004540177857115468,0.013738583181992725,0.019225007182469334,0.029534882734656875,0.04169215663730097,0.019956894137703074,0.028426325405911168
2026-08-27,0.012257950321955313,0.0009125843786801369,0.0014693860063030861,0.037078851392484014,0.05173054501708818,0.01706328075383956,0.024467302324293172
2026-08-28,-0.023704312049681375,-0.01576812166062802,-0.021426201673426903,-0.023883045148674453,-0.03471552190301286,-0.018539006069368424,-0.02643180050124372
2026-08-29,0.004381093873535802,0.004004627634990543,0.005296433626581498,0.007766815437642904,0.011702397275725529,0.005465390033424278,0.008603087593870296
2026-08-30,-0.006037036222641068,-0.010795673663159477,-0.014303887918494906,-0.020614388054449595,-0.030882838320767325,-0.014436881644309785,-0.022949393907946813
2026-08-31,0.009967191097817407,0.013583672398123081,0.018061944895935156,0.007143330080701116,0.00955680219469146,0.01001243698703691,0.014578204441446863
2026-09-01,-0.012535513523278974,-0.012955524014857778,-0.017150931002501757,-0.016567598774034797,-0.02258555690156927,-0.015274211958089534,-0.021305499882033008
2026-09-02,-0.0011001086859563358,-0.007729387569819335,-0.009475312202849029,0.0023094229810389777,0.0032471255465347237,-0.002343720234017743,-0.002985481328089734
2026-09-03,0.04372749862602299,0.035760690759453206,0.041490748964218005,0.02151672889043099,0.026868137456676378,0.027908496688829443,0.0357608984505946
2026-09-04,-0.015287393730291643,-0.01294450796157609,-0.015379677641685685,-0.010783075351156857,-0.01234017026892087,-0.012163608582670182,-0.015140669678872065
2026-09-05,0.001782816533938636,0.007111375961303068,0.008355235398308514,0.007375531877901409,0.008179247295483139,0.006679729361803055,0.008242692619211178
2026-09-06,0.005297245544698015,0.009727697649463574,0.011428431301185649,0.02013555376686127,0.022194861915470154,0.013852296535625142,0.01727810237978522
2026-09-07,-0.01270453774566993,-0.006894853953247182,-0.00804917775536207,-0.01610677111333747,-0.017718279438501572,-0.011299917922910296,-0.013340235938221201
2026-09-08,-0.006866145776236787,-0.0015602027370033023,-0.0017016411605464965,-0.002559742487716843,-0.0028204684512782574,-0.001979679733456363,-0.002390382842551886
2026-09-09,-0.0015737138606816137,-0.005187354567434466,-0.005658409925988983,-0.012294333942110769,-0.013415571808438553,-0.007646141674569229,-0.010266630158933698
2026-09-10,-0.01977143698085637,-0.008278789866474678,-0.01099814149396261,-0.016588839942994427,-0.02090988278465744,-0.01280103094777274,-0.017156347161709107
2026-09-11,0.00754230854440352,0.022928655108180873,0.028203302714002065,0.021728887251260876,0.027910662387183205,0.024216734802513296,0.02965658980861763
2026-09-12,0.0006042414043230249,0.0023182287529726064,0.003333957266333787,-0.003927902003731498,-0.005087944533920252,-0.0008369882047949417,-0.0012546503446213553
2026-09-13,-0.00497312752329393,-0.012854276361445538,-0.017079597700098148,-0.013858203564376836,-0.01896527498650369,-0.012908217595209992,-0.018395058279417675
2026-09-14,0.01541784867595375,0.009336750681453232,0.013753779616787698,0.017352326396619544,0.02538295496743448,0.01280473584812336,0.020194294602668084
2026-09-15,-0.028680625679265437,-0.031239552554764738,-0.04124211987978321,-0.033920896081924945,-0.04330140727221743,-0.03258064398535332,-0.04309528533021845
2026-09-16,0.006515651147205537,0.005468038184743618,0.007322529427302937,0.010975707671144308,0.014259307357529005,0.00821806016772797,0.011169156430632432
2026-09-17,0.002432466024810287,0.007890975252069943,0.01054775396025076,0.018175571398879153,0.023536706422552678,0.01304019821007163,0.017709147065435582
2026-09-18,0.051370234113326196,0.0445518008792265,0.05902501390780568,0.06637261005466666,0.07777615845792774,0.05553782449713762,0.07405752941039423
2026-09-19,0.003648781554494329,0.005853468286057817,0.006110988687944685,-0.009324987156372089,-0.008761787009241462,-0.0017338368104670154,-0.00245908008659812
2026-09-20,-0.0006968522958801238,0.0033334870497834235,0.003498761870672995,0.0006237371768258448,0.0005857324065767777,0.0021497230995846106,0.002076904078284203
2026-09-21,0.05271446991515227,0.03475794743463845,0.03647524361518473,0.04232470355701379,0.039617049951776284,0.04122252086501921,0.04263688309761693
2026-09-22,-0.005083340349105514,-0.006662938320646017,-0.007086409884936362,-0.002866788898018724,-0.002722756416802752,-0.0059104005272984095,-0.006130088640762699
2026-09-23,-0.014114727122687465,-0.015998796513703506,-0.01704940109722708,-0.016718132906786698,-0.013967112877771859,-0.015416217765008344,-0.015395194675635104
2026-09-24,0.0008611821214752347,0.0009567083612149752,0.0009722197367716401,0.01170443863214965,0.010568333048122103,0.006343631520403736,0.006760667921733576
2026-09-25,-0.0031282365979370397,0.0010458861605824321,0.0010607556786361716,0.029276556422780375,0.026606139210588298,0.015345459882192047,0.016451600885384332
2026-09-26,0.003630640216921499,0.001573373753287699,0.001589270017865685,-0.0041190658145430215,-0.0037530886398927654,-0.001435246579258087,-0.0016543242688550341
2026-09-27,0.00041562147449081266,-0.0024515045855655337,-0.0024793883210773027,0.003241810219429375,0.0029526917288356103,7.266165984565198e-05,0.0007736610425139734
2026-09-28,-0.010380773368033003,1.9199447107043355e-05,1.9418366930645803e-05,-0.017270927620392618,-0.015735167108073544,-0.008860130631687113,-0.009534955442905613
2026-09-29,0.001766102064290953,-0.003465079879381494,-0.0035076173532213595,0.0017365102625404027,0.001666718545861423,-0.0010273030472437439,-0.0003817384784365885
2026-09-30,-0.00043156319692672085,0.0027846238132143153,0.0028362276830615762,-0.006291085013223063,-0.005876386683099644,-0.0016446426550473792,-0.002409699504711371
2026-10-01,0.013541480019845231,0.007058075929593954,0.007188504294545872,0.001782490160078254,0.0016642966898356981,0.004230283413762415,0.00426406974529514
2026-10-02,-0.003849780351096732,-0.01137487350142985,-0.01155453216697877,0.0035834450168341636,0.0028359047576425045,-0.005566703290864283,-0.005100055273063231
2026-10-03,0.002376349981820347,0.005857067885294054,0.005954514402739752,0.005237531564606934,0.005062060476759722,0.005912585146903293,0.006422553135943421
2026-10-04,0.017603284572434763,0.012405034167026097,0.012610200306235608,0.010635340878737631,0.010280823564811303,0.012272809785946803,0.013287476159547396
2026-10-05,-0.007431272602041905,-0.0053669110482981175,-0.005318701879148846,-0.004358184335377158,-0.004214387436005884,-0.00523758774411387,-0.005510550250176549
