date,ret,equity,gross,w_btc,w_eth
2016-01-01,0.0051942419518406415,1.0051942419518407,0.45856191395687373,0.47273914162516484,0.0
2016-01-02,-0.0002460598084447397,1.0049469040492163,0.47273914162516484,0.48900777056925265,0.0
2016-01-03,-0.004448121919209281,1.0004767776976735,0.48900777056925265,0.5033329227627197,0.0
2016-01-04,0.00381975655140672,1.0042983554238145,0.5033329227627197,0.5199633337963958,0.0
2016-01-05,-0.000908640647685784,1.0033858091156724,0.5199633337963958,0.5380012420825678,0.0
2016-01-06,-0.00232379454623083,1.001054146644684,0.5380012420825678,0.5561037403996607,0.0
2016-01-07,0.03678771695412545,1.0378806432472023,0.5561037403996607,0.5716621513764788,0.0
2016-01-08,-0.006319868968569729,1.0313213735768652,0.5716621513764788,0.5462596210319479,0.0
2016-01-09,-0.005375809437641499,1.0257771864035492,0.5462596210319479,0.6009958467746744,0.0
2016-01-10,-0.0015940367088425654,1.0241420599133286,0.6009958467746744,0.5795206663368389,0.0
2016-01-11,0.0005715419029168715,1.0247274000151088,0.5795206663368389,0.6425364741941626,0.0
2016-01-12,-0.010471718445916135,1.013996743198335,0.6425364741941626,0.6534597108116024,0.0
2016-01-13,-0.013676285509468814,1.000129034232683,0.6534597108116024,0.5600723628912142,0.0
2016-01-14,-0.0032962836065262855,0.9968323252927307,0.5600723628912142,0.5789634088117865,0.0
2016-01-15,-0.08058867192543279,0.9164989320650486,0.5789634088117865,0.202784843818314,0.0
2016-01-16,0.010845715614788504,0.9264390188434836,0.202784843818314,0.19225848495973488,0.0
2016-01-17,-0.003048279483365922,0.9236149737897533,0.19225848495973488,0.19458574490876165,0.0
2016-01-18,0.0013036950216789942,0.9248190860330311,0.19458574490876165,0.196978680082683,0.0
2016-01-19,-0.003662430406034712,0.9214320004922625,0.196978680082683,0.20018646168228182,0.0
2016-01-20,0.02328398451525966,0.9428866089235891,0.20018646168228182,0.15711958913468374,0.0
2016-01-21,-0.004298427724079758,0.9388336789831284,0.15711958913468374,0.16986523695310735,0.0
2016-01-22,-0.010598817293035905,0.9288831523510375,0.16986523695310735,0.1625289918009884,0.0
2016-01-23,0.002018763786633904,0.9307583480210182,0.1625289918009884,0.1673792435544473,0.0
2016-01-24,0.006461811912209025,0.9367727334016485,0.1673792435544473,0.17190405647552823,0.0
2016-01-25,-0.0043090215760283965,0.9327361594815856,0.17190405647552823,0.18108231281746703,0.0
2016-01-26,-0.00031838248782444385,0.9324391926226461,0.18108231281746703,0.19205106352800302,0.0
2016-01-27,0.0013162206035165608,0.9336664882995025,0.19205106352800302,0.2045709278357287,0.0
2016-01-28,-0.008208182825133435,0.9260027830658398,0.2045709278357287,0.11310623436623742,0.0
2016-01-29,-5.538541500715535e-05,0.9259514960174019,0.11310623436623742,0.13123120483106473,0.0
2016-01-30,-0.0005186072797468494,0.9254712908308748,0.13123120483106473,0.11269565154917693,0.0
2016-01-31,-0.003261941609407576,0.9224524575190013,0.11269565154917693,0.10760080218088813,0.0
2016-02-01,0.0014628655341276378,0.9238018814259771,0.10760080218088813,0.08547215559038816,0.0
2016-02-02,0.0005099338228829437,0.924272959250959,0.08547215559038816,0.08530873210189702,0.0
2016-02-03,-0.0014443359871037567,0.9229379985540059,0.08530873210189702,0.062200799460272294,0.0
2016-02-04,0.006476705663256577,0.9289155963160755,0.062200799460272294,0.10896219895607584,0.0
2016-02-05,-0.0015844892898587081,0.92744373950253,0.10896219895607584,0.08961446907368875,0.0
2016-02-06,-0.002910987960594145,0.9247439619427097,0.08961446907368875,0.08960804687721904,0.0
2016-02-07,0.00015614325130643237,0.9248883544715534,0.08960804687721904,0.06941452133894879,0.0
2016-02-08,-0.001296970812007268,0.9236888012714383,0.06941452133894879,0.09101696716238634,0.0
2016-02-09,0.0008071804426554335,0.9244343848069244,0.09101696716238634,0.09259350812391257,0.0
2016-02-10,0.001665827628736864,0.9259743331460902,0.09259350812391257,0.09734841033779906,0.0
2016-02-11,-0.00043089835786749544,0.9255753323265101,0.09734841033779906,0.10249208461402333,0.0
2016-02-12,0.0013902989152883684,0.9268621587070612,0.10249208461402333,0.16714539265020337,0.0
2016-02-13,0.0031402858618040253,0.9297727708398901,0.16714539265020337,0.17932488972673627,0.0
2016-02-14,0.007214254083729164,0.936480387848862,0.17932488972673627,0.41621606230038555,0.0
2016-02-15,-0.007294093594000405,0.9296496122509467,0.41621606230038555,0.39209207647895905,0.0
2016-02-16,0.008018681944009,0.9371041768109583,0.39209207647895905,0.47053649547074494,0.0
2016-02-17,0.009528240689506981,0.9460331309587554,0.47053649547074494,0.5067188540616516,0.0
2016-02-18,0.0068311404855458755,0.9524956161803155,0.5067188540616516,0.5518138579857558,0.0
2016-02-19,-0.002251076570418827,0.9503514756153054,0.5518138579857558,0.5519463669540826,0.0
2016-02-20,0.027002787507487008,0.9760136145687722,0.5519463669540826,0.6105543900675985,0.0
2016-02-21,-0.0018881771778325564,0.9741707279364896,0.6105543900675985,0.5860827675023398,0.0
2016-02-22,-0.0015154479656286062,0.9726944228886633,0.5860827675023398,0.6036638801817139,0.0
2016-02-23,-0.022449334452080895,0.9508580804695619,0.6036638801817139,0.5636728706583742,0.0
2016-02-24,0.005199128361088762,0.9558017136831016,0.5636728706583742,0.623934401908087,0.0
2016-02-25,7.041544040185574e-05,0.9558690168817074,0.623934401908087,0.6456115599372215,0.0
2016-02-26,0.011288091690212703,0.9666589539881016,0.6456115599372215,0.66103104447012,0.0
2016-02-27,0.001725092059776937,0.9683265296741388,0.66103104447012,0.6844102917483217,0.0
2016-02-28,0.00018856211904507618,0.9685091193765017,0.6844102917483217,0.7082186209207136,0.0
2016-02-29,0.007386718043588499,0.9756632231639801,0.7082186209207136,0.7313682205517,0.0
2016-03-01,-0.007794439784410703,0.9680584749211644,0.7313682205517,0.6949268099342824,0.0
2016-03-02,-0.015382545947186965,0.9531672709511257,0.6949268099342824,0.687298616171669,0.0
2016-03-03,-0.006120247233586385,0.947333651597942,0.687298616171669,0.5933119418002948,0.0
2016-03-04,-0.0160447280148031,0.9321339408187829,0.5933119418002948,0.34712099343737984,0.0
2016-03-05,-0.009322608458177173,0.9234440210579516,0.34712099343737984,0.3040463845835497,0.0
2016-03-06,0.005488449265458343,0.9285122967170191,0.3040463845835497,0.34793612053470385,0.0
2016-03-07,0.008134847102796989,0.9360656022838788,0.34793612053470385,0.5296181066059937,0.0
2016-03-08,-0.002490872155018886,0.9337339825398789,0.5296181066059937,0.3227313568868204,0.0
2016-03-09,0.0006685419284966331,0.934358222857269,0.3227313568868204,0.33398943213392657,0.0
2016-03-10,0.0029789867063216365,0.9371416635821032,0.33398943213392657,0.5829905952356785,0.0
2016-03-11,0.004182679293022858,0.941061426612997,0.5829905952356785,0.6013256550735175,0.0
2016-03-12,-0.012895458278984643,0.9289260082481473,0.6013256550735175,0.3497212851405934,0.0
2016-03-13,0.001084365893610869,0.9299333039291796,0.3497212851405934,0.36160890567924964,0.0
2016-03-14,0.0027427651038729496,0.9324838925441259,0.36160890567924964,0.37217614652050246,0.0
2016-03-15,0.00020332952234431532,0.9326734940485906,0.37217614652050246,0.4262743643715633,0.0
2016-03-16,0.0017306007792213284,0.9342875795241501,0.4262743643715633,0.7402525009208825,0.0
2016-03-17,0.0024939286625226833,0.9366176260977643,0.7402525009208825,0.8478912847930495,0.0
2016-03-18,-0.019761821479540306,0.9181083557762295,0.8478912847930495,0.4395774090243369,0.0
2016-03-19,-0.00016579604582347878,0.9179561370412044,0.4395774090243369,0.4554051912378385,0.0
2016-03-20,0.0031530448485748382,0.9208504939103198,0.4554051912378385,0.42329636935337,0.0
2016-03-21,-0.00048787025735338714,0.9204012383428718,0.42329636935337,0.4387891264390188,0.0
2016-03-22,0.005340134213649647,0.9253163044860321,0.4387891264390188,0.9119039674242164,0.0
2016-03-23,0.0012763114827752295,0.9264972963106467,0.9119039674242164,0.9452624841431704,0.0
2016-03-24,-0.008347140600388062,0.9187636931124623,0.9452624841431704,0.531159837490958,0.0
2016-03-25,0.0032323203177265663,0.9217334316648991,0.531159837490958,0.9143229051408259,0.0
2016-03-26,0.0006065683058835249,0.9222925259510203,0.9143229051408259,1.0272709238937745,0.0
2016-03-27,0.02115345569552739,0.9418022000370412,1.0272709238937745,1.0614819501315111,0.0
2016-03-28,-0.006131564771550562,0.9360274788455253,1.0614819501315111,1.00920207124515,0.0
2016-03-29,-0.017136129701240014,0.9199875905641036,1.00920207124515,0.9836672818398182,0.0
2016-03-30,-0.007632429766590243,0.9129658498929885,0.9836672818398182,0.7377319116094903,0.0
2016-03-31,0.005391870201650973,0.9178884432541513,0.7377319116094903,0.8540033077517535,0.0
2016-04-01,0.0024391771100293704,0.9201273357344973,0.8540033077517535,1.0688809527880392,0.0
2016-04-02,0.006331659062045524,0.9259532683180365,1.0688809527880392,1.1846187965383954,0.0
2016-04-03,0.0007098088655241596,0.9266105181569497,1.1846187965383954,1.2110325525494299,0.0
2016-04-04,-0.0015532893959956983,0.9251712238648784,1.2110325525494299,1.2299001071907374,0.0
2016-04-05,0.008311630835553896,0.9328609055373209,1.2299001071907374,1.245114414208768,0.0
2016-04-06,-0.0018797839230997079,0.9311073286046037,1.245114414208768,1.264700866624757,0.0
2016-04-07,-0.0013663564627059163,0.929835104088692,1.264700866624757,1.2850871093050031,0.0
2016-04-08,-0.008416145265097673,0.9220094767800943,1.2850871093050031,1.2274198489737689,0.0
2016-04-09,0.0002753977662586919,0.9222633961304688,1.2274198489737689,1.2473095865836838,0.0
2016-04-10,0.00945840568712217,0.9309865374814538,1.2473095865836838,1.274630378618666,0.0
2016-04-11,0.0038262163083416043,0.9345486933540118,1.274630378618666,1.321340666981944,0.0
2016-04-12,0.012805325977388758,0.9465158940141527,1.321340666981944,1.3252387234012457,0.0
2016-04-13,-0.00796257643730641,0.9389791888589396,1.3252387234012457,1.3297514573423261,0.0
2016-04-14,0.0029698271373741706,0.9417677947354425,1.3297514573423261,1.359195182457923,0.0
2016-04-15,0.01499205059288723,0.9558868251608682,1.359195182457923,1.3627601354821222,0.0
2016-04-16,0.004467126933115039,0.9601568929425542,1.3627601354821222,1.3687395650794931,0.0
2016-04-17,-0.00926527772731738,0.9512607726676434,1.3687395650794931,1.373393388349884,0.0
2016-04-18,0.0009111368319416727,0.9521275013944022,1.373393388349884,1.3796672787649917,0.0
2016-04-19,0.02516435250614988,0.9760871734702905,1.3796672787649917,1.3783402506719347,0.16366863940320447
2016-04-20,0.011020532944676737,0.9868441743223961,1.5420088900751392,1.3820823539667888,0.165132912519057
2016-04-21,0.02259981319012113,1.0091466683098416,1.5472152664858458,1.3786951444662632,0.16214927229267406
2016-04-22,-0.01671842688290372,0.9922753235215777,1.5408444167589372,1.3816001072846626,0.1583361660691372
2016-04-23,0.026878499331783438,1.0189461951417975,1.5399362733537998,1.3849675179343315,0.1591065379233013
2016-04-24,0.020863073248140185,1.0402045442469547,1.5440740558576327,1.382578740185548,0.1556798224030323
2016-04-25,-0.003056244403839634,1.0370254249297515,1.5382585625885803,1.3889785668578383,0.14824977384577065
2016-04-26,0.010914634975060011,1.0483441789027161,1.537228340703609,1.3944705166886164,0.1492921306529177
2016-04-27,-0.0630804778264161,0.9822141271709909,1.5437626473415342,0.8333881331250699,0.12717084401721584
2016-04-28,-0.0006220108806743973,0.9816031792967385,0.9605589771422858,0.8809922124703319,0.07011488187537895
2016-04-29,0.012959193364045225,0.9943239647040064,0.9511070943457108,0.9129094649476113,0.07102995819407747
2016-04-30,-0.0012239984011928266,0.9931069137609411,0.9839394231416887,0.9375155662186029,0.14611330507229645
2016-05-01,0.009526897175325824,1.0025681412124465,1.0836288712908992,0.9869850826983745,0.1476085130958162
2016-05-02,-0.0007811548092270362,1.0017849802873606,1.1345935957941906,0.9082089605133429,0.1814070284228534
2016-05-03,0.0019471370703307545,1.0037355929589789,1.0896159889361963,1.0099751506139694,0.15579321236468896
2016-05-04,-0.007184021228116163,0.9965247351517458,1.1657683629786584,1.0356393399368498,0.16735428197483318
2016-05-05,0.008578795887959952,1.005073717451916,1.202993621911683,0.9991228614315455,0.1976110647644599
2016-05-06,0.021145495469836302,1.026326499191147,1.1967339261960053,1.0246041146178406,0.18685318048320526
2016-05-07,-0.0005548872090514919,1.0257570037444352,1.2114572951010458,1.0577370732854874,0.19740648902730978
2016-05-08,0.0018063904079912711,1.027609921356929,1.2551435623127971,1.019976266091974,0.20693079939852335
2016-05-09,0.0012363238440133012,1.0288803800050472,1.2269070654904974,1.0542382585785068,0.23149612000072417
2016-05-10,-0.026279248513758527,1.0018421768079644,1.285734378579231,0.8910029610404351,0.23955606580038324
2016-05-11,0.017475212477243436,1.0193495817163476,1.1305590268408183,0.9894719531707958,0.26563579513622765
2016-05-12,0.0069600079356720995,1.0264442628943176,1.2551077483070234,1.0220587935276082,0.2747912804106366
2016-05-13,0.01745289174259699,1.0443586834944218,1.296850073938245,1.1521441426921,0.2795407850654349
2016-05-14,-0.008002115571183365,1.0360016046113305,1.431684927757535,1.1917565315347527,0.2825692695403954
2016-05-15,6.010151264896355e-05,1.0360638698748743,1.474325801075148,1.2286556854478394,0.28906799765492885
2016-05-16,0.015378626203117644,1.0519971088522355,1.5177236831027683,1.2306903488793188,0.2882369077878254
2016-05-17,0.023953001988999335,1.0771955976929946,1.5189272566671441,1.1637098920626983,0.2820293552855613
2016-05-18,0.032933723481754246,1.1126716596431785,1.4457392473482595,1.203574763504645,0.2785730126420252
2016-05-19,-0.02113360806433307,1.0891568928839885,1.4821477761466701,0.8351724031629539,0.28043243253351957
2016-05-20,-0.00936190474252362,1.0789603098031457,1.1156048356964736,0.7719300494867756,0.27177869673430866
2016-05-21,0.01039346148946128,1.0901744422317419,1.0437087462210841,0.8900062665439166,0.2810718116301646
2016-05-22,-0.0025887215920899977,1.087352284113992,1.171078078174081,0.8169579448203717,0.29064598044718026
2016-05-23,-0.01225641587761842,1.0740252423144125,1.107603925267552,0.8330077171511112,0.28146013958641836
2016-05-24,-0.009896398396206674,1.0633962606288867,1.1144678567375297,0.9616924524248658,0.28240065198834796
2016-05-25,0.005311919233241784,1.0690449356782787,1.2440931044132137,0.9737589370037378,0.29003766724964786
2016-05-26,0.008357458278762725,1.0779794341263325,1.2637966042533857,1.101757693303202,0.29991317436181664
2016-05-27,0.013527916095046217,1.0925622494633789,1.4016708676650187,1.0846140562430253,0.23274882153579454
2016-05-28,0.1554044091448543,1.2623512402952082,1.3173628777788198,0.249473842899947,0.12578114523136047
2016-05-29,0.0028585185358726314,1.2659596947143739,0.3752549881313075,0.2709021565674545,0.1326321888707136
2016-05-30,0.005941509861591485,1.2734814067248967,0.4035343454381681,0.2889260590848607,0.14143926820449942
2016-05-31,0.01315463969296273,1.29023359578605,0.4303653272893601,0.3056437580739551,0.13981038273323865
2016-06-01,0.002394286133185766,1.293322784193011,0.44545414080719375,0.325335151334206,0.14845578728201733
2016-06-02,-0.0002169191352252947,1.2930422377330968,0.47379093861622334,0.3450316764183274,0.14702802185670635
2016-06-03,0.01868692347576046,1.3172052190805412,0.4920596982750337,0.3319055710728077,0.1653752998430091
2016-06-04,0.0006154291204605122,1.318015865529986,0.49728087091581685,0.35228883045348736,0.1634300422564559
2016-06-05,0.002608274840168566,1.3214536131509909,0.5157188727099433,0.3739968064220686,0.17450728146357364
2016-06-06,0.007515389793929375,1.3313848521484168,0.5485040878856422,0.39838474521914713,0.2000198062231666
2016-06-07,0.0029616495634256232,1.3353279475145339,0.5984045514423137,0.4136134167658426,0.21105294475290187
2016-06-08,0.002511613260578636,1.3386817748947326,0.6246663615187444,0.4408336332245957,0.2248518599773299
2016-06-09,-0.0049473881100744604,1.332058796598445,0.6656854932019256,0.4557438037234673,0.23692766158182707
2016-06-10,-0.005507510883678101,1.32472246827848,0.6926714653052943,0.47979628594619994,0.2413553634219318
2016-06-11,0.02360887585640717,1.35599767657626,0.7211516493681318,0.46725772896314194,0.23365041940049766
2016-06-12,0.0701512706635741,1.4511226366049388,0.7009081483636396,0.2776067859047211,0.17536386545052587
2016-06-13,0.03876589875122962,1.5073767098111832,0.45297065135524694,0.2714193956566778,0.1577331703271077
2016-06-14,0.0017119774064557514,1.5099573046813977,0.4291525659837855,0.271988123949109,0.16536178897635714
2016-06-15,0.001076872919213298,1.5115833368119773,0.4373499129254661,0.28800751179702555,0.17192765317949446
2016-06-16,0.049433202836144885,1.5863057425043403,0.45993516497652,0.22128114517992692,0.14191054217635285
2016-06-17,-0.04981992099073051,1.507276115745632,0.36319168735627977,0.17359662214375143,0.06846763518421203
2016-06-18,-0.016793030020296966,1.481964382685039,0.24206425732796347,0.17673608202490015,0.022201525182258337
2016-06-19,0.0067670834358787655,1.4919929593116694,0.1989376072071585,0.18851084974380647,0.03943230305278034
2016-06-20,-0.013150162217926354,1.472373009868717,0.2279431527965868,0.17308001616057883,0.04016234252812149
2016-06-21,-0.006375699609790368,1.4629856018442313,0.2132423586887003,0.15868944231439006,0.04227227146106663
2016-06-22,-0.017029636051342237,1.4380714894964701,0.20096171377545669,0.12120582213814043,0.04232618252848921
2016-06-23,0.010624369000375576,1.4533500916498003,0.16353200466662965,0.12423895723514251,0.04839375851828386
2016-06-24,0.011443736409311855,1.46998184700909,0.17263271575342637,0.13905829930977887,0.055637849781354276
2016-06-25,0.000964343533058767,1.471399414496967,0.19469614909113314,0.1483746105987319,0.060124871778939264
2016-06-26,-0.011374406384928214,1.454663119601933,0.20849948237767116,0.12671536652928347,0.058815101272861645
2016-06-27,0.006233250512760866,1.4637303992380861,0.1855304678021451,0.13325882893114832,0.06273832951432622
2016-06-28,-0.009779928245186722,1.4494152209632392,0.19599715844547455,0.14132165130095717,0.049884495016532186
2016-06-29,0.0003376446121256555,1.4499046082033304,0.19120614631748936,0.1503575086088342,0.05637187008880697
2016-06-30,0.007412666703708007,1.460652267816112,0.2067293786976412,0.15366288296900088,0.053017102152945736
2016-07-01,-5.3152499791724495e-05,1.460574630496751,0.20667998512194663,0.16408551372371,0.05551665074598321
2016-07-02,0.005271203847465478,1.4682736171085358,0.21960216446969322,0.18916324416584437,0.06474771248315694
2016-07-03,-0.010928421988941225,1.4522277034255446,0.2539109566490013,0.16960650452814732,0.05930194602436303
2016-07-04,0.002362344537748117,1.4556583656082984,0.22890845055251036,0.17959261012111857,0.03435576312872642
2016-07-05,-0.006921930738502877,1.4455823992226355,0.213948373249845,0.18953635067144625,0.02773893004090935
2016-07-06,0.0024709856902669523,1.4491544126452165,0.2172752807123556,0.2376045327381032,0.03223417154152393
2016-07-07,-0.015311655983212203,1.4269654588122391,0.26983870427962714,0.21495852696160342,0.015180548557600135
2016-07-08,0.01468761271251445,1.4479241748254088,0.23013907551920354,0.22084089601764878,0.028356516812888113
2016-07-09,-0.006430278804259729,1.4386136186938536,0.2491974128305369,0.21623289215402042,0.029434028552765612
2016-07-10,-0.0006604560489623613,1.4376634776272676,0.24566692070678603,0.24914476952397357,0.03080806091273982
2016-07-11,-0.0017241687327810185,1.4351847032108815,0.2799528304367134,0.24688415696340946,0.015613501474073045
2016-07-12,0.006931316589668234,1.4451324227534852,0.2624976584374825,0.28319262254363087,0.012247162254734127
2016-07-13,-0.004600248105423274,1.4384844550636278,0.29543978479836497,0.27260555954775195,0.016468512650841125
2016-07-14,0.005964363933345891,1.4470640998660882,0.2890740721985931,0.26794608350948806,0.06527622662099984
2016-07-15,0.004164600558708655,1.4530905438248776,0.3332223101304879,0.31621376226201436,0.08894293290853861
2016-07-16,-0.002049423250681107,1.4501125462790179,0.40515669517055297,0.3378642170110674,0.08501503631174895
2016-07-17,0.005387904265884437,1.4579256138531271,0.42287925332281634,0.3825868278475347,0.037476715711873256
2016-07-18,-0.004211752490674209,1.4517851920177636,0.420063543559408,0.37751774814189076,0.039509291914577804
2016-07-19,0.002468842913418019,1.455369421600882,0.41702704005646857,0.434864054760959,0.11691969226646844
2016-07-20,0.003431076802125138,1.4603629058618588,0.5517837470274275,0.42936613842715915,0.142170050104398
2016-07-21,0.0021245229042573515,1.46346548030389,0.5715361885315572,0.49485863411472364,0.14356978356330846
2016-07-22,0.008551779109948355,1.4759807138264833,0.6384284176780322,0.4169804093863238,0.18469688456096098
2016-07-23,0.0005500299668591744,1.4767925474495942,0.6016772939472848,0.4821217574084504,0.2069264964016007
2016-07-24,-0.021874977435855054,1.4444877437966954,0.6890482538100511,0.5058422272605285,0.1573508752181986
2016-07-25,0.011694095423467613,1.4613797213106834,0.6631931024787271,0.48251470147308406,0.17965061416407666
2016-07-26,-0.027538576487427,1.4211354040781945,0.6621653156371607,0.48739041451638443,0.14203189219786128
2016-07-27,0.01760636374034174,1.4461564309266726,0.6294223067142457,0.5099241499454646,0.1567198523141065
2016-07-28,-0.0025950568676263532,1.4424035727489342,0.6666440022595712,0.5460346267092843,0.1651010372840608
2016-07-29,0.0009298418309225627,1.4437447799279481,0.711135663993345,0.5799999789038577,0.17603148316806408
2016-07-30,-0.007089837201034404,1.4335088644784157,0.7560314620719217,0.5485963112015045,0.16592597741841109
2016-07-31,-0.03403630313687969,1.3847175222176242,0.7145222886199156,0.4718895286630994,0.07292421456160207
2016-08-01,-0.019729513621221058,1.357397719001488,0.5448137432247014,0.4712692385533051,0.029023069140737226
2016-08-02,-0.07778131042500518,1.2518175456496394,0.5002923076940423,0.04350165872215258,0.0
2016-08-03,0.0031266169083371325,1.2557314995540205,0.04350165872215258,0.0680508237487749,0.008713610818824248
2016-08-04,0.0010858459925537954,1.2570950305705348,0.07676443456759915,0.14311429936352854,0.011697999613613565
2016-08-05,-0.0006499900121505007,1.25627793135634,0.1548122989771421,0.06852128253105835,0.012428714965871944
2016-08-06,0.0010475680276107776,1.2575939679510217,0.0809499974969303,0.1542098102914209,0.013051837119700139
2016-08-07,0.000942978048585607,1.2587798514568334,0.16726164741112104,0.16391255199530672,0.01065435436078185
2016-08-08,-0.000809194558246983,1.2577612536510034,0.17456690635608857,0.17459455077362832,0.014825936000368248
2016-08-09,-0.0009649030715462957,1.2565476359540837,0.18942048677399656,0.1019444627822201,0.057144516284425906
2016-08-10,-0.000742226719583198,1.2556149927242495,0.15908897906664599,0.09004132511946723,0.055118524213074865
2016-08-11,-0.0018750941354161088,1.2532605964150518,0.1451598493325421,0.09601763472388626,0.03970574426385279
2016-08-12,1.5207416914669826e-05,1.2532796552714442,0.13572337898773906,0.10202103799243599,0.05350107879341078
2016-08-13,-0.0013462573693322167,1.251592418299701,0.15552211678584676,0.10689359908249309,0.04614257147421045
2016-08-14,-0.003908584491634868,1.246700463583687,0.15303617055670354,0.10511823252545045,0.01947736168517975
2016-08-15,-0.0013159402153656732,1.2450598803071422,0.1245955942106302,0.10006359446543223,0.019617953642893836
2016-08-16,0.0020758546181070276,1.2476444436094976,0.11968154810832607,0.12574397019614705,0.01983769678209419
2016-08-17,-0.002506647947243845,1.2445170382260335,0.14558166697824124,0.12606962185078358,0.019383248644630376
2016-08-18,-0.00027800440647127346,1.244171057005478,0.14545287049541394,0.10092474174269912,0.013619562606938211
2016-08-19,7.165923582095758e-05,1.2442602133526537,0.11454430434963733,0.10206200363513343,0.013179412657803109
2016-08-20,0.003947571793237695,1.2491720198743326,0.11524141629293654,0.14266757295018478,0.026615159165270234
2016-08-21,-0.0008006980793217923,1.2481718102372767,0.16928273211545503,0.14901501980162896,0.027743405882774165
2016-08-22,0.00038179507388300045,1.2486483560857848,0.17675842568440311,0.15806803386288681,0.015119414168224918
2016-08-23,-0.00110220382267017,1.2472720910945363,0.17318744803111175,0.16518134164209827,0.015422547642229282
2016-08-24,-0.0009811490565071242,1.2460483312591513,0.18060388928432755,0.12963564849749454,0.015844274789289906
2016-08-25,0.0007890184149508819,1.2470314863384335,0.14547992328678444,0.13096293713446153,0.03212351543540531
2016-08-26,0.0004906387083291308,1.2476433282561366,0.16308645256986684,0.1355034251805977,0.018468661619566132
2016-08-27,-0.0027930660654855877,1.2441585780141549,0.15397208680016383,0.1304643831119447,0.01940271768264756
2016-08-28,0.0005014570160150999,1.2447824700621355,0.14986710079459226,0.16860579612830684,0.019629665571243776
2016-08-29,-0.0006837983972424164,1.2439312898041917,0.1882354616995506,0.17135555922885257,0.019785762581464163
2016-08-30,0.00198826128178631,1.246404550224912,0.19114132181031673,0.1392462151198015,0.03857283062407187
2016-08-31,0.0007376911739188824,1.2473240118607454,0.1778190457438734,0.1396459448420661,0.09899753953985793
2016-09-01,0.002368121610252504,1.2502778268082195,0.23864348438192404,0.18212817539029227,0.14331399336214923
2016-09-02,0.0014704954887942887,1.2521163547122804,0.3254421687524415,0.28514934865437974,0.15607334798259043
2016-09-03,0.008578169431852653,1.2628572209513962,0.44122269663697017,0.2844658851039338,0.16400781104575135
2016-09-04,0.0033100257593558354,1.2670373108831339,0.44847369614968513,0.36632737260949294,0.1716939631223972
2016-09-05,-0.0016143869683670792,1.2649918223600092,0.5380213357318901,0.3985967925857289,0.1622541805551909
2016-09-06,0.0027232734595744826,1.268436741016421,0.5608509731409198,0.435945360130098,0.1887486290043949
2016-09-07,-0.0004710321712613896,1.2678392665041922,0.6246939891344929,0.47578157792003106,0.08534573629625705
2016-09-08,0.009194006999735318,1.2794957895949712,0.5611273142162881,0.8290489562004957,0.0543843837282674
2016-09-09,-0.008513430723914937,1.2686028908287135,0.883433339928763,0.5156478558926161,0.08118366574191964
2016-09-10,0.0047726987174032415,1.2746575502186657,0.5968315216345357,0.49240778627456516,0.1851640180915993
2016-09-11,-0.021140657891849695,1.2477104510202297,0.6775718043661645,0.4614579908725297,0.08057511490229244
2016-09-12,0.0011000417029660352,1.2490829845495786,0.5420331057748221,0.4778341892925251,0.18775280401905153
2016-09-13,0.0011623655308357797,1.2505348755559724,0.6655869933115766,0.4950733650406525,0.1986994530392448
2016-09-14,0.00032413165833756726,1.2509402134989953,0.6937728180798973,0.5130463351185145,0.23124489004069027
2016-09-15,-0.0011562765462804071,1.2494937806693274,0.7442912251592048,0.5300278717745384,0.22153264151387286
2016-09-16,0.010546944556552477,1.262672122297804,0.7515605132884112,0.5494266857315703,0.42818542610281574
2016-09-17,0.006316339184239599,1.2706475877007204,0.977612111834386,0.5694779761896263,0.46270624144598826
2016-09-18,-0.008538449029292546,1.2597982280389441,1.0321842176356144,0.586513463720459,0.43439214797619385
2016-09-19,0.017375180065913754,1.2816874490978398,1.0209056116966528,0.6048079993403224,0.43372745628077936
2016-09-20,0.056042603730027625,1.35351655091338,1.0385354556211017,0.6270617308534763,0.3313458900337338
2016-09-21,-0.03330580651465426,1.3084365905542767,0.9584076208872101,0.4777146216946495,0.29469066788685994
2016-09-22,-0.014626469834474978,1.2892987822322113,0.7724052895815094,0.47861022699381783,0.3239251476886314
2016-09-23,0.009619603237218584,1.3017013249715144,0.8025353746824493,0.47477396130487526,0.31212215898987933
2016-09-24,-0.009307233992956966,1.2895860861510624,0.7868961202947546,0.49121249912484755,0.3409512374971142
2016-09-25,0.001247746742949621,1.2911951629898106,0.8321637366219617,0.5027749787881461,0.3525810896026005
2016-09-26,-0.0002702145487174278,1.2908462632715372,0.8553560683907466,0.5143780802209059,0.36227762007965736
2016-09-27,0.005267120059826256,1.2976453055189665,0.8766557003005633,0.5372538788515182,0.39988817935784504
2016-09-28,0.0057957846754281206,1.3051661782948347,0.9371420582093632,0.5606667700023333,0.4125393021987765
2016-09-29,-0.004746304301277582,1.298971462448912,0.9732060722011098,0.5862982656893855,0.4241753892812892
2016-09-30,0.00743219529358581,1.3086256720386271,1.0104736549706748,0.7959250046944577,0.43880509008237056
2016-10-01,0.007544910319381259,1.3184991353757984,1.2347300947768283,0.806619711820402,0.45419087718930157
2016-10-02,-0.0033272928550131995,1.3141121026233213,1.2608105890097037,0.8152231224618776,0.4704926707657138
2016-10-03,0.007949066733730196,1.3245580674226767,1.2857157932275913,0.8283583732885209,0.48499838177318255
2016-10-04,-0.009736919748766469,1.311660951817601,1.3133567550617036,0.7997279626704273,0.4647439529891299
2016-10-05,-0.006085419824714544,1.3036789442581063,1.2644719156595572,0.8523467959089429,0.4321614885256983
2016-10-06,-0.008267284762478577,1.292901059187077,1.2845082844346412,0.824602888643245,0.44323558668815244
2016-10-07,0.001334825612303168,1.2946268566350538,1.2678384753313976,1.329633971049197,0.45609700211832005
2016-10-08,-0.014156229200330056,1.276299822123625,1.7857309731675168,1.3111912933634953,0.2480634561547403
2016-10-09,-0.00837014933534801,1.2656170020157722,1.5592547495182356,1.316049318236617,0.2527905487984083
2016-10-10,-0.004385282893811025,1.260066913426716,1.5688398670350254,1.3213435295862768,0.10362076605046447
2016-10-11,0.054700606288567225,1.328993337555321,1.4249642956367412,1.160103364612651,0.09871448423194266
2016-10-12,-0.011259904782225773,1.3140289991182355,1.2588178488445938,1.1585191699667121,0.09497982703871939
2016-10-13,-0.0010634140763401871,1.312631642183854,1.2534989970054315,1.1942242096929327,0.21980251652221755
2016-10-14,0.00635837903477333,1.320977851697896,1.4140267262151502,1.232684044886828,0.09235148229418448
2016-10-15,-0.0043187070601825575,1.3152729353234236,1.3250355271810124,1.2647772021911923,0.09255299027598442
2016-10-16,0.01084342760170019,1.3295350021740788,1.3573301924671768,1.2974392556935226,0.09353972294008021
2016-10-17,-0.007737405452924524,1.3192478507984031,1.3909789786336029,1.3187407718028357,0.09501465456477712
2016-10-18,-0.002835916792168478,1.3155065736652918,1.4137554263676129,1.3398390653357153,0.4664247631843895
2016-10-19,-0.03340624568946266,1.2715604378593257,1.806263828520105,1.3443829160556109,0.06839302204813737
2016-10-20,-0.0023007506959084223,1.2686348942970314,1.4127759381037484,1.3621466694530586,0.17384643624294244
2016-10-21,0.004917147920097272,1.2748729597288868,1.535993105696001,1.368012867352396,0.18051588446198172
2016-10-22,0.04899047175692513,1.3373295874561524,1.5485287518143775,1.034751053218638,0.06923555038294081
2016-10-23,-0.004927726577567822,1.330739592905077,1.1039866036015786,1.09145850080574,0.07249758630231938
2016-10-24,-0.0035152825625124353,1.3260616672188927,1.1639560871080594,1.157402579119005,0.09026906171376033
2016-10-25,0.006660716849128795,1.3348941885087215,1.2476716408327653,1.222701809911326,0.0
2016-10-26,0.03582753342948778,1.3827201546723467,1.222701809911326,1.1254056783645319,0.0
2016-10-27,0.018902058798918354,1.4088564123384129,1.1254056783645319,1.1492258004250482,0.0
2016-10-28,0.00629347013068952,1.417723008087895,1.1492258004250482,1.2286895376201608,0.0
2016-10-29,0.044421219809823054,1.480699993459611,1.2286895376201608,1.0054585279488608,0.0
2016-10-30,-0.022858405759325677,1.4468535522012804,1.0054585279488608,0.8840144584096408,0.0
2016-10-31,-0.0006725307865473252,1.4458804986437999,0.8840144584096408,0.9379670712911896,0.0
2016-11-01,0.04246376009213907,1.5072780212601127,0.9379670712911896,0.7599054258856399,0.0
2016-11-02,0.010000869164111819,1.5223521115446763,0.7599054258856399,0.8082928404861335,0.0
2016-11-03,-0.05193275503101941,1.4432921722648715,0.8082928404861335,0.447658082605917,0.0
2016-11-04,0.009750516293431587,1.4573650161067222,0.447658082605917,0.466860937982081,0.0
2016-11-05,0.0008914452959840506,1.4586641772948623,0.466860937982081,0.4980368909332817,0.0
2016-11-06,0.005827783303799804,1.4671649560331523,0.4980368909332817,0.5288800155295812,0.0
2016-11-07,-0.007249535675215896,1.4565286913429634,0.5288800155295812,0.5497627012957272,0.0
2016-11-08,0.004207951897666238,1.4626576940137055,0.5497627012957272,0.5861403769258151,0.0
2016-11-09,0.007900267380188097,1.474213080882103,0.5861403769258151,0.6205918587981413,0.0
2016-11-10,-0.006612440156825993,1.46446493510636,0.6205918587981413,0.6466814890405821,0.0
2016-11-11,0.00202100328066037,1.4674246235446222,0.6466814890405821,0.6908525915683889,0.0
2016-11-12,-0.010725196170570231,1.451686206591581,0.6908525915683889,0.6589490194663283,0.0
2016-11-13,-0.00020219889049435168,1.4513926772512622,0.6589490194663283,0.6911059445733169,0.0
2016-11-14,0.0018449503686152429,1.4540704247061624,0.6911059445733169,0.7385210082440887,0.0
2016-11-15,0.006921597250476254,1.4641349145598077,0.7385210082440887,0.7976937866075658,0.0
2016-11-16,0.03320440865575299,1.5127506485900075,0.7976937866075658,0.7427129060730304,0.0
2016-11-17,-0.006799587911446169,1.5024645675668225,0.7427129060730304,0.7729602668816218,0.0
2016-11-18,0.014371101730239635,1.5240566387134058,0.7729602668816218,0.8003313438574061,0.0
2016-11-19,0.0016901525221382817,1.5266325268852088,0.8003313438574061,0.8543453761447767,0.0
2016-11-20,-0.023780837537332487,1.4903279267841443,0.8543453761447767,0.7817239968573607,0.0
2016-11-21,0.006520069777397117,1.5000449688579804,0.7817239968573607,0.8315585336185141,0.0
2016-11-22,0.012219283705079798,1.5183744439028337,0.8315585336185141,0.8684034656128623,0.0
2016-11-23,-0.007927677451498936,1.506337261060973,0.8684034656128623,0.9042411662927333,0.0
2016-11-24,-0.004546814260554302,1.4994882253211768,0.9042411662927333,0.9491419424627889,0.0
2016-11-25,0.0029172110913375394,1.5038625490034139,0.9491419424627889,0.9815630996984097,0.0
2016-11-26,-0.0064588287508103425,1.4941493583346437,0.9815630996984097,1.006423755807666,0.0
2016-11-27,-0.00952784314258355,1.4799133376168392,1.006423755807666,0.9414063105894674,0.0
2016-11-28,0.002963655881649443,1.4842992914841988,0.9414063105894674,1.0617749270113754,0.0
2016-11-29,0.0021374343754904873,1.4874718838133334,1.0617749270113754,1.0985555767821626,0.0
2016-11-30,0.015305077270496856,1.510237755932788,1.0985555767821626,1.1092526615756677,0.0
2016-12-01,0.016378553404634667,1.5349732656720285,1.1092526615756677,1.1197766425005633,0.0
2016-12-02,0.02758317861751449,1.5773127074321696,1.1197766425005633,1.0888554742965042,0.0
2016-12-03,-0.008984685860983034,1.563141048251355,1.0888554742965042,1.1021630788053234,0.0
2016-12-04,0.0003611871648572119,1.5637056347348448,1.1021630788053234,1.1387040663324073,0.0
2016-12-05,-0.020026822742863354,1.5323895791659934,1.1387040663324073,1.1039025810521395,0.0
2016-12-06,0.009561296490580313,1.547041210271475,1.1039025810521395,1.1350778936501065,0.0
2016-12-07,0.00862120984747525,1.5603785771879173,1.1350778936501065,1.1696207234833755,0.0
2016-12-08,0.00398666609987606,1.566599285564565,1.1696207234833755,1.210548164332044,0.0
2016-12-09,0.006415368496970235,1.5766495972685521,1.210548164332044,1.2516169346082098,0.0
2016-12-10,0.005639742722873744,1.5855414953612694,1.2516169346082098,1.2953527764888069,0.0
2016-12-11,-0.008095667320292025,1.5727054788923063,1.2953527764888069,1.3143014138529825,0.0
2016-12-12,0.013516168277974227,1.5939624307967069,1.3143014138529825,1.3288440059755544,0.0
2016-12-13,0.0006287670633005737,1.5949646618733302,1.3288440059755544,1.349780259615132,0.0
2016-12-14,-0.0033929772470434514,1.5895529830657555,1.349780259615132,1.3683761314236804,0.0
2016-12-15,-0.001544381605430766,1.5870981066778511,1.3683761314236804,1.3894278010273284,0.0
2016-12-16,0.01057657408168821,1.6038841673780364,1.3894278010273284,1.4031149072629177,0.0
2016-12-17,0.012768590795234236,1.6243635079942413,1.4031149072629177,1.4084553735556804,0.0
2016-12-18,0.001676344666024281,1.6270865010965518,1.4084553735556804,1.415236899745958,0.0
2016-12-19,-0.0008022167302431059,1.6257812250838195,1.415236899745958,1.4218389129976163,0.0
2016-12-20,0.016902091561201902,1.6532603282086693,1.4218389129976163,1.4258446473669082,0.0
2016-12-21,0.05045863056020796,1.7366815803295987,1.4258446473669082,1.3183262457763,0.0
2016-12-22,0.04760751914159177,1.8193606819079897,1.3183262457763,1.165200491875519,0.0
2016-12-23,0.07726193846262398,1.9599280149548826,1.165200491875519,0.6513510266511888,0.0
2016-12-24,-0.017865960845848506,1.924912017779017,0.6513510266511888,0.5840503390341986,0.0
2016-12-25,0.003115844437936631,1.9309097441831313,0.5840503390341986,0.6215298384552789,0.0
2016-12-26,0.004702791022846656,1.939990409194003,0.6215298384552789,0.6629817755599138,0.0
2016-12-27,0.016623349861299007,1.9722395484935997,0.6629817755599138,0.6891194641056945,0.0
2016-12-28,0.03899711452710136,2.0491512000410834,0.6891194641056945,0.581164748034278,0.0
2016-12-29,-0.0039537194145999495,2.0410494311580303,0.581164748034278,0.5943019546713785,0.0
2016-12-30,-0.007311489154922356,2.026126320377458,0.5943019546713785,0.5957315642420373,0.0
2016-12-31,0.004671114389585979,2.035590588187692,0.5957315642420373,0.6350922977629389,0.0
2017-01-01,0.01848337157536836,2.0732151654044877,0.6350922977629389,0.6566870409282085,0.0
2017-01-02,0.012755207443252727,2.099659454913719,0.6566870409282085,0.697067879960602,0.0
2017-01-03,0.010593706369909788,2.12190263065588,0.697067879960602,0.7439481741025973,0.0
2017-01-04,0.0690978790469262,2.268521601978294,0.7439481741025973,0.43326026477404544,0.0967944542697363
2017-01-05,-0.05893600298499636,2.1348240060725727,0.5300547190437818,0.20694322167313411,0.01851185748263858
2017-01-06,-0.02280055359092238,2.0861488369149273,0.2254550791557727,0.1444402696042449,0.018328211155295343
2017-01-07,0.0019535095894388393,2.0902241486728372,0.16276848075954023,0.16575159154034622,0.0
2017-01-08,0.0018896300568131844,2.0941738990496463,0.16575159154034622,0.17654080478017253,0.02176859498735191
2017-01-09,-0.0018927056740424665,2.0902102442284836,0.19830939976752443,0.18764081773164587,0.024615044377816444
2017-01-10,0.0006317117772388574,2.0915306546566677,0.21225586210946232,0.18551782876504558,0.06414249181547635
2017-01-11,-0.02897397620798774,2.0309306952303685,0.24966032058052193,0.1317302043693573,0.030010903581834367
2017-01-12,0.002842389385260874,2.036703391080692,0.16174110795119168,0.13804437884529328,0.0
2017-01-13,0.004196855882779887,2.0452511416890267,0.13804437884529328,0.1391097092479468,0.029015383791770807
2017-01-14,-0.0014469045651673295,2.042291858475203,0.16812509303971762,0.14415934780794934,0.030631132102393713
2017-01-15,0.0009733651700878379,2.044279754237397,0.17479047991034305,0.14986725943480378,0.03268796431140857
2017-01-16,0.001358858647846569,2.0470576414600603,0.18255522374621236,0.15712845463150987,0.0
2017-01-17,0.016218849525032174,2.080258561315968,0.15712845463150987,0.16467094584859648,0.039451027505416424
2017-01-18,-0.0052571856334782995,2.0693222558934976,0.20412197335401291,0.17701531665249112,0.03777667199175927
2017-01-19,0.0044820016543949655,2.0785969616678885,0.2147919886442504,0.1912965597422427,0.047720510724370044
2017-01-20,-0.0015060291002464451,2.075466534155933,0.23901707046661275,0.22572403373114183,0.10630171783996917
2017-01-21,0.009233374232488925,2.094630093372801,0.332025751571111,0.26361296560573405,0.20183346822958426
2017-01-22,-0.005484347356618762,2.083142414357118,0.4654464338353183,0.2868286608805993,0.1272440108262342
2017-01-23,9.412064693467326e-05,2.0833384810688145,0.4140726717068335,0.30939358341137274,0.23716810734168803
2017-01-24,-0.014655696992858316,2.052805703556708,0.5465616907530608,0.2714883710691566,0.12925019045765332
2017-01-25,0.0018063325670334806,2.0565137533528346,0.40073856152680987,0.3119735857929152,0.07718419036905533
2017-01-26,0.00802932142776154,2.073026163299117,0.3891577761619705,0.3284106597875759,0.1656521512206175
2017-01-27,-0.00020994608376710027,2.0725909395745856,0.4940628110081934,0.3510037179272714,0.1950158373656917
2017-01-28,0.001265854982948004,2.075214539143059,0.5460195552929631,0.3753012550461977,0.19083295051960372
2017-01-29,-0.004034532864819045,2.066842017883336,0.5661342055658014,0.39933185407501276,0.1117421120857976
2017-01-30,0.002757298609262563,2.072540918504811,0.5110739661608104,0.426858493448339,0.2401534701384048
2017-01-31,0.025046837549613413,2.124451514205527,0.6670119635867438,0.4119828954954684,0.2275895560686957
2017-02-01,0.00898265511326765,2.1435347294624947,0.6395724515641641,0.43736526541402815,0.24729679317075842
2017-02-02,0.011354092578716888,2.1678726212265063,0.6846620585847866,0.46303982938011606,0.4503076002253119
2017-02-03,0.008524439875985642,2.186352521044947,0.913347429605428,0.4943131938608174,0.45208339045562634
2017-02-04,0.026224144663062835,2.243687745841282,0.9463965843164437,0.5357560015611328,0.5642950303566836
2017-02-05,-0.017690495022801418,2.203995798940756,1.1000510319178165,0.5332325495368441,0.5416410142277771
2017-02-06,0.009237350093675245,2.2243548797405617,1.0748735637646212,0.5693400442407571,0.5789769591159576
2017-02-07,0.023319387765376922,2.27622547370904,1.1483170033567147,0.5749417683650337,0.5955273342309862
2017-02-08,-0.004871943041861387,2.265135832850696,1.1704691025960199,0.5977390318863341,0.6148746074695056
2017-02-09,-0.06187361851374842,2.1249836824470703,1.2126136393558398,0.3935214671757038,0.4469765962191621
2017-02-10,0.02077541373608289,2.169131097632333,0.8404980633948659,0.4017432307027731,0.46773928251448826
2017-02-11,0.010165448889833856,2.191181288940664,0.8694825132172614,0.42461098904731415,0.4966942790906072
2017-02-12,-0.002752772991273651,2.185149464269484,0.9213052681379214,0.45167826045130194,0.5290938100446366
2017-02-13,-0.006438494428658861,2.1710803916179984,0.9807720704959386,0.4785119413379312,0.5590263648904524
2017-02-14,0.08475158289880576,2.3550828914081827,1.0375383062283836,0.32110104669479544,0.21721432704082055
2017-02-15,-0.0012320157083697265,2.352181392291455,0.538315373735616,0.3424597188493085,0.2355632188979638
2017-02-16,0.00513540502108175,2.3642607964239235,0.5780229377472723,0.36031013256563643,0.24946848560936485
2017-02-17,0.005070298563683059,2.376248304544204,0.6097786181750013,0.38076868805970837,0.2647009002320588
2017-02-18,0.003144116887432607,2.3837195069672545,0.6454695882917671,0.4071663096510307,0.2827862043451231
2017-02-19,-0.0015587858589843297,2.380003798708009,0.6899525139961538,0.43293601567955786,0.30008413117070953
2017-02-20,0.008205661822339096,2.3995333050160896,0.7330201468502674,0.4492666571713749,0.31734730387965837
2017-02-21,0.01801899754014534,2.442770489736671,0.7666139610510332,0.45028017016947586,0.33369611896461165
2017-02-22,-0.0015942514983203683,2.438876099223356,0.7839762891340876,0.47741465716272785,0.35320655262020256
2017-02-23,0.03768961018801026,2.530796388699939,0.8306212097829304,0.4250512974421061,0.33551189543538074
2017-02-24,-0.0030575250452222692,2.5230584153571307,0.7605631928774869,0.4453276563028853,0.35304285703102845
2017-02-25,-0.0010352236533269325,2.5204464856068274,0.7983705133339137,0.43810454205115495,0.3660435482341119
2017-02-26,0.03491575374882966,2.6084497744353783,0.8041480902852669,0.4263030447825902,0.32392572431970607
2017-02-27,0.027248428205493763,2.679525930841717,0.7502287691022962,0.44151777519843133,0.31345904321214785
2017-02-28,-0.00202055181019656,2.674111809871686,0.7549768184105792,0.46197070392770345,0.32827121514706037
2017-03-01,0.05165800452854903,2.8122510898558843,0.7902419190747638,0.41305550200580593,0.26206269142013167
2017-03-02,0.042064862382553914,2.9305480449358594,0.6751181934259376,0.40032308316332627,0.22787040775426967
2017-03-03,0.01466506756060833,2.9735247300044527,0.6281934909175959,0.42575527084100356,0.24300366889040872
2017-03-04,-0.018488238808193152,2.918549494694062,0.6687589397314123,0.3955246467971581,0.21462941382356412
2017-03-05,0.009578951225666914,2.9465061379534316,0.6101540606207222,0.42289665837343593,0.22878299341942826
2017-03-06,0.006920150317794556,2.9668964033403733,0.6516796517928642,0.45190837467560246,0.24431126669972966
2017-03-07,-0.027350770510164817,2.8857495006851774,0.6962196413753321,0.37249041703285013,0.21319592306730026
2017-03-08,-0.05096188721093854,2.738686260112237,0.5856863401001504,0.2209271567956754,0.1370192179739714
2017-03-09,0.016906137485821388,2.784986866556225,0.3579463747696468,0.24216878762767388,0.138634506404414
2017-03-10,-0.006727514212229458,2.7662508278305955,0.3808032940320879,0.1793926693698355,0.14090328350817286
2017-03-11,0.03328860583702385,2.858335461284589,0.3202959528780084,0.17194101798179962,0.12792553705507678
2017-03-12,0.02405107109863315,2.9270814906876894,0.2998665550368764,0.18937646595602337,0.13005125021344563
2017-03-13,0.04230622557974726,3.0509152605230256,0.31942771616946897,0.18896614641042994,0.10295151579602466
2017-03-14,0.0012348546500185562,3.054682697419295,0.2919176622064546,0.20113818696847494,0.10859133617111126
2017-03-15,0.024045186800463445,3.128133113494885,0.3097295231395862,0.20842469688599852,0.09802499293011528
2017-03-16,0.022003770030490265,3.196963835148988,0.3064496898161138,0.1657949474842771,0.08496225329139047
2017-03-17,-0.018702211579087042,3.137173541093342,0.25075720077566754,0.1276411299805094,0.0828703759135248
2017-03-18,-0.03607391083932703,3.0240034224844448,0.21051150589403417,0.05449946075235887,0.05361815873124866
2017-03-19,0.0254695971303177,3.101023571375825,0.10811761948360753,0.08832526335199613,0.048741393543184366
2017-03-20,-0.001997846910651271,3.094828201013895,0.1370666568951805,0.08850247400597962,0.051248022130746904
2017-03-21,0.005218258884133363,3.1109778157687025,0.13975049613672652,0.09383109565754981,0.05455056669074645
2017-03-22,-0.006440652306299569,3.090941089324725,0.14838166234829625,0.08195160043390391,0.05663653152804591
2017-03-23,0.0033053931235169933,3.101157864746575,0.13858813196194983,0.08473792598178774,0.06040397501975927
2017-03-24,0.014121247512537558,3.144950082530114,0.145141901001547,0.041957757700209236,0.06071927742014701
2017-03-25,-0.003637451259338233,3.133510479891859,0.10267703512035625,0.039715785470233335,0.06326250411903929
2017-03-26,0.0001271663884641742,3.1339089571028014,0.10297828958927263,0.0395519001957177,0.06722847031114912
2017-03-27,0.0013878687622016234,3.138258411447948,0.10678037050686681,0.07054525645166454,0.07102203424936887
2017-03-28,0.002781818830537894,3.146988477792008,0.1415672907010334,0.07710204499969307,0.07578740892003621
2017-03-29,0.004980620650607169,3.1626624335917217,0.1528894539197293,0.08378379376628564,0.08084226045717786
2017-03-30,-0.002234448900762092,3.1555956259935014,0.1646260542234635,0.09040596528334438,0.08537264670946988
2017-03-31,-0.0010977958173804402,3.1521314263139417,0.17577861199281425,0.12612244893152638,0.08997513270425857
2017-04-01,0.0020978694745329056,3.1587441866129216,0.21609758163578496,0.13929848109442627,0.09605129892853344
2017-04-02,-0.0017661931486252828,3.153165234272266,0.2353497800229597,0.15351415650715114,0.10116728910318146
2017-04-03,-0.004426929282167771,3.1392063947651527,0.25468144561033257,0.18684635920429196,0.09427920115887556
2017-04-04,-0.00028941340835792563,3.1382978663429046,0.2811255603631675,0.20730745385976027,0.10060249836728655
2017-04-05,0.0011526791233196308,3.1419153167761964,0.3079099522270468,0.22798449558014103,0.10737015531163899
2017-04-06,0.005503597829962054,3.15920715509553,0.33535465089178,0.2396217940559213,0.11306796154152413
2017-04-07,-0.0019997468286301638,3.152889540606142,0.3526897555974454,0.284443819282734,0.11146928717550332
2017-04-08,0.0023835644461082986,3.1604046560176378,0.3959131064582373,0.2829358842019703,0.11808792902106909
2017-04-09,0.005606232806267745,3.1781226202812856,0.40102381322303937,0.3216314943169514,0.12593593134811346
2017-04-10,-0.00034450835923695506,3.1770277304719188,0.4475674256650649,0.34287242787236805,0.13447843666344886
2017-04-11,0.00478723497015981,3.192236908724402,0.4773508645358169,0.341682671464935,0.14380947904716332
2017-04-12,0.0035985419468861648,3.203724307144845,0.48549215051209826,0.3622263817290401,0.15166569603481486
2017-04-13,-0.0014404171654369656,3.199109607659506,0.5138920777638549,0.3680383236109128,0.1733038513113264
2017-04-14,-0.008013109967265645,3.173474790575994,0.5413421749222392,0.38749364397983976,0.16087285019885006
2017-04-15,0.006513912591654269,3.1941465279736243,0.5483664941786899,0.4138012455587112,0.18728391145800685
2017-04-16,-0.0034909407955140102,3.1829959515522717,0.601085157016718,0.47188550103537175,0.19809250364724207
2017-04-17,0.005835611109175176,3.2015706780876094,0.6699780046826138,0.5012357243256463,0.2265630168187439
2017-04-18,0.012437371766040402,3.241389802846239,0.7277987411443902,0.5317742142805029,0.23836270799094253
2017-04-19,-0.004136795488739108,3.2279808361325797,0.7701369222714454,0.5658043385412181,0.2487986592832595
2017-04-20,0.01821393282197113,3.2867750622325085,0.8146029978244776,0.5869013895346639,0.2610374186259986
2017-04-21,0.0009645037484051341,3.2899451691001964,0.8479388081606625,0.6277221980007546,0.2777527251469329
2017-04-22,-0.0016413218247029245,3.2845453102920765,0.9054749231476875,0.6566366139632227,0.291563739628657
2017-04-23,0.004564978332927702,3.2995391884670795,0.9482003535918797,0.6805703419737408,0.28197599603802603
2017-04-24,0.01013854038929311,3.332991699795408,0.9625463380117668,0.7054646110138125,0.29083419041791636
2017-04-25,0.013145614548437781,3.3768059239740613,0.9962988014317289,0.7224982793245583,0.3014143807267066
2017-04-26,0.028038376407832404,3.4714860795266445,1.023912660051265,0.7463301159933853,0.32058213307355254
2017-04-27,0.08592736157366941,3.76978171908009,1.0669122490669378,0.5141182770803431,0.18523825938468094
2017-04-28,0.029395236135739838,3.880595342892645,0.699356536465024,0.5252213429791753,0.1714903253885332
2017-04-29,-0.004370816765578161,3.863633971707505,0.6967116683677086,0.5524935395055133,0.17417916046289184
2017-04-30,0.03762307019813633,4.008995743844961,0.7266726999684051,0.5434623538778821,0.16100518105413325
2017-05-01,0.015413665700071577,4.0707890640335975,0.7044675349320153,0.5369064378900579,0.16746446415332034
2017-05-02,0.008113637330172837,4.1038179701468005,0.7043709020433782,0.5729014063800594,0.1773086345149392
2017-05-03,0.028529959173379832,4.220899729290071,0.7502100408949985,0.5627689286244801,0.18302027585911868
2017-05-04,0.034917483201388655,4.368282924682304,0.7457892044835988,0.5698990160706054,0.16567198253147028
2017-05-05,-0.011349363000148088,4.318705696082736,0.7355709986020758,0.5535146457325744,0.16039585929556327
2017-05-06,0.024059169789370272,4.42261016969511,0.7139105050281376,0.5717808080890026,0.16876927380727197
2017-05-07,-0.05131157600974427,4.195679071811331,0.7405500818962745,0.38972603770513203,0.1003685401581718
2017-05-08,0.06474550273716781,4.467330422639569,0.49009457786330385,0.23903920831598344,0.08058189382067937
2017-05-09,0.0017318480135545735,4.475067159957909,0.31962110213666284,0.25405042464123206,0.08462872690036131
2017-05-10,0.010608866284169148,4.52254254907058,0.3386791515415934,0.26777844327769407,0.090284805335461
2017-05-11,0.007594551862679703,4.556889233010672,0.3580632486131551,0.2849483230919441,0.09633390591507239
2017-05-12,-0.020628001843241005,4.462889713512683,0.3812822290070165,0.219123310627431,0.09293005036634028
2017-05-13,0.013199929454032906,4.52179954289218,0.3120533609937713,0.22738163021139687,0.09853509482785831
2017-05-14,0.00313336055352113,4.535967971210808,0.3259167250392552,0.24241104554336898,0.10516658781341003
2017-05-15,-0.006845247279901877,4.504918148794156,0.347577633356779,0.2422713532845416,0.11061888495308728
2017-05-16,0.0005157796481353306,4.507241693891819,0.3528902382376289,0.25765230994688676,0.11646965267373847
2017-05-17,0.005997485660663159,4.534273811320078,0.37412196262062525,0.27276415450663133,0.12394946888992596
2017-05-18,0.01994556372789664,4.624712458583495,0.3967136233965573,0.27340962108141015,0.12276715212015586
2017-05-19,0.035096999282758785,4.787025988425365,0.396176773201566,0.24996242530074658,0.08825045213986803
2017-05-20,0.010676890412124421,4.838136540303775,0.3382128774406146,0.2626352087071381,0.0938705201048088
2017-05-21,0.01885631393407873,4.92936596176368,0.35650572881194686,0.2762892826070153,0.09345994562074104
2017-05-22,0.00915743630226582,4.974506316569088,0.36974922822775635,0.2953104258140557,0.09979862123860504
2017-05-23,0.03521971444835242,5.149707008560177,0.39510904705266076,0.2631097343266031,0.1002362291669103
2017-05-24,0.03723588339641774,5.3414608982566385,0.36334596349351345,0.2529078120364765,0.09944403127759414
2017-05-25,-0.019750003259970526,5.235967028103064,0.35235184331407066,0.2251430010276076,0.09301632167149175
2017-05-26,-0.016328734258158412,5.15047031391669,0.31815932269909936,0.22044891655823384,0.08774485120710575
2017-05-27,-0.03014009003937663,4.995234674910105,0.3081937677653396,0.15903567470698174,0.07993524428328913
2017-05-28,0.032555296230754205,5.157856019493939,0.23897091899027087,0.15202095565781304,0.08056947781459135
2017-05-29,0.013520699962301357,5.227593843182267,0.23259043347240438,0.16039308557213383,0.08329569137668143
2017-05-30,0.007776852462946236,5.268248069236901,0.24368877694881524,0.1617633377479941,0.08408364809668156
2017-05-31,0.009306824200629534,5.317278727862595,0.24584698584467565,0.16740835511489668,0.0891973619116501
2017-06-01,0.002993581833013454,5.333196436863393,0.2566057170265468,0.1764926593906127,0.09292050051127276
2017-06-02,0.005470200302355164,5.362370089624843,0.26941315990188547,0.187609724204215,0.09877300103824939
2017-06-03,0.005877989482973743,5.39389004461547,0.2863827252424644,0.1999174760238807,0.10532354547644486
2017-06-04,0.007808203810843501,5.436006637417108,0.30524102150032556,0.21115529390656296,0.11093901521517312
2017-06-05,0.011532341381206603,5.498696521710307,0.3220943091217361,0.2173010523668705,0.11778640760601189
2017-06-06,0.01905087268477449,5.603451489077622,0.33508745997288236,0.2198454435524981,0.12328675658592439
2017-06-07,-0.01352528263571514,5.527663223952328,0.3431322001384225,0.19915770049158815,0.11998373907747968
2017-06-08,0.006709536376576283,5.564751281430899,0.3191414395690678,0.21167107432686572,0.12778533711710915
2017-06-09,0.008792900082655045,5.6136815834333476,0.33945641144397487,0.22522216753071067,0.13509382490128
2017-06-10,0.035424363767306774,5.812542681918721,0.36031599243199064,0.22077733388235185,0.11285630146800602
2017-06-11,0.003126653332743441,5.830716487866856,0.33363363535035784,0.23504750406440672,0.11882166698839358
2017-06-12,-0.005873492203818185,5.796469820032696,0.3538691710528003,0.19420241189509735,0.11966573442556662
2017-06-13,0.0025114655466342384,5.811027454277814,0.31386814632066395,0.20640574897807035,0.125570878310438
2017-06-14,-0.03979050714436109,5.579803724842294,0.33197662728850835,0.14371118868676935,0.09623105186846795
2017-06-15,-0.0019148286887298962,5.569119356592483,0.2399422405552373,0.15238667538986903,0.10200813613680261
2017-06-16,0.006884324402043925,5.607458980876968,0.25439481152667165,0.14954790030999274,0.1089050231450943
2017-06-17,0.014642916473753277,5.689568534363948,0.258452923455087,0.17658970938431515,0.1147203536107165
2017-06-18,-0.01317359264030206,5.614616476193157,0.29131006299503165,0.14702210206095614,0.11372372421097872
2017-06-19,0.0067604988199071,5.652574084254691,0.2607458262719349,0.15539124602211973,0.12143799618176263
2017-06-20,0.006000076899224535,5.686489963438783,0.2768292422038824,0.17737769999225417,0.1281763436052558
2017-06-21,-0.01344492151501759,5.610035552184413,0.30555404359750993,0.1606397956919262,0.12233380442738197
2017-06-22,0.0027345971369485524,5.625376739343596,0.28297360011930817,0.18808878488064348,0.13067894238485883
2017-06-23,0.0015888062274023488,5.634314372938549,0.3187677272655023,0.20085432805886133,0.13970558842554992
2017-06-24,-0.013126191607004062,5.560357282905261,0.34055991648441125,0.1801581201288883,0.11684569991856332
2017-06-25,-0.011871755058183539,5.494346083206623,0.2970038200474516,0.18386749999543797,0.11296944691989434
2017-06-26,-0.010332242565106266,5.437577166738291,0.2968369469153323,0.1896366766474892,0.11389359151728817
2017-06-27,0.013807957897548278,5.512659003321283,0.30353026816477735,0.1895400428708905,0.11045954909671446
2017-06-28,0.012398948923360437,5.581010180735367,0.29999959196760495,0.21160887161943498,0.10650047334268266
2017-06-29,-0.008605996776197736,5.532980025112032,0.3181093449621176,0.22130233240383085,0.107500726228446
2017-06-30,-0.012181829277669287,5.465578207049362,0.3288030586322769,0.20934295893684995,0.11002362053875588
2017-07-01,-0.007898102674702588,5.42241050919347,0.3193665794756058,0.2204456654193677,0.11438371736657259
2017-07-02,0.016392764395035297,5.511298807123842,0.33482938278594027,0.2342719247106923,0.11197413129188255
2017-07-03,-0.0001327186665931986,5.510567354894964,0.34624605600257485,0.25416348285742457,0.11870186834843902
2017-07-04,0.002007704330481349,5.5216309448367955,0.3728653512058636,0.270233662131448,0.1264687909963655
2017-07-05,-7.926734307086821e-05,5.521193259822381,0.3967024531278135,0.26839660768411683,0.13512878579382884
2017-07-06,-0.00036982672547642255,5.519151374998378,0.4035253934779457,0.28699660917141234,0.14448823137608155
2017-07-07,-0.02462140078805033,5.383262136984624,0.4314848405474939,0.24702597983768593,0.11153797576934334
2017-07-08,0.008253328265359402,5.427691966539638,0.35856395560702925,0.2584139457120135,0.11776209906165966
2017-07-09,-0.008222916556059402,5.383060508406788,0.37617604477367317,0.266042021572075,0.12486634755340735
2017-07-10,-0.03776811899894057,5.179752438546783,0.3909083691254824,0.19727676500455235,0.10114950829239851
2017-07-11,-0.005905836543755252,5.149161667307608,0.2984262732969509,0.21063992841558088,0.09787021747604113
2017-07-12,0.019722895783216822,5.25071804624285,0.308510145891622,0.20881343806575003,0.08557675402175134
2017-07-13,-0.010358536481325084,5.196328291807692,0.2943901920875014,0.22102132884721518,0.0846513736784267
2017-07-14,-0.015575289881447484,5.11539397234362,0.3056727025256419,0.2155395460897258,0.08563214580787043
2017-07-15,-0.03400501712978796,4.9414449126884605,0.30117169189759624,0.08621699605630724,0.04061873915141064
2017-07-16,-0.007245516502284057,4.905641592028449,0.12683573520771788,0.08191529867020093,0.039534302785643086
2017-07-17,0.02149254355422169,5.011076307606522,0.12144960145584402,0.10484804060161954,0.05596445802612605
2017-07-18,0.013051846131580079,5.0764801045270085,0.16081249862774558,0.10966841035583232,0.048859537154724034
2017-07-19,-0.010577567190775551,5.022783295128739,0.15852794751055635,0.1169984771702774,0.04799160966230983
2017-07-20,0.031768280300771265,5.18234848273842,0.16499008683258723,0.11572487079463592,0.04287272937819094
2017-07-21,-0.008310570282757586,5.13928021144288,0.15859760017282687,0.12594470364748508,0.04694530137415908
2017-07-22,0.010427660576015935,5.1928708810928415,0.17289000502164417,0.13525504146031692,0.058474174346031214
2017-07-23,-0.003929908255688568,5.17246337494651,0.19372921580634814,0.1487609508902772,0.06442577152977683
2017-07-24,-0.0005689244969661959,5.1695206338228425,0.21318672242005401,0.163317541387247,0.07799272686327026
2017-07-25,-0.013019702336997566,5.102215013945502,0.24131026825051727,0.16633450649690057,0.07031357749250951
2017-07-26,-0.0028407371496798764,5.087720962209732,0.23664808398941006,0.1624874030071145,0.06598397835767554
2017-07-27,0.009411243551971546,5.135602743309559,0.22847138136479006,0.18321256070469336,0.06870543210065329
2017-07-28,0.0056987145402105956,5.164869077335602,0.25191799280534666,0.19267202469130149,0.03354562138321694
2017-07-29,-0.002306583524772327,5.152955875414214,0.22621764607451844,0.20344508302311873,0.08426383910114413
2017-07-30,0.0006574262364018569,5.156343563801733,0.28770892212426286,0.21712250220880433,0.042696714225291775
2017-07-31,0.008193618954456524,5.198592678161789,0.2598192164340961,0.22740803800756915,0.04467818878288377
2017-08-01,-0.002974474741395715,5.183129595549792,0.2720862267904529,0.23631384965260183,0.09485465694306122
2017-08-02,-0.005139186250488243,5.156492527197844,0.33116850659566305,0.2511748595948973,0.10377612318912922
2017-08-03,0.011693875976238123,5.216791911283294,0.35495098278402654,0.24521038547710075,0.100221164331596
2017-08-04,0.004865486763885593,5.242174143277588,0.3454315498086967,0.27912716606938476,0.12275235206843263
2017-08-05,0.045196924648623696,5.479104293026269,0.4018795181378174,0.2286469944576214,0.1223521066660051
2017-08-06,0.0070728514758390286,5.517857183911476,0.35099910112362653,0.24360445136269693,0.1580363553701038
2017-08-07,0.014832435072046797,5.599700442328669,0.4016408067328007,0.2541523076824191,0.17458121850853134
2017-08-08,0.01870542534235449,5.704445220892197,0.4287335261909504,0.26657137914804835,0.18334088533320306
2017-08-09,-0.004710867550922193,5.677572335005083,0.44991226448125143,0.27802034763428,0.1862217748662281
2017-08-10,0.01004729912147629,5.734616602538698,0.4642421225005081,0.2957209250922727,0.19855461318638312
2017-08-11,0.022829854566940613,5.865537065571819,0.49427553827865583,0.2974909371426153,0.20537689283844024
2017-08-12,0.015743997791076672,5.95788406817566,0.5028678299810556,0.3093634830826847,0.2166741723273033
2017-08-13,0.0070959942323863935,6.000161179160662,0.5260376554099879,0.3276317588053542,0.22586814430850213
2017-08-14,0.019749263288926122,6.1186599420639,0.5534999031138563,0.33773256498902754,0.2367361076115746
2017-08-15,-0.021454186554590682,5.98738907020276,0.5744686726006021,0.31914008848665154,0.22791817728140032
2017-08-16,0.026920229705268597,6.148570959307434,0.5470582657680518,0.32602290611918683,0.23209854662861917
2017-08-17,-0.0033602674562317855,6.127910116410542,0.558121452747806,0.3383797531874043,0.2454165838173522
2017-08-18,-0.021716082501647006,5.994835914759893,0.5837963370047565,0.3157673891842421,0.24006895036226428
2017-08-19,0.005038912759902392,6.025043369944298,0.5558363395465064,0.337722309093384,0.2570891921437261
2017-08-20,-0.002395897350092951,6.010607984500053,0.5948115012371101,0.35374303060051937,0.2737969243926283
2017-08-21,0.01097443589344375,6.076571016506571,0.6275399549931477,0.36906120566630546,0.29737443148585313
2017-08-22,0.00302655011575861,6.094962063219994,0.6664356371521586,0.38587405031118893,0.28779627915752537
2017-08-23,0.00926017537710639,6.151402480842222,0.6736703294687143,0.3989972421720145,0.31949270263615337
2017-08-24,0.022791302184741877,6.291600953643068,0.7184899448081679,0.4053814498445706,0.33066945174366325
2017-08-25,0.008162289054316329,6.342954819241115,0.7360509015882338,0.4192765819337313,0.3425237800746049
2017-08-26,0.001159252762285608,6.350307907136373,0.7618003620083362,0.43194493909463294,0.35491052915080784
2017-08-27,0.012648157220726076,6.430627599945853,0.7868554682454407,0.44610138348927114,0.3634433489480488
2017-08-28,0.005582138534940121,6.4665242540753605,0.80954473243732,0.46198724566801574,0.37643739128743026
2017-08-29,0.047349435579424295,6.772710527666487,0.838424636955446,0.4597401725001067,0.3646951491354488
2017-08-30,0.009446779187060904,6.836690828519235,0.8244353216355556,0.47266008353098155,0.37681012843757894
2017-08-31,0.01804004436682698,6.960025034388001,0.8494702119685604,0.48354573688123637,0.3898581801474722
2017-09-01,0.01950732879520643,7.095796531156675,0.8734039170287086,0.4929741469503186,0.4032191475481064
2017-09-02,-0.07389113322293282,6.571480084350153,0.896193294498425,0.3145689040719307,0.23208456396025845
2017-09-03,0.004277950565212226,6.59959255129128,0.5466534680321892,0.336538081806686,0.24832412642774981
2017-09-04,-0.04330248414451081,6.3138137994787575,0.5848622082344358,0.270727963559658,0.15692338802406824
2017-09-05,0.00980539909571481,6.375723263598678,0.42765135158372625,0.28583221014414634,0.17795063325975577
2017-09-06,0.01913815272751425,6.497742829165795,0.4637828434039021,0.2900045622630393,0.19552166652007008
2017-09-07,0.0009319275852742864,6.503798254950314,0.48552622878310936,0.31020373984430055,0.19148205534715707
2017-09-08,-0.03287358165476043,6.289995111950117,0.5016857951914576,0.22215579442927322,0.14335476862376992
2017-09-09,-0.0029973571231013403,6.271141750297041,0.36551056305304314,0.23729014954006375,0.15294666569917043
2017-09-10,-0.005751056554685292,6.235076059428634,0.39023681523923415,0.2510453386642831,0.14904612257916036
2017-09-11,-0.0042260877680015034,6.208726080761323,0.4000914612434434,0.2673068558238942,0.15913936140090687
2017-09-12,-0.004577131511134801,6.180307924973066,0.426446217224801,0.28468765707279886,0.16983002929168095
2017-09-13,-0.027703235739236734,6.009093397586464,0.4545176863644798,0.23596755388490703,0.08396364459374173
2017-09-14,-0.060685983571469204,5.6444256543811075,0.31993119847864876,0.12236562299703135,0.02356942174357126
2017-09-15,0.027734117131834178,5.800968816621642,0.14593504474060262,0.10124493371788335,0.035461347067711084
2017-09-16,-0.0007265196594107392,5.796754298732738,0.13670628078559444,0.10793246052896333,0.03537704147192597
2017-09-17,0.0014089929390709074,5.804921884609181,0.1433095020008893,0.11501068930525231,0.03570496062784565
2017-09-18,0.02511390416876242,5.950706136526407,0.15071564993309797,0.11863713671476726,0.06583629890375446
2017-09-19,-0.009173058264614432,5.896119962420451,0.18447343561852172,0.11244108126935354,0.06266010704793339
2017-09-20,-0.0010504896408721118,5.8899261494785895,0.17510118831728694,0.12003337733169835,0.06820499436329963
2017-09-21,-0.018120282462361473,5.783199023967588,0.18823837169499796,0.11864567870459518,0.0364516314019793
2017-09-22,0.001608322801912427,5.792500274825832,0.1550973101065745,0.12247726070661671,0.037309640423042065
2017-09-23,0.012505804575722946,5.864940151267625,0.15978690112965876,0.12367575866199536,0.0780135253829535
2017-09-24,-0.0036998960709936552,5.843240482245337,0.20168928404494885,0.1297250907586605,0.08544984053089423
2017-09-25,0.011887698393033948,5.9127031627362365,0.21517493128955473,0.1306319618386337,0.10494579366814068
2017-09-26,-0.002796787176960881,5.8961665903495195,0.2355777555067744,0.14171251882393676,0.1029728839879951
2017-09-27,0.018106863451829887,6.002927673690221,0.24468540281193185,0.18669837443503517,0.14159937956743146
2017-09-28,-0.003110598165508455,5.98425497788076,0.32829775400246664,0.20469671869206277,0.13937198391083166
2017-09-29,-0.00500279948830918,5.954316950139507,0.34406870260289446,0.21786744995881033,0.14916119288370785
2017-09-30,0.013963892479178282,6.037462391818204,0.3670286428425182,0.22523717373399949,0.15672720301063
2017-10-01,0.00294312737916033,6.055231412684215,0.38196437674462946,0.24065462129038964,0.17102685281230598
2017-10-02,-0.003058646698900851,6.036710599112728,0.4116814741026956,0.2567657181259315,0.16915182197629625
2017-10-03,-0.0062920531884551,5.9987272949398,0.42591754010222777,0.27084651030927426,0.19555176833892693
2017-10-04,-0.005446339523063843,5.966056189385288,0.46639827864820116,0.28632747637553646,0.2084153384609952
2017-10-05,0.008542680576952587,6.0170223017153575,0.49474281483653165,0.3018653559462158,0.2216335744370924
2017-10-06,0.011588127330320504,6.086748322297013,0.5234989303833082,0.3195601397043891,0.23365735510025112
2017-10-07,0.007439504763442742,6.132030715434619,0.5532174948046402,0.3396966112456171,0.28006870683813756
2017-10-08,0.009805491742092567,6.192158291977072,0.6197653180837547,0.38063970877302056,0.30148261198457943
2017-10-09,0.0021444242871468174,6.205436906608246,0.6821223207575999,0.40021169575827364,0.2625519716467595
2017-10-10,-0.0013037669391226178,6.197346463126599,0.6627636674050331,0.4247917408845085,0.2796643249794103
2017-10-11,0.010318471794457981,6.261293607806855,0.7044560658639187,0.44796659886127865,0.29538178311292823
2017-10-12,0.0519242599029411,6.5864066444272416,0.7433483819742068,0.33348725946171787,0.316434738793606
2017-10-13,0.048352767618656374,6.904877634347206,0.6499219982553239,0.31069313361443157,0.27379190136385023
2017-10-14,0.012605048723923684,6.991913953360884,0.5844850349782817,0.33041790176656893,0.29196381779051417
2017-10-15,-0.008759072586241538,6.9306712715266405,0.6223817195570831,0.33643368318465416,0.30265575028632746
2017-10-16,0.0031595630278290357,6.952569164234192,0.6390894334709816,0.35940505523594224,0.32313226998846895
2017-10-17,-0.027843364736687328,6.758986245137374,0.6825373252244111,0.3369061169074099,0.2950896271547973
2017-10-18,-0.002761144608800935,6.740323706705653,0.6319957440622073,0.3576626709910142,0.31420526218342926
2017-10-19,0.0026027020384966583,6.757866760957223,0.6718679331744435,0.3818419987717497,0.30677654425018386
2017-10-20,0.013398880444659249,6.848414609748225,0.6886185430219336,0.39132364104409145,0.27641647811526643
2017-10-21,-0.002318083579685598,6.832539412294489,0.6677401191593579,0.4156699544299922,0.2624367000711352
2017-10-22,-0.007389915622007536,6.782047522553592,0.6781066545011274,0.4341157672398403,0.2757894335967895
2017-10-23,-0.017024612201525853,6.666585793549798,0.7099052008366298,0.4331238283162442,0.1610355218403953
2017-10-24,-0.019565530449577585,6.536150506211378,0.5941593501566395,0.38927635518429393,0.259182003692861
2017-10-25,0.01630291190351182,6.642708792102236,0.6484583588771549,0.39760516375137755,0.30247375008939936
2017-10-26,0.010081117264838348,6.709674718391591,0.7000789138407769,0.41859630265163583,0.282883213533472
2017-10-27,-0.008213013948199859,6.654568066341557,0.7014795161851078,0.43351672222690785,0.3048554421860514
2017-10-28,-0.0027949839741659645,6.635968655241136,0.7383721644129593,0.43148670855772586,0.2821046870805889
2017-10-29,0.03881102412232568,6.893517394794697,0.7135913956383148,0.3965088286907224,0.32518041086326804
2017-10-30,-0.0019870521309239483,6.8798196163658085,0.7216892395539904,0.4192995171406761,0.35372447399318624
2017-10-31,0.019783371768514434,7.015925645536692,0.7730239911338623,0.4213684576291214,0.3736714464937107
2017-11-01,0.0024623224654790545,7.033201116869827,0.7950399041228321,0.43985528653213984,0.16219169619789314
2017-11-02,0.017702214347257158,7.157704350588025,0.602046982730033,0.45083557519558054,0.07906912016132273
2017-11-03,0.01604652226213096,7.272560612795487,0.5299046953569033,0.4753911991160478,0.3840336669799951
2017-11-04,0.006757063499349499,7.321701766659014,0.8594248660960428,0.4898957771232222,0.3577437757745233
2017-11-05,-0.007824778271880115,7.264411073762074,0.8476395528977455,0.49788677876614906,0.17149258701232206
2017-11-06,-0.024246965956885382,7.088271145759744,0.6693793657784711,0.4438205648978455,0.17319888095976482
2017-11-07,0.005316719092831686,7.125957492295572,0.6170194458576104,0.46987123843798595,0.13346719583199318
2017-11-08,0.03249296369218251,7.357500970364768,0.6033384342699791,0.4509923975921746,0.4148071494630537
2017-11-09,-0.00870702085802236,7.2934390559528826,0.8657995470552282,0.4339755442436468,0.44111553534482834
2017-11-10,-0.058821481942988633,6.864428162220862,0.8750910795884752,0.29938070302175684,0.1397668374081937
2017-11-11,-0.005140234335534482,6.829143392887604,0.4391475404299505,0.28223917272125637,0.3110878415543798
2017-11-12,-0.032518069544726365,6.607072833106777,0.5933270142756362,0.2263397913885242,0.27657131329590146
2017-11-13,0.04093624292462813,6.877541571623547,0.5029111046844257,0.19096310219480406,0.25592985506154947
2017-11-14,0.01712967585458881,6.995351629421918,0.44689295725635353,0.19824471225928703,0.2547046224940411
2017-11-15,0.01641514062592439,7.110181310146667,0.4529493347533281,0.20675309324395247,0.26490255726050316
2017-11-16,0.015448851431008418,7.220025444854657,0.4716556505044556,0.2080280057101677,0.29797836467326844
2017-11-17,-0.0009004883017720766,7.213523896403069,0.5060063703834361,0.21997059161633972,0.31816669482334814
2017-11-18,0.016323051740025896,7.331270620191969,0.5381372864396878,0.23197501725804492,0.3234303787925235
2017-11-19,0.014115588638923988,7.4347558204672275,0.5554053960505685,0.24487168203848075,0.3407189022739558
2017-11-20,0.019476246640002262,7.579556958534839,0.5855905843124365,0.25554806042489336,0.34989165559193397
2017-11-21,-0.012348270930373658,7.485962535678652,0.6054397160168273,0.2598798600790747,0.35067611498722684
2017-11-22,0.02234606328918019,7.6532443282813585,0.6105559750663015,0.2700227841589255,0.34656895413080085
2017-11-23,0.024954360221650353,7.844226144113595,0.6165917382897264,0.27528009577420215,0.3170707494642162
2017-11-24,0.056619449254134493,8.28836190821819,0.5923508452384183,0.24640699571699662,0.22885665094223798
2017-11-25,0.012571188660148358,8.392556469449987,0.4752636466592346,0.25259916796655385,0.23926291180965703
2017-11-26,0.019320883442885406,8.554708074784065,0.4918620797762109,0.25916973309589364,0.25368164423420064
2017-11-27,0.01454504944330086,8.679136726704805,0.5128513773300942,0.2740043005897536,0.2703293306805277
2017-11-28,0.0013260922671550013,8.690646062803669,0.5443336312702813,0.2900882469426585,0.2782823741132248
2017-11-29,-0.0269933439598177,8.456056464397374,0.5683706210558833,0.27452270986228244,0.23111536663448387
2017-11-30,0.011640516562703745,8.55448932972635,0.5056380764967663,0.2933959502417727,0.24630763239835612
2017-12-01,0.037698009572923324,8.876976550369845,0.5397035826401289,0.2755138531489837,0.24276214550061154
2017-12-02,0.0025461112878035113,8.89957832056631,0.5182759986495953,0.292652839742588,0.2571804785087655
2017-12-03,0.010485776264772158,8.992897307686585,0.5498333182513535,0.3129273460090758,0.2748502902641783
2017-12-04,0.011144023006569014,9.093114362179156,0.5877776362732541,0.3341468997397458,0.29356844078336275
2017-12-05,-0.00020467485800867297,9.09125323028822,0.6277153405231086,0.35386746382361073,0.3060533301856188
2017-12-06,0.04859040867428134,9.533000940109307,0.6599207940092295,0.23082593155527775,0.273644502903216
2017-12-07,0.048669513238053984,9.996967455562338,0.5044704344584938,0.17153965972298263,0.25731417680504776
2017-12-08,0.008635460564123051,10.083295873785667,0.4288538365280304,0.17367704033621872,0.23854886874420309
2017-12-09,-0.0021499513023173367,10.061617278690171,0.4122259090804218,0.1669707246912036,0.2629938321155187
2017-12-10,-0.015361002129592393,9.907060754245068,0.4299645568067223,0.16631089398327148,0.1960671214360157
2017-12-11,0.04627647476134368,10.36552460119799,0.36237801541928716,0.15338173941125213,0.18313447063616453
2017-12-12,0.06959767452242055,11.08694100864631,0.33651621004741666,0.12621231090286655,0.09396435366692875
2017-12-13,-0.0060502194569658245,11.019862582437566,0.2201766645697953,0.12513602885752692,0.0979925580946228
2017-12-14,0.00031662098740007787,11.023351702209432,0.2231285869521497,0.13179542884501497,0.10285607314347407
2017-12-15,0.00884707518449071,11.120876123503962,0.23465150198848905,0.13892717955972808,0.10877846343428973
2017-12-16,0.018696079544511638,11.328792908113652,0.24770564299401782,0.1416264450092442,0.11573929752481335
2017-12-17,0.0007694523370428198,11.337509874292673,0.25736574253405753,0.14692362376634513,0.12235647794173661
2017-12-18,0.005462162413414292,11.399437194589748,0.26928010170808175,0.15447572223713973,0.1287113122481685
2017-12-19,-0.006909088503087869,11.320677474126935,0.28318703448530824,0.14993212781623722,0.13433043795787009
2017-12-20,-0.014243708035622063,11.159429049420028,0.2842625657741073,0.14391816551894832,0.1331865298482455
2017-12-21,-0.007879411365325936,11.07149931733748,0.27710469536719384,0.12429511806238497,0.1383938962747635
2017-12-22,-0.027406820631568997,10.768064721424674,0.2626890143371485,0.11140012931219498,0.11194898688266477
2017-12-23,0.011715088394874697,10.894213551477895,0.22334911619485975,0.11718100285575261,0.11767600365158797
2017-12-24,-0.013244650041024498,10.749923505516383,0.2348570065073406,0.1179615605652068,0.11934616326394909
2017-12-25,0.007455236803327719,10.830066730867667,0.23730772382915588,0.12577115614357615,0.1250467842478455
2017-12-26,0.01700732925144275,11.01425724157463,0.25081794039142163,0.12183361958679945,0.13215991497174748
2017-12-27,-0.00437467060818658,10.966073494148906,0.2539935345585469,0.12822739365213823,0.1393484157503193
2017-12-28,-0.013480465151975835,10.818245722557025,0.2675758094024575,0.1270179293896804,0.14251452117457625
2017-12-29,0.006956751147202638,10.893505565898144,0.2695324505642567,0.13511880813243773,0.15099561783258122
2017-12-30,-0.019659845049321594,10.679340934428664,0.28611442596501896,0.12402933367649219,0.13723225809112893
2017-12-31,0.013232402682679913,10.820654274058652,0.2612615917676211,0.12583751607422947,0.15705833293856514
2018-01-01,-0.001379768272890789,10.805724278599387,0.28289584901279463,0.133216049456958,0.1562814151686755
2018-01-02,0.034868097706781925,11.182499328538135,0.2894974646256335,0.124809048450715,0.14904040205441219
2018-01-03,0.018629238387091615,11.390820774292964,0.2738494505051272,0.131602971090625,0.15250765565925908
2018-01-04,0.0022805015500798054,11.416797558725419,0.2841106267498841,0.14045853910182027,0.16251626023628132
2018-01-05,0.018236464057578762,11.624999577057768,0.30297479933810156,0.15884499496732926,0.17091000208347187
2018-01-06,0.010297191708696609,11.74470442631625,0.32975499705080114,0.16951689851527138,0.18155482367070594
2018-01-07,0.011383244113632993,11.878397263843475,0.3510717221859773,0.16398164164874088,0.18666749172043748
2018-01-08,-0.004839181010829326,11.820915549365196,0.35064913336917836,0.14842269133868596,0.1964435992509395
2018-01-09,0.025012071945705025,12.116581139550021,0.3448662905896255,0.14040492146018999,0.18793663593996057
2018-01-10,-0.0059034456954441235,12.045051560778246,0.3283415574001506,0.14610142951940688,0.18633659713691678
2018-01-11,-0.0275341489480187,11.713401317017212,0.33243802665632366,0.11239743009087487,0.15794906878451398
2018-01-12,0.02459485722302073,12.001490750005194,0.27034649887538886,0.11165363923437123,0.15237190529974096
2018-01-13,0.0218072263237258,12.26320997501266,0.2640255445341122,0.1273240001633001,0.15570817676180915
2018-01-14,-0.007144230598045947,12.175598775078914,0.28303217692510924,0.12094859229348542,0.16156938254635078
2018-01-15,-0.01237996927866137,12.02486523629413,0.2825179748398362,0.13811420057912185,0.15981974890839018
2018-01-16,-0.05050524266359135,11.41754649953811,0.29793394948751206,0.09016546552950447,0.11120775492703623
2018-01-17,-0.007535952808032034,11.33150440793408,0.2013732204565407,0.0886040409290499,0.10675404872891486
2018-01-18,0.0014167181938617556,11.347557956392626,0.19535808965796475,0.08766900251388744,0.11398717621866326
2018-01-19,0.002900748909168789,11.380474372756362,0.2016561787325507,0.08843379174240447,0.12164973242766605
2018-01-20,0.024578108575542885,11.660184907531153,0.21008352417007053,0.08325050464273755,0.12620040920764655
2018-01-21,-0.023169048381680407,11.390029519269223,0.2094509138503841,0.07483613471580593,0.10131937870666433
2018-01-22,-0.01103336389833041,11.2643591787704,0.17615551342247027,0.04051665805304497,0.10560038603223233
2018-01-23,-0.00035759781221884467,11.260331068572023,0.14611704408527731,0.04127641239240482,0.11277859983498194
2018-01-24,0.007999428350888916,11.350407280162353,0.15405501222738677,0.07466894645569738,0.11715003430358831
2018-01-25,-0.000726161721858272,11.342165048867997,0.1918189807592857,0.04300907366150976,0.12512715588579715
2018-01-26,-0.0006883609246849615,11.334357545647029,0.1681362295473069,0.044731715596836245,0.13368206209328556
2018-01-27,0.0065913891067660765,11.4090667065056,0.17841377769012182,0.04572932592458036,0.14010660480049447
2018-01-28,0.01390018209247932,11.567654811231272,0.18583593072507482,0.08696955344198029,0.15020036378439527
2018-01-29,-0.007240052552551676,11.48390438248818,0.23716991722637557,0.04788853563377821,0.15527626856032048
2018-01-30,-0.01581034668761943,11.30233987287357,0.20316480419409869,0.03355131179250834,0.13452986158636618
2018-01-31,0.0050320536186596885,11.359213853130186,0.16808117337887452,0.0329807228103785,0.1529313817221711
2018-02-01,-0.011899231120030319,11.224047942149939,0.1859121045325496,0.014158026580819112,0.15376344067865325
2018-02-02,-0.012298248188447092,11.08601181487835,0.16792146725947235,0.014202528432515597,0.11420507400763524
2018-02-03,0.006515187988637671,11.15823926589654,0.12840760244015084,0.014575281810334349,0.12948223332352363
2018-02-04,-0.016678571986809866,10.972135769054237,0.14405751513385798,0.013999140110882883,0.10957803980550009
2018-02-05,-0.021120626906743566,10.740397383105906,0.12357717991638296,0.0,0.05623588718126842
2018-02-06,0.010698762340416926,10.855306342149392,0.05623588718126842,0.0,0.08342280100119417
2018-02-07,-0.0038034179479927302,10.8140190751767,0.08342280100119417,0.0,0.08466471012557965
2018-02-08,0.005965279555021381,10.878527722073462,0.08466471012557965,0.011511463277235413,0.08163104499183466
2018-02-09,0.007162067955910153,10.956440476879205,0.09314250826907007,0.011843539625926559,0.08148175489923111
2018-02-10,-0.0024956323750891024,10.929097229309368,0.09332529452515767,0.012649706096295133,0.08779959276835819
2018-02-11,-0.003933760482098794,10.886104778523695,0.10044929886465333,0.013378865449503891,0.0929062627942056
2018-02-12,0.005802140276562113,10.949267485514042,0.10628512824370949,0.013347494000465015,0.09539489515709855
2018-02-13,-0.00300312734548734,10.916385440915239,0.10874238915756357,0.014141268804368735,0.10255205887619341
2018-02-14,0.008809406893352202,11.012552322068927,0.11669332768056215,0.019352371383162887,0.10360181673882733
2018-02-15,0.0010219070296581113,11.023806126701329,0.12295418812199022,0.04942406109126474,0.1311052790094764
2018-02-16,0.0010278870631451745,11.035137354405586,0.18052934010074115,0.0527881496463327,0.15833162637392745
2018-02-17,0.010584012595399706,11.151933387156582,0.21111977602026016,0.05430341826852226,0.1721695990217523
2018-02-18,-0.0132419243946455,11.004260328389732,0.22647301729027455,0.056173480989172846,0.1823355895367392
2018-02-19,0.007378630047106858,11.085456694294974,0.23850907052591205,0.061860172838240864,0.19584463054259602
2018-02-20,-0.008223668409277528,10.994293574275686,0.2577048033808369,0.07024382881097785,0.20095048965523027
2018-02-21,-0.014329457895361934,10.836751307413854,0.2711943184662081,0.07106437922572484,0.18012153907330727
2018-02-22,-0.010796676487490598,10.719750409372315,0.25118591829903214,0.035131695333449155,0.1602703428286471
2018-02-23,0.012829935409666877,10.85728411473231,0.19540203816209625,0.07204242595504987,0.15692049932423618
2018-02-24,-0.007488913812202948,10.77597484976248,0.22896292527928605,0.03547649942547266,0.15865288803388566
2018-02-25,0.0014813274305326715,10.791937596898165,0.19412938745935832,0.029363180121876706,0.17999112118096458
2018-02-26,0.009201143635009006,10.891235764827279,0.20935430130284127,0.07189788209072004,0.16638375665330246
2018-02-27,0.003898987871664481,10.933700560981778,0.2382816387440225,0.09287284915495048,0.2175887631355934
2018-02-28,-0.0072293463639881905,10.854657052586308,0.31046161229054386,0.08083937998856287,0.17792403930073802
2018-03-01,0.007379792864558593,10.934762173250217,0.2587634192893009,0.11365900556371922,0.1841474101536379
2018-03-02,-0.002298304517984916,10.909630759944346,0.2978064157173571,0.12238248188673137,0.1898801146296453
2018-03-03,0.004071998314950424,10.95405475801557,0.31226259651637667,0.13142324283343257,0.17419336610635683
2018-03-04,0.0019190740282512505,10.97507640000572,0.30561660893978937,0.12838635219411768,0.1807923048572956
2018-03-05,-0.0013550976798778831,10.96020409943959,0.3091786570514133,0.13884250253481853,0.18637365630236413
2018-03-06,-0.01790227772812998,10.763991481694433,0.3252161588371827,0.1174363115406615,0.09988115835550962
2018-03-07,-0.015719033826645683,10.594791935483952,0.21731746989617112,0.037620647954223464,0.0990691885039201
2018-03-08,-0.008791778938189733,10.501644866891063,0.13668983645814356,0.033081578920192214,0.06595124740878956
2018-03-09,0.003072737827621896,10.533913668325809,0.09903282632898178,0.029629775866101098,0.057647210511205194
2018-03-10,-0.0069578855924484675,10.460619902180868,0.0872769863773063,0.0,0.05219976514744812
2018-03-11,0.004163372743299099,10.504171361959619,0.05219976514744812,0.021505433755427062,0.04755295865705135
2018-03-12,-0.002685645259252543,10.475960883938995,0.06905839241247841,0.021989169539998226,0.048974751204788836
2018-03-13,-0.0008637650859245914,10.466912114685938,0.07096392074478707,0.022731878638196708,0.01755187353598287
2018-03-14,-0.0020431351494911557,10.445526798637788,0.04028375217417958,0.0,0.015677774840060284
2018-03-15,-2.9734130032251626e-05,10.445216209985702,0.015677774840060284,0.0,0.016161564243841332
2018-03-16,-0.00017034992121372353,10.443436868227272,0.016161564243841332,0.0,0.016713326579944503
2018-03-17,-0.0013672006823171367,10.429158594215295,0.016713326579944503,0.0,0.0
2018-03-18,-1.406534863497411e-05,10.429011904463698,0.0,0.0,0.0
2018-03-19,0.0,10.429011904463698,0.0,0.0,0.0
2018-03-20,0.0,10.429011904463698,0.0,0.0,0.0
2018-03-21,0.0,10.429011904463698,0.0,0.0,0.0
2018-03-22,0.0,10.429011904463698,0.0,0.0,0.0
2018-03-23,0.0,10.429011904463698,0.0,0.0,0.0
2018-03-24,0.0,10.429011904463698,0.0,0.0,0.0
2018-03-25,0.0,10.429011904463698,0.0,0.0,0.0
2018-03-26,0.0,10.429011904463698,0.0,0.0,0.0
2018-03-27,0.0,10.429011904463698,0.0,0.0,0.0
2018-03-28,0.0,10.429011904463698,0.0,0.0,0.0
2018-03-29,0.0,10.429011904463698,0.0,0.0,0.0
2018-03-30,0.0,10.429011904463698,0.0,0.0,0.0
2018-03-31,0.0,10.429011904463698,0.0,0.0,0.0
2018-04-01,0.0,10.429011904463698,0.0,0.0,0.0
2018-04-02,0.0,10.429011904463698,0.0,0.0,0.0
2018-04-03,0.0,10.429011904463698,0.0,0.0,0.0
2018-04-04,0.0,10.429011904463698,0.0,0.0,0.0
2018-04-05,0.0,10.429011904463698,0.0,0.0,0.0
2018-04-06,0.0,10.429011904463698,0.0,0.0,0.0
2018-04-07,0.0,10.429011904463698,0.0,0.0,0.0
2018-04-08,0.0,10.429011904463698,0.0,0.0,0.0
2018-04-09,0.0,10.429011904463698,0.0,0.0,0.0
2018-04-10,0.0,10.429011904463698,0.0,0.0,0.0
2018-04-11,0.0,10.429011904463698,0.0,0.0,0.0
2018-04-12,0.0,10.429011904463698,0.0,0.0,0.0
2018-04-13,0.0,10.429011904463698,0.0,0.0,0.0
2018-04-14,0.0,10.429011904463698,0.0,0.0,0.0
2018-04-15,0.0,10.429011904463698,0.0,0.0,0.0
2018-04-16,0.0,10.429011904463698,0.0,0.0,0.0
2018-04-17,0.0,10.429011904463698,0.0,0.0,0.0
2018-04-18,0.0,10.429011904463698,0.0,0.0,0.0
2018-04-19,0.0,10.429011904463698,0.0,0.0,0.0
2018-04-20,0.0,10.429011904463698,0.0,0.0,0.0
2018-04-21,0.0,10.429011904463698,0.0,0.0,0.0
2018-04-22,0.0,10.429011904463698,0.0,0.0,0.0
2018-04-23,0.0,10.429011904463698,0.0,0.0,0.051007925212451136
2018-04-24,0.004904291038279553,10.48015881408487,0.051007925212451136,0.060229515907358686,0.05133119974659588
2018-04-25,-0.012177327124627681,10.352538491887708,0.11156071565395456,0.0,0.0
2018-04-26,-0.00010508214161144648,10.351450624971866,0.0,0.05848273128791204,0.04545694273491766
2018-04-27,-0.0018473976763146052,10.332327379140807,0.10393967402282969,0.0,0.04839706507974827
2018-04-28,-5.6798746214659895e-05,10.331740515900192,0.04839706507974827,0.06395249725002351,0.052141166218620624
2018-04-29,0.0007024429522543119,10.338997974210107,0.11609366346864414,0.06903855624672217,0.056806800864586504
2018-04-30,-0.002772807950671608,10.31032991842524,0.12584535711130868,0.07219586360487648,0.059249165915097934
2018-05-01,-0.0007319372026634145,10.30278340438621,0.13144502951997442,0.07429549148689424,0.06266015001007122
2018-05-02,0.0020611681050142824,10.3240191729322,0.13695564149696546,0.08672647716945897,0.06639711324304608
2018-05-03,0.010760069011477557,10.435106331708768,0.15312359041250506,0.08849081376950256,0.21212840018201148
2018-05-04,0.000846701888145581,10.443941755942825,0.30061921395151403,0.09502840168662312,0.22810900480966545
2018-05-05,0.008287172145845133,10.530492499155503,0.3231374064962886,0.10218247051878482,0.24354860965943226
2018-05-06,-0.008500416167917819,10.440978930459544,0.3457310801782171,0.10591797264128508,0.29345944454740697
2018-05-07,-0.015659955899382186,10.277473660862169,0.399377417188692,0.11639986640025728,0.1838141613326467
2018-05-08,-0.0007941025274335768,10.269312293052446,0.30021402773290395,0.09822521878061825,0.19310777581345534
2018-05-09,0.00018550309347098416,10.271217282250626,0.2913329945940736,0.12155724418906666,0.20237238130666074
2018-05-10,-0.008693525313890097,10.181924194802916,0.3239296254957274,0.08588255852485065,0.2072429765133228
2018-05-11,-0.01928620969996904,9.985553469632757,0.29312553503817346,0.0,0.16902231875641885
2018-05-12,0.0014718984041280506,10.000251189849044,0.16902231875641885,0.0,0.16929732268915373
2018-05-13,0.011531362523868353,10.11556771164894,0.16929732268915373,0.0,0.19568251595086944
2018-05-14,-0.0012498754144789036,10.102924512262653,0.19568251595086944,0.0,0.2039338765768893
2018-05-15,-0.00498848943289226,10.052526180091924,0.2039338765768893,0.0,0.18827148868342566
2018-05-16,-0.0002715404507153572,10.049796512602155,0.18827148868342566,0.0,0.19370145112504694
2018-05-17,-0.009387386163730638,9.955455191871446,0.19370145112504694,0.0,0.0748559340080734
2018-05-18,0.0027746593282242213,9.98307818848629,0.0748559340080734,0.0,0.16681612831414902
2018-05-19,-5.133336755256177e-05,9.982565723464335,0.16681612831414902,0.0,0.17174583906061697
2018-05-20,0.00475763933168516,10.030059170781422,0.17174583906061697,0.0,0.17622991048982492
2018-05-21,-0.0037690541671113152,9.992255334467416,0.17622991048982492,0.0,0.18084105799227998
2018-05-22,-0.013017203662719237,9.86218411172876,0.18084105799227998,0.0,0.0
2018-05-23,-0.00015669307183859135,9.860638775805256,0.0,0.0,0.0
2018-05-24,0.0,9.860638775805256,0.0,0.0,0.0
2018-05-25,0.0,9.860638775805256,0.0,0.0,0.0
2018-05-26,0.0,9.860638775805256,0.0,0.0,0.0
2018-05-27,0.0,9.860638775805256,0.0,0.0,0.0
2018-05-28,0.0,9.860638775805256,0.0,0.0,0.0
2018-05-29,0.0,9.860638775805256,0.0,0.0,0.0
2018-05-30,0.0,9.860638775805256,0.0,0.0,0.0
2018-05-31,0.0,9.860638775805256,0.0,0.0,0.0
2018-06-01,0.0,9.860638775805256,0.0,0.0,0.0
2018-06-02,0.0,9.860638775805256,0.0,0.0,0.0
2018-06-03,0.0,9.860638775805256,0.0,0.0,0.0
2018-06-04,0.0,9.860638775805256,0.0,0.0,0.0
2018-06-05,0.0,9.860638775805256,0.0,0.0,0.0
2018-06-06,0.0,9.860638775805256,0.0,0.0,0.0
2018-06-07,0.0,9.860638775805256,0.0,0.0,0.0
2018-06-08,0.0,9.860638775805256,0.0,0.0,0.0
2018-06-09,0.0,9.860638775805256,0.0,0.0,0.0
2018-06-10,0.0,9.860638775805256,0.0,0.0,0.0
2018-06-11,0.0,9.860638775805256,0.0,0.0,0.0
2018-06-12,0.0,9.860638775805256,0.0,0.0,0.0
2018-06-13,0.0,9.860638775805256,0.0,0.0,0.0
2018-06-14,0.0,9.860638775805256,0.0,0.0,0.0
2018-06-15,0.0,9.860638775805256,0.0,0.0,0.0
2018-06-16,0.0,9.860638775805256,0.0,0.0,0.0
2018-06-17,0.0,9.860638775805256,0.0,0.0,0.0
2018-06-18,0.0,9.860638775805256,0.0,0.0,0.0
2018-06-19,0.0,9.860638775805256,0.0,0.0,0.0
2018-06-20,0.0,9.860638775805256,0.0,0.0,0.0
2018-06-21,0.0,9.860638775805256,0.0,0.0,0.0
2018-06-22,0.0,9.860638775805256,0.0,0.0,0.0
2018-06-23,0.0,9.860638775805256,0.0,0.0,0.0
2018-06-24,0.0,9.860638775805256,0.0,0.0,0.0
2018-06-25,0.0,9.860638775805256,0.0,0.0,0.0
2018-06-26,0.0,9.860638775805256,0.0,0.0,0.0
2018-06-27,0.0,9.860638775805256,0.0,0.0,0.0
2018-06-28,0.0,9.860638775805256,0.0,0.0,0.0
2018-06-29,0.0,9.860638775805256,0.0,0.0,0.0
2018-06-30,0.0,9.860638775805256,0.0,0.0,0.0
2018-07-01,0.0,9.860638775805256,0.0,0.0,0.0
2018-07-02,0.0,9.860638775805256,0.0,0.0,0.0
2018-07-03,0.0,9.860638775805256,0.0,0.0,0.0
2018-07-04,0.0,9.860638775805256,0.0,0.0,0.0
2018-07-05,0.0,9.860638775805256,0.0,0.0,0.0
2018-07-06,0.0,9.860638775805256,0.0,0.0,0.0
2018-07-07,0.0,9.860638775805256,0.0,0.0,0.0
2018-07-08,0.0,9.860638775805256,0.0,0.0,0.0
2018-07-09,0.0,9.860638775805256,0.0,0.0,0.0
2018-07-10,0.0,9.860638775805256,0.0,0.0,0.0
2018-07-11,0.0,9.860638775805256,0.0,0.0,0.0
2018-07-12,0.0,9.860638775805256,0.0,0.0,0.0
2018-07-13,0.0,9.860638775805256,0.0,0.0,0.0
2018-07-14,0.0,9.860638775805256,0.0,0.0,0.0
2018-07-15,0.0,9.860638775805256,0.0,0.0,0.0
2018-07-16,0.0,9.860638775805256,0.0,0.0,0.0
2018-07-17,0.0,9.860638775805256,0.0,0.0,0.0
2018-07-18,0.0,9.860638775805256,0.0,0.0,0.0
2018-07-19,0.0,9.860638775805256,0.0,0.0,0.0
2018-07-20,0.0,9.860638775805256,0.0,0.0,0.0
2018-07-21,0.0,9.860638775805256,0.0,0.0,0.0
2018-07-22,0.0,9.860638775805256,0.0,0.0,0.0
2018-07-23,0.0,9.860638775805256,0.0,0.08087834521699273,0.0
2018-07-24,0.007061948737586399,9.930274101359851,0.08087834521699273,0.1472319895816245,0.0
2018-07-25,-0.0034768624469667165,9.895747904248747,0.1472319895816245,0.15682996948999797,0.0
2018-07-26,-0.005080896292907897,9.8454686354065,0.15682996948999797,0.15956011536272166,0.0
2018-07-27,0.004594977612114623,9.890708343366969,0.15956011536272166,0.1709153368150753,0.0
2018-07-28,0.0002919490864722984,9.89359592663238,0.1709153368150753,0.18310467557273052,0.0
2018-07-29,0.000690631203987461,9.900428752698954,0.18310467557273052,0.19607309110337928,0.0
2018-07-30,-0.0014276535424576273,9.886294370518312,0.19607309110337928,0.20724465111746868,0.0
2018-07-31,-0.010658146400041514,9.780924797763422,0.20724465111746868,0.09680152871753914,0.0
2018-08-01,-0.0016988852614788596,9.764308128780868,0.09680152871753914,0.08746931200232688,0.0
2018-08-02,-0.0006778528004455456,9.75768936517136,0.08746931200232688,0.0,0.0
2018-08-03,-9.474050762965098e-05,9.756764916727612,0.0,0.0,0.0
2018-08-04,0.0,9.756764916727612,0.0,0.0,0.0
2018-08-05,0.0,9.756764916727612,0.0,0.0,0.0
2018-08-06,0.0,9.756764916727612,0.0,0.0,0.0
2018-08-07,0.0,9.756764916727612,0.0,0.0,0.0
2018-08-08,0.0,9.756764916727612,0.0,0.0,0.0
2018-08-09,0.0,9.756764916727612,0.0,0.0,0.0
2018-08-10,0.0,9.756764916727612,0.0,0.0,0.0
2018-08-11,0.0,9.756764916727612,0.0,0.0,0.0
2018-08-12,0.0,9.756764916727612,0.0,0.0,0.0
2018-08-13,0.0,9.756764916727612,0.0,0.0,0.0
2018-08-14,0.0,9.756764916727612,0.0,0.0,0.0
2018-08-15,0.0,9.756764916727612,0.0,0.0,0.0
2018-08-16,0.0,9.756764916727612,0.0,0.0,0.0
2018-08-17,0.0,9.756764916727612,0.0,0.0,0.0
2018-08-18,0.0,9.756764916727612,0.0,0.0,0.0
2018-08-19,0.0,9.756764916727612,0.0,0.0,0.0
2018-08-20,0.0,9.756764916727612,0.0,0.0,0.0
2018-08-21,0.0,9.756764916727612,0.0,0.0,0.0
2018-08-22,0.0,9.756764916727612,0.0,0.0,0.0
2018-08-23,0.0,9.756764916727612,0.0,0.0,0.0
2018-08-24,0.0,9.756764916727612,0.0,0.0,0.0
2018-08-25,0.0,9.756764916727612,0.0,0.0,0.0
2018-08-26,0.0,9.756764916727612,0.0,0.0,0.0
2018-08-27,0.0,9.756764916727612,0.0,0.0,0.0
2018-08-28,0.0,9.756764916727612,0.0,0.0760448873103386,0.0
2018-08-29,-0.000714444129502992,9.749794253309915,0.0760448873103386,0.07809939874269245,0.0
2018-08-30,-0.0007130839293083465,9.742841831713816,0.07809939874269245,0.06275168057320377,0.0
2018-08-31,0.0006246164941937311,9.748927371422225,0.06275168057320377,0.08288117677730013,0.0
2018-09-01,0.0017941448677954953,9.766418359432171,0.08288117677730013,0.08407010520206579,0.0
2018-09-02,0.0010101690839321514,9.776284093319617,0.08407010520206579,0.08673523268790581,0.0
2018-09-03,-0.00031240682040958363,9.773229915490603,0.08673523268790581,0.10486017552296654,0.0
2018-09-04,0.0010846652113606077,9.783830597982563,0.10486017552296654,0.10804598365945337,0.0
2018-09-05,-0.006071853311688892,9.7244246137652,0.10804598365945337,0.0,0.0
2018-09-06,-7.30484081008441e-05,9.723714260027467,0.0,0.0,0.0
2018-09-07,0.0,9.723714260027467,0.0,0.0,0.0
2018-09-08,0.0,9.723714260027467,0.0,0.0,0.0
2018-09-09,0.0,9.723714260027467,0.0,0.0,0.0
2018-09-10,0.0,9.723714260027467,0.0,0.0,0.0
2018-09-11,0.0,9.723714260027467,0.0,0.0,0.0
2018-09-12,0.0,9.723714260027467,0.0,0.0,0.0
2018-09-13,0.0,9.723714260027467,0.0,0.0,0.0
2018-09-14,0.0,9.723714260027467,0.0,0.0,0.0
2018-09-15,0.0,9.723714260027467,0.0,0.0,0.0
2018-09-16,0.0,9.723714260027467,0.0,0.0,0.0
2018-09-17,0.0,9.723714260027467,0.0,0.0,0.0
2018-09-18,0.0,9.723714260027467,0.0,0.0,0.0
2018-09-19,0.0,9.723714260027467,0.0,0.0,0.0
2018-09-20,0.0,9.723714260027467,0.0,0.0,0.0
2018-09-21,0.0,9.723714260027467,0.0,0.0,0.0
2018-09-22,0.0,9.723714260027467,0.0,0.0,0.0
2018-09-23,0.0,9.723714260027467,0.0,0.0,0.0
2018-09-24,0.0,9.723714260027467,0.0,0.0,0.0
2018-09-25,0.0,9.723714260027467,0.0,0.0,0.0
2018-09-26,0.0,9.723714260027467,0.0,0.0,0.0
2018-09-27,0.0,9.723714260027467,0.0,0.0,0.0
2018-09-28,0.0,9.723714260027467,0.0,0.0,0.0
2018-09-29,0.0,9.723714260027467,0.0,0.0,0.0
2018-09-30,0.0,9.723714260027467,0.0,0.0,0.0
2018-10-01,0.0,9.723714260027467,0.0,0.0,0.0
2018-10-02,0.0,9.723714260027467,0.0,0.0,0.0
2018-10-03,0.0,9.723714260027467,0.0,0.0,0.0
2018-10-04,0.0,9.723714260027467,0.0,0.0,0.0
2018-10-05,0.0,9.723714260027467,0.0,0.0,0.0
2018-10-06,0.0,9.723714260027467,0.0,0.0,0.0
2018-10-07,0.0,9.723714260027467,0.0,0.0,0.0
2018-10-08,0.0,9.723714260027467,0.0,0.0,0.0
2018-10-09,0.0,9.723714260027467,0.0,0.0,0.0
2018-10-10,0.0,9.723714260027467,0.0,0.0,0.0
2018-10-11,0.0,9.723714260027467,0.0,0.0,0.0
2018-10-12,0.0,9.723714260027467,0.0,0.0,0.0
2018-10-13,0.0,9.723714260027467,0.0,0.0,0.0
2018-10-14,0.0,9.723714260027467,0.0,0.0,0.0
2018-10-15,0.0,9.723714260027467,0.0,0.0,0.0
2018-10-16,0.0,9.723714260027467,0.0,0.0,0.0
2018-10-17,0.0,9.723714260027467,0.0,0.0,0.0
2018-10-18,0.0,9.723714260027467,0.0,0.0,0.0
2018-10-19,0.0,9.723714260027467,0.0,0.0,0.0
2018-10-20,0.0,9.723714260027467,0.0,0.0,0.0
2018-10-21,0.0,9.723714260027467,0.0,0.0,0.0
2018-10-22,0.0,9.723714260027467,0.0,0.0,0.0
2018-10-23,0.0,9.723714260027467,0.0,0.0,0.0
2018-10-24,0.0,9.723714260027467,0.0,0.0,0.0
2018-10-25,0.0,9.723714260027467,0.0,0.0,0.0
2018-10-26,0.0,9.723714260027467,0.0,0.0,0.0
2018-10-27,0.0,9.723714260027467,0.0,0.0,0.0
2018-10-28,0.0,9.723714260027467,0.0,0.0,0.0
2018-10-29,0.0,9.723714260027467,0.0,0.0,0.0
2018-10-30,0.0,9.723714260027467,0.0,0.0,0.0
2018-10-31,0.0,9.723714260027467,0.0,0.0,0.0
2018-11-01,0.0,9.723714260027467,0.0,0.0,0.0
2018-11-02,0.0,9.723714260027467,0.0,0.0,0.0
2018-11-03,0.0,9.723714260027467,0.0,0.0,0.0
2018-11-04,0.0,9.723714260027467,0.0,0.0,0.0
2018-11-05,0.0,9.723714260027467,0.0,0.0,0.0
2018-11-06,0.0,9.723714260027467,0.0,0.0,0.0
2018-11-07,0.0,9.723714260027467,0.0,0.0,0.0
2018-11-08,0.0,9.723714260027467,0.0,0.0,0.0
2018-11-09,0.0,9.723714260027467,0.0,0.0,0.0
2018-11-10,0.0,9.723714260027467,0.0,0.0,0.0
2018-11-11,0.0,9.723714260027467,0.0,0.0,0.0
2018-11-12,0.0,9.723714260027467,0.0,0.0,0.0
2018-11-13,0.0,9.723714260027467,0.0,0.0,0.0
2018-11-14,0.0,9.723714260027467,0.0,0.0,0.0
2018-11-15,0.0,9.723714260027467,0.0,0.0,0.0
2018-11-16,0.0,9.723714260027467,0.0,0.0,0.0
2018-11-17,0.0,9.723714260027467,0.0,0.0,0.0
2018-11-18,0.0,9.723714260027467,0.0,0.0,0.0
2018-11-19,0.0,9.723714260027467,0.0,0.0,0.0
2018-11-20,0.0,9.723714260027467,0.0,0.0,0.0
2018-11-21,0.0,9.723714260027467,0.0,0.0,0.0
2018-11-22,0.0,9.723714260027467,0.0,0.0,0.0
2018-11-23,0.0,9.723714260027467,0.0,0.0,0.0
2018-11-24,0.0,9.723714260027467,0.0,0.0,0.0
2018-11-25,0.0,9.723714260027467,0.0,0.0,0.0
2018-11-26,0.0,9.723714260027467,0.0,0.0,0.0
2018-11-27,0.0,9.723714260027467,0.0,0.0,0.0
2018-11-28,0.0,9.723714260027467,0.0,0.0,0.0
2018-11-29,0.0,9.723714260027467,0.0,0.0,0.0
2018-11-30,0.0,9.723714260027467,0.0,0.0,0.0
2018-12-01,0.0,9.723714260027467,0.0,0.0,0.0
2018-12-02,0.0,9.723714260027467,0.0,0.0,0.0
2018-12-03,0.0,9.723714260027467,0.0,0.0,0.0
2018-12-04,0.0,9.723714260027467,0.0,0.0,0.0
2018-12-05,0.0,9.723714260027467,0.0,0.0,0.0
2018-12-06,0.0,9.723714260027467,0.0,0.0,0.0
2018-12-07,0.0,9.723714260027467,0.0,0.0,0.0
2018-12-08,0.0,9.723714260027467,0.0,0.0,0.0
2018-12-09,0.0,9.723714260027467,0.0,0.0,0.0
2018-12-10,0.0,9.723714260027467,0.0,0.0,0.0
2018-12-11,0.0,9.723714260027467,0.0,0.0,0.0
2018-12-12,0.0,9.723714260027467,0.0,0.0,0.0
2018-12-13,0.0,9.723714260027467,0.0,0.0,0.0
2018-12-14,0.0,9.723714260027467,0.0,0.0,0.0
2018-12-15,0.0,9.723714260027467,0.0,0.0,0.0
2018-12-16,0.0,9.723714260027467,0.0,0.0,0.0
2018-12-17,0.0,9.723714260027467,0.0,0.0,0.0
2018-12-18,0.0,9.723714260027467,0.0,0.0,0.0
2018-12-19,0.0,9.723714260027467,0.0,0.0,0.0
2018-12-20,0.0,9.723714260027467,0.0,0.0,0.0
2018-12-21,0.0,9.723714260027467,0.0,0.0,0.0
2018-12-22,0.0,9.723714260027467,0.0,0.0,0.0
2018-12-23,0.0,9.723714260027467,0.0,0.0,0.0
2018-12-24,0.0,9.723714260027467,0.0,0.0,0.0
2018-12-25,0.0,9.723714260027467,0.0,0.0,0.0
2018-12-26,0.0,9.723714260027467,0.0,0.0,0.0
2018-12-27,0.0,9.723714260027467,0.0,0.0,0.0
2018-12-28,0.0,9.723714260027467,0.0,0.0,0.0
2018-12-29,0.0,9.723714260027467,0.0,0.0,0.0
2018-12-30,0.0,9.723714260027467,0.0,0.0,0.0
2018-12-31,0.0,9.723714260027467,0.0,0.0,0.0
2019-01-01,0.0,9.723714260027467,0.0,0.0,0.0
2019-01-02,0.0,9.723714260027467,0.0,0.0,0.0
2019-01-03,0.0,9.723714260027467,0.0,0.0,0.0
2019-01-04,0.0,9.723714260027467,0.0,0.0,0.0
2019-01-05,0.0,9.723714260027467,0.0,0.0,0.0
2019-01-06,0.0,9.723714260027467,0.0,0.0,0.0
2019-01-07,0.0,9.723714260027467,0.0,0.0,0.0
2019-01-08,0.0,9.723714260027467,0.0,0.0,0.0
2019-01-09,0.0,9.723714260027467,0.0,0.0,0.0
2019-01-10,0.0,9.723714260027467,0.0,0.0,0.0
2019-01-11,0.0,9.723714260027467,0.0,0.0,0.0
2019-01-12,0.0,9.723714260027467,0.0,0.0,0.0
2019-01-13,0.0,9.723714260027467,0.0,0.0,0.0
2019-01-14,0.0,9.723714260027467,0.0,0.0,0.0
2019-01-15,0.0,9.723714260027467,0.0,0.0,0.0
2019-01-16,0.0,9.723714260027467,0.0,0.0,0.0
2019-01-17,0.0,9.723714260027467,0.0,0.0,0.0
2019-01-18,0.0,9.723714260027467,0.0,0.0,0.0
2019-01-19,0.0,9.723714260027467,0.0,0.0,0.0
2019-01-20,0.0,9.723714260027467,0.0,0.0,0.0
2019-01-21,0.0,9.723714260027467,0.0,0.0,0.0
2019-01-22,0.0,9.723714260027467,0.0,0.0,0.0
2019-01-23,0.0,9.723714260027467,0.0,0.0,0.0
2019-01-24,0.0,9.723714260027467,0.0,0.0,0.0
2019-01-25,0.0,9.723714260027467,0.0,0.0,0.0
2019-01-26,0.0,9.723714260027467,0.0,0.0,0.0
2019-01-27,0.0,9.723714260027467,0.0,0.0,0.0
2019-01-28,0.0,9.723714260027467,0.0,0.0,0.0
2019-01-29,0.0,9.723714260027467,0.0,0.0,0.0
2019-01-30,0.0,9.723714260027467,0.0,0.0,0.0
2019-01-31,0.0,9.723714260027467,0.0,0.0,0.0
2019-02-01,0.0,9.723714260027467,0.0,0.0,0.0
2019-02-02,0.0,9.723714260027467,0.0,0.0,0.0
2019-02-03,0.0,9.723714260027467,0.0,0.0,0.0
2019-02-04,0.0,9.723714260027467,0.0,0.0,0.0
2019-02-05,0.0,9.723714260027467,0.0,0.0,0.0
2019-02-06,0.0,9.723714260027467,0.0,0.0,0.0
2019-02-07,0.0,9.723714260027467,0.0,0.0,0.0
2019-02-08,0.0,9.723714260027467,0.0,0.0,0.0
2019-02-09,0.0,9.723714260027467,0.0,0.0,0.0
2019-02-10,0.0,9.723714260027467,0.0,0.0,0.0
2019-02-11,0.0,9.723714260027467,0.0,0.0,0.0
2019-02-12,0.0,9.723714260027467,0.0,0.0,0.0
2019-02-13,0.0,9.723714260027467,0.0,0.0,0.0
2019-02-14,0.0,9.723714260027467,0.0,0.0,0.0
2019-02-15,0.0,9.723714260027467,0.0,0.0,0.0
2019-02-16,0.0,9.723714260027467,0.0,0.0,0.0
2019-02-17,0.0,9.723714260027467,0.0,0.0,0.05795246423500795
2019-02-18,0.005007799245823755,9.772408668965438,0.05795246423500795,0.0,0.06319778257048109
2019-02-19,-0.0005549426336786098,9.766985542761299,0.06319778257048109,0.09933592219205808,0.0647661059587723
2019-02-20,0.0025848059579004377,9.792231305182955,0.1641020281508304,0.08754029299739116,0.06678861719372187
2019-02-21,-0.0025568845987494846,9.76719369977134,0.15432891019111303,0.08918584430114679,0.06727458836416504
2019-02-22,0.0029329792557524874,9.795840676279685,0.15646043266531184,0.10787551444788393,0.06943595822818902
2019-02-23,0.008649045201546426,9.880565345075976,0.17731147267607295,0.11971118539634018,0.1357573417800112
2019-02-24,-0.028127400710049415,9.602650724373197,0.2554685271763514,0.07587916855443443,0.050548626749437914
2019-02-25,0.0026389584574913554,9.627991720716617,0.12642779530387233,0.08934344505944711,0.052126309599151946
2019-02-26,-0.0014874164208934196,9.613670887730997,0.14146975465859907,0.06835964355334638,0.05365003213929803
2019-02-27,-0.0005618007278110589,9.608269920429333,0.12200967569264441,0.07066060800218743,0.048171522745855386
2019-02-28,0.0001160514304940527,9.609384973898171,0.11883213074804282,0.0730310964399287,0.049790168377022916
2019-03-01,0.000499356512068249,9.61418348286186,0.1228212648169516,0.08861214095302992,0.059105049703662184
2019-03-02,-0.0010203239957648842,9.60437390075461,0.14771719065669212,0.09163609680146292,0.04310703334755064
2019-03-03,-0.001659454815648162,9.588435876233717,0.13474313014901357,0.08050820743808261,0.03628008135936092
2019-03-04,-0.0038798066623247926,9.551234598839832,0.11678828879744353,0.049526175906049505,0.03688973999127495
2019-03-05,0.007676278134817887,9.624552532151421,0.08641591589732445,0.09268916848226434,0.044244207463400895
2019-03-06,0.0008565234178760687,9.632796186781787,0.13693337594566524,0.09587221225055137,0.045715968134338494
2019-03-07,-0.00028556602882347454,9.630045387428263,0.14158818038488985,0.08449142740926385,0.03694052969455517
2019-03-08,-0.0018095829939685443,9.612619021064027,0.12143195710381902,0.08726116426239115,0.03769293188215722
2019-03-09,0.0032809918015449064,9.644157945263512,0.12495409614454837,0.0889184091955113,0.03850126307569606
2019-03-10,-0.0005648272801035992,9.6387106617624,0.12741967227120737,0.10792171702887676,0.03976356117623514
2019-03-11,-0.0025226188883377934,9.614395868187815,0.1476852782051119,0.12630248202340183,0.04971510964757528
2019-03-12,0.0004200371864797184,9.618434271977991,0.1760175916709771,0.13075633087136618,0.051428875944436306
2019-03-13,-0.0007625797539872613,9.611099448737123,0.18218520681580247,0.1353113693188007,0.05307552638035447
2019-03-14,0.0001128099226747901,9.612183676122756,0.18838689569915518,0.1401367826680325,0.054943897876983006
2019-03-15,0.0028486880645464847,9.639565789035155,0.1950806805450155,0.1435316320270476,0.07808373822962292
2019-03-16,0.004140033371425201,9.67947391308781,0.22161537025667052,0.1433759762051073,0.15704546166507896
2019-03-17,-0.003463844719933235,9.64594571848223,0.30042143787018627,0.147395852605317,0.16051697333228787
2019-03-18,-0.001150783475433489,9.634845323544472,0.3079128259376049,0.15263099383069753,0.082850468264411
2019-03-19,0.0014295627215488247,9.6486189392469,0.23548146209510853,0.15786355375421696,0.1715285625141153
2019-03-20,0.002178350162618216,9.66963700988225,0.32939211626833226,0.14195868006266552,0.15471236340630937
2019-03-21,-0.0071703916503894245,9.600301925404294,0.2966710434689749,0.1631925586425513,0.06585259323830725
2019-03-22,0.000830860739804903,9.608278439364385,0.22904515188085856,0.16913389473101387,0.1596460130831938
2019-03-23,0.0005087141785044054,9.61316630683751,0.32877990781420763,0.1751732772642145,0.16533931862922854
2019-03-24,-0.00166759977542591,9.597135392863095,0.34051259589344307,0.15768900568702138,0.11386033769499126
2019-03-25,-0.005145953056607382,9.547748984653516,0.27154934338201264,0.12729755942173618,0.07112005770511107
2019-03-26,0.0003213842737845236,9.550817481027227,0.19841761712684725,0.15581167551221833,0.07370956226297434
2019-03-27,0.007469948520905508,9.622161595943066,0.22952123777519268,0.17270779619155588,0.19591976021314172
2019-03-28,-0.0033847674545120984,9.589592816531061,0.3686275564046976,0.1779629379873744,0.20067641297277145
2019-03-29,0.010139773957842105,9.686829120038434,0.37863935096014584,0.35352697764813934,0.19753362681784375
2019-03-30,-0.00035223744752936067,9.68341705607454,0.5510606044659832,0.3659290421907262,0.20431750439975882
2019-03-31,-0.0009521601524870189,9.674196892213832,0.570246546590485,0.37886255389822837,0.21078306674084998
2019-04-01,0.00384380798435439,9.711382647470339,0.5896456206390783,0.38867016939361876,0.2183555092838826
2019-04-02,0.09969571679146952,10.679565901546134,0.6070256786775013,0.17886374474643307,0.16128869320916234
2019-04-03,-0.004772596858979238,10.628596638869153,0.3401524379555954,0.20686236213704423,0.16647102342552955
2019-04-04,-0.0048187047328053165,10.577380569942356,0.3733333855625738,0.23305164724254962,0.1749524007014959
2019-04-05,0.01607047719275492,10.747364123150703,0.40800404794404554,0.2567545127873742,0.18942719672963088
2019-04-06,-0.0001481710438219736,10.745771674990241,0.4461817095170051,0.282961266175129,0.21320714396720447
2019-04-07,0.018171934650241667,10.941043135634581,0.4961684101423335,0.3078724636049976,0.22588929399439303
2019-04-08,0.013342632396618696,11.0870254522289,0.5337617575993906,0.34048645321572457,0.2471616434956397
2019-04-09,-0.011032264607269634,10.964710453732378,0.5876480967113643,0.3527626909524815,0.25758127373011636
2019-04-10,0.00875065494428935,11.060658851477031,0.6103439646825979,0.38126154253544153,0.28254780136102364
2019-04-11,-0.037858400999474635,10.641919993359425,0.6638093438964652,0.32221259499501126,0.23201410478589954
2019-04-12,0.0009096825330764642,10.651600762095782,0.5542266997809108,0.34727254477048775,0.24992733544409504
2019-04-13,-0.0017760540876836945,10.632682943021887,0.5971998802145828,0.37273687049031684,0.2684758837819976
2019-04-14,0.011669792706116917,10.756764148876817,0.6412127542723145,0.3983132162702063,0.284353228620567
2019-04-15,-0.021076021819979453,10.530054352962717,0.6826664448907733,0.39878190933472857,0.2699937908614903
2019-04-16,0.023075345733131768,10.773038997746001,0.6687757001962189,0.40801908132152037,0.2671548674986354
2019-04-17,0.0010850705922295792,10.784728505551398,0.6751739488201558,0.4402294691537783,0.2868711489776157
2019-04-18,0.015743944583714177,10.954522673493202,0.7271006181313939,0.46775687373065516,0.29433524959762564
2019-04-19,0.0011188718135477936,10.966779380143443,0.7620921233282808,0.50438027671051,0.32328254917984983
2019-04-20,0.0014240013950229833,10.982396089279677,0.8276628258903598,0.5389897612864636,0.35269296865211375
2019-04-21,-0.008651997388219231,10.88737642699884,0.8916827299385773,0.5674838418124465,0.3371429127045981
2019-04-22,0.012337371720683062,11.021698037041727,0.9046267545170446,0.5989236948685766,0.35846239094319465
2019-04-23,0.01658855666726537,11.204532099498682,0.9573860858117712,0.610225179805706,0.3746503716601319
2019-04-24,-0.0239224568479147,10.93649216384735,0.9848755514658378,0.5904168395236429,0.3123940063591193
2019-04-25,-0.06089157331701503,10.270551949421478,0.9028108458827622,0.3782433568581205,0.18964639637692124
2019-04-26,0.00242560227202756,10.29546422356497,0.5678897532350418,0.40361554822541956,0.18431994380379926
2019-04-27,0.0057699519563059725,10.354868557502806,0.5879354920292188,0.4289716292047305,0.18129390315354266
2019-04-28,-0.005486325312886212,10.29805838002417,0.6102655323582731,0.41990493231480347,0.1841336937111749
2019-04-29,-0.0008694076599154377,10.289105169186321,0.6040386260259784,0.4872634121626609,0.16047011395767857
2019-04-30,0.02024671331908611,10.497425731856762,0.6477335261203394,0.5425475313418457,0.19052503689178096
2019-05-01,0.002854478505751062,10.527390407974066,0.7330725682336268,0.5788937486555922,0.20301165028707854
2019-05-02,0.009186534413829071,10.624100642244734,0.7819053989426707,0.6107651242437997,0.18339703723793177
2019-05-03,0.03661967800506876,11.01315178685718,0.7941621614817315,0.536120582017084,0.238590581371516
2019-05-04,0.007843354658108096,11.099531842225078,0.7747111633886,0.5679477462236305,0.21271087531583036
2019-05-05,-0.004995072083038532,11.044088880585182,0.7806586215394609,0.593948266901724,0.1921831324928321
2019-05-06,0.008421464162149093,11.137096279296621,0.786131399394556,0.6235652737898341,0.284700394575116
2019-05-07,0.010357128594859651,11.252444617634628,0.90826566836495,0.6528530414099665,0.24793667096275837
2019-05-08,0.011020333341938571,11.376450308232664,0.9007897123727249,0.6894074579164071,0.30967089109846596
2019-05-09,0.02532135864183538,11.664517486558442,0.9990783490148731,0.6782447280256978,0.3300250359645813
2019-05-10,0.026173206593250137,11.969815312544714,1.0082697639902791,0.7273171819638458,0.35229953389181623
2019-05-11,0.16235764961089263,13.913206392965947,1.079616715855662,0.19524822636076342,0.11233097051684439
2019-05-12,-0.01792300498757946,13.663839925391596,0.3075791968776078,0.17867562906010287,0.10903400530421366
2019-05-13,0.028192165644205066,14.049053163904137,0.2877096343643165,0.15702142261906243,0.12550636115593503
2019-05-14,0.016613326067367103,14.282454665053852,0.28252778377499743,0.1664827784351413,0.1254722772691151
2019-05-15,0.023652469855311976,14.620269993478898,0.2919550557042564,0.17405998587768884,0.12215840779960913
2019-05-16,-0.0012890113630665157,14.601424299326204,0.29621839367729796,0.17327786863151076,0.134063770417221
2019-05-17,-0.02491552753773439,14.237622110106198,0.3073416390487318,0.15354719205799372,0.1211385589531689
2019-05-18,-0.005356510714161964,14.161358134729225,0.2746857510111626,0.16124998926551654,0.12820869791446046
2019-05-19,0.03966410050003149,14.723055667002065,0.289458687179977,0.1387476262727913,0.11902916348283007
2019-05-20,-0.009178154945888575,14.587925180813377,0.25777678975562135,0.14102349843728146,0.12058849646725951
2019-05-21,0.0024074960441670765,14.623045552978791,0.26161199490454096,0.14998083079475397,0.12854979307195716
2019-05-22,-0.011937546880946453,14.448482261147891,0.2785306238667111,0.14988548373625088,0.12791393609147142
2019-05-23,0.004647720716501897,14.515634771475039,0.27779941982772227,0.15931721225252848,0.13652147366069478
2019-05-24,0.0031521475926827736,14.561390194676207,0.29583868591322326,0.17008602436051068,0.14578004449891488
2019-05-25,0.002910954201804026,14.603777734647506,0.3158660688594256,0.18159162650360897,0.1556821297008207
2019-05-26,0.02019672340452923,14.898726194215405,0.3372737562044297,0.17594479507542393,0.15651742529156062
2019-05-27,0.0036935961852486987,14.953756072451423,0.3324622203669846,0.1877432307318154,0.16716355761183005
2019-05-28,-0.002352354256983061,14.918579540696506,0.3549067883436454,0.1968140071910029,0.17615146584706576
2019-05-29,-0.0024829581936106817,14.8815373313889,0.37296547303806865,0.20739222041057498,0.18582427734498566
2019-05-30,-0.01659629953301703,14.634558880325395,0.39321649775556067,0.1998936287866976,0.16527295595828367
2019-05-31,0.013118798540018493,14.826546709998423,0.3651665847449813,0.2092827233883561,0.1838462928728612
2019-06-01,-0.0007893063601610721,14.814844022380996,0.3931290162612173,0.22258488721717054,0.1952352062745171
2019-06-02,0.0078076958697064075,14.930513818864885,0.41782009349168764,0.23699538546944174,0.2083319519335153
2019-06-03,-0.026693551105105025,14.531965385215537,0.44532733740295705,0.19192940292325092,0.15793716883462644
2019-06-04,-0.020838730273375006,14.229137678211009,0.3498665717578774,0.1681587973793997,0.15556858351693637
2019-06-05,0.008791976025656355,14.354239915543603,0.32372738089633607,0.19174290451937756,0.17668874958606434
2019-06-06,0.00036268742417195244,14.359446017844519,0.3684316541054419,0.18990958873099367,0.18883473772945605
2019-06-07,0.007877519211054236,14.472562829710187,0.37874432646044975,0.2145154476221447,0.20086753893675305
2019-06-08,-0.006178556718422379,14.38314327940589,0.4153829865588977,0.21054616206760587,0.1957466210246002
2019-06-09,-0.01746322494608455,14.131967212885861,0.40629278309220607,0.21026620602817314,0.1909068617640973
2019-06-10,0.02068478144806185,14.424283866115582,0.40117306779227047,0.20701115824502328,0.18240994018130044
2019-06-11,-0.0023683554202154214,14.39012203523854,0.3894210984263237,0.22037249234077247,0.1945655312578052
2019-06-12,0.01575209776661579,14.61679664441115,0.4149380235985777,0.22750833191419445,0.21426990000959995
2019-06-13,-0.0012425554439958798,14.598634464166855,0.4417782319237944,0.26657991487994026,0.22299531107278273
2019-06-14,0.022031983319306336,14.92027133516603,0.48957522595272296,0.2800606577147599,0.2315734828800673
2019-06-15,0.007973444497676063,15.039237290547243,0.5116341405948273,0.2984767736394287,0.2645610604543166
2019-06-16,0.006018531154968185,15.12975140872736,0.5630378340937453,0.3183737240748571,0.2639747244518526
2019-06-17,0.013809170000539587,15.33868071799638,0.5823484485267096,0.3310102393334036,0.29866557716349906
2019-06-18,-0.018695586356941955,15.05191508803152,0.6296758164969027,0.31757484560453325,0.28804628046438524
2019-06-19,0.012614794163467226,15.241791898633025,0.6056211260689185,0.33331315358589664,0.30327472672764266
2019-06-20,0.01122059351484252,15.412813849965408,0.6365878803135393,0.3507500090279317,0.32185706119972707
2019-06-21,0.04646779187692465,16.129013276183382,0.6726070702276588,0.31338080053235196,0.26882477959265955
2019-06-22,0.033059911786293424,16.662237032293962,0.5822055801250114,0.3014234245953028,0.2664001354639351
2019-06-23,0.0017315954235126517,16.691089285684566,0.5678235600592378,0.3208145032389551,0.2819158333796188
2019-06-24,0.008766602514537893,16.837413430986825,0.6027303366185739,0.3430605005760498,0.30150136408883765
2019-06-25,0.02572282941543064,17.27051934446918,0.6445618646648874,0.3311551691540192,0.30960593493761535
2019-06-26,0.046159343906723105,18.067715186338248,0.6407611040916346,0.26975896886090006,0.274826593267419
2019-06-27,-0.07006406893626978,16.801817544001757,0.5445855621283191,0.1299137418241197,0.1403432750096078
2019-06-28,0.022130337204397072,17.17364743189727,0.2702570168337275,0.12353009685602835,0.14058698102508277
2019-06-29,-0.00048109186566170324,17.16538532981404,0.2641170778811111,0.1284314040079638,0.14908259792922954
2019-06-30,-0.025198521492971283,16.732842998645587,0.27751400193719333,0.11263349271080894,0.12978503656415932
2019-07-01,-0.0021481250896106304,16.69689875877968,0.24241852927496826,0.11895799566837287,0.13829913441744204
2019-07-02,0.0007277300264658694,16.709049593355306,0.2572571300858149,0.12675572001936422,0.14732094425081518
2019-07-03,0.019472778549031112,17.034421215851495,0.2740766642701794,0.12109218351337965,0.1497999056407608
2019-07-04,-0.017704935040503078,16.732827894772278,0.2708920891541404,0.1170480135925418,0.13169720055951822
2019-07-05,2.7417401968119447e-06,16.732873771839124,0.24874521415206002,0.12439193004885366,0.1300679733644892
2019-07-06,0.0021828478596359604,16.76939908953754,0.25445990341334285,0.13263924344408293,0.13898582322389955
2019-07-07,0.01198057075283343,16.97030606181224,0.2716250666679825,0.14004874343621662,0.15317853633738443
2019-07-08,0.013374187341725848,17.197270114329346,0.2932272797736011,0.14210054341301825,0.172445805742557
2019-07-09,0.0006342317970521125,17.208177169858345,0.3145463491555752,0.15158102325358958,0.1706096057211699
2019-07-10,-0.01455805150515094,16.957659640309785,0.3221906289747595,0.14207632562532108,0.1490801119692146
2019-07-11,-0.019460420133681613,16.62765645922538,0.2911564375945357,0.1331351075730734,0.12632593935799977
2019-07-12,0.010160067986798655,16.79659457931224,0.2594610469310732,0.140981823672704,0.1313683052050962
2019-07-13,-0.008896188745189573,16.64716890365825,0.2723501288778002,0.13247746498959945,0.1375614642988046
2019-07-14,-0.031082270658587458,16.129737094095525,0.270038929288404,0.11471846439832475,0.04407527328940761
2019-07-15,0.007811615866094224,16.25573640429569,0.15879373768773236,0.12616410263622055,0.040031784591861685
2019-07-16,-0.023584112721619123,15.872359284563853,0.16619588722808223,0.0907781465540436,0.012833203091348744
2019-07-17,0.004841780475315843,15.949209763845051,0.10361134964539236,0.0959108092417696,0.021194106410898108
2019-07-18,0.015536798972703495,16.197009429719394,0.11710491565266772,0.10312952325629972,0.017865941875509203
2019-07-19,-0.0029749319203336328,16.148824429352977,0.12099546513180892,0.10993636378298621,0.01902873697033643
2019-07-20,0.005862936524738132,16.243503961931417,0.12896510075332265,0.1161334538942959,0.019819436521619653
2019-07-21,-0.004251440200241045,16.174445676194885,0.13595289041591554,0.12323393928562772,0.021113238393353485
2019-07-22,-0.004945887829659845,16.0944486821735,0.1443471776789812,0.12050323625531995,0.022349624199560113
2019-07-23,-0.006408899646122817,15.991300975709777,0.14285286045488005,0.11301397916485859,0.023797307481748794
2019-07-24,-4.1456981414969194e-05,15.990638024642426,0.13681128664660738,0.12072318807393835,0.025173724338163755
2019-07-25,0.0018212944956282264,16.01976168565829,0.14589691241210212,0.1285572862362045,0.026744401993624656
2019-07-26,-0.000794536316443239,16.007033403218266,0.15530168822982915,0.13742191691036038,0.02857458079997993
2019-07-27,-0.007239832252942047,15.891145166511727,0.1659964977103403,0.14126611275843867,0.014739257979295954
2019-07-28,0.001859262329095501,15.920690974086009,0.15600537073773463,0.14677603100532283,0.031105221566485784
2019-07-29,-0.0003331189732939285,15.915387489854592,0.17788125257180862,0.15416174434154212,0.033226106283891395
2019-07-30,0.0008913907134520116,15.929574318464038,0.1873878506254335,0.17925744796660079,0.046424966304454786
2019-07-31,0.010284582680188142,16.093403342602482,0.22568241427105556,0.1813743334802545,0.047703322518724875
2019-08-01,0.00617434931515712,16.19276963650943,0.2290776559989794,0.1991687737638308,0.0388960356294192
2019-08-02,0.002439286498214137,16.232268440852458,0.23806480939325,0.2205294014945204,0.05755254920308484
2019-08-03,0.0059425555225643785,16.32872959731939,0.2780819506976053,0.2595309513662838,0.060702850033154766
2019-08-04,0.00434520342246521,16.39968124905017,0.3202338013994386,0.29798147654520374,0.06481750817549231
2019-08-05,0.02099697597380902,16.744024962214606,0.36279898472069605,0.30449529045473855,0.07857265194615426
2019-08-06,-0.009792318476184503,16.580062137211417,0.3830679424008928,0.29095834641940194,0.0814299364557432
2019-08-07,0.012915197591735532,16.794196915796753,0.37238828287514514,0.29960676599804315,0.08609544518511014
2019-08-08,-0.0016873170899571162,16.765859780328626,0.3857022111831533,0.31903034494359056,0.09078185548118779
2019-08-09,-0.0063357609931974715,16.659635299915003,0.40981220042477834,0.33796857414936343,0.027150310184454268
2019-08-10,-0.0163774234161193,16.38679339865017,0.3651188843338177,0.3561757405442786,0.028309150634179575
2019-08-11,0.007807025848394825,16.514725518285736,0.3844848911784582,0.35013896088308843,0.03688240927935104
2019-08-12,-0.00481199696067767,16.43525670928532,0.3870213701624395,0.39684515187577885,0.02976598106158262
2019-08-13,-0.01842327739020367,16.13246541595095,0.42661113293736147,0.3576745338602225,0.02133086613366793
2019-08-14,-0.03289375031734916,15.601808126555389,0.37900539999389043,0.2316194352666585,0.0
2019-08-15,0.006439191237617985,15.702271152734902,0.2316194352666585,0.2636933620062793,0.0
2019-08-16,0.0014517591536220727,15.72506706861354,0.2636933620062793,0.2811442162523449,0.0
2019-08-17,-0.003809280714851577,15.665165873889324,0.2811442162523449,0.27362318609814534,0.0
2019-08-18,0.0028570615410638857,15.709922216842,0.27362318609814534,0.29032507714853306,0.0
2019-08-19,0.01549584737400596,15.953360773771687,0.29032507714853306,0.34559018685460446,0.019548840761015738
2019-08-20,-0.003133580646554279,15.903369631203498,0.3651390276156202,0.3319937390890937,0.0
2019-08-21,-0.01872561164950811,15.605569307570999,0.3319937390890937,0.26083013925108145,0.0
2019-08-22,0.0006473829052799008,15.615672086367882,0.26083013925108145,0.29800163361000587,0.0
2019-08-23,0.008323846283089931,15.745654540421945,0.29800163361000587,0.29826312377005226,0.0
2019-08-24,-0.007487666087313654,15.627756336897072,0.29826312377005226,0.2992120222717749,0.0
2019-08-25,-0.0013200969926232499,15.607126182755286,0.2992120222717749,0.30340320022455536,0.0
2019-08-26,0.007419190289896818,15.722918421783577,0.30340320022455536,0.3067162317972986,0.0
2019-08-27,-0.005459026672053415,15.63708659075654,0.3067162317972986,0.3118334439367134,0.0
2019-08-28,-0.012518842917236291,15.441328360043638,0.3118334439367134,0.16923323260935352,0.0
2019-08-29,-0.0043286384469416305,15.374488432432504,0.16923323260935352,0.1388117091367034,0.0
2019-08-30,0.0016668153118341532,15.4001148651633,0.1388117091367034,0.13286054041258308,0.0
2019-08-31,0.0004771486838673259,15.407463009702617,0.13286054041258308,0.1299095969402336,0.0
2019-09-01,0.0027540631479522244,15.449896135781074,0.1299095969402336,0.13024109118591207,0.0
2019-09-02,0.010686034350423883,15.61499425659851,0.13024109118591207,0.274355815061023,0.0
2019-09-03,0.00628749183784934,15.713173405534937,0.274355815061023,0.33983850156702927,0.0
2019-09-04,-0.0013902937095083539,15.691327479392807,0.33983850156702927,0.4001814079566855,0.0
2019-09-05,5.01682664218034e-05,15.692114686090305,0.4001814079566855,0.4275300275746371,0.0
2019-09-06,-0.009432914727819198,15.544092306357257,0.4275300275746371,0.3566117406229604,0.0
2019-09-07,0.006250489506394833,15.641250492204575,0.3566117406229604,0.45471873720179967,0.0
2019-09-08,-0.0038364935863800806,15.581242935008268,0.45471873720179967,0.4271929601764778,0.0
2019-09-09,-0.0032535601065707535,15.530548424584138,0.4271929601764778,0.40413645272456944,0.0
2019-09-10,-0.010757329397135125,15.36348119946273,0.40413645272456944,0.2011458709342273,0.0
2019-09-11,0.0008769575062132244,15.376954319622165,0.2011458709342273,0.23091558978751273,0.0
2019-09-12,0.00520482956359901,15.456988746063043,0.23091558978751273,0.4924968583270398,0.0
2019-09-13,-0.003033010757617889,15.410107532915855,0.4924968583270398,0.30770809805255545,0.0
2019-09-14,0.00035524889311551553,15.415581956559716,0.30770809805255545,0.35078485941731996,0.0
2019-09-15,-0.0017032070444352374,15.389326028777235,0.35078485941731996,0.3341278689205656,0.0
2019-09-16,-0.0014399551464725133,15.367166089561353,0.3341278689205656,0.3143760743608377,0.0
2019-09-17,-0.0018555699387106,15.33865123812239,0.3143760743608377,0.25056263563216574,0.08043034055090194
2019-09-18,-0.0004263313165628215,15.332111890745743,0.33099297618306767,0.2559120061083843,0.08319873024967994
2019-09-19,0.006800540453983175,15.436378537903757,0.33911073635806427,0.26324147184813396,0.08126013630673488
2019-09-20,-0.004067183451007957,15.3735959545709,0.34450160815486885,0.26809808900398063,0.09316040842745985
2019-09-21,-0.005154854947486973,15.294347297403814,0.36125849743144045,0.2585053752408567,0.0953612552176005
2019-09-22,-0.00022065651755769447,15.29097249999085,0.35386663045845723,0.25927131779876766,0.08339123403001698
2019-09-23,-0.01252118633502355,15.099511384074745,0.34266255182878463,0.18373426346363808,0.0
2019-09-24,-0.020591498322043576,14.788589820745893,0.18373426346363808,0.039160284696740974,0.0
2019-09-25,-0.0009891367523219379,14.77396188303918,0.039160284696740974,0.025721882956499457,0.0
2019-09-26,-0.0015129682139737488,14.751609348315682,0.025721882956499457,0.0,0.0
2019-09-27,-3.6879449464233183e-05,14.751065317084207,0.0,0.0,0.0
2019-09-28,0.0,14.751065317084207,0.0,0.0,0.0
2019-09-29,0.0,14.751065317084207,0.0,0.0,0.0
2019-09-30,0.0,14.751065317084207,0.0,0.0,0.0
2019-10-01,0.0,14.751065317084207,0.0,0.0,0.0
2019-10-02,0.0,14.751065317084207,0.0,0.0,0.0
2019-10-03,0.0,14.751065317084207,0.0,0.0,0.0
2019-10-04,0.0,14.751065317084207,0.0,0.0,0.0
2019-10-05,0.0,14.751065317084207,0.0,0.0,0.0
2019-10-06,0.0,14.751065317084207,0.0,0.0,0.0
2019-10-07,0.0,14.751065317084207,0.0,0.0,0.0
2019-10-08,0.0,14.751065317084207,0.0,0.0,0.0
2019-10-09,0.0,14.751065317084207,0.0,0.0,0.0
2019-10-10,0.0,14.751065317084207,0.0,0.0,0.0
2019-10-11,0.0,14.751065317084207,0.0,0.0,0.0
2019-10-12,0.0,14.751065317084207,0.0,0.0,0.0
2019-10-13,0.0,14.751065317084207,0.0,0.0,0.0
2019-10-14,0.0,14.751065317084207,0.0,0.0,0.0
2019-10-15,0.0,14.751065317084207,0.0,0.0,0.0
2019-10-16,0.0,14.751065317084207,0.0,0.0,0.0
2019-10-17,0.0,14.751065317084207,0.0,0.0,0.0
2019-10-18,0.0,14.751065317084207,0.0,0.0,0.0
2019-10-19,0.0,14.751065317084207,0.0,0.0,0.0
2019-10-20,0.0,14.751065317084207,0.0,0.0,0.0
2019-10-21,0.0,14.751065317084207,0.0,0.0,0.0
2019-10-22,0.0,14.751065317084207,0.0,0.0,0.0
2019-10-23,0.0,14.751065317084207,0.0,0.0,0.0
2019-10-24,0.0,14.751065317084207,0.0,0.0,0.0
2019-10-25,0.0,14.751065317084207,0.0,0.0,0.0
2019-10-26,0.0,14.751065317084207,0.0,0.05503735809757361,0.0
2019-10-27,0.0017806582448267549,14.77733192316105,0.05503735809757361,0.06467831779592076,0.0
2019-10-28,-0.0014194416145475591,14.756356363277334,0.06467831779592076,0.05724085698490673,0.0
2019-10-29,0.0006663571666018668,14.766189367092935,0.05724085698490673,0.060253120501533426,0.07222740638293725
2019-10-30,-0.004407381167255509,14.701109142164281,0.13248052688447068,0.06372764618028225,0.0
2019-10-31,-0.0002343267366800583,14.69766427923342,0.06372764618028225,0.06779932462609575,0.0
2019-11-01,0.0005739167951073322,14.70609951561212,0.06779932462609575,0.07249704770179732,0.0
2019-11-02,0.0002913151477721711,14.710383625165662,0.07249704770179732,0.07755105234152525,0.0
2019-11-03,-0.0005402944965396285,14.702435685850999,0.07755105234152525,0.08142825635248685,0.0
2019-11-04,0.0012460445784300879,14.720755576127072,0.08142825635248685,0.08648719636087734,0.0
2019-11-05,-0.0005221502438627657,14.713069130013151,0.08648719636087734,0.0911527036637182,0.0863207034325787
2019-11-06,0.0011249610622908548,14.729620759891208,0.1774734070962969,0.09633131266114645,0.08912893644138406
2019-11-07,-0.003040113245579719,14.684841044716697,0.1854602491025305,0.09903061686309678,0.0
2019-11-08,-0.0025922266499298317,14.646774608410599,0.09903061686309678,0.0,0.0
2019-11-09,-5.2682769268977045e-05,14.64600297576337,0.0,0.0,0.0
2019-11-10,0.0,14.64600297576337,0.0,0.0,0.08456776337261691
2019-11-11,-0.0021540866184627467,14.614454216739313,0.08456776337261691,0.0,0.0
2019-11-12,-8.267633650766146e-05,14.613245947204613,0.0,0.0,0.08768137003392647
2019-11-13,0.0005962905856988514,14.621959688189433,0.08768137003392647,0.0,0.09063446454779514
2019-11-14,-0.001534344919136501,14.599524558634041,0.09063446454779514,0.0,0.0
2019-11-15,-8.691168955895529e-05,14.598255689287893,0.0,0.0,0.0
2019-11-16,0.0,14.598255689287893,0.0,0.0,0.0
2019-11-17,0.0,14.598255689287893,0.0,0.0,0.0
2019-11-18,0.0,14.598255689287893,0.0,0.0,0.0
2019-11-19,0.0,14.598255689287893,0.0,0.0,0.0
2019-11-20,0.0,14.598255689287893,0.0,0.0,0.0
2019-11-21,0.0,14.598255689287893,0.0,0.0,0.0
2019-11-22,0.0,14.598255689287893,0.0,0.0,0.0
2019-11-23,0.0,14.598255689287893,0.0,0.0,0.0
2019-11-24,0.0,14.598255689287893,0.0,0.0,0.0
2019-11-25,0.0,14.598255689287893,0.0,0.0,0.0
2019-11-26,0.0,14.598255689287893,0.0,0.0,0.0
2019-11-27,0.0,14.598255689287893,0.0,0.0,0.0
2019-11-28,0.0,14.598255689287893,0.0,0.0,0.0
2019-11-29,0.0,14.598255689287893,0.0,0.0,0.0
2019-11-30,0.0,14.598255689287893,0.0,0.0,0.0
2019-12-01,0.0,14.598255689287893,0.0,0.0,0.0
2019-12-02,0.0,14.598255689287893,0.0,0.0,0.0
2019-12-03,0.0,14.598255689287893,0.0,0.0,0.0
2019-12-04,0.0,14.598255689287893,0.0,0.0,0.0
2019-12-05,0.0,14.598255689287893,0.0,0.0,0.0
2019-12-06,0.0,14.598255689287893,0.0,0.0,0.0
2019-12-07,0.0,14.598255689287893,0.0,0.0,0.0
2019-12-08,0.0,14.598255689287893,0.0,0.0,0.0
2019-12-09,0.0,14.598255689287893,0.0,0.0,0.0
2019-12-10,0.0,14.598255689287893,0.0,0.0,0.0
2019-12-11,0.0,14.598255689287893,0.0,0.0,0.0
2019-12-12,0.0,14.598255689287893,0.0,0.0,0.0
2019-12-13,0.0,14.598255689287893,0.0,0.0,0.0
2019-12-14,0.0,14.598255689287893,0.0,0.0,0.0
2019-12-15,0.0,14.598255689287893,0.0,0.0,0.0
2019-12-16,0.0,14.598255689287893,0.0,0.0,0.0
2019-12-17,0.0,14.598255689287893,0.0,0.0,0.0
2019-12-18,0.0,14.598255689287893,0.0,0.0,0.0
2019-12-19,0.0,14.598255689287893,0.0,0.0,0.0
2019-12-20,0.0,14.598255689287893,0.0,0.0,0.0
2019-12-21,0.0,14.598255689287893,0.0,0.0,0.0
2019-12-22,0.0,14.598255689287893,0.0,0.0,0.0
2019-12-23,0.0,14.598255689287893,0.0,0.0,0.0
2019-12-24,0.0,14.598255689287893,0.0,0.0,0.0
2019-12-25,0.0,14.598255689287893,0.0,0.0,0.0
2019-12-26,0.0,14.598255689287893,0.0,0.0,0.0
2019-12-27,0.0,14.598255689287893,0.0,0.0,0.0
2019-12-28,0.0,14.598255689287893,0.0,0.0,0.0
2019-12-29,0.0,14.598255689287893,0.0,0.0,0.0
2019-12-30,0.0,14.598255689287893,0.0,0.0,0.0
2019-12-31,0.0,14.598255689287893,0.0,0.0,0.0
2020-01-01,0.0,14.598255689287893,0.0,0.0,0.0
2020-01-02,0.0,14.598255689287893,0.0,0.0,0.0
2020-01-03,0.0,14.598255689287893,0.0,0.0,0.0
2020-01-04,0.0,14.598255689287893,0.0,0.0,0.0
2020-01-05,0.0,14.598255689287893,0.0,0.0,0.0
2020-01-06,0.0,14.598255689287893,0.0,0.0,0.0
2020-01-07,0.0,14.598255689287893,0.0,0.07458756395080342,0.0
2020-01-08,-0.0007748681419009543,14.586943966026938,0.07458756395080342,0.07627722020657018,0.0
2020-01-09,-0.0022254243438648708,14.55448182582235,0.07627722020657018,0.0,0.0
2020-01-10,-7.187911786753583e-05,14.55343566250769,0.0,0.0742456721769401,0.0
2020-01-11,-0.0009675189662792454,14.53935493747969,0.0742456721769401,0.0758415503413326,0.0
2020-01-12,0.0012116367044246934,14.556971353580597,0.0758415503413326,0.07802306247316544,0.0
2020-01-13,-0.00038917268211208363,14.551306177995494,0.07802306247316544,0.08147596675180577,0.0
2020-01-14,0.006468978082065893,14.645438258726378,0.08147596675180577,0.207031197251568,0.04957544795298572
2020-01-15,-0.0005657956176133237,14.637151933941565,0.25660664520455373,0.23137947512016327,0.05104469629101914
2020-01-16,-0.002781390564522885,14.596440297661012,0.2824241714111824,0.24435278122876553,0.05230002960715917
2020-01-17,0.006715033776264007,14.694455887273026,0.2966528108359247,0.26100082456291546,0.10625209583475133
2020-01-18,0.002861561362402885,14.736504974481578,0.36725292039766677,0.27898995231012913,0.10951553399846103
2020-01-19,-0.012163464489618796,14.557258019523381,0.38850548630859016,0.2815739903594743,0.10597277522731455
2020-01-20,-0.0014254074329807364,14.536507995738535,0.3875467655867888,0.29496644814161704,0.12839745082975243
2020-01-21,0.0042100448091649525,14.597707345769377,0.4233638989713695,0.3106744580754586,0.1567280978170445
2020-01-22,-0.004563299875860392,14.531093629650583,0.4674025558925031,0.3234311436534605,0.16398451847758866
2020-01-23,-0.01507844526855192,14.311987329663692,0.48741566213104914,0.14412836316439517,0.07237733421798484
2020-01-24,0.0007823284093367436,14.323184003945755,0.21650569738238,0.29500674139776945,0.07475590588711464
2020-01-25,-0.00367318376650829,14.27057231697775,0.36976264728488406,0.13003964492240422,0.07472625072442605
2020-01-26,0.00637812702372354,14.361591839916667,0.2047658956468303,0.29583435135111275,0.1531745849346136
2020-01-27,0.013621413394463839,14.55721701937073,0.44900893628572636,0.2978279103908311,0.16459000272888405
2020-01-28,0.01828978767076328,14.823465427732243,0.46241791311971514,0.5527252823226414,0.17878680922645798
2020-01-29,9.146589472556563e-05,14.824821269260523,0.7315120915490994,0.5916352542617835,0.19069011009408088
2020-01-30,0.02021311547670221,15.124477093497557,0.7823253643558644,0.6188876304255017,0.3708985632639426
2020-01-31,-0.01838378296263235,14.846431989187394,0.9897861936894443,0.621362738823469,0.34732146436575534
2020-02-01,0.008600958978565297,14.974125541704456,0.9686842031892244,0.6422017094995645,0.40426069666658726
2020-02-02,0.0070377135016875085,15.079509147205274,1.0464624061661518,0.6128815749615347,0.42806219010049096
2020-02-03,-0.0019840204733390866,15.049591092329313,1.0409437650620257,0.6288596196138587,0.4562750325685026
2020-02-04,-0.010387317558320263,14.893266210530422,1.0851346521823613,0.6387136349155338,0.44182547336066047
2020-02-05,0.07184403284276421,15.963258517295802,1.0805391082761941,0.6267700829044736,0.4202909526091
2020-02-06,0.024386511552013435,16.352546705535612,1.0470610355135737,0.6514344627563793,0.481291385003004
2020-02-07,0.02618873881831007,16.7807992802211,1.1327258477593833,0.6765197668770432,0.49790541095215
2020-02-08,0.009602502095118131,16.94193694046718,1.1744251778291932,0.6993719380532889,0.5216242989927724
2020-02-09,0.026431139403239847,17.38973163750157,1.2209962370460614,0.7113298509228071,0.5405145341695846
2020-02-10,-0.029527829096049497,16.876250613683258,1.2518443850923917,0.6359328409171098,0.5031325117971358
2020-02-11,0.05857801902043041,17.864827943125146,1.1390653527142456,0.5247364837595648,0.4171801291326701
2020-02-12,0.05516809130451541,18.85039640223093,0.9419166128922349,0.4688086140001971,0.2989142098154402
2020-02-13,-0.004731996832522775,18.761196386163775,0.7677228238156373,0.5147336978986017,0.31126703830857555
2020-02-14,0.02515915223148899,19.233212182088128,0.8260007362071773,0.5351860149344009,0.3144265576029321
2020-02-15,-0.04309725427588129,18.4043135461347,0.8496125725373329,0.3638834128275147,0.22533147814912943
2020-02-16,-0.0020463991616127336,18.36665097432383,0.5892148909766441,0.38698996164645066,0.23551674169007705
2020-02-17,-0.005226423784403035,18.270659072831794,0.6225067033365277,0.35590058542788566,0.24926769399841758
2020-02-18,0.03346462833917874,18.882079888215955,0.6051682794263032,0.36159513582412256,0.23309408179902544
2020-02-19,-0.03864897796045721,18.152306798768706,0.594689217623148,0.24033774206175487,0.17980697609013704
2020-02-20,-0.0027743569848433887,18.10194581961052,0.4201447181518919,0.2359919276544401,0.19042887605353642
2020-02-21,0.008485854457459653,18.25555629723256,0.4264208037079765,0.25077275631933826,0.20199201267131486
2020-02-22,-0.004212088867616752,18.178662271780837,0.4527647689906531,0.26676281613782593,0.21252858343827505
2020-02-23,0.01878764404251098,18.52019650771208,0.479291399576101,0.29721688046818284,0.21637978968980415
2020-02-24,-0.018700603156931162,18.173857662432972,0.513596670157987,0.26253993864500824,0.21344058801693166
2020-02-25,-0.02285351559728246,17.75852112288177,0.4759805266619399,0.25712363459031873,0.18538713555882377
2020-02-26,-0.03706785310552775,17.10025087052738,0.44251077014914253,0.17324121311788174,0.14657851827626864
2020-02-27,-0.00011209098825698346,17.09833408650786,0.3198197313941504,0.16776700863182634,0.15640455160466296
2020-02-28,0.0009176559675533844,17.11402447481757,0.3241715602364893,0.09095239247993847,0.16658539525891333
2020-02-29,-0.00739470686120967,16.987471280610723,0.25753778773885183,0.08359824024285493,0.1738480332325967
2020-03-01,-0.0013887898760508006,16.963879252476506,0.2574462734754516,0.0771008398557777,0.18570419266585164
2020-03-02,0.012051140955017092,17.16831335249199,0.26280503252162934,0.1320324700458036,0.18316833968355956
2020-03-03,-0.005894230244268374,17.067119360686654,0.31520080972936315,0.13363938317168308,0.19228818983620377
2020-03-04,-0.00021265574216457336,17.063489939752397,0.3259275730078869,0.1368386084806217,0.2054509235163217
2020-03-05,0.006485305559556202,17.174151885924104,0.3422895319969434,0.1410645565786424,0.2169217074710672
2020-03-06,0.015915713216165396,17.447490762071336,0.35798626404970957,0.1538276633385359,0.2079180654667901
2020-03-07,-0.009864954970574144,17.275372051353994,0.36174572880532596,0.15531635226854903,0.2171906235940524
2020-03-08,-0.04534766410288309,16.49197428231686,0.3725069758626014,0.0,0.10724981678156181
2020-03-09,-0.0016124036108275625,16.46538256343438,0.10724981678156181,0.0,0.10592976730528257
2020-03-10,0.00037084622087078025,16.471488688333217,0.10592976730528257,0.0,0.10493754671611899
2020-03-11,-0.0035032932818706217,16.41378423266897,0.10493754671611899,0.0,0.10244654374918805
2020-03-12,-0.044593116438735904,15.681842441181276,0.10244654374918805,0.0,0.0
2020-03-13,-6.137105985630973e-05,15.680880029890162,0.0,0.0,0.0
2020-03-14,0.0,15.680880029890162,0.0,0.0,0.0
2020-03-15,0.0,15.680880029890162,0.0,0.0,0.0
2020-03-16,0.0,15.680880029890162,0.0,0.0,0.0
2020-03-17,0.0,15.680880029890162,0.0,0.0,0.0
2020-03-18,0.0,15.680880029890162,0.0,0.0,0.0
2020-03-19,0.0,15.680880029890162,0.0,0.0,0.0
2020-03-20,0.0,15.680880029890162,0.0,0.0,0.0
2020-03-21,0.0,15.680880029890162,0.0,0.0,0.0
2020-03-22,0.0,15.680880029890162,0.0,0.0,0.0
2020-03-23,0.0,15.680880029890162,0.0,0.0,0.0
2020-03-24,0.0,15.680880029890162,0.0,0.0,0.0
2020-03-25,0.0,15.680880029890162,0.0,0.0,0.0
2020-03-26,0.0,15.680880029890162,0.0,0.0,0.0
2020-03-27,0.0,15.680880029890162,0.0,0.0,0.0
2020-03-28,0.0,15.680880029890162,0.0,0.0,0.0
2020-03-29,0.0,15.680880029890162,0.0,0.0,0.0
2020-03-30,0.0,15.680880029890162,0.0,0.0,0.0
2020-03-31,0.0,15.680880029890162,0.0,0.0,0.0
2020-04-01,0.0,15.680880029890162,0.0,0.0,0.0
2020-04-02,0.0,15.680880029890162,0.0,0.0,0.0
2020-04-03,0.0,15.680880029890162,0.0,0.0,0.0
2020-04-04,0.0,15.680880029890162,0.0,0.0,0.0
2020-04-05,0.0,15.680880029890162,0.0,0.0,0.0
2020-04-06,0.0,15.680880029890162,0.0,0.0,0.0
2020-04-07,0.0,15.680880029890162,0.0,0.0,0.0
2020-04-08,0.0,15.680880029890162,0.0,0.0,0.04067406765651225
2020-04-09,0.0,15.680880029890162,0.04067406765651225,0.0,0.015129495411369223
2020-04-10,0.0,15.680880029890162,0.015129495411369223,0.0,0.0
2020-04-11,0.0,15.680880029890162,0.0,0.0,0.0
2020-04-12,0.0,15.680880029890162,0.0,0.0,0.0
2020-04-13,0.0,15.680880029890162,0.0,0.0,0.0
2020-04-14,0.0,15.680880029890162,0.0,0.0,0.0
2020-04-15,0.0,15.680880029890162,0.0,0.0,0.0
2020-04-16,0.0,15.680880029890162,0.0,0.0,0.07870537498745941
2020-04-17,-0.00041461165986179726,15.674378554192876,0.07870537498745941,0.0,0.060367401046531044
2020-04-18,0.007227471056517217,15.787664671522199,0.060367401046531044,0.0,0.1408202511908159
2020-04-19,-0.00520518203230377,15.705487003041954,0.1408202511908159,0.0,0.08223087468896065
2020-04-20,-0.004689989823656689,15.631828428822116,0.08223087468896065,0.0,0.03461017148864419
2020-04-21,0.0002167540687001806,15.635216691235286,0.03461017148864419,0.0,0.035824802068039875
2020-04-22,0.005055715174210594,15.714263893513234,0.035824802068039875,0.0,0.08648979303896383
2020-04-23,0.0013897062503377133,15.736102104265504,0.08648979303896383,0.0,0.1615339991142729
2020-04-24,0.0016414653000655628,15.761932369827944,0.1615339991142729,0.0,0.17301733972107464
2020-04-25,0.005354055499467575,15.846322630514857,0.17301733972107464,0.0,0.18585092564402284
2020-04-26,0.0028317459185968822,15.891195389948587,0.18585092564402284,0.0,0.20060828034152794
2020-04-27,-0.00042799624865413546,15.88439401793506,0.20060828034152794,0.0,0.2144803832703486
2020-04-28,0.0007764010884357503,15.896726678739727,0.2144803832703486,0.0,0.22870184181695724
2020-04-29,0.02069313425236203,16.225679778075992,0.22870184181695724,0.19777986057607605,0.2294928269906516
2020-04-30,-0.01231176109703284,16.025913085011364,0.42727268756672765,0.2192221725180747,0.23737503030282475
2020-05-01,0.011338584909705188,16.20762426128132,0.45659720282089944,0.2195260792861662,0.25297731076447594
2020-05-02,0.004364585755303684,16.278363827259422,0.4725033900506421,0.26689106302363713,0.27075892766925413
2020-05-03,-0.00703080349832934,16.163913849915648,0.5376499906928913,0.28210840758800754,0.28192527266146716
2020-05-04,-0.0040079959731329625,16.099128948295117,0.5640336802494748,0.27240711045827565,0.29382691021791474
2020-05-05,0.00011886354164187228,16.10104254777926,0.5662340206761904,0.29066896991412106,0.28272574475698586
2020-05-06,0.005392934063990328,16.187874408600937,0.5733947146711069,0.36492209714154034,0.29204998840119134
2020-05-07,0.043017839198622,16.88424178687762,0.6569720855427317,0.38224496387375184,0.31662256287443236
2020-05-08,-0.005857656417811726,16.78533969961483,0.6988675267481842,0.37281374268352097,0.33402870210752045
2020-05-09,-0.012939923225544677,16.568138692587127,0.7068424447910414,0.37989972367318353,0.3496394769220373
2020-05-10,-0.07177518568089354,15.378957461539889,0.7295392005952208,0.2536600764754162,0.09816469329811671
2020-05-11,-0.004892051725650971,15.30372280615145,0.35182476977353294,0.27071573453556785,0.09821148011658236
2020-05-12,0.008756760447023143,15.437733840712562,0.3689272146521502,0.3005203438721913,0.1101748579194446
2020-05-13,0.019940911823107824,15.745576329978817,0.4106952017916359,0.2869806766010226,0.18069483431132605
2020-05-14,0.016766870298665425,16.00958036608131,0.46767551091234866,0.2930137097215144,0.21254166232305563
2020-05-15,-0.020739861279969178,15.677543890138264,0.50555537204457,0.28298420228774407,0.1832449477684173
2020-05-16,0.007130376932578646,15.789330687451994,0.4662291500561614,0.30139649723491624,0.19262257500006602
2020-05-17,0.013773285157652325,16.006801641458743,0.49401907223498226,0.31190590951216846,0.22871883601997123
2020-05-18,0.008062949331662081,16.13586367205579,0.5406247455321397,0.33183940992228594,0.2690167747283359
2020-05-19,-0.0003706564664219578,16.12988280984444,0.6008561846506218,0.3802281495195049,0.29681642858971485
2020-05-20,-0.013171933991230182,15.91742105818689,0.6770445781092198,0.3635089669993037,0.31261687731464594
2020-05-21,-0.029281334159501085,15.451337733224639,0.6761258443139496,0.28203662902691645,0.232865164471079
2020-05-22,0.013970624291083844,15.667202567490166,0.5149017934979955,0.29450100805229046,0.2621404266697224
2020-05-23,0.0005644485304881968,15.676045896956246,0.5566414347220129,0.31519782420342674,0.28324281532802353
2020-05-24,-0.01909516094111299,15.376709277633593,0.5984406395314503,0.3380161869235469,0.28180079147890436
2020-05-25,0.006204656324301851,15.472116474100014,0.6198169784024512,0.35072676149733534,0.33139628823347805
2020-05-26,-0.00826622427905082,15.344220489253507,0.6821230497308134,0.3963990519707763,0.31430745681023614
2020-05-27,0.025759207840435668,15.739475453985659,0.7107065087810125,0.35184875094997486,0.3440494574862553
2020-05-28,0.03640590806974536,16.312485350429476,0.6958982084362302,0.3677886508631432,0.32021737805106204
2020-05-29,-0.0035695615223117925,16.254256930389307,0.6880060289142053,0.42685493902617166,0.3831154514245692
2020-05-30,0.046167599411437776,17.004676953082107,0.8099703904507409,0.37376966621254615,0.28596064188300363
2020-05-31,-0.02474706939823016,16.5838610324297,0.6597303080955498,0.33762045510525407,0.274730923107116
2020-06-01,0.04855493900864552,17.389089393387174,0.6123513782123701,0.28307619252210486,0.23246683652979616
2020-06-02,-0.03028242775805774,16.862505550053516,0.515543029051901,0.221399109315537,0.20941767519250606
2020-06-03,0.009474165044103129,17.022263710691828,0.43081678450804306,0.25352608284631173,0.22168934600108262
2020-06-04,0.0036716322561082732,17.084763203203988,0.4752154288473943,0.2709466907477178,0.22088893849213906
2020-06-05,-0.007106879899256446,16.963343843011582,0.4918356292398569,0.2841467418345521,0.2486184864626714
2020-06-06,0.002361009048194979,17.003394451312573,0.5327652282972235,0.2837348063370743,0.2660578527945812
2020-06-07,0.004577307847936143,17.081224222176118,0.5497926591316555,0.30324241755096326,0.2845915935181354
2020-06-08,0.0024287256271534295,17.12270982918767,0.5878340110690987,0.34772543498774916,0.3046589028206261
2020-06-09,-0.0016114296377489862,17.09511778709034,0.6523843378083752,0.37162333712672335,0.3242210581135338
2020-06-10,0.007818163765763254,17.228770217544827,0.6958443952402571,0.3958353013417427,0.3456863252737861
2020-06-11,-0.045119251445156654,16.451421002008598,0.7415216266155289,0.2600444775184597,0.2664707243095157
2020-06-12,0.012076532023562962,16.65009711457247,0.5265152018279754,0.2917985659096996,0.27670631144586355
2020-06-13,0.001201368962258708,16.670100024464514,0.5685048773555632,0.266831126700541,0.27640698437922345
2020-06-14,-0.010054553640599692,16.502489609574372,0.5432381110797644,0.30348118389874473,0.2816276004617102
2020-06-15,0.001669576583101227,16.53004177978939,0.585108784360455,0.3211639504353142,0.27931951218768464
2020-06-16,0.007143476711280388,16.648123748279804,0.6004834626229989,0.3419069073465409,0.29509718653437184
2020-06-17,-0.0040636760276219815,16.580471166899034,0.6370040938809127,0.33646678170316835,0.31479813476473956
2020-06-18,-0.004689392446226764,16.502718830654096,0.6512649164679079,0.35778847536119956,0.3349098991293
2020-06-19,-0.0073082625088374395,16.38211262933014,0.6926983744904995,0.33446407379864285,0.35550507988236135
2020-06-20,0.002653837042192411,16.425588086655228,0.6899691536810042,0.3883999013464606,0.3804143424221195
2020-06-21,-0.005028596727000641,16.342990428163613,0.7688142437685801,0.41125521600020704,0.40650330343049046
2020-06-22,0.04454633294801874,17.071010721142873,0.8177585194306976,0.42011741853566503,0.35226922731242183
2020-06-23,-0.003408760784627777,17.01281972924268,0.7723866458480868,0.4563188097476416,0.3757550923208319
2020-06-24,-0.026973489860055273,16.553924608785003,0.8320739020684735,0.3432079036020878,0.3265107593187038
2020-06-25,-0.00539062129037664,16.4646886703496,0.6697186629207916,0.3607135559965118,0.3746490899354265
2020-06-26,-0.0073513770660309785,16.34365053565905,0.7353626459319382,0.3395280328851132,0.36859125875966875
2020-06-27,-0.01949042601367261,16.025105824100468,0.7081192916447819,0.3316257226330983,0.3259988083256886
2020-06-28,0.009816750414377295,16.182420288339646,0.6576245309587869,0.33466508968677483,0.3753080392130122
2020-06-29,0.008343192984322416,16.31743334375868,0.709973128899787,0.3490546665887629,0.36204700652227184
2020-06-30,-0.004990572401378449,16.236000011251985,0.7111016731110347,0.37027137598660637,0.3857205778632007
2020-07-01,0.01192518144926396,16.42961725739642,0.755991953849807,0.3860384331684313,0.3941068899142582
2020-07-02,-0.01215669041912168,16.229887486693592,0.7801453230826895,0.39258842258850996,0.4078956632230448
2020-07-03,-0.004191745667282087,16.161855926140767,0.8004840858115547,0.41324855285331613,0.3895612335863066
2020-07-04,0.009387680134562502,16.31357825995626,0.8028097864396228,0.4323978623804091,0.45419768175966674
2020-07-05,-0.004147812416629171,16.24591259748996,0.8865955441400759,0.4037832246992737,0.475080050930658
2020-07-06,0.03931335844421895,16.884593982688532,0.8788632756299317,0.4135839580100479,0.43072866271257065
2020-07-07,-0.007522248997939556,16.75758386252164,0.8443126207226186,0.4452026998780408,0.4567940070724814
2020-07-08,0.022809974935491556,17.139823930405154,0.9019967069505221,0.5688579183136118,0.5232993149729366
2020-07-09,-0.023490578659917043,16.737199548150844,1.0921572332865483,0.4263420053061242,0.47764251126195206
2020-07-10,0.0009953402422038478,16.753858756402913,0.9039845165680762,0.5747719574988374,0.5106549719532838
2020-07-11,-0.006892250768320096,16.63838696051677,1.085426929452121,0.5469166430491231,0.5801004890232399
2020-07-12,0.00799083970848142,16.771341643725943,1.127017132072363,0.6017396699497092,0.6163493868042714
2020-07-13,-0.008056707599643746,16.636219848048714,1.2180890567539806,0.6407641171408078,0.6513939070259791
2020-07-14,0.005002525089994397,16.719442955241238,1.292158024166787,0.6804139311871878,0.685877972403912
2020-07-15,-0.010585484395138851,16.542459552743118,1.3662919035910999,0.5513413591062384,0.7049236445900093
2020-07-16,-0.01834580992562858,16.238974734086092,1.2562650036962477,0.6258646242134243,0.5430830395723214
2020-07-17,-0.0002762273328163159,16.234489085407624,1.1689476637857457,0.6423815145832681,0.5626843044558246
2020-07-18,0.008413953414508256,16.371085320280585,1.2050658190390928,0.6653168002726464,0.6871278257461604
2020-07-19,0.012734167780692243,16.579557467501065,1.3524446260188068,0.7874274450820246,0.7646413776742237
2020-07-20,-0.014381663111645179,16.341115857463304,1.5520688227562482,0.7152197679344303,0.7279310705023109
2020-07-21,0.04587296281461369,17.090731257542014,1.443150838436741,0.9339350013493625,0.6871656947705179
2020-07-22,0.06680875655898476,18.23254176154217,1.6211006961198804,0.7076065460153137,0.4288289700088576
2020-07-23,0.023194841814784414,18.655442683582592,1.1364355160241713,0.7569876141201956,0.4262219345937661
2020-07-24,0.002506501046934581,18.70220257020002,1.1832095487139616,0.8542059781833262,0.45476162968704703
2020-07-25,0.053965388447139,19.711474196717944,1.3089676078703731,0.7244531573663182,0.3293332782530841
2020-07-26,0.023118523697974187,20.167174380056778,1.0537864356194024,0.7063610842841151,0.344314119863589
2020-07-27,0.0940353107433441,22.063600889700623,1.050675204147704,0.24636651802034895,0.23457465653087647
2020-07-28,-0.006626897097223168,21.917387677010375,0.4809411745512254,0.2581991295886514,0.2358773410968888
2020-07-29,0.0038503550687067115,22.001777401745365,0.49407647068554017,0.2749257950273189,0.2496273064427132
2020-07-30,0.013493293015353281,22.298653831085694,0.5245531014700321,0.2923540461533677,0.25285623920230843
2020-07-31,0.011811104558211168,22.562025562992005,0.5452102853556762,0.3113269151267266,0.268792405063613
2020-08-01,0.041650913827543636,23.50175454549102,0.5801193201903396,0.29278872178839976,0.20791189137346644
2020-08-02,-0.026659505637245354,22.875209387700345,0.5007006131618662,0.2281275553337511,0.18083135154743463
2020-08-03,0.010190594418820573,23.108321368815997,0.40895890688118575,0.24333334018695957,0.19218948529547225
2020-08-04,0.0021454526527229056,23.157899178196697,0.4355228254824318,0.25799290314174944,0.2042274277346387
2020-08-05,0.015953588440622894,23.52735077083509,0.46222033087638814,0.2598581753502241,0.2161033253823074
2020-08-06,-0.0025859655948575334,23.46650985120356,0.4759615007325315,0.2740800356071606,0.22088308022795602
2020-08-07,-0.010763814512074435,23.21392069191944,0.49496311583511665,0.2766721387101406,0.21353516152760985
2020-08-08,0.00945874361897379,23.433495216135494,0.4902073002377505,0.29515066862764533,0.2264884110161296
2020-08-09,-0.0033410682356518435,23.355202309618566,0.5216390796437749,0.30979336868865875,0.23629462123839745
2020-08-10,0.008151295573876303,23.545577466831944,0.5460879899270562,0.3298377346573815,0.2524971635554521
2020-08-11,-0.020684720251267837,23.058543783775967,0.5823348982128336,0.2955591312216661,0.23098394244318365
2020-08-12,0.0091024087424761,23.268432074302176,0.5265430736648498,0.31350122396739893,0.24563772023179878
2020-08-13,0.025398497444338773,23.859415286875112,0.5591389441991977,0.31929645719576044,0.21687969436779916
2020-08-14,0.007046553506134505,24.027541933319164,0.5361761515635596,0.3409180707732095,0.23074843669167375
2020-08-15,-0.0002457652021075837,24.02163679961977,0.5716665074648832,0.36233792238423945,0.24057780850071164
2020-08-16,0.0011213273697991382,24.04857291843056,0.6029157308849511,0.38616251403515744,0.25511153845442025
2020-08-17,0.011986582900541342,24.336833131357043,0.6412740524895777,0.39216757460184365,0.2701383392019735
2020-08-18,-0.014158998622958819,23.99224794456298,0.6623059138038172,0.37470074250387825,0.26587994296360534
2020-08-19,-0.016080389421244578,23.606443254523352,0.6405806854674836,0.36673790660925815,0.25373780076263536
2020-08-20,0.008865714657382243,23.815731244493644,0.6204757073718935,0.3894560613417295,0.2686158176823051
2020-08-21,-0.025391729520974377,23.211008638389245,0.6580718790240345,0.30234494297094194,0.20680584705965296
2020-08-22,0.009438402331842038,23.430083476446224,0.5091507900305949,0.31907738087216636,0.2181712268522183
2020-08-23,-0.002630867455827024,23.36844203234073,0.5372486077243847,0.3400166573793353,0.2315110342432735
2020-08-24,0.012246560320669979,23.654625067289874,0.5715276916226087,0.39346757172913455,0.2578670698424256
2020-08-25,-0.025582910383239593,23.049470914044264,0.6513346415715602,0.3193435992929802,0.20817064801693352
2020-08-26,0.0049281783899816425,23.16306281850337,0.5275142473099137,0.33884156411384125,0.20578435792878458
2020-08-27,-0.006903162994861786,23.003164420407018,0.5446259220426258,0.3556448757023716,0.21779850348696855
2020-08-28,0.013410524453938403,23.31164891938485,0.5734433791893401,0.364490264282242,0.22328251045337044
2020-08-29,0.0017768033982594052,23.353069136403846,0.5877727747356125,0.38953690711482125,0.23802922643102897
2020-08-30,0.021241188509364413,23.84911608020242,0.6275661335458502,0.42591050674927083,0.24271057697513726
2020-08-31,0.003341765501793641,23.92881423356751,0.6686210837244081,0.3821257924026595,0.2773201016829174
2020-09-01,0.034148467189099106,24.745946561296538,0.6594458940855769,0.4188216423940365,0.2280459698681766
2020-09-02,-0.03966477287116556,23.76440421146071,0.6468676122622131,0.29475920038500864,0.17844519430363825
2020-09-03,-0.05327769900411915,22.498291436870286,0.4732043946886469,0.13666059728169883,0.0923628501148132
2020-09-04,0.0033412085187316926,22.573462919876064,0.22902344739651204,0.13735781117037543,0.09827114210766168
2020-09-05,-0.017817565821585918,22.171258758480043,0.23562895327803712,0.07370364463049082,0.07583842824390463
2020-09-06,0.006172841597343195,22.30811842680985,0.14954207287439547,0.07062967502989677,0.07739863005754244
2020-09-07,0.0007264791219580712,22.324324809097096,0.1480283050874392,0.12469574305363854,0.08253545185098027
2020-09-08,-0.0057784003816727025,22.195325922099624,0.2072311949046188,0.06807812192136808,0.08539402128928139
2020-09-09,0.004576001304065954,22.296891762463318,0.15347214321064948,0.06731667002693328,0.08440726862778786
2020-09-10,0.0045312189468349855,22.39792386087292,0.15172393865472114,0.12560614981738483,0.08657233469033304
2020-09-11,0.002178633225234759,22.446720721972493,0.21217848450771787,0.1322077271427659,0.09287749797055277
2020-09-12,0.003562481214792962,22.526686742878223,0.2250852251133187,0.14055277267869765,0.11219622255974376
2020-09-13,-0.006331507036030529,22.384058867267232,0.2527489952384414,0.1467663985608525,0.10380105192747081
2020-09-14,0.006596297003407345,22.53171076769748,0.2505674504883233,0.15183721457111674,0.10913241248033281
2020-09-15,-0.0014434215879529726,22.499188009961873,0.26096962705144955,0.16958538169067425,0.11600882773046803
2020-09-16,0.002619649471533597,22.558127995942105,0.2855942094211423,0.2206558615979735,0.12354036090650171
2020-09-17,0.00506140652690421,22.672303852215503,0.34419622250447524,0.2709090620865595,0.15227290496412343
2020-09-18,-0.003321119578239754,22.59700642000811,0.42318196705068295,0.29889272521690585,0.1358118917323492
2020-09-19,0.004990226834767697,22.709770607830652,0.43470461694925505,0.3279080277431277,0.17959605142573315
2020-09-20,-0.010051961317882023,22.481492872142766,0.5075040791688609,0.3496059469341914,0.16877815335059182
2020-09-21,-0.02527096779744826,21.913363789732283,0.5183841002847832,0.26570174333642793,0.13749192934211177
2020-09-22,0.002006613898701861,21.95733545008007,0.40319367267853967,0.2752676065785046,0.15514915161561393
2020-09-23,-0.016518732879271712,21.594628091039635,0.4304167581941185,0.14984704955307027,0.07469902387362477
2020-09-24,0.013888264562346181,21.894539999093464,0.22454607342669503,0.2695958467015306,0.11394472622648982
2020-09-25,-0.0009149683102758133,21.874507188826225,0.3835405729280204,0.26249366303414023,0.12168440464972886
2020-09-26,0.002131528346335811,21.921133320961335,0.3841780676838691,0.2848157796244763,0.13063942915351742
2020-09-27,0.0007701975219395307,21.938016923523247,0.4154552087779937,0.31025053079613635,0.14117893252910124
2020-09-28,-0.0011099075001082836,21.913667754002326,0.4514294633252376,0.3362681894785626,0.15274984714686934
2020-09-29,0.00518239167040621,22.027232963238713,0.4890180366254319,0.36400254136750404,0.16472934390069527
2020-09-30,-0.002036553736487782,21.982373319642942,0.5287318852681993,0.35437703605944837,0.15937132823049224
2020-10-01,-0.008192105381739605,21.802291400867684,0.5137483642899406,0.31458029571185936,0.16926617871828906
2020-10-02,-0.003766996827708205,21.720162238323844,0.4838464744301484,0.33122593891924523,0.178127114516097
2020-10-03,-0.00011439683367643529,21.717677520536842,0.5093530534353422,0.3970219958243216,0.1883170257812762
2020-10-04,0.006348081209446075,21.85554310111777,0.5853390216055978,0.41904359315432516,0.1987519725710892
2020-10-05,0.004422015555691259,21.952188652688996,0.6177955657254144,0.5729954835613663,0.267513698030651
2020-10-06,-0.019529942565338406,21.523463669118506,0.8405091815920174,0.2933249749623748,0.11495112970301805
2020-10-07,0.001888200807456088,21.564104290597786,0.4082761046653929,0.5415052825885203,0.1382201585100961
2020-10-08,0.014859828563514263,21.88454318348181,0.6797254410986164,0.6925903474252156,0.2787558461400512
2020-10-09,0.02309148505165629,22.38988978526551,0.9713461935652669,0.7189247898014419,0.31393000870555177
2020-10-10,0.018117179165895128,22.79553143000981,1.0328547985069938,0.7637479096618364,0.33984158460538544
2020-10-11,0.007556435193628832,22.967784385965007,1.1035894942672217,0.8415024869300359,0.41603171864077076
2020-10-12,0.027397631840480437,23.597047286763214,1.2575342055708068,0.8407351079019311,0.4260379722442697
2020-10-13,-0.014865091034298563,23.24627503070483,1.2667730801462007,0.8479141311878787,0.4400491053012621
2020-10-14,-0.004357981412451198,23.14496819621229,1.287963236489141,0.9006018628722916,0.4669713810398429
2020-10-15,0.005129037746537944,23.26367961173308,1.3675732439121346,0.9617187937701083,0.4987708512161093
2020-10-16,-0.02874920661784232,22.59486727988408,1.4604896449862177,0.9157406920527863,0.434476061813367
2020-10-17,0.00409715169160827,22.68744187858152,1.3502167538661534,0.9796000574053004,0.42786593075795115
2020-10-18,0.022098327360623612,23.188796396189538,1.4074659881632516,0.9937067404068429,0.473833238433295
2020-10-19,0.0232790861493256,23.7286103851956,1.467539978840138,0.9652166786809391,0.486326264374339
2020-10-20,0.001345606715369139,23.7605397626763,1.4515429430552782,1.0877519815240586,0.4991051765449011
2020-10-21,0.1137832088989122,26.464090222043804,1.5868571580689597,0.41052783249232727,0.26776064978815056
2020-10-22,0.01892064698316371,26.964807930865692,0.6782884822804778,0.43042143075636835,0.28018283663418364
2020-10-23,-0.004794346368402444,26.835529301887675,0.7106042673905519,0.4483951239048834,0.2917295207139386
2020-10-24,0.007025772862991492,27.02406963542089,0.740124644618822,0.4788996969308204,0.3121408183999912
2020-10-25,-0.006398132732514539,26.85116605092075,0.7910405153308115,0.4955899518579593,0.3238537477615151
2020-10-26,-0.008753820583682797,26.616115760848317,0.8194436996194744,0.5189319026737924,0.32455341050411024
2020-10-27,0.030116993142827366,27.417713136706485,0.8434853131779027,0.4731388360471083,0.3210224763968617
2020-10-28,-0.02567200516995135,26.713845463312712,0.79416131244397,0.42074842113996525,0.27613466319209073
2020-10-29,0.004090411195754812,26.823116075877508,0.6968830843320559,0.4485693996964018,0.2687197222331488
2020-10-30,0.0014940218849897225,26.863190398318487,0.7172891219295505,0.4790988233717365,0.26413012845238715
2020-10-31,0.009510411645545636,27.118670397119164,0.7432289518241236,0.5094258801144543,0.30537323407563455
2020-11-01,0.004635565300855413,27.244380764617386,0.8147991141900889,0.537124068373234,0.35149500909823794
2020-11-02,-0.01479074778457583,26.84141600018098,0.888619077471472,0.5401649944392041,0.31626349822569455
2020-11-03,0.019672203236427616,27.36944579089004,0.8564284926648986,0.5412745506861355,0.32819591773681855
2020-11-04,0.015494806166545822,27.793530048305666,0.8694704684229541,0.5722550633646608,0.39026974270251175
2020-11-05,0.07130751893418967,29.77541771847319,0.9625248060671725,0.2911805323606779,0.28906382366588296
2020-11-06,0.027224364666569086,30.586034548540326,0.5802443560265609,0.2979745396372644,0.23862298741939808
2020-11-07,-0.024025470473489643,29.851190678593234,0.5365975270566625,0.2553960226288004,0.21532227761988176
2020-11-08,0.02175738961016571,30.500674664514733,0.47071830024868216,0.25883286683160756,0.21974519083776015
2020-11-09,-0.008958208278075716,30.227443268248184,0.4785780576693677,0.2657640148675432,0.22321486324789974
2020-11-10,0.0036683639400786954,30.338328531134202,0.48897887811544294,0.28279651073243584,0.2380738942104112
2020-11-11,0.014244790544754938,30.77049166653817,0.520870404942847,0.2969926530654606,0.2504997381025154
2020-11-12,0.00938343466944945,31.05922456483797,0.547492391167976,0.3102141760714801,0.2664985405134971
2020-11-13,0.007775390627124321,31.30072216840516,0.5767127165849772,0.33030636899561494,0.2815060316625589
2020-11-14,-0.011209589585953087,30.949853919153394,0.6118124006581738,0.33188873612399716,0.27653596234819994
2020-11-15,-0.008891407308967987,30.674666161805142,0.608424698472197,0.34230742680173015,0.2778628162610683
2020-11-16,0.022870197779971572,31.37620184376023,0.6201702430627984,0.3358802258732645,0.28433301717585957
2020-11-17,0.030075391072215518,32.31985338457209,0.6202132430491241,0.31803304232504376,0.2778044991046579
2020-11-18,0.0009051260368705487,32.34910692537831,0.5958375414297017,0.3373453221561619,0.2933141904606048
2020-11-19,-0.004875315421571607,32.19139482551094,0.6306595126167667,0.3532809299664006,0.3031279943721669
2020-11-20,0.040855974890732324,33.50660564419966,0.6564089243385676,0.33077969979970656,0.25691889618735675
2020-11-21,0.023157694819723545,34.282541392152865,0.5876985959870633,0.3466738471512976,0.2493238429927886
2020-11-22,0.0037416710561997547,34.41081538501285,0.5959976901440862,0.3593515177525282,0.2643236588254497
2020-11-23,0.017008909731785146,34.99610583769366,0.623675176577978,0.3746922633315205,0.2611122284175415
2020-11-24,0.013404263671654742,35.465202867823244,0.635804491749062,0.38340576233788665,0.2746324799166011
2020-11-25,-0.023437338208624262,34.6339929135726,0.6580382422544877,0.3493978052414769,0.23117134325344155
2020-11-26,-0.05347689745169283,32.78187442619082,0.5805691484949185,0.20801974003073012,0.15872538818635168
2020-11-27,-0.000785373029178154,32.756128426170584,0.36674512821708183,0.2031796533473929,0.16909045676903414
2020-11-28,0.015120384171608266,33.251413671948825,0.3722701101164271,0.22602775641947034,0.17325429949177587
2020-11-29,0.015615193381868892,33.770640926656824,0.3992820559112462,0.23476566586776357,0.17433378156226256
2020-11-30,0.028858173011859625,34.745199925239675,0.40909944743002613,0.20839175472480254,0.16718675368845987
2020-12-01,-0.016961995748490877,34.15585199182729,0.3755785084132624,0.1975268421990919,0.16150694530996232
2020-12-02,0.007736559999895837,34.42010079010962,0.35903378750905424,0.20995795681138793,0.1722059453078512
2020-12-03,0.008389226472361497,34.70885881083936,0.3821639021192391,0.22374432010381473,0.18263620179736131
2020-12-04,-0.021587354083273932,33.95958638586341,0.406380521901176,0.20929685553655272,0.16055864786153143
2020-12-05,0.011199061392053948,34.33990187864745,0.36985550339808415,0.22083672994069026,0.16783582366110364
2020-12-06,0.0049472019418664035,34.509788307905,0.38867255360179387,0.23568865687191307,0.17924878610195577
2020-12-07,-0.0050433197186356415,34.3357444120458,0.4149374429738688,0.24787108474756428,0.17529597899898272
2020-12-08,-0.020724930489903842,33.624138495787044,0.423167063746547,0.19793288722249494,0.1484139750109049
2020-12-09,0.008708835773620211,33.916965595976315,0.34634686223339983,0.20991538354854838,0.18272893548359115
2020-12-10,-0.007360989362752238,33.667303173007504,0.39264431903213953,0.23712580736637268,0.1749127154329169
2020-12-11,-0.007220739285544643,33.424200354347825,0.41203852279928954,0.24945596649181126,0.18264974609034765
2020-12-12,0.015884797698338678,33.95513701520538,0.4321057125821589,0.2699738960794169,0.1849372156445063
2020-12-13,0.010519397296133496,34.31232459171297,0.4549111117239232,0.28436240669243334,0.20956215607531242
2020-12-14,0.000692325726365343,34.336079896759216,0.49392456276774577,0.2834705981858715,0.20832664342045032
2020-12-15,0.002903150852458752,34.43576271638159,0.4917972416063218,0.3246504901247791,0.2386194976534303
2020-12-16,0.04772416609310047,36.07918077580078,0.5632699877782094,0.2316272756876411,0.19514962190980684
2020-12-17,0.017273355918962063,36.70238930660577,0.42677689759744797,0.22939658854255782,0.20572797436676565
2020-12-18,0.005545530331855973,36.90592351975713,0.43512456290932344,0.2449051544681126,0.21985148197321644
2020-12-19,0.010871612846877121,37.307150432020386,0.46475663644132903,0.25867097000957523,0.2345278511574082
2020-12-20,-0.009715005869532733,36.94471124659776,0.49319882116698344,0.2616414048016708,0.23338436602647927
2020-12-21,-0.014049928618541273,36.42564069075045,0.4950257708281501,0.25680606775809434,0.22683184003673637
2020-12-22,0.015368867142856145,36.98546152312001,0.48363790779483073,0.265969584338159,0.23373832532717573
2020-12-23,-0.018418446565205707,36.30424677636695,0.49970790966533474,0.25865032262147936,0.1756299143492697
2020-12-24,0.011441002032628628,36.719603737528416,0.434280236970749,0.27359167894810665,0.21320376398235602
2020-12-25,0.014443234193677889,37.24995357380859,0.4867954429304627,0.28151603103943795,0.2231208853653711
2020-12-26,0.02195070701688832,38.06761639109995,0.504636916404809,0.26498532819486653,0.22945047009305336
2020-12-27,0.014828244914967374,38.632092330276215,0.4944357982879199,0.27663581017438466,0.21879454949300564
2020-12-28,0.018201851888907265,39.335267953030495,0.4954303596673903,0.28939102008264533,0.22031591345281276
2020-12-29,0.0023062432779030347,39.425984650331685,0.509706933535458,0.3075827478530991,0.2341230354128139
2020-12-30,0.021412174283856587,40.27018070497724,0.541705783265913,0.3029715660937528,0.2426671245099948
2020-12-31,-0.001618842683972901,40.20498961756072,0.5456386906037476,0.3181538164879836,0.25142775678387735
2021-01-01,0.001249427898798824,40.25522285325982,0.569581573271861,0.3379500507352035,0.26444880107124435
2021-01-02,0.046331046982664395,42.12028947457183,0.6023988518064478,0.27528430180918373,0.23686758658724708
2021-01-03,0.08508074915879586,45.703915257853744,0.5121518883964308,0.20995300403392916,0.10410939404925756
2021-01-04,-0.005375480493378285,45.45823475291414,0.3140623980831867,0.19454220232946126,0.10855521203998364
2021-01-05,0.02155449664604112,46.43806412143077,0.30309741436944493,0.19455242083409377,0.1133548334721566
2021-01-06,0.026448891980512822,47.66629946316262,0.3079072543062504,0.19147439732995497,0.11594749595740812
2021-01-07,0.0176639515214154,48.5082746660852,0.3074218932873631,0.19649819681460315,0.12311534417390096
2021-01-08,0.009238694434237813,48.956427793257234,0.31961354098850414,0.20911073687489576,0.12998734197908107
2021-01-09,0.0042002556362946385,49.16205730502871,0.3390980788539768,0.2145272199251543,0.1373980313332392
2021-01-10,-0.014077553273254311,48.46997582429439,0.35192525125839347,0.18998591540070947,0.13411138819677373
2021-01-11,-0.03629606715988845,46.71070632653763,0.32409730359748323,0.1454684351310776,0.09508319807338698
2021-01-12,-0.011026756374795109,46.1956387477803,0.2405516332044646,0.14398520176627477,0.0965167986413723
2021-01-13,0.024212658980495405,47.31415799516647,0.24050200040764708,0.1334352805233041,0.09628451399426567
2021-01-14,0.015721654267638028,48.058014829130876,0.2297197945175698,0.1401201050585911,0.10036278285777951
2021-01-15,-0.01385748829427293,47.3920514511902,0.24048288791637062,0.13411170027705024,0.10095031659912433
2021-01-16,0.004307321152761149,47.596184236878656,0.23506201687617456,0.1419941574181089,0.10686004191622014
2021-01-17,0.00062945571867339,47.62614392723359,0.24885419933432903,0.1508551562223748,0.11370226221859221
2021-01-18,0.0031407387767919755,47.775725204254925,0.26455741844096703,0.16091553249869672,0.12126212094819559
2021-01-19,0.012080573291431598,48.35288335413622,0.28217765344689233,0.1702376423892933,0.1223166541862371
2021-01-20,-0.004741813490605436,48.1236029995379,0.2925542965755304,0.1507806621358714,0.1276538000403956
2021-01-21,-0.0414597726616947,46.128409359515416,0.278434462176267,0.10372659610333389,0.07290641605384335
2021-01-22,0.01889495369637164,47.00000351845073,0.17663301215717725,0.10504535497622518,0.0876915934901202
2021-01-23,-0.004161601632381768,46.8044082270864,0.19273694846634537,0.11062910420260408,0.0868977909848872
2021-01-24,0.01659646394198133,47.58119590055301,0.19752689518749128,0.11728700030906897,0.09335559466673995
2021-01-25,-0.005397945479957962,47.32435519921063,0.21064259497580892,0.12464030136898518,0.0972703340592807
2021-01-26,0.004578744870802686,47.54104134784306,0.2219106354282659,0.13306174080302863,0.10378772286851595
2021-01-27,-0.020960428167730277,46.544560765652506,0.23684946367154458,0.12789710250607386,0.10054099748234119
2021-01-28,0.022940823549554977,47.61233132136888,0.22843809998841505,0.11812917364569617,0.1016057915334859
2021-01-29,0.006851068149702853,47.93852664801781,0.21973496517918206,0.12573887148822538,0.10826334533603553
2021-01-30,0.00038371204062863465,47.956921237902655,0.23400221682426092,0.13420892428780223,0.1153961848956904
2021-01-31,-0.01105265949127492,47.42686971721023,0.24960510918349263,0.13853015335692023,0.1187270944065068
2021-02-01,0.0070048365379171695,47.75908718708438,0.25725724776342707,0.14761850802494839,0.12593932754153128
2021-02-02,0.023685907627263802,48.8903045145601,0.27355783556647967,0.16098712330545575,0.12262974021270592
2021-02-03,0.021112314733371777,49.92249201088188,0.2836168635181617,0.17515776038044237,0.12450473608623845
2021-02-04,-0.00665339408394379,49.590337997880944,0.2996624964666808,0.18392711962684083,0.12911515949277808
2021-02-05,0.014418278359899377,50.30534529509589,0.3130422791196189,0.19449544445394013,0.13484513874506682
2021-02-06,0.0014527249378457337,50.37842512471302,0.32934058319900694,0.2060656460965175,0.1421442874421316
2021-02-07,-0.008282846814053049,49.961148346671784,0.3482099335386491,0.2014290221065767,0.14593963658922443
2021-02-08,0.04986039611814165,52.45223099375408,0.34736865869580114,0.14955027166371485,0.13183320709336863
2021-02-09,0.0037990824826483133,52.65150134569828,0.28138347875708347,0.1593629005448142,0.14080135883294348
2021-02-10,-0.006812728666900518,52.29280095312509,0.3001642593777577,0.1632047492409276,0.1469307373581286
2021-02-11,0.01258807985138633,52.95106690717569,0.3101354865990562,0.17017780295148563,0.15635647182075182
2021-02-12,0.00434230381490318,53.1809965270099,0.32653427477223745,0.1802823035915946,0.16665181099558077
2021-02-13,-0.0034554400360636414,52.997232782452706,0.3469341145871754,0.18974365467227042,0.1747673618036766
2021-02-14,0.0044913921973904316,53.2352641402551,0.364511016475947,0.20198636960222927,0.18616626517083318
2021-02-15,-0.004468196204192847,52.997398535094405,0.38815263477306244,0.21084169140169226,0.19529759272648073
2021-02-16,0.00383161852520412,53.2004643491091,0.406139284128173,0.2251736337560538,0.20827780698858087
2021-02-17,0.019302169202358988,54.22734871361967,0.43345144074463465,0.22905840886541234,0.2165166255558346
2021-02-18,0.007713298292476611,54.64562042985796,0.4455750344212469,0.24175161497558936,0.227921764591402
2021-02-19,0.0210572029068947,55.79630434722264,0.4696733795669914,0.24039272338692871,0.23960466321031418
2021-02-20,-0.005327150661110822,55.49906902763179,0.4799973865972429,0.25117102624799365,0.2456163786945948
2021-02-21,0.009275612828048103,56.01385690424922,0.49678740494258844,0.26803803647915125,0.2628399639440038
2021-02-22,-0.033193175576801875,54.15457911729261,0.530878000423155,0.22166179695375443,0.19015564187161174
2021-02-23,-0.047582137126307336,51.577788507716136,0.41181743882536614,0.16596332247642762,0.12998509598036015
2021-02-24,0.007776196081812138,51.97886750461837,0.29594841845678777,0.17569854286720143,0.13613246765674725
2021-02-25,-0.017103133676263687,51.08986598534609,0.3118310105239487,0.14912259236245917,0.11876710643285017
2021-02-26,-0.008738177785764002,50.64343365331528,0.26788969879530933,0.15607479984851136,0.12494688576251496
2021-02-27,-0.0003893292370462805,50.62371668392963,0.2810216856110263,0.1666223595812758,0.13313092128241028
2021-02-28,-0.0040813197815345904,50.417105107612706,0.2997532808636861,0.1775190726153531,0.14187280266877272
2021-03-01,0.026674528404714307,51.76195760988919,0.3193918752841258,0.1663055597268124,0.1365139923080387
2021-03-02,-0.010607211313757624,51.212907587507324,0.3028195520348511,0.15979174436931376,0.12662226542380345
2021-03-03,0.01610044419930704,52.037458148404255,0.2864140097931172,0.17696390597313041,0.1392717976168499
2021-03-04,-0.011307580140317085,51.44904042009278,0.3162357035899803,0.1634078669064361,0.13049870141113212
2021-03-05,0.0005250728749967906,51.47605491566198,0.29390656831756823,0.17463369510580484,0.1273884024449275
2021-03-06,0.011330010758785982,52.05927917167629,0.30202209755073234,0.1845796891646768,0.15237615469970678
2021-03-07,0.01205239382129028,52.68671810630582,0.3369558438643836,0.20899990164056736,0.16227239319007714
2021-03-08,0.01206053010335648,53.322147856073975,0.3712722948306445,0.22034706498489454,0.19205468614126725
2021-03-09,0.011650822577861587,53.943394740215595,0.4124017511261618,0.24257879965737295,0.20295468062668498
2021-03-10,-0.00040443286553840715,53.92157825850394,0.4455334802840579,0.25829114031743006,0.2121611673234285
2021-03-11,0.010323537325615086,54.47823968431169,0.47045230764085855,0.2734460989120984,0.22594786141113707
2021-03-12,-0.008639671498311574,54.007565589632954,0.49939396032323546,0.2848364199487135,0.23235366571966945
2021-03-13,0.0347797995296604,55.88593789392537,0.517190085668383,0.2601908016599981,0.20784409774664248
2021-03-14,-0.01149871737278602,55.24332128897005,0.46803489940664056,0.26381954652815576,0.21271105453188124
2021-03-15,-0.02459772521291298,53.884461252055296,0.476530601060037,0.23692031596133484,0.19181459018489108
2021-03-16,0.001687916156362695,53.97541370477954,0.4287349061462259,0.2533214788481842,0.20509228163056167
2021-03-17,0.012053950490617553,54.62603066928756,0.4584137604787458,0.2641661359996613,0.23295434371812204
2021-03-18,-0.008170687281530087,54.17969845525754,0.4971204797177834,0.2758844857662743,0.24390324067615934
2021-03-19,0.005808886258278163,54.49442216109193,0.5197877264424337,0.2948202820330936,0.24268090250014376
2021-03-20,0.0006726262614841382,54.53107654054189,0.5375011845332374,0.3150955424376326,0.2596125903572483
2021-03-21,-0.008198204839438988,54.0840196049474,0.5747081327948809,0.33039209355992694,0.2730613382923421
2021-03-22,-0.02944665259022037,52.491426268957845,0.6034534318522691,0.2547718984795147,0.18884892760702682
2021-03-23,-0.0019875723747580848,52.387095760194015,0.4436208260865415,0.2511097486703995,0.20183870654885205
2021-03-24,-0.021243072688663482,51.27423287701224,0.45294845521925153,0.250245425776487,0.19841045840676066
2021-03-25,-0.004724586284407102,51.03198333961801,0.44865588418324764,0.28804234105896304,0.23205207389459923
2021-03-26,0.03125387566906465,52.626930602060206,0.5200944149535622,0.25429986999998827,0.20516050397985294
2021-03-27,0.008773305554381532,53.08864274462131,0.4594603739798412,0.267997840532198,0.21744503077893537
2021-03-28,-0.006023689396836028,52.76885325022812,0.4854428713111334,0.28502370441768216,0.2299530385348763
2021-03-29,0.026355883593187517,54.15962300383712,0.5149767429525585,0.33042698907162926,0.2743968441464694
2021-03-30,0.01039203369823464,54.722451631176675,0.6048238332180986,0.34941278810139614,0.2909656537808411
2021-03-31,0.010913330419956725,55.3196558272178,0.6403784418822372,0.3713863781128585,0.3025837523580441
2021-04-01,0.0074390062947311455,55.731179095138835,0.6739701304709026,0.39648090906683076,0.32083776948574033
2021-04-02,0.027807658425197477,57.280932687049955,0.7173186785525711,0.40854969551390896,0.3021831294703049
2021-04-03,-0.02871956535930097,55.635849196902505,0.7107328249842139,0.3577087402697718,0.2742923390675466
2021-04-04,0.013231351300504984,56.371986662528634,0.6320010793373183,0.4034573269480368,0.2891888931916603
2021-04-05,0.006648026291382231,56.74674911195857,0.6926462201396971,0.4309481891173845,0.3089930748391783
2021-04-06,-0.0021401487514247984,56.6253026276992,0.7399412639565628,0.45540684453135993,0.32933121023114165
2021-04-07,-0.031818017217073856,54.823597773769045,0.7847380547625016,0.3826913546711913,0.2862782850547235
2021-04-08,0.024269357556608917,56.15413127068035,0.6689696397259148,0.4107081429871033,0.28350515444142926
2021-04-09,-0.0010898191215413587,56.09293342466802,0.6942132974285325,0.43922568196367184,0.30180161940226397
2021-04-10,0.020666643184833217,57.25218606494624,0.7410273013659359,0.44521018871267454,0.3107691209327593
2021-04-11,0.0039527113542986245,57.47848743086356,0.7559793096454339,0.4767921940723231,0.3324436270032091
2021-04-12,-0.0004898783104632939,57.45032996655294,0.8092358210755322,0.47532157454773616,0.35445679664307345
2021-04-13,0.050200256579967385,60.334351271477686,0.8297783711908095,0.3991661544967592,0.29142997399133413
2021-04-14,0.015502846988240223,61.26970548737413,0.6905961284880933,0.42073410160615093,0.29942508136958834
2021-04-15,0.013451333114805755,62.09386470573085,0.7201591829757392,0.4483818301363547,0.31625457866257645
2021-04-16,-0.022437023298334316,60.70066321664475,0.7646364087989311,0.42222446762719773,0.2945047565747332
2021-04-17,-0.019739885774627174,59.50243905830407,0.716729224201931,0.4172313035934001,0.28541460568607435
2021-04-18,-0.040273803893338324,57.10604949649461,0.7026459092794745,0.2543797864090937,0.2509305237412168
2021-04-19,-0.012727929300837326,56.379207735853115,0.5053103101503105,0.23972661145774365,0.2577536595312732
2021-04-20,0.02449659953692805,57.76030660996758,0.49748027098901687,0.24362095545549867,0.24358802573179836
2021-04-21,-0.0072687396537387166,57.3404619788996,0.48720898118729705,0.22051948153915585,0.258446651722445
2021-04-22,-0.003760554113930336,57.12483006871018,0.47896613326160087,0.22613611578776777,0.27472652168241335
2021-04-23,-0.010800524845137327,56.50785192227883,0.5008626374701811,0.2377324646312052,0.28284514281452167
2021-04-24,-0.0159662443828603,55.605633748937244,0.5205776074457269,0.25426206360231246,0.2526215594178984
2021-04-25,0.0007756880176895868,55.648766372752334,0.5068836230202108,0.12440835160558178,0.29086969889154846
2021-04-26,0.037082389000583076,57.712355574789306,0.41527805049713024,0.17297132844806645,0.2340896891807499
2021-04-27,0.015250103701830726,58.59247498218177,0.40706101762881636,0.1842777097009055,0.24001807238974915
2021-04-28,0.008827559774160394,59.10970355740298,0.42429578209065466,0.19916029643530894,0.253443428963328
2021-04-29,-0.001978103367474875,58.99277845374564,0.4526037253986369,0.20887531667115622,0.2701657613568254
2021-04-30,0.01488650162153784,59.87097454585635,0.4790410780279816,0.25560402131477594,0.2837098194650626
2021-05-01,0.01854251264840773,60.98113284864539,0.5393138407798386,0.2665632473544218,0.2817830179922318
2021-05-02,-0.0052978727291250576,60.658062567935396,0.5483462653466535,0.2729005173354108,0.2970266926013723
2021-05-03,0.0505618456475289,63.7250461647735,0.5699272099367831,0.2550042231703915,0.19434818912441323
2021-05-04,-0.02358980288356418,62.22178488700047,0.4493524122948047,0.1708330647813466,0.17998762966144527
2021-05-05,0.026011044056154932,63.84023847494883,0.35082069444279185,0.21354578815703565,0.17831038241136504
2021-05-06,-0.003960093317439014,63.58742517318048,0.3918561705684007,0.20506249063097876,0.186935001243548
2021-05-07,0.0015150517820395253,63.68376341500441,0.39199749187452676,0.2566605359448281,0.19785824748854622
2021-05-08,0.029075109567283812,65.53537581395264,0.4545187834333744,0.2568559809386914,0.18239363164235517
2021-05-09,-0.0003324988634664165,65.51358537597766,0.43924961258104656,0.27262347536814896,0.19331535364562183
2021-05-10,-0.008274270414496045,64.97150825475364,0.4659388290137708,0.21382188177635317,0.2020168255202887
2021-05-11,0.014306850286945517,65.90104589627144,0.41583870729664185,0.22563920475857602,0.212132250419462
2021-05-12,-0.03426953659506025,63.64264759227642,0.437771455178038,0.07854058321153147,0.18425712442766762
2021-05-13,-0.0189768342441133,62.43491161806127,0.2627977076391991,0.07139355762569911,0.1708972066406933
2021-05-14,0.024090089284234267,63.938974213393635,0.2422907642663924,0.06594233722078824,0.16185178549623477
2021-05-15,-0.020992958772166344,62.596705963797255,0.227794122717023,0.044594717578159256,0.14371292484728457
2021-05-16,-0.0059252603851085925,62.22580418171168,0.18830764242544382,0.018799683914633197,0.15084296814087933
2021-05-17,-0.012718339487048556,61.434395279274064,0.16964265205551252,0.016308076099335225,0.1262047635690826
2021-05-18,0.003345208126140593,61.63990611758683,0.14251283966841782,0.014377868834668482,0.14445902676537256
2021-05-19,-0.03632317147682851,59.400949237862115,0.15883689560004105,0.0,0.07469629325791508
2021-05-20,0.010308422388679694,60.013279312894525,0.07469629325791508,0.008603764285844615,0.08375734084965504
2021-05-21,-0.015356517864290887,59.09168431703138,0.09236110513549965,0.0,0.07459118697304096
2021-05-22,-0.003991438151169451,58.855823513831524,0.07459118697304096,0.0,0.07251024098214859
2021-05-23,-0.009260840745492641,58.310769105325114,0.07251024098214859,0.0,0.04239496763024883
2021-05-24,0.022606832545713138,59.628990898100945,0.04239496763024883,0.0,0.06043278631060934
2021-05-25,0.001569348134503329,59.7225695437292,0.06043278631060934,0.0,0.06371228850987583
2021-05-26,0.003954882022639987,59.95876526036356,0.06371228850987583,0.0,0.07568671722819989
2021-05-27,-0.00287475213982345,59.78639867163016,0.07568671722819989,0.0,0.07220311970375888
2021-05-28,-0.0075234062167380865,59.33660130818764,0.07220311970375888,0.0,0.06478256444092481
2021-05-29,-0.002924058427323805,59.16309761908368,0.06478256444092481,0.0,0.03719198774277662
2021-05-30,0.0023854900402687407,59.30423059920545,0.03719198774277662,0.0,0.06598367487118363
2021-05-31,0.0071149242838730135,59.726175709632145,0.06598367487118363,0.0,0.06465513132436139
2021-06-01,-0.0016774224190558773,59.625989683492335,0.06465513132436139,0.0,0.07024682325109914
2021-06-02,0.0020011656281569918,59.745311164591776,0.07024682325109914,0.0,0.08527726084504625
2021-06-03,0.003340341813812538,59.9448809256541,0.08527726084504625,0.0,0.1045983568770796
2021-06-04,-0.0038759022709994426,59.712540425539565,0.1045983568770796,0.0,0.09875861777388563
2021-06-05,-0.0019373362543274523,59.59685715613517,0.09875861777388563,0.0,0.10558552363074931
2021-06-06,0.0023283891779261874,59.73562183337593,0.10558552363074931,0.0,0.1266741331664636
2021-06-07,-0.00502360284799546,59.435533793407004,0.1266741331664636,0.0,0.1224145638954225
2021-06-08,-0.003815577845666528,59.208752887419514,0.1224145638954225,0.0,0.11252760158504263
2021-06-09,0.004088618890600547,59.45083491296392,0.11252760158504263,0.0,0.13568061741824436
2021-06-10,-0.00584409648784994,59.10339849744933,0.13568061741824436,0.0,0.1233212234239628
2021-06-11,-0.006450870152637381,58.7221301481627,0.1233212234239628,0.0,0.07033399126760177
2021-06-12,0.0017051676029544531,58.82226122206782,0.07033399126760177,0.0,0.08113058122614997
2021-06-13,0.00588542601759503,59.168455288677954,0.08113058122614997,0.0,0.14223092661735687
2021-06-14,0.003421496805574056,59.37089996943892,0.14223092661735687,0.0,0.13097171884721248
2021-06-15,-0.0011446600510188576,59.30294047205087,0.13097171884721248,0.0,0.1379468773136031
2021-06-16,-0.0090410309119648,58.76678075407265,0.1379468773136031,0.0,0.07410246972688807
2021-06-17,0.0003515958595663681,58.78744291086582,0.07410246972688807,0.0,0.0740605111752465
2021-06-18,-0.00684056748706326,58.38530344024216,0.0740605111752465,0.0,0.06809722323978881
2021-06-19,-0.0023860705721379136,58.245991985858055,0.06809722323978881,0.0,0.025203349734883647
2021-06-20,0.0007077964016338322,58.287218289395234,0.025203349734883647,0.0,0.04853089100512466
2021-06-21,-0.003963784347177214,58.05618032589923,0.04853089100512466,0.0,0.017748222762884788
2021-06-22,-0.0003810065590928852,58.03406054039918,0.017748222762884788,0.0,0.0
2021-06-23,-2.1723033635283217e-05,58.03279986455007,0.0,0.0,0.018361127102123086
2021-06-24,0.0,58.03279986455007,0.018361127102123086,0.0,0.01889256720632505
2021-06-25,0.0,58.03279986455007,0.01889256720632505,0.0,0.0
2021-06-26,0.0,58.03279986455007,0.0,0.0,0.0
2021-06-27,0.0,58.03279986455007,0.0,0.0,0.018496458774229684
2021-06-28,0.0,58.03279986455007,0.018496458774229684,0.0,0.018556437244944185
2021-06-29,0.0,58.03279986455007,0.018556437244944185,0.0,0.018891582149814828
2021-06-30,0.0,58.03279986455007,0.018891582149814828,0.0,0.053234428052044605
2021-07-01,-0.003748113761708679,57.81528632874726,0.053234428052044605,0.0,0.013199356855487851
2021-07-02,0.0008334931058251027,57.86347497131358,0.013199356855487851,0.0,0.019662920235286086
2021-07-03,0.0015484970423971715,57.953076391169475,0.019662920235286086,0.0,0.03414002066698507
2021-07-04,0.00258094571998027,58.10265013564096,0.03414002066698507,0.0,0.06926868619738774
2021-07-05,-0.002510447253649691,57.95678649717817,0.06926868619738774,0.0,0.0349785447566582
2021-07-06,0.002333533171076214,58.09203058095832,0.0349785447566582,0.0,0.07188826856463479
2021-07-07,-2.4037615733106985e-05,58.090634187050064,0.07188826856463479,0.0,0.07849113138629764
2021-07-08,-0.004637733064990357,57.82122533211452,0.07849113138629764,0.0,0.035834591864406726
2021-07-09,0.0008194349214010558,57.86860606334985,0.035834591864406726,0.0,0.03625189505287215
2021-07-10,-0.0008624720200801657,57.818696009779174,0.03625189505287215,0.0,0.03051828539344622
2021-07-11,0.0005438678800341388,57.85014174140436,0.03051828539344622,0.0,0.031516183510381955
2021-07-12,-0.002518494044560862,57.70444650395163,0.031516183510381955,0.0,0.015864013588518484
2021-07-13,-0.002200403849576587,57.57747341772665,0.015864013588518484,0.0,0.0
2021-07-14,-4.580099904699553e-05,57.57483631192152,0.0,0.0,0.0
2021-07-15,0.0,57.57483631192152,0.0,0.0,0.0
2021-07-16,0.0,57.57483631192152,0.0,0.0,0.0
2021-07-17,0.0,57.57483631192152,0.0,0.0,0.0
2021-07-18,0.0,57.57483631192152,0.0,0.0,0.0
2021-07-19,0.0,57.57483631192152,0.0,0.0,0.0
2021-07-20,0.0,57.57483631192152,0.0,0.0,0.0
2021-07-21,0.0,57.57483631192152,0.0,0.0,0.0
2021-07-22,0.0,57.57483631192152,0.0,0.0,0.0
2021-07-23,0.0,57.57483631192152,0.0,0.0,0.03405123275942984
2021-07-24,0.0,57.57483631192152,0.03405123275942984,0.0,0.05231322427070072
2021-07-25,0.00014228879109047922,57.583028565777575,0.05231322427070072,0.0,0.054143005274861974
2021-07-26,0.0012891841517383095,57.65726369361367,0.054143005274861974,0.0,0.05573499218898927
2021-07-27,0.0010803139999836931,57.71955164278264,0.05573499218898927,0.0,0.05940247292379292
2021-07-28,0.0002586537080997177,57.7344810188449,0.05940247292379292,0.0,0.07545405185819194
2021-07-29,0.00209271155722981,57.8553026345237,0.07545405185819194,0.0,0.1483960958436635
2021-07-30,0.004068968064720744,58.09071401331833,0.1483960958436635,0.08876025222224147,0.1672038524346248
2021-07-31,0.005687773790132583,58.421120853933374,0.25596410465686625,0.0967032426804945,0.31552084610035014
2021-08-01,-0.0016106092203004695,58.327027258025744,0.41222408878084466,0.0,0.3516872470652268
2021-08-02,0.006784542107862285,58.72274943048425,0.3516872470652268,0.0,0.3839766666758625
2021-08-03,-0.015619917133865057,57.80550495050737,0.3839766666758625,0.0,0.2265892453047299
2021-08-04,0.019240557528362977,58.91771509396368,0.2265892453047299,0.1030525273647082,0.37526246771067173
2021-08-05,0.01621486318992368,59.8730577836752,0.47831499507537995,0.10877474374117957,0.3852757438919303
2021-08-06,0.013173844046466935,60.661816109502446,0.4940504876331099,0.11347651075530177,0.39863664634973095
2021-08-07,0.038380474201181944,62.99004537769005,0.5121131571050327,0.10913289307404409,0.37512545960585736
2021-08-08,-0.01617205377287791,61.97136697668603,0.48425835267990147,0.11573825218653055,0.3641350403486079
2021-08-09,0.022771606335822685,63.38255454957193,0.47987329253513844,0.43562072218697134,0.37251112449557916
2021-08-10,-0.009754446784259239,62.76429279416772,0.8081318466825504,0.41863871883806913,0.38127548535643874
2021-08-11,0.005248956823581922,63.09373985710696,0.7999142041945079,0.4476773428058963,0.39407377767827556
2021-08-12,-0.02878201556272172,61.27777485462939,0.8417511204841719,0.13564840348021426,0.38109679953001896
2021-08-13,0.04664451492005897,64.13604693810417,0.5167452030102332,0.44955394771180024,0.3553084892074901
2021-08-14,-0.011053978375822199,63.42708846213965,0.8048624369192903,0.4605948959277777,0.36283187653518195
2021-08-15,0.00404958914578064,63.683942111124395,0.8234267724629596,0.4746355477584264,0.4021838657274607
2021-08-16,-0.02684154692306219,61.97456659070308,0.8768194134858871,0.4563708751129339,0.3485022513479969
2021-08-17,-0.027599981222560296,60.264069716523366,0.8048731264609308,0.26239078787362946,0.34912740455621866
2021-08-18,0.0035897114825121437,60.48040033956768,0.6115181924298481,0.2801456141834943,0.3727406525654264
2021-08-19,0.02496691515857194,61.990409363602126,0.6528862667489207,0.4462067642270673,0.3633851665423627
2021-08-20,0.03618788690881556,64.23371128708334,0.8095919307694299,0.39959665686859225,0.3437887110859475
2021-08-21,-0.006093852358813554,63.842280534041194,0.7433853679545397,0.4209355093131399,0.3604267175001823
2021-08-22,0.003596869804184712,64.07191290512436,0.7813622268133222,0.4821976328014988,0.38543996327443825
2021-08-23,0.01037247138367103,64.73649698822983,0.867637596075937,0.5124601865857621,0.4079433974620698
2021-08-24,-0.03322225939956564,62.58580429266765,0.920403584047832,0.4599382857657857,0.3671795066641667
2021-08-25,0.016491638221345823,63.61794673485428,0.8271177924299524,0.4792860647346632,0.3856975495729376
2021-08-26,-0.03133264377177983,61.62462827231903,0.8649836143076008,0.44115761804345904,0.33511373636450703
2021-08-27,0.03484980370118029,63.77223447076754,0.776271354407966,0.41370879034511443,0.3186129022772566
2021-08-28,-0.0045581693275551964,63.48154982765323,0.732321692622371,0.4099288146801259,0.3378346585387803
2021-08-29,-0.0004132270075152874,63.455317536785515,0.7477634732189062,0.4694436922338251,0.36069211599495604
2021-08-30,-0.01675762000794461,62.391957438020604,0.8301358082287811,0.3895121505649465,0.4030817957003198
2021-08-31,0.024738865814008554,63.935463700953136,0.7925939462652662,0.3993737926676177,0.38249767889395175
2021-09-01,0.05580743481415197,67.50353792375665,0.7818714715615694,0.37550502998061003,0.28337213817133866
2021-09-02,0.004905339706766163,67.83466570868126,0.6588771681519487,0.4288453824983684,0.30159470517640385
2021-09-03,0.01362746241297046,68.75908006592272,0.7304400876747723,0.42287648530129907,0.3166288579773135
2021-09-04,-0.0018664047570345068,68.63074779179837,0.7395053432786125,0.449571245303894,0.3326575375915132
2021-09-05,0.020719369137436456,70.05273358947495,0.7822287828954071,0.4460693210304968,0.34506119183309586
2021-09-06,0.005200696023662077,70.4170565625004,0.7911305128635926,0.475247186701875,0.3654239145234705
2021-09-07,-0.09147141934122242,63.97590845289736,0.8406711012253455,0.15380745986246935,0.14121214328781134
2021-09-08,0.00042999178255836285,64.00341756781381,0.2950196031502807,0.14977335428545635,0.16377535758596426
2021-09-09,-0.0022245147582308686,63.861041020857,0.31354871187142064,0.1745937252394809,0.15911460156505702
2021-09-10,-0.014960393653107007,62.905654708087766,0.33370832680453794,0.083007819761993,0.1447538040475981
2021-09-11,0.0028539584358874648,63.085184832006945,0.2277616238095911,0.09744686564878059,0.16555953970097353
2021-09-12,0.008613119023421097,63.62854503757954,0.2630064053497541,0.17188612374847714,0.16946619971558835
2021-09-13,-0.009814175434158582,63.00408333396047,0.3413523234640655,0.08713899037803337,0.17560875028524053
2021-09-14,0.009287156116596505,63.589212091866024,0.2627477406632739,0.16995267714500834,0.16810945119706533
2021-09-15,0.011149881982889298,64.29822430207524,0.33806212834207366,0.22077323421922973,0.18819843873076245
2021-09-16,-0.002277211706511509,64.15180363298666,0.40897167294999215,0.21622450179413588,0.20054826261135733
2021-09-17,-0.011768214760391015,63.39685143056724,0.4167727644054932,0.22934748387793655,0.18467435792652243
2021-09-18,0.006373246337173714,63.80089518173545,0.414021841804459,0.27078204232090636,0.19628151997836202
2021-09-19,-0.010693703591631024,63.11862731978125,0.4670635622992684,0.23387412662069926,0.20416793020264246
2021-09-20,-0.04154738965989119,60.496213115728835,0.43804205682334174,0.0712935105311078,0.13033363346829194
2021-09-21,-0.017106647022766566,59.461325751744,0.20162714399939974,0.0,0.08671392872042509
2021-09-22,0.009890036153424337,60.0494004131593,0.08671392872042509,0.048781642474961105,0.10247948078088878
2021-09-23,0.002619667507933348,60.20670987629253,0.1512611232558499,0.05046507259125001,0.10642769944389496
2021-09-24,-0.009069166027864964,59.66068522843293,0.15689277203514496,0.04838789245414062,0.10477148060843647
2021-09-25,-7.916304379619875e-05,59.655962306995285,0.1531593730625771,0.04825207370224554,0.10753150657944803
2021-09-26,0.004104004139635401,59.90079062325713,0.15578358028169356,0.04894153365090523,0.10942077008551013
2021-09-27,-0.003729965564820754,59.677362736926845,0.15836230373641536,0.04888846531563621,0.11391911504727169
2021-09-28,-0.005752419372647834,59.33407351941042,0.1628075803629079,0.015639564685027158,0.11341205243515773
2021-09-29,0.0011386352933898825,59.401633389620216,0.1290516171201849,0.01631412079495138,0.11508911074829381
2021-09-30,0.007656574974616996,59.85644644928255,0.13140323154324518,0.04587178097243339,0.11490324927854972
2021-10-01,0.014207601974202125,60.7068630160241,0.1607750302509831,0.16252229965409168,0.14797071215295918
2021-10-02,0.0018458278431999176,60.8189174340524,0.31049301180705086,0.16568890095676095,0.1664351906073023
2021-10-03,0.002625956304320104,60.97862525371027,0.33212409156406325,0.2101429289024373,0.2042626336301803
2021-10-04,0.002244896959309947,61.11551598412522,0.4144055625326176,0.23698231483501528,0.22644796732647074
2021-10-05,0.01937869899340188,62.29985517220803,0.463430282161486,0.25548591456297437,0.2407693681001077
2021-10-06,0.02266969622600646,63.71217396388618,0.49625528266308205,0.2791677791792868,0.2555607563499487
2021-10-07,-0.007390997315721687,63.241277457140306,0.5347285355292355,0.302676820311239,0.2938569336540795
2021-10-08,-0.0017025986558910744,63.13360294314494,0.5965337539653185,0.32733725836079763,0.31271010357428636
2021-10-09,0.007611112859232267,63.61411992035517,0.6400473619350839,0.34801950379328883,0.3333835888902142
2021-10-10,-0.013766866723838098,62.738352809657385,0.6814030926835031,0.3605845608308514,0.3334567349059585
2021-10-11,0.025466490531868873,64.33607847746957,0.6940412957368098,0.35430213669697813,0.33481797076954395
2021-10-12,-0.00970804818274526,63.711500727721415,0.6891201074665221,0.3655556454277286,0.3524961538291236
2021-10-13,0.01765319240395643,64.8362121084127,0.7180517992568523,0.3810653425315725,0.3634462880092058
2021-10-14,0.01799148457010954,66.00271181814554,0.7445116305407783,0.3985500402646889,0.36525648779950215
2021-10-15,0.03239462789558828,68.14084510759412,0.763806528064191,0.3869729980218213,0.36006434800268244
2021-10-16,-0.00535119121756083,67.7762104156972,0.7470373460245037,0.404447301617302,0.378966701291898
2021-10-17,0.003201672521343838,67.99320764618594,0.7834140029092,0.4322390951194382,0.40477728108649663
2021-10-18,-0.006029474097237923,67.58324436189514,0.8370163762059348,0.4566789639130007,0.4170376590395386
2021-10-19,0.030062007305372073,69.61493234762318,0.8737166229525393,0.4520020697379445,0.41171338578302114
2021-10-20,0.040847590907685624,72.4585346252251,0.8637154555209656,0.43270487311249267,0.3607616669829361
2021-10-21,-0.03205043007468399,70.13620742790525,0.7934665400954288,0.3562651760838999,0.3346386454930084
2021-10-22,-0.017381213025376284,68.91715506580884,0.6909038215769083,0.35427054220856224,0.33517600044017215
2021-10-23,0.019708014972369244,70.2753753896989,0.6894465426487344,0.36958506524393486,0.3381745897590872
2021-10-24,-0.009624655872588775,69.59899908525605,0.7077596550030221,0.38654796544761133,0.34776303863797425
2021-10-25,0.02493104673302406,71.33417498402228,0.7343110040855856,0.3867664636488814,0.3512312722178807
2021-10-26,-0.02220450736777875,69.75023477001514,0.7379977358667621,0.36197437102767466,0.34503224196435023
2021-10-27,-0.027027538261731664,67.8650576310038,0.7070066129920249,0.31918115440405787,0.32018826262461664
2021-10-28,0.04252342057004695,70.75091201865743,0.6393694170286746,0.32017430182201806,0.26743376170407407
2021-10-29,0.017722630943564376,72.00480432128468,0.5876080635260921,0.33192242102313213,0.2788531725615451
2021-10-30,-0.00896898305414943,71.35899445150973,0.6107755935846773,0.34727718231274424,0.2865003942551045
2021-10-31,-0.002816938740768022,71.15798053553702,0.6337775765678487,0.34443645005903334,0.30432773551245823
2021-11-01,5.856869038017723e-05,71.16214816526708,0.6487641855714916,0.3343198434919558,0.3252730912735824
2021-11-02,0.03041815147178903,73.32676916721607,0.6595929347655383,0.3580604688974702,0.3071165583259701
2021-11-03,0.000534497666008197,73.36596215419188,0.6651770272234403,0.38192961632428063,0.3274267526527893
2021-11-04,-0.013142697539168618,72.40173550392925,0.7093563689770699,0.34916200660307767,0.33524377956937323
2021-11-05,-0.0064857414778561025,71.93215656490264,0.6844057861724508,0.39820308098347296,0.35125485950745894
2021-11-06,0.005458357560535973,72.32478799553434,0.7494579404909318,0.42532414223347137,0.3756073048050997
2021-11-07,0.017538651599939364,73.5932672542275,0.8009314470385711,0.475289859371405,0.39201749248495654
2021-11-08,0.05094862327898837,77.34274290343305,0.8673073518563615,0.360098176636076,0.3366415226547614
2021-11-09,-0.007835867257083984,76.73669543674298,0.6967396992908375,0.3750271362848393,0.34598369969903475
2021-11-10,-0.02073408990251855,75.14562989473536,0.721010835983874,0.3532883635768992,0.3352784363948657
2021-11-11,0.008897861562073481,75.81426530653353,0.6885667999717648,0.37667442405962864,0.3544296744754833
2021-11-12,-0.009446603352169358,75.09807801374657,0.7311040985351119,0.39121830978678057,0.36702607928448827
2021-11-13,0.0004665492740952529,75.13311496752983,0.7582443890712689,0.418174761321917,0.39131871510910027
2021-11-14,0.001013786969777763,75.20928394048273,0.8094934764310173,0.4464152915250494,0.4161577800853559
2021-11-15,-0.01167071929629601,74.33153749913794,0.8625730716104053,0.45747453277787264,0.4344179075349044
2021-11-16,-0.051070251719991626,70.53540716832298,0.891892440312777,0.25960283228544184,0.24611319403841478
2021-11-17,0.0008137764043644121,70.59280721834878,0.5057160263238566,0.27745694248248265,0.26226815367784073
2021-11-18,-0.030706609151439614,68.42514147819202,0.5397250961603234,0.21919365428308776,0.2073726777935245
2021-11-19,0.023723785411587574,70.04844485137816,0.42656633207661226,0.21412618851607945,0.20105146230439186
2021-11-20,0.013179417393171867,70.97164254381705,0.4151776508204713,0.2157143904168407,0.20682525411761546
2021-11-21,-0.00783190092596366,70.41579967086098,0.42253964453445614,0.22825295592345848,0.21680609870933598
2021-11-22,-0.02136138287548284,68.91162081360842,0.4450590546327945,0.21831652018804862,0.17282530855907896
2021-11-23,0.017516459974160004,70.11870846134448,0.39114182874712755,0.22040479952380487,0.20157800526670644
2021-11-24,-0.006200378044928481,69.68394596086202,0.4219828047905113,0.23495831309252974,0.21327201305905027
2021-11-25,0.020569066344400457,71.1172796684706,0.44823032615158,0.23013675812751688,0.22446571704041063
2021-11-26,-0.04410508239171566,67.98064618921802,0.4546024751679275,0.08755944116987767,0.1405565380646329
2021-11-27,0.0023627667428494366,68.14126859919132,0.22811597923451055,0.15012662539397803,0.13640471088086079
2021-11-28,0.01418272504994832,69.10769747628832,0.28653133627483884,0.14207873262509538,0.15275596304536881
2021-11-29,0.0071895638222500835,69.60455167790285,0.29483469567046416,0.15232844612264557,0.1895900608976216
2021-11-30,0.004446307701857379,69.91403493211263,0.34191850702026716,0.162705817505756,0.2114172748299785
2021-12-01,-0.002585364069498766,69.73328169824546,0.3741230923357345,0.17475425182614557,0.22460597305894558
2021-12-02,-0.004205468948827903,69.44002054736362,0.39936022488509115,0.18576904488570836,0.22267609476648922
2021-12-03,-0.021350526090932898,67.95743957691221,0.4084451396521976,0.09333058351459306,0.15860038259726894
2021-12-04,-0.014229752627955816,66.9904220225035,0.251930966111862,0.02165802360003549,0.1647723472651013
2021-12-05,0.004417673121064431,67.28636380924107,0.18643037086513678,0.01812963467191943,0.17329893851554312
2021-12-06,0.007688128530650446,67.80367002256662,0.19142857318746254,0.0448866489236384,0.23894773628541024
2021-12-07,-0.0017747569254487532,67.68333498962323,0.28383438520904863,0.04580163345654074,0.21401936456560844
2021-12-08,0.0057764589349762144,68.07430499477303,0.2598209980221492,0.04859946428426072,0.2669763193144924
2021-12-09,-0.017454226258122055,66.88612067302985,0.3155757835987531,0.024246482611138803,0.1951289659695909
2021-12-10,-0.010873294644628875,66.1588481753158,0.2193754485807297,0.02566637160525966,0.19075622126713102
2021-12-11,0.007862343287693448,66.67901175118853,0.21642259287239068,0.025434929923849627,0.18774367236572234
2021-12-12,0.003251635971278203,66.89582762432798,0.21317860228957197,0.0267327994169571,0.1966146526474629
2021-12-13,-0.018040302470843962,65.68900665994767,0.22334745206442,0.017261993449218697,0.0949417829155087
2021-12-14,0.002162136061054866,65.83103523006201,0.11220377636472739,0.025597159646002614,0.0810413966754843
2021-12-15,0.004364664819042814,66.11836563353182,0.10663855632148692,0.027016805857822,0.1656895080106395
2021-12-16,-0.0023275387155617844,65.96447257771011,0.1927063138684615,0.02862403473408805,0.17608144790116578
2021-12-17,-0.004234919841646892,65.685118323947,0.20470548263525384,0.0,0.10245995055593371
2021-12-18,0.002041524106135428,65.81921607641968,0.10245995055593371,0.0,0.19072068712421225
2021-12-19,-0.0014475720383551934,65.723938019641,0.19072068712421225,0.0,0.17544151144558567
2021-12-20,0.0001015416390787161,65.7306117360342,0.17544151144558567,0.0,0.1852233599450289
2021-12-21,0.004301406193189511,66.01334579643772,0.1852233599450289,0.03580810136329475,0.226931084776437
2021-12-22,-0.002123428766019538,65.87317115903237,0.26273918613973174,0.03824318592237574,0.21167449350931206
2021-12-23,0.00562855070028691,66.24394164268966,0.2499176794316878,0.06486727090763826,0.2993160346977882
2021-12-24,-0.004213910868228839,65.96479557704721,0.3641833056054265,0.06708453382315294,0.270178876443123
2021-12-25,0.0037641558657920213,66.21309734925433,0.33726341026627593,0.06933577144060396,0.3269104584146506
2021-12-26,-0.0018927026786843698,66.08777564253741,0.3962462298552546,0.07170258952537817,0.37627156376634596
2021-12-27,-0.0024811514462583684,65.92380186242193,0.44797415329172413,0.0741925669906564,0.3540897255004906
2021-12-28,-0.02609618595547313,64.20344207012839,0.428282292491147,0.0,0.1279260848680351
2021-12-29,-0.0059251702765816955,63.82302574352023,0.1279260848680351,0.0,0.05370280963843076
2021-12-30,0.0009545617456606399,63.883948762387305,0.05370280963843076,0.0,0.04893085625960468
2021-12-31,-0.000310903463901247,63.864087021429384,0.04893085625960468,0.0,0.0448532265631332
2022-01-01,0.0010930499629423559,63.93389365938151,0.0448532265631332,0.0,0.04393137272821064
2022-01-02,0.0010505754620071764,64.00106103925063,0.04393137272821064,0.0,0.09157216811686969
2022-01-03,-0.0009849981459417623,63.938020112788664,0.09157216811686969,0.0,0.04477085080742771
2022-01-04,0.0004596523413177442,63.96740937343274,0.04477085080742771,0.0,0.09168994384956632
2022-01-05,-0.0036943973871747648,63.731088343379184,0.09168994384956632,0.0,0.02548186786578996
2022-01-06,-0.0019586872063499243,63.60625907599425,0.02548186786578996,0.0,0.02566874887800217
2022-01-07,-0.003304098943140037,63.39609770260417,0.02566874887800217,0.0,0.0
2022-01-08,-4.739995601766815e-05,63.39309273036138,0.0,0.0,0.0
2022-01-09,0.0,63.39309273036138,0.0,0.0,0.0
2022-01-10,0.0,63.39309273036138,0.0,0.0,0.0
2022-01-11,0.0,63.39309273036138,0.0,0.0,0.0
2022-01-12,0.0,63.39309273036138,0.0,0.0,0.0
2022-01-13,0.0,63.39309273036138,0.0,0.0,0.0
2022-01-14,0.0,63.39309273036138,0.0,0.0,0.0
2022-01-15,0.0,63.39309273036138,0.0,0.0,0.0
2022-01-16,0.0,63.39309273036138,0.0,0.0,0.0
2022-01-17,0.0,63.39309273036138,0.0,0.0,0.0
2022-01-18,0.0,63.39309273036138,0.0,0.0,0.0
2022-01-19,0.0,63.39309273036138,0.0,0.0,0.0
2022-01-20,0.0,63.39309273036138,0.0,0.0,0.0
2022-01-21,0.0,63.39309273036138,0.0,0.0,0.0
2022-01-22,0.0,63.39309273036138,0.0,0.0,0.0
2022-01-23,0.0,63.39309273036138,0.0,0.0,0.0
2022-01-24,0.0,63.39309273036138,0.0,0.0,0.0
2022-01-25,0.0,63.39309273036138,0.0,0.0,0.0
2022-01-26,0.0,63.39309273036138,0.0,0.0,0.0
2022-01-27,0.0,63.39309273036138,0.0,0.0,0.0
2022-01-28,0.0,63.39309273036138,0.0,0.0,0.0
2022-01-29,0.0,63.39309273036138,0.0,0.0,0.0
2022-01-30,0.0,63.39309273036138,0.0,0.0,0.0
2022-01-31,0.0,63.39309273036138,0.0,0.0,0.0
2022-02-01,0.0,63.39309273036138,0.0,0.0,0.0
2022-02-02,0.0,63.39309273036138,0.0,0.0,0.0
2022-02-03,0.0,63.39309273036138,0.0,0.0,0.0
2022-02-04,0.0,63.39309273036138,0.0,0.0,0.0
2022-02-05,0.0,63.39309273036138,0.0,0.0,0.0
2022-02-06,0.0,63.39309273036138,0.0,0.0,0.0
2022-02-07,0.0,63.39309273036138,0.0,0.0,0.0
2022-02-08,0.0,63.39309273036138,0.0,0.0,0.0
2022-02-09,0.0,63.39309273036138,0.0,0.0,0.0
2022-02-10,0.0,63.39309273036138,0.0,0.0,0.0
2022-02-11,0.0,63.39309273036138,0.0,0.0,0.0
2022-02-12,0.0,63.39309273036138,0.0,0.0,0.0
2022-02-13,0.0,63.39309273036138,0.0,0.0,0.0
2022-02-14,0.0,63.39309273036138,0.0,0.0,0.0
2022-02-15,0.0,63.39309273036138,0.0,0.0,0.0
2022-02-16,0.0,63.39309273036138,0.0,0.0,0.0
2022-02-17,0.0,63.39309273036138,0.0,0.0,0.0
2022-02-18,0.0,63.39309273036138,0.0,0.0,0.0
2022-02-19,0.0,63.39309273036138,0.0,0.0,0.0
2022-02-20,0.0,63.39309273036138,0.0,0.0,0.0
2022-02-21,0.0,63.39309273036138,0.0,0.0,0.0
2022-02-22,0.0,63.39309273036138,0.0,0.0,0.0
2022-02-23,0.0,63.39309273036138,0.0,0.0,0.0
2022-02-24,0.0,63.39309273036138,0.0,0.0,0.0
2022-02-25,0.0,63.39309273036138,0.0,0.0,0.0
2022-02-26,0.0,63.39309273036138,0.0,0.0,0.0
2022-02-27,0.0,63.39309273036138,0.0,0.0,0.0
2022-02-28,0.0,63.39309273036138,0.0,0.0,0.0
2022-03-01,0.0,63.39309273036138,0.0,0.0,0.0
2022-03-02,0.0,63.39309273036138,0.0,0.0,0.0
2022-03-03,0.0,63.39309273036138,0.0,0.0,0.0
2022-03-04,0.0,63.39309273036138,0.0,0.0,0.0
2022-03-05,0.0,63.39309273036138,0.0,0.0,0.0
2022-03-06,0.0,63.39309273036138,0.0,0.0,0.0
2022-03-07,0.0,63.39309273036138,0.0,0.0,0.0
2022-03-08,0.0,63.39309273036138,0.0,0.0,0.0
2022-03-09,0.0,63.39309273036138,0.0,0.0,0.0
2022-03-10,0.0,63.39309273036138,0.0,0.0,0.0
2022-03-11,0.0,63.39309273036138,0.0,0.0,0.0
2022-03-12,0.0,63.39309273036138,0.0,0.0,0.0
2022-03-13,0.0,63.39309273036138,0.0,0.0,0.0
2022-03-14,0.0,63.39309273036138,0.0,0.0,0.0
2022-03-15,0.0,63.39309273036138,0.0,0.0,0.0
2022-03-16,0.0,63.39309273036138,0.0,0.0,0.0
2022-03-17,0.0,63.39309273036138,0.0,0.0,0.0
2022-03-18,0.0,63.39309273036138,0.0,0.0,0.0
2022-03-19,0.0,63.39309273036138,0.0,0.0,0.0
2022-03-20,0.0,63.39309273036138,0.0,0.0,0.0
2022-03-21,0.0,63.39309273036138,0.0,0.0,0.0
2022-03-22,0.0,63.39309273036138,0.0,0.07360115791519448,0.0
2022-03-23,0.0005359863928927504,63.427070565468235,0.07360115791519448,0.07609260510339258,0.0
2022-03-24,0.0021528709730386625,63.56362086459351,0.07609260510339258,0.08881465818573854,0.08626282331664589
2022-03-25,0.0004029445552374115,63.58923347953207,0.17507748150238445,0.0918782988309261,0.08900392628122493
2022-03-26,0.0014411899271036827,63.68087764229501,0.18088222511215102,0.09506895331296808,0.09204996806735126
2022-03-27,0.007863961087680093,64.18166158610333,0.18711892138031933,0.0992099941189126,0.09679184649718683
2022-03-28,0.0023518717276146983,64.33260862141903,0.19600184061609943,0.22431520039765535,0.10715430733864861
2022-03-29,0.002427094890594115,64.48874996710266,0.33146950773630396,0.27229838977698906,0.11679332625340877
2022-03-30,-0.0018761370392934545,64.36776023467165,0.3890917160303978,0.2607796849057307,0.12516615185271274
2022-03-31,-0.010349116701396377,63.70161077219553,0.38594583675844346,0.11558614839396214,0.1113281608541136
2022-04-01,0.006201930330988485,64.09668372417644,0.22691430924807574,0.12168040225953083,0.12532073099246924
2022-04-02,-0.0006329045509648476,64.05611664134565,0.24700113325200007,0.12733121169587008,0.26805975658796877
2022-04-03,0.006492175975306851,64.47198022287606,0.39539096828383885,0.2684060680448634,0.47869628020113997
2022-04-04,0.0014532455569852961,64.565673841685,0.7471023482460033,0.31242078812738755,0.470097950161526
2022-04-05,-0.019178470731039433,63.32740295568241,0.7825187382889136,0.15694005400896338,0.27862247470592255
2022-04-06,-0.028165862602040515,61.54373202508861,0.43556252871488593,0.11403327684893878,0.10195214410078077
2022-04-07,0.002513694553210038,61.69843416906429,0.21598542094971956,0.09790776256333404,0.12940980791512519
2022-04-08,-0.004757134292828781,61.4049264320648,0.22731757047845924,0.07414082925772619,0.11389572889354446
2022-04-09,0.0033534249447590573,61.61084324409318,0.18803655815127066,0.06914086507248517,0.1136494599584599
2022-04-10,-0.0022114879669521835,61.47459160562509,0.18279032503094506,0.06391313467203273,0.09048522262398495
2022-04-11,-0.013600021426065936,60.638535842629935,0.1543983572960177,0.0,0.05717454049796909
2022-04-12,0.0012959643863997563,60.7171212255254,0.05717454049796909,0.0,0.06278574484511357
2022-04-13,0.002940282812255535,60.89564673347445,0.06278574484511357,0.0,0.06049953363727737
2022-04-14,-0.003196010898440967,60.70102358284665,0.06049953363727737,0.0,0.05591936793017227
2022-04-15,0.0006344265681969589,60.739533924924366,0.05591936793017227,0.0,0.053955365336176835
2022-04-16,0.0008542728565494223,60.791422060075895,0.053955365336176835,0.0,0.04168943427713552
2022-04-17,-0.0009977670167820518,60.73076638424108,0.04168943427713552,0.0,0.04198894769453487
2022-04-18,0.0008401905763044722,60.78179180184887,0.04198894769453487,0.0,0.0548478135238004
2022-04-19,0.0006274368830876488,60.8199285398455,0.0548478135238004,0.04517407242420723,0.05623409429980439
2022-04-20,-0.00035128141075853813,60.79856362954579,0.10140816672401162,0.061126631709333246,0.0709488550659916
2022-04-21,-0.0027277916463570072,60.63271781556661,0.13207548677532485,0.0,0.05478228425602331
2022-04-22,-0.00033755624578300954,60.61225086296916,0.05478228425602331,0.0,0.04333305901564168
2022-04-23,-0.0003071856657151616,60.59363164833732,0.04333305901564168,0.0,0.04482179680234685
2022-04-24,-0.00023523915637779625,60.5793776535465,0.04482179680234685,0.0,0.046395571397997826
2022-04-25,0.0012014762434356442,60.65216233663935,0.046395571397997826,0.0,0.059503779628305296
2022-04-26,-0.002873669767540677,60.477868051396584,0.059503779628305296,0.0,0.0
2022-04-27,-3.829313296762232e-05,60.475552164353694,0.0,0.0,0.0
2022-04-28,0.0,60.475552164353694,0.0,0.0,0.039492399488367476
2022-04-29,0.0,60.475552164353694,0.039492399488367476,0.0,0.0
2022-04-30,0.0,60.475552164353694,0.0,0.0,0.0
2022-05-01,0.0,60.475552164353694,0.0,0.0,0.0
2022-05-02,0.0,60.475552164353694,0.0,0.0,0.0
2022-05-03,0.0,60.475552164353694,0.0,0.0,0.0
2022-05-04,0.0,60.475552164353694,0.0,0.0,0.03735479977418674
2022-05-05,0.0,60.475552164353694,0.03735479977418674,0.0,0.0
2022-05-06,0.0,60.475552164353694,0.0,0.0,0.0
2022-05-07,0.0,60.475552164353694,0.0,0.0,0.0
2022-05-08,0.0,60.475552164353694,0.0,0.0,0.0
2022-05-09,0.0,60.475552164353694,0.0,0.0,0.0
2022-05-10,0.0,60.475552164353694,0.0,0.0,0.0
2022-05-11,0.0,60.475552164353694,0.0,0.0,0.0
2022-05-12,0.0,60.475552164353694,0.0,0.0,0.0
2022-05-13,0.0,60.475552164353694,0.0,0.0,0.0
2022-05-14,0.0,60.475552164353694,0.0,0.0,0.0
2022-05-15,0.0,60.475552164353694,0.0,0.0,0.0
2022-05-16,0.0,60.475552164353694,0.0,0.0,0.0
2022-05-17,0.0,60.475552164353694,0.0,0.0,0.0
2022-05-18,0.0,60.475552164353694,0.0,0.0,0.0
2022-05-19,0.0,60.475552164353694,0.0,0.0,0.0
2022-05-20,0.0,60.475552164353694,0.0,0.0,0.0
2022-05-21,0.0,60.475552164353694,0.0,0.0,0.0
2022-05-22,0.0,60.475552164353694,0.0,0.0,0.0
2022-05-23,0.0,60.475552164353694,0.0,0.0,0.0
2022-05-24,0.0,60.475552164353694,0.0,0.0,0.0
2022-05-25,0.0,60.475552164353694,0.0,0.0,0.0
2022-05-26,0.0,60.475552164353694,0.0,0.0,0.0
2022-05-27,0.0,60.475552164353694,0.0,0.0,0.0
2022-05-28,0.0,60.475552164353694,0.0,0.0,0.0
2022-05-29,0.0,60.475552164353694,0.0,0.0,0.0
2022-05-30,0.0,60.475552164353694,0.0,0.0,0.0
2022-05-31,0.0,60.475552164353694,0.0,0.0,0.0
2022-06-01,0.0,60.475552164353694,0.0,0.0,0.0
2022-06-02,0.0,60.475552164353694,0.0,0.0,0.0
2022-06-03,0.0,60.475552164353694,0.0,0.0,0.0
2022-06-04,0.0,60.475552164353694,0.0,0.0,0.0
2022-06-05,0.0,60.475552164353694,0.0,0.0,0.0
2022-06-06,0.0,60.475552164353694,0.0,0.0,0.0
2022-06-07,0.0,60.475552164353694,0.0,0.0,0.0
2022-06-08,0.0,60.475552164353694,0.0,0.0,0.0
2022-06-09,0.0,60.475552164353694,0.0,0.0,0.0
2022-06-10,0.0,60.475552164353694,0.0,0.0,0.0
2022-06-11,0.0,60.475552164353694,0.0,0.0,0.0
2022-06-12,0.0,60.475552164353694,0.0,0.0,0.0
2022-06-13,0.0,60.475552164353694,0.0,0.0,0.0
2022-06-14,0.0,60.475552164353694,0.0,0.0,0.0
2022-06-15,0.0,60.475552164353694,0.0,0.0,0.0
2022-06-16,0.0,60.475552164353694,0.0,0.0,0.0
2022-06-17,0.0,60.475552164353694,0.0,0.0,0.0
2022-06-18,0.0,60.475552164353694,0.0,0.0,0.0
2022-06-19,0.0,60.475552164353694,0.0,0.0,0.0
2022-06-20,0.0,60.475552164353694,0.0,0.0,0.0
2022-06-21,0.0,60.475552164353694,0.0,0.0,0.0
2022-06-22,0.0,60.475552164353694,0.0,0.0,0.0
2022-06-23,0.0,60.475552164353694,0.0,0.0,0.0
2022-06-24,0.0,60.475552164353694,0.0,0.0,0.0
2022-06-25,0.0,60.475552164353694,0.0,0.0,0.0
2022-06-26,0.0,60.475552164353694,0.0,0.0,0.0
2022-06-27,0.0,60.475552164353694,0.0,0.0,0.0
2022-06-28,0.0,60.475552164353694,0.0,0.0,0.0
2022-06-29,0.0,60.475552164353694,0.0,0.0,0.0
2022-06-30,0.0,60.475552164353694,0.0,0.0,0.0
2022-07-01,0.0,60.475552164353694,0.0,0.0,0.0
2022-07-02,0.0,60.475552164353694,0.0,0.0,0.0
2022-07-03,0.0,60.475552164353694,0.0,0.0,0.0
2022-07-04,0.0,60.475552164353694,0.0,0.0,0.0
2022-07-05,0.0,60.475552164353694,0.0,0.0,0.0
2022-07-06,0.0,60.475552164353694,0.0,0.0,0.0
2022-07-07,0.0,60.475552164353694,0.0,0.0,0.0
2022-07-08,0.0,60.475552164353694,0.0,0.0,0.0
2022-07-09,0.0,60.475552164353694,0.0,0.0,0.0
2022-07-10,0.0,60.475552164353694,0.0,0.0,0.0
2022-07-11,0.0,60.475552164353694,0.0,0.0,0.0
2022-07-12,0.0,60.475552164353694,0.0,0.0,0.0
2022-07-13,0.0,60.475552164353694,0.0,0.0,0.0
2022-07-14,0.0,60.475552164353694,0.0,0.0,0.0
2022-07-15,0.0,60.475552164353694,0.0,0.0,0.0
2022-07-16,0.0,60.475552164353694,0.0,0.0,0.0
2022-07-17,0.0,60.475552164353694,0.0,0.0,0.0
2022-07-18,0.0,60.475552164353694,0.0,0.0,0.0
2022-07-19,0.0,60.475552164353694,0.0,0.0,0.0
2022-07-20,0.0,60.475552164353694,0.0,0.0,0.0
2022-07-21,0.0,60.475552164353694,0.0,0.0,0.0
2022-07-22,0.0,60.475552164353694,0.0,0.0,0.0
2022-07-23,0.0,60.475552164353694,0.0,0.0,0.0
2022-07-24,0.0,60.475552164353694,0.0,0.0,0.0
2022-07-25,0.0,60.475552164353694,0.0,0.0,0.0
2022-07-26,0.0,60.475552164353694,0.0,0.0,0.0
2022-07-27,0.0,60.475552164353694,0.0,0.0,0.0
2022-07-28,0.0,60.475552164353694,0.0,0.0,0.0
2022-07-29,0.0,60.475552164353694,0.0,0.0,0.0
2022-07-30,0.0,60.475552164353694,0.0,0.0,0.0
2022-07-31,0.0,60.475552164353694,0.0,0.0,0.0
2022-08-01,0.0,60.475552164353694,0.0,0.0,0.0
2022-08-02,0.0,60.475552164353694,0.0,0.0,0.0
2022-08-03,0.0,60.475552164353694,0.0,0.0,0.0
2022-08-04,0.0,60.475552164353694,0.0,0.0,0.0
2022-08-05,0.0,60.475552164353694,0.0,0.0,0.042602618066395835
2022-08-06,0.0,60.475552164353694,0.042602618066395835,0.0,0.04366649611435542
2022-08-07,0.0,60.475552164353694,0.04366649611435542,0.0,0.04515127806456652
2022-08-08,0.0,60.475552164353694,0.04515127806456652,0.0,0.045771493764353396
2022-08-09,0.0,60.475552164353694,0.045771493764353396,0.0,0.0535482339124409
2022-08-10,0.004560850791727997,60.75137213432268,0.0535482339124409,0.0,0.05124684198783726
2022-08-11,0.0008534843184206444,60.803222477761864,0.05124684198783726,0.0,0.05300387957103592
2022-08-12,0.0023962413571873573,60.94892167411334,0.05300387957103592,0.0,0.05423731320516695
2022-08-13,0.0008250199639144093,60.99920575127354,0.05423731320516695,0.0,0.05611805582656765
2022-08-14,-0.001398803815253702,60.913879829541216,0.05611805582656765,0.0,0.05680543096434065
2022-08-15,-0.0010792932255489233,60.84813589169929,0.05680543096434065,0.0,0.05865676401758122
2022-08-16,-0.000784887910986466,60.800376925431834,0.05865676401758122,0.0,0.06136640393858191
2022-08-17,-0.001356831156154986,60.717881079713436,0.06136640393858191,0.0,0.06303288247930267
2022-08-18,0.0005005884613286107,60.74827575037827,0.06303288247930267,0.0,0.06598795403602564
2022-08-19,-0.007300139489948641,60.30480486362664,0.06598795403602564,0.0,0.03252861007031297
2022-08-20,-0.0012610553386853036,60.228757167504995,0.03252861007031297,0.0,0.026038613680824118
2022-08-21,0.001438941550385536,60.315422828721395,0.026038613680824118,0.0,0.034105699887588596
2022-08-22,-0.00042530727871153344,60.28977024037378,0.034105699887588596,0.0,0.03525813856881584
2022-08-23,0.0017634279845104906,60.39608690839536,0.03525813856881584,0.0,0.035744802187185426
2022-08-24,-0.00016164550343527573,60.38632415252154,0.035744802187185426,0.0,0.03697009315091253
2022-08-25,0.001144073944004691,60.45541057255866,0.03697009315091253,0.0,0.03793086333269101
2022-08-26,-0.0058560300850596094,60.10138186944113,0.03793086333269101,0.0,0.0
2022-08-27,-4.770983608347758e-05,60.098514442363744,0.0,0.0,0.0
2022-08-28,0.0,60.098514442363744,0.0,0.0,0.0
2022-08-29,0.0,60.098514442363744,0.0,0.0,0.016561304460433534
2022-08-30,0.0,60.098514442363744,0.016561304460433534,0.0,0.01710387663205905
2022-08-31,0.0,60.098514442363744,0.01710387663205905,0.0,0.017604484256382478
2022-09-01,0.0,60.098514442363744,0.017604484256382478,0.0,0.018049549569148702
2022-09-02,0.0,60.098514442363744,0.018049549569148702,0.0,0.018662962484505146
2022-09-03,0.0,60.098514442363744,0.018662962484505146,0.0,0.01926361565467919
2022-09-04,0.0,60.098514442363744,0.01926361565467919,0.0,0.019844488574293377
2022-09-05,0.0,60.098514442363744,0.019844488574293377,0.0,0.040622000610300635
2022-09-06,0.0,60.098514442363744,0.040622000610300635,0.0,0.020657034431953332
2022-09-07,0.0,60.098514442363744,0.020657034431953332,0.0,0.03201290053832289
2022-09-08,0.0,60.098514442363744,0.03201290053832289,0.0,0.03313079486143092
2022-09-09,0.0,60.098514442363744,0.03313079486143092,0.0,0.0630932645510709
2022-09-10,0.002223083307032507,60.232118446598015,0.0630932645510709,0.0,0.06408148605006611
2022-09-11,-0.0007806752118628146,60.18509672476877,0.06408148605006611,0.0,0.0657709864534213
2022-09-12,-0.0017492696798013922,60.07981675989222,0.0657709864534213,0.07756052333931136,0.06637982927070389
2022-09-13,-0.01273187293570628,59.31488816690475,0.14394035261001525,0.0,0.03741327293636018
2022-09-14,0.0021518247139350214,59.44252340916658,0.03741327293636018,0.0,0.048710740188316004
2022-09-15,-0.005987176668302384,59.0866305199062,0.048710740188316004,0.0,0.0
2022-09-16,-5.5020727962983945e-05,59.08337953048212,0.0,0.0,0.0
2022-09-17,0.0,59.08337953048212,0.0,0.0,0.0
2022-09-18,0.0,59.08337953048212,0.0,0.0,0.0
2022-09-19,0.0,59.08337953048212,0.0,0.0,0.0
2022-09-20,0.0,59.08337953048212,0.0,0.0,0.0
2022-09-21,0.0,59.08337953048212,0.0,0.0,0.0
2022-09-22,0.0,59.08337953048212,0.0,0.0,0.0
2022-09-23,0.0,59.08337953048212,0.0,0.0,0.0
2022-09-24,0.0,59.08337953048212,0.0,0.0,0.0
2022-09-25,0.0,59.08337953048212,0.0,0.0,0.0
2022-09-26,0.0,59.08337953048212,0.0,0.0,0.0
2022-09-27,0.0,59.08337953048212,0.0,0.0,0.0
2022-09-28,0.0,59.08337953048212,0.0,0.0,0.0
2022-09-29,0.0,59.08337953048212,0.0,0.0,0.0
2022-09-30,0.0,59.08337953048212,0.0,0.0,0.0
2022-10-01,0.0,59.08337953048212,0.0,0.0,0.0
2022-10-02,0.0,59.08337953048212,0.0,0.0,0.0
2022-10-03,0.0,59.08337953048212,0.0,0.0,0.0
2022-10-04,0.0,59.08337953048212,0.0,0.0,0.0
2022-10-05,0.0,59.08337953048212,0.0,0.0,0.0
2022-10-06,0.0,59.08337953048212,0.0,0.0,0.0
2022-10-07,0.0,59.08337953048212,0.0,0.0,0.0
2022-10-08,0.0,59.08337953048212,0.0,0.0,0.0
2022-10-09,0.0,59.08337953048212,0.0,0.0,0.0
2022-10-10,0.0,59.08337953048212,0.0,0.0,0.0
2022-10-11,0.0,59.08337953048212,0.0,0.0,0.0
2022-10-12,0.0,59.08337953048212,0.0,0.0,0.0
2022-10-13,0.0,59.08337953048212,0.0,0.0,0.0
2022-10-14,0.0,59.08337953048212,0.0,0.0,0.0
2022-10-15,0.0,59.08337953048212,0.0,0.0,0.0
2022-10-16,0.0,59.08337953048212,0.0,0.0,0.0
2022-10-17,0.0,59.08337953048212,0.0,0.0,0.0
2022-10-18,0.0,59.08337953048212,0.0,0.0,0.0
2022-10-19,0.0,59.08337953048212,0.0,0.0,0.0
2022-10-20,0.0,59.08337953048212,0.0,0.0,0.0
2022-10-21,0.0,59.08337953048212,0.0,0.0,0.0
2022-10-22,0.0,59.08337953048212,0.0,0.0,0.0
2022-10-23,0.0,59.08337953048212,0.0,0.0,0.0
2022-10-24,0.0,59.08337953048212,0.0,0.0,0.0
2022-10-25,0.0,59.08337953048212,0.0,0.0,0.0
2022-10-26,0.0,59.08337953048212,0.0,0.0,0.1472632276391227
2022-10-27,-0.005440419616458286,58.761941153477835,0.1472632276391227,0.0,0.058555180205523846
2022-10-28,0.0015078367433322077,58.85054456745857,0.058555180205523846,0.0,0.14731336177057527
2022-10-29,0.005870476604199618,59.19602531248625,0.14731336177057527,0.0,0.14880213343333398
2022-10-30,-0.002765773621504404,59.03230250717907,0.14880213343333398,0.0,0.15024007666582168
2022-10-31,-0.0017278734307309954,58.93030216012204,0.15024007666582168,0.0,0.13076475249126576
2022-11-01,0.0008558577931605416,58.98073811847909,0.13076475249126576,0.0,0.15874300830942076
2022-11-02,-0.0057321398154035535,58.64265228116827,0.15874300830942076,0.0,0.05136105040310621
2022-11-03,0.00025237992999640097,58.6574525096458,0.05136105040310621,0.0,0.13572783092844976
2022-11-04,0.010116357506891065,59.250852269676855,0.13572783092844976,0.24493742128359197,0.14531252416377907
2022-11-05,-0.00031328990998055013,59.23228957550302,0.390249945447371,0.2533587268623404,0.14876465828641253
2022-11-06,-0.008500636272286966,58.72877742624689,0.4021233851487529,0.12680431330442157,0.12573162014912273
2022-11-07,-0.0030731389444766423,58.548295733176786,0.2525359334535443,0.0,0.1297078631180087
2022-11-08,-0.021066663906806442,57.31487846464964,0.1297078631180087,0.0,0.0
2022-11-09,-0.00012093499983284062,57.3079470898321,0.0,0.0,0.0
2022-11-10,0.0,57.3079470898321,0.0,0.0,0.0
2022-11-11,0.0,57.3079470898321,0.0,0.0,0.0
2022-11-12,0.0,57.3079470898321,0.0,0.0,0.0
2022-11-13,0.0,57.3079470898321,0.0,0.0,0.0
2022-11-14,0.0,57.3079470898321,0.0,0.0,0.0
2022-11-15,0.0,57.3079470898321,0.0,0.0,0.0
2022-11-16,0.0,57.3079470898321,0.0,0.0,0.0
2022-11-17,0.0,57.3079470898321,0.0,0.0,0.0
2022-11-18,0.0,57.3079470898321,0.0,0.0,0.0
2022-11-19,0.0,57.3079470898321,0.0,0.0,0.0
2022-11-20,0.0,57.3079470898321,0.0,0.0,0.0
2022-11-21,0.0,57.3079470898321,0.0,0.0,0.0
2022-11-22,0.0,57.3079470898321,0.0,0.0,0.0
2022-11-23,0.0,57.3079470898321,0.0,0.0,0.0
2022-11-24,0.0,57.3079470898321,0.0,0.0,0.0
2022-11-25,0.0,57.3079470898321,0.0,0.0,0.0
2022-11-26,0.0,57.3079470898321,0.0,0.0,0.0
2022-11-27,0.0,57.3079470898321,0.0,0.0,0.0
2022-11-28,0.0,57.3079470898321,0.0,0.0,0.0
2022-11-29,0.0,57.3079470898321,0.0,0.0,0.0
2022-11-30,0.0,57.3079470898321,0.0,0.0,0.0
2022-12-01,0.0,57.3079470898321,0.0,0.0,0.0
2022-12-02,0.0,57.3079470898321,0.0,0.0,0.0
2022-12-03,0.0,57.3079470898321,0.0,0.0,0.0
2022-12-04,0.0,57.3079470898321,0.0,0.0,0.0
2022-12-05,0.0,57.3079470898321,0.0,0.0,0.0
2022-12-06,0.0,57.3079470898321,0.0,0.0,0.0
2022-12-07,0.0,57.3079470898321,0.0,0.0,0.0
2022-12-08,0.0,57.3079470898321,0.0,0.0,0.0
2022-12-09,0.0,57.3079470898321,0.0,0.0,0.0
2022-12-10,0.0,57.3079470898321,0.0,0.0,0.0
2022-12-11,0.0,57.3079470898321,0.0,0.0,0.0
2022-12-12,0.0,57.3079470898321,0.0,0.0,0.0
2022-12-13,0.0,57.3079470898321,0.0,0.0,0.0
2022-12-14,0.0,57.3079470898321,0.0,0.0,0.0
2022-12-15,0.0,57.3079470898321,0.0,0.0,0.0
2022-12-16,0.0,57.3079470898321,0.0,0.0,0.0
2022-12-17,0.0,57.3079470898321,0.0,0.0,0.0
2022-12-18,0.0,57.3079470898321,0.0,0.0,0.0
2022-12-19,0.0,57.3079470898321,0.0,0.0,0.0
2022-12-20,0.0,57.3079470898321,0.0,0.0,0.0
2022-12-21,0.0,57.3079470898321,0.0,0.0,0.0
2022-12-22,0.0,57.3079470898321,0.0,0.0,0.0
2022-12-23,0.0,57.3079470898321,0.0,0.0,0.0
2022-12-24,0.0,57.3079470898321,0.0,0.0,0.0
2022-12-25,0.0,57.3079470898321,0.0,0.0,0.0
2022-12-26,0.0,57.3079470898321,0.0,0.0,0.0
2022-12-27,0.0,57.3079470898321,0.0,0.0,0.0
2022-12-28,0.0,57.3079470898321,0.0,0.0,0.0
2022-12-29,0.0,57.3079470898321,0.0,0.0,0.0
2022-12-30,0.0,57.3079470898321,0.0,0.0,0.0
2022-12-31,0.0,57.3079470898321,0.0,0.0,0.0
2023-01-01,0.0,57.3079470898321,0.0,0.0,0.0
2023-01-02,0.0,57.3079470898321,0.0,0.0,0.0
2023-01-03,0.0,57.3079470898321,0.0,0.0,0.0
2023-01-04,0.0,57.3079470898321,0.0,0.0,0.0
2023-01-05,0.0,57.3079470898321,0.0,0.0,0.0
2023-01-06,0.0,57.3079470898321,0.0,0.0,0.0
2023-01-07,0.0,57.3079470898321,0.0,0.0,0.0
2023-01-08,0.0,57.3079470898321,0.0,0.0,0.0
2023-01-09,0.0,57.3079470898321,0.0,0.0,0.14673444187090223
2023-01-10,0.0015237915620637298,57.39527245604678,0.14673444187090223,0.0,0.15173319600614893
2023-01-11,0.004976562188033863,57.68090359872344,0.15173319600614893,0.0,0.29580228469547887
2023-01-12,0.007705410103871324,58.12535861611347,0.29580228469547887,0.26385350564844373,0.5119926942498565
2023-01-13,0.02532294639270286,59.597263956405946,0.7758461998983002,0.47222084478967113,0.5230599256748191
2023-01-14,0.06277950971273241,63.33875096780941,0.9952807704644901,0.4325290575219939,0.3923590398610558
2023-01-15,-0.002952363168942753,63.15175197228521,0.8248880973830497,0.43647180332048563,0.471913941885167
2023-01-16,0.014541707372410595,64.07008626952124,0.9083857452056526,0.47024143624108466,0.5179421222294596
2023-01-17,-0.0023725045480620056,63.918079698452075,0.9881835584705443,0.5129476362489508,0.5043696739672614
2023-01-18,-0.025466725860214222,62.29029548526027,1.017317310216212,0.5144762306380048,0.4787981450944685
2023-01-19,0.01758853758363041,63.38589068849822,0.9932743757324733,0.5481781737573421,0.5023408272846108
2023-01-20,0.07388722878157002,68.06929849532287,1.050519001041953,0.4187277126850311,0.4003267738582786
2023-01-21,-0.004795671461851612,67.74286050310059,0.8190544865433097,0.4514110415983666,0.41144693808447164
2023-01-22,-0.0015791491898061304,67.63588441982196,0.8628579796828382,0.48015718352142334,0.4405361971577202
2023-01-23,0.0043586540121613,67.93068583881451,0.9206933806791435,0.5207209963252645,0.43778549005352896
2023-01-24,-0.024640201766663133,66.25686003359831,0.9585064863787934,0.45779561233644894,0.3472240554941611
2023-01-25,0.02413640870320003,67.85606268675997,0.8050196678306101,0.47440581181522473,0.38530926201758986
2023-01-26,-0.00351916760645787,67.61726582905095,0.8597150738328145,0.504516137241193,0.4108691406454413
2023-01-27,0.00035502269255222084,67.6412714928286,0.9153852778866343,0.5448647105302387,0.40554289767171975
2023-01-28,-0.00827640881526652,67.08144467716951,0.9504076082019584,0.5760943742429396,0.4202456461478167
2023-01-29,0.036892884790903135,69.55627268725168,0.9963400203907563,0.58361509037147,0.4520589045404466
2023-01-30,-0.044521134286563735,66.4595485304697,1.0356739949119165,0.403398773847092,0.276856919291296
2023-01-31,0.008861547033994688,67.04848294563052,0.6802556931383881,0.46526059325010916,0.34947940580137904
2023-02-01,0.024467630996221276,68.68900048520065,0.8147399990514882,0.4738831830262452,0.3511336650553105
2023-02-02,-0.003396220355516306,68.45571750355275,0.8250168480815557,0.5018569318885624,0.3766098640672818
2023-02-03,0.0029834922817119653,68.65995460836366,0.8784667959558442,0.5400642736553036,0.4063250117370765
2023-02-04,-0.0009874629896147692,68.59215544431927,0.9463892853923801,0.539500282996375,0.4380135402367945
2023-02-05,-0.019726855659145327,67.23904789451953,0.9775138232331695,0.5397592350987257,0.4346711492140711
2023-02-06,-0.009492545476085747,66.60077817461209,0.9744303843127968,0.4762742207698736,0.4253012572537107
2023-02-07,0.026626141270631138,68.37409990302328,0.9015754780235843,0.5647609445209504,0.44566134862289114
2023-02-08,-0.013983694942101948,67.4179773480386,1.0104222931438416,0.4846664206635248,0.459990810593343
2023-02-09,-0.05162977196289967,63.93720255135944,0.9446572312568677,0.347564778106308,0.25970037529766793
2023-02-10,-0.008733400185390375,63.378813374744055,0.6072651534039759,0.3538916519513315,0.259345503724028
2023-02-11,0.008321397731226685,63.906213688568485,0.6132371556753595,0.3589134226201928,0.2598469388261237
2023-02-12,-0.005917124394897753,63.5280726725663,0.6187603614463165,0.37210374004677416,0.26091563583589855
2023-02-13,-0.000850752086772047,63.47402603217151,0.6330193758826728,0.38920404515268797,0.23596738277457904
2023-02-14,0.015465017967590507,64.45565298523435,0.625171427927267,0.391013554839666,0.25424562420077373
2023-02-15,0.05213933920514896,67.81632813992086,0.6452591790404397,0.2975860700864549,0.24586633236657637
2023-02-16,-0.011536210686665709,67.03398469050268,0.5434524024530313,0.31348874859380543,0.2417647505575202
2023-02-17,0.01907088082963196,68.31238182407063,0.5552534991513256,0.32689237940650434,0.275995561095261
2023-02-18,-0.00044869285604213105,68.28173054636694,0.6028879405017653,0.35361726350291417,0.305231971529105
2023-02-19,-0.005138802356817867,67.93084422850767,0.6588492350320192,0.37109902671887646,0.332247360964745
2023-02-20,0.009639426740189866,68.58565862484761,0.7033463876836215,0.3923000998202609,0.36266655388963065
2023-02-21,-0.014631726507879472,67.58213202548606,0.7549666537098916,0.39891496712024277,0.3131205712179187
2023-02-22,-0.006041650418693263,67.1738244092381,0.7120355383381615,0.4199830146318323,0.35710479364908276
2023-02-23,-0.00298954036812417,66.97300554948539,0.7770878082809151,0.4442101341339818,0.40956972417293175
2023-02-24,-0.02308293361772186,65.4270721082073,0.8537798583069136,0.38982451809894575,0.35771914974212304
2023-02-25,-0.003538530343410376,65.19555642827191,0.7475436678410687,0.41615359901922455,0.342798483157957
2023-02-26,0.017264195050152288,66.32110523085281,0.7589520821771816,0.4641637971675882,0.40141104845411535
2023-02-27,-0.002192130163819002,66.17572073557844,0.8655748456217036,0.49561220496564956,0.42989140991391606
2023-02-28,-0.014801767575499936,65.19620309810922,0.9255036148795657,0.4352080902071847,0.36670301522132137
2023-03-01,0.021178677496876762,66.57697245754495,0.8019111054285061,0.4721189306262425,0.38717890032963564
2023-03-02,-0.005685679926053576,66.19843710170566,0.8592978309558781,0.4560873754542193,0.4468921587228158
2023-03-03,-0.04215481275273349,63.40785438115966,0.902979534177035,0.2832019434503715,0.19967560414183905
2023-03-04,-0.001011974373004665,63.34368725747871,0.4828775475922105,0.2865492027252984,0.20160459531210012
2023-03-05,0.0007979148228318893,63.394230124474284,0.4881537980373985,0.29235946679928637,0.20435732413942967
2023-03-06,0.0004323258540627011,63.42163708915549,0.496716790938716,0.30148951286710357,0.20920715637747253
2023-03-07,-0.003996317025251694,63.16818412108676,0.5106966692445761,0.3058509859511294,0.2138409881135162
2023-03-08,-0.009315083858401622,62.579767188815886,0.5196919740646456,0.2911254247644468,0.20727053004913715
2023-03-09,-0.029931149794880353,60.7066828029587,0.49839595481358395,0.15266207836986184,0.061940850341049
2023-03-10,-0.0011750733576901535,60.6353479973632,0.21460292871091086,0.07037678632797094,0.0660381811213109
2023-03-11,0.0029775910080522944,60.815895264330265,0.13641496744928183,0.1506376033836613,0.13757068002610065
2023-03-12,0.02085692708162222,62.08432795726197,0.28820828340976196,0.17603284864611887,0.19697009843547342
2023-03-13,0.02626426998662536,63.71492750866969,0.3730029470815923,0.2257974744051814,0.2402206161013953
2023-03-14,0.009197239829467635,64.30092897768408,0.4660180905065767,0.2588119597240086,0.27417322769682023
2023-03-15,-0.011662908030306458,63.55099315675408,0.5329851874208289,0.2858773438829769,0.2634995958195061
2023-03-16,0.010908627532269852,64.24424727040694,0.549376939702483,0.3169367735698068,0.3156308896468512
2023-03-17,0.04617951320260053,67.21101533542183,0.632567663216658,0.24880025976976916,0.26258862570873925
2023-03-18,-0.0083649249712442,66.6488002348999,0.5113888854785085,0.27537116571012715,0.2873281776760856
2023-03-19,0.016756690964337975,67.76561358358,0.5626993433862127,0.2946250581540127,0.3125115656700827
2023-03-20,-0.01296549719858947,66.8869987105014,0.6071366238240954,0.30083358812157934,0.31121976980864535
2023-03-21,0.013538558736580891,67.79255227125714,0.6120533579302248,0.3154362506970961,0.32347549214449806
2023-03-22,-0.019549724787157267,66.4672265317351,0.6389117428415941,0.30772039400158346,0.3125544301832591
2023-03-23,0.024531183273360728,68.09774624745708,0.6202748241848426,0.30492415219706104,0.305100041936024
2023-03-24,-0.02062657303690891,66.69312311083502,0.6100241941330851,0.2957919070576773,0.2948535231127481
2023-03-25,-0.0010590521456149918,66.62249161570672,0.5906454301704254,0.3154928435838152,0.31529447811465755
2023-03-26,0.011975438403937076,67.42032516036743,0.6307873216984727,0.33147040038091513,0.3324748566637271
2023-03-27,-0.022029167133838505,65.93511154919196,0.6639452570446422,0.3235338029283456,0.31944070957013215
2023-03-28,0.012962652907458181,66.78980551461868,0.6429745124984778,0.3411561670496243,0.3255803674287733
2023-03-29,0.01630326874744675,67.87869766351321,0.6667365344783975,0.3453407488508618,0.34643230699555183
2023-03-30,-0.004660258944974986,67.56236535555357,0.6917730558464137,0.36313111791963065,0.37375729645154465
2023-03-31,0.011547795097096511,68.34256170695468,0.7368884143711754,0.3823525536795216,0.3926590419581284
2023-04-01,-0.0007331084732991303,68.29245919588035,0.77501159563765,0.40762631058823917,0.41895275117289815
2023-04-02,-0.010421493936420154,67.58074974646728,0.8265790617611373,0.39562400422730115,0.40536059347627923
2023-04-03,-0.0006407463828526127,67.53744762551676,0.8009845977035803,0.4488379847718647,0.4635587153433667
2023-04-04,0.01868834326270211,68.79961062982919,0.9123967001152313,0.4367248781172321,0.46870827898484074
2023-04-05,0.011995014759315215,69.62486297476913,0.9054331571020728,0.4968069363937612,0.491287033018329
2023-04-06,-0.01223698329821691,68.77286468940625,0.9880939694120903,0.48348254440781735,0.4973169482896485
2023-04-07,-0.0034471935781204026,68.53579131189998,0.9807994926974659,0.5051899217489543,0.5288924771822897
2023-04-08,-0.0037135613436654934,68.28127944662658,1.034082398931244,0.5882546060692867,0.5605070790310919
2023-04-09,0.010834687205934512,69.02108575145179,1.1487616851003786,0.6199343679771158,0.5951680088762727
2023-04-10,0.0438546648608434,72.04798233541324,1.2151023768533884,0.5139402210086569,0.5294099642793003
2023-04-11,0.003894059985529633,72.32854150046373,1.0433501852879572,0.545735545459518,0.5584250487699637
2023-04-12,0.0025162964751860254,72.51054155449668,1.1041605942294817,0.5719939551585094,0.5920757138333674
2023-04-13,0.03603409047676809,75.12339296939088,1.1640696689918768,0.5624519737983193,0.5323187195481098
2023-04-14,0.025722896190265153,77.05578420820301,1.0947706933464292,0.5804211395468994,0.5136651351018373
2023-04-15,-0.004126796087355004,76.73779069942452,1.0940862746487368,0.6087142948006473,0.5367309097221483
2023-04-16,0.005761143003637198,77.1798880854271,1.1454452045227956,0.6494770560524303,0.5739646750413465
2023-04-17,-0.027888251561996046,75.02747595097401,1.2234417310937769,0.5697340599386007,0.5193391224846661
2023-04-18,0.02501227385510829,76.9040837261173,1.0890731824232667,0.5579724500297089,0.5337296193580068
2023-04-19,-0.0742353673476434,71.19508082017506,1.0917020693877157,0.3107658453520402,0.2821767676950995
2023-04-20,-0.00547723714103615,70.80512847924774,0.5929426130471397,0.32559620775655174,0.30050349702408924
2023-04-21,-0.02409672632560291,69.09895667583416,0.6260997047806409,0.26675981173350616,0.2388073299375082
2023-04-22,0.009853330838613209,69.77981155656416,0.5055671416710144,0.27574742732005947,0.27030039934252015
2023-04-23,-0.004347983930605972,69.4764100572355,0.5460478266625797,0.3190430034144451,0.2882718404128028
2023-04-24,-0.003913505793467483,69.20451372396718,0.6073148438272479,0.34096033144195315,0.28469010240909526
2023-04-25,0.012463598394665501,70.06705099012082,0.6256504338510485,0.34043461721088103,0.29538920258723417
2023-04-26,0.0007225546347634097,70.11767826255793,0.6358238197981152,0.3638848316851569,0.31572110743175524
2023-04-27,0.02009365119730831,71.52659843233084,0.6796059391169121,0.38210548371589576,0.31725326682411786
2023-04-28,-0.003680202068149275,71.2633660968525,0.6993587505400136,0.40656159620907684,0.33726897730107097
2023-04-29,0.0004291018019135158,71.29394533565508,0.7438305735101478,0.43364541744209567,0.3600396671755724
2023-04-30,-0.0015919542863231863,71.1804486337891,0.7936850846176681,0.46342816583496965,0.38248294888363576
2023-05-01,-0.02812491105750366,69.17850484693057,0.8459111147186054,0.30376336875199744,0.32565051915478294
2023-05-02,0.01352963589429465,70.11446482922123,0.6294138879067803,0.3770770962951567,0.3667869118881762
2023-05-03,0.01052129334315757,70.85215968128797,0.7438640081833329,0.4653840219803508,0.381325274469303
2023-05-04,-0.008143154570307502,70.27519959336314,0.8467092964496538,0.49239727320367666,0.3996772559813326
2023-05-05,0.036443348725484624,72.83626319889711,0.8920745291850092,0.45946968702410135,0.3775429697514063
2023-05-06,-0.029758315931623487,70.66877866734545,0.8370126567755076,0.4408864940906644,0.3061687377311655
2023-05-07,-0.0023147180530696926,70.50520036957576,0.7470552318218299,0.4705318918041463,0.3280842909034406
2023-05-08,-0.024737124612029905,68.76110444223742,0.7986161827075868,0.33587929819395757,0.2626254249595625
2023-05-09,-0.0014856721252496051,68.65894798606621,0.5985047231535201,0.3279577766619431,0.24967562756251294
2023-05-10,-0.000791273710289318,68.60461996554871,0.577633404224456,0.3505937114380115,0.2616252422885885
2023-05-11,-0.014346674381702097,67.62037182182256,0.6122189537266001,0.35631028531817865,0.2542545601845717
2023-05-12,-0.0009395559445305069,67.556838699506,0.6105648455027504,0.3634497508576747,0.26040256266528655
2023-05-13,-0.0002978494844317482,67.53671692992951,0.6238523135229612,0.36997290726537624,0.26924722107949667
2023-05-14,0.0009926505853920372,67.60375729152547,0.6392201283448729,0.381142250881319,0.279361916075776
2023-05-15,0.00652286393460807,68.04472740180636,0.660504166957095,0.39209907372549074,0.2894925719698014
2023-05-16,-0.0023452179304171952,67.88514768703328,0.6815916456952922,0.3662805034990961,0.3097238583989616
2023-05-17,0.005000399792398152,68.22460056543444,0.6760043618980577,0.43077052032749397,0.3301850132500186
2023-05-18,-0.01111622576271009,67.46620050297835,0.7609555335775126,0.37938873994233036,0.3419935139164573
2023-05-19,0.0022703714314704555,67.61937383719017,0.7213822538587877,0.3967405667910489,0.36183196478616014
2023-05-20,0.004238792633082351,67.90599834086488,0.758572531577209,0.4190474233838652,0.3867587275896966
2023-05-21,-0.007222579032866876,67.41554190104226,0.8058061509735618,0.4316227615940162,0.4082867923379572
2023-05-22,0.0035328775675741173,67.6537127567303,0.8399095539319734,0.4542299305936638,0.38046218891056177
2023-05-23,0.013412044030816195,68.56108733107175,0.8346921195042256,0.4716602880516007,0.5727444604313868
2023-05-24,-0.03148942419062805,66.40213816913294,1.0444047484829875,0.2113610753733151,0.39419234586599144
2023-05-25,0.001996796173159483,66.53472970451867,0.6055534212393066,0.21350593664460338,0.46869540360342543
2023-05-26,0.007595805457280866,67.04011456750696,0.6822013402480288,0.4058120454233254,0.5633081614746634
2023-05-27,0.0022253995319250815,67.18930560708569,0.9691202068979888,0.49989924009711245,0.611777709084143
2023-05-28,0.04776680620666642,70.39872414717983,1.1116769491812555,0.4257658826239383,0.5656798972619433
2023-05-29,-0.00992879622583017,69.69974956056406,0.9914457798858816,0.46463033342322146,0.5696263028657511
2023-05-30,0.0009648413640970799,69.76699876200729,1.0342566362889727,0.5160309126815257,0.6824900312932544
2023-05-31,-0.019494418440700774,68.40693169478887,1.19852094397478,0.46264175081377623,0.6310036524963599
2023-06-01,-0.010531149597546901,67.68652806360187,1.0936454033101362,0.2251673664038575,0.6168978958007151
2023-06-02,0.018720039434830738,68.95362253815928,0.8420652622045726,0.5203379617700453,0.7281762118564734
2023-06-03,-0.00956214114926781,68.29427826669607,1.2485141736265186,0.4253951368593686,0.7791466910510092
2023-06-04,0.001259878992754485,68.3803207932096,1.204541827910378,0.5897431418255515,0.7339795520281892
2023-06-05,-0.060689376800062526,64.23036173888136,1.3237226938537408,0.13207491515905867,0.32313290129293204
2023-06-06,0.018980885097691868,65.44951085483024,0.4552078164519907,0.24021306706771556,0.4438751353535044
2023-06-07,-0.020016891868533167,64.13941507320071,0.68408820242122,0.09877466881971372,0.30495937184752736
2023-06-08,0.0029630121283472977,64.3294609379677,0.40373404066724106,0.12417562618917888,0.3195166557488826
2023-06-09,-0.0016536184713905723,64.22308455310608,0.4436922819380615,0.10603082101466461,0.33738437649541003
2023-06-10,-0.016493472487869094,63.16382287494333,0.44341519751007463,0.09792739003906775,0.12747964457007413
2023-06-11,-8.0333178686611e-05,63.158748724273785,0.22540703460914188,0.09604198508450511,0.1197119804309532
2023-06-12,-0.0006825596779197131,63.11563910908673,0.2157539655154583,0.09529418228064084,0.05572001790109068
2023-06-13,-0.0003465527190965161,63.09376621273596,0.1510142001817315,0.09632847180488878,0.051472823445874415
2023-06-14,-0.005761685523942829,62.730239773297,0.1478012952507632,0.04879925803335973,0.03089020529178804
2023-06-15,0.002210186335462077,62.8688852920642,0.07968946332514777,0.034831342902159,0.03248910007933174
2023-06-16,0.0026843329264814556,63.03764631090487,0.06732044298149074,0.06938086021615442,0.032095479320138905
2023-06-17,0.0005986362788862354,63.07538293292218,0.10147633953629331,0.07379318748931918,0.03407690301598756
2023-06-18,-0.00045623886694495954,63.046605491680744,0.10787009050530674,0.07863517045883234,0.036394393814553394
2023-06-19,0.001052178948188729,63.11294180273385,0.11502956427338573,0.1756466299838879,0.03852641941590891
2023-06-20,0.011632142924170833,63.84708056214812,0.2141730493997968,0.5351563187393561,0.1498376406142581
2023-06-21,0.04222464425922609,66.54300082587497,0.6849939593536142,0.4661895435163079,0.3897653709918417
2023-06-22,-0.006699196463769995,66.09721619005362,0.8559549145081496,0.5350298807261318,0.4372544745045249
2023-06-23,0.015749175329185013,67.13819283660182,0.9722843552306567,0.5980905917823738,0.4862230076603678
2023-06-24,-0.005903437891028523,66.74184668507505,1.0843135994427415,0.6507316370795831,0.5347927828926631
2023-06-25,0.004300980524595256,67.02890206784308,1.1855244199722463,0.6904391563142376,0.5940380777285513
2023-06-26,-0.017863265480663554,65.8315469953278,1.284477234042789,0.7057369853105514,0.5492804426186649
2023-06-27,0.019446649261662764,67.11175000009861,1.2550174279292163,0.7273761828101489,0.527012291666461
2023-06-28,-0.029545878736879964,65.1288743727759,1.25438847447661,0.6794212065642131,0.2748466379030731
2023-06-29,0.011691133812218221,65.89030475810718,0.9542678444672863,0.713531703883595,0.4894252989541283
2023-06-30,0.021792620230678232,67.32622714658426,1.2029570028377232,0.7277408107109512,0.5538756368131231
2023-07-01,-0.001192899356230079,67.2459137335637,1.2816164475240743,0.7777338037709445,0.6095092445106641
2023-07-02,0.004024622584939346,67.51655315672069,1.3872430482816087,0.8299177446385154,0.6728887328621375
2023-07-03,0.020892968606570948,68.92717438224793,1.5028064775006529,0.8462740617349563,0.7191112731415965
2023-07-04,-0.014938346868841648,67.89751634263678,1.5653853348765527,0.8603629579824082,0.7064081232522061
2023-07-05,-0.018102006287132308,66.6684350749217,1.5667710812346143,0.8732465275692796,0.7716921629073701
2023-07-06,-0.03636644179640491,64.24394131111217,1.6449386904766496,0.8045687915227057,0.24005079996846015
2023-07-07,0.010778255031166209,64.9363788947706,1.0446195914911658,0.7845884834081088,0.5746999193670782
2023-07-08,-0.003819246492213635,64.68837085745969,1.359288402775187,0.8373800937381188,0.3602562854893126
2023-07-09,-0.0032117969491031375,64.48060494529724,1.1976363792274314,0.8135140130518957,0.3429473263565172
2023-07-10,0.009575263134897847,65.09802370474586,1.156461339408413,0.9162691785708315,0.6653751735441928
2023-07-11,0.0054074198253394315,65.45003604871731,1.5816443521150243,0.9627125195213605,0.6309031415252787
2023-07-12,-0.009459033991617537,64.8309419329799,1.5936156610466392,0.9662617958866796,0.7132840895684427
2023-07-13,0.07793995769490512,69.8838628045572,1.6795458854551222,0.6843795260687026,0.41723633516730096
2023-07-14,-0.03887987597101176,67.16678688634082,1.1016158612360036,0.4312906760604426,0.36520974187985594
2023-07-15,-0.001425250540632219,67.07105738701853,0.7965004179402986,0.46093316023034875,0.39610566580243456
2023-07-16,-0.0017522870086256427,66.95352964450447,0.8570388260327833,0.5344245809716733,0.394263488738769
2023-07-17,-0.004296928640869409,66.6658351053677,0.9286880697104423,0.524788773696353,0.4207039135110866
2023-07-18,-0.008797226994179643,66.07936062118924,0.9454926872074396,0.5976570082355662,0.39585134415252804
2023-07-19,-0.00027027854231315965,66.06150078792355,0.9935083523880943,0.6387984915276752,0.41872976545771196
2023-07-20,-0.001611298351240581,65.95505600062349,1.0575282569853872,0.682607857855001,0.5295403057188252
2023-07-21,0.0023987471453944414,66.11326550292931,1.212148163573826,0.6709437881269473,0.5188650404484492
2023-07-22,-0.013090313001187077,65.24782216396538,1.1898088285753965,0.7027257044597452,0.24591308666481132
2023-07-23,0.011129398424226207,65.97399117314121,0.9486387911245566,0.7242203496625632,0.5320456068521854
2023-07-24,-0.031403863728881605,63.90215294468945,1.2562659565147487,0.6249746959292547,0.1873127308922013
2023-07-25,0.0012756204013980904,63.98366783467896,0.8122874268214559,0.6666792365750357,0.23304963460273012
2023-07-26,0.004378849854148877,64.26384270924476,0.8997288711777658,0.6459436892372105,0.4817641047182687
2023-07-27,-0.006850619091352489,63.823595601497125,1.1277077939554792,0.687845699469095,0.39775326501390873
2023-07-28,0.005948417041531836,64.20324496522491,1.0855989644830037,0.7954565342889456,0.4769368785555104
2023-07-29,0.0024568339793536575,64.36098167904024,1.272393412844456,0.7767142039524013,0.5157463277740569
2023-07-30,-0.007661551888332993,63.867876678322226,1.2924605317264581,0.8084799762652296,0.5364116911864343
2023-07-31,-0.0028588975079060727,63.68528496485132,1.3448916674516638,0.8658509716678536,0.4116347267169305
2023-08-01,0.010418882863841007,64.34881448905044,1.2774856983847842,0.8904521531452829,0.5202940696001993
2023-08-02,-0.018665907285857663,63.14768548384297,1.4107462227454821,0.8981825993366629,0.21266065378701426
2023-08-03,0.0008626347048212506,63.20215886887047,1.1108432531236772,0.8550575754280466,0.10537122049131428
2023-08-04,-0.004693943791878202,62.90549148761464,0.9604287959193609,0.9603473014846098,0.1264840454668349
2023-08-05,0.0002811092067854953,62.92317480042918,1.0868313469514446,0.9776841123050173,0.0984212318949059
2023-08-06,-0.0006713966357805279,62.88092839255554,1.076105344199923,0.998180223378011,0.09543047169252297
2023-08-07,0.003765619781107122,63.117714060364925,1.093610695070534,1.0249916976125566,0.09308522311545799
2023-08-08,0.0232919904198901,64.58785125158431,1.1180769207280146,1.1867366536924475,0.5550373608646663
2023-08-09,-0.009062770090318688,64.0025064050635,1.7417740145571137,1.212553688780361,0.5919042501290219
2023-08-10,-0.00768739081469391,63.51049412520783,1.8044579389093829,1.2455819673775712,0.17027201533795674
2023-08-11,-0.0022408469449829754,63.368176828473,1.4158539827155279,1.279449122995716,0.1774822965087143
2023-08-12,0.00074853324682033,63.41561001561949,1.4569314195044303,1.3000712785375907,0.1859821731013164
2023-08-13,-0.006799718155684133,62.9844017408425,1.4860534516389072,1.2380675769414682,0.1887014829042919
2023-08-14,0.005469704429768084,63.32890780205067,1.42676905984576,1.336682832251103,0.19527068022696453
2023-08-15,-0.012752401278439057,62.52131215723365,1.5319535124780677,1.1774624624587777,0.18833119623209926
2023-08-16,-0.018831299464030563,61.34395460511665,1.365793658690877,1.0915760301172077,0.1699596488097408
2023-08-17,-0.0908891394700051,55.76845535937054,1.2615356789269485,0.0,0.0
2023-08-18,-0.0012902171554034524,55.69650194153553,0.0,0.0,0.0
2023-08-19,0.0,55.69650194153553,0.0,0.0,0.0
2023-08-20,0.0,55.69650194153553,0.0,0.0,0.0
2023-08-21,0.0,55.69650194153553,0.0,0.0,0.0
2023-08-22,0.0,55.69650194153553,0.0,0.0,0.0
2023-08-23,0.0,55.69650194153553,0.0,0.0,0.0
2023-08-24,0.0,55.69650194153553,0.0,0.0,0.0
2023-08-25,0.0,55.69650194153553,0.0,0.0,0.0
2023-08-26,0.0,55.69650194153553,0.0,0.0,0.0
2023-08-27,0.0,55.69650194153553,0.0,0.0,0.0
2023-08-28,0.0,55.69650194153553,0.0,0.0,0.0
2023-08-29,0.0,55.69650194153553,0.0,0.08057032454969594,0.0
2023-08-30,-0.0011672487613265982,55.63149026863405,0.08057032454969594,0.0,0.0
2023-08-31,-7.957653172100105e-05,55.62706330758401,0.0,0.0,0.0
2023-09-01,0.0,55.62706330758401,0.0,0.0,0.0
2023-09-02,0.0,55.62706330758401,0.0,0.0,0.0
2023-09-03,0.0,55.62706330758401,0.0,0.0,0.0
2023-09-04,0.0,55.62706330758401,0.0,0.0,0.0
2023-09-05,0.0,55.62706330758401,0.0,0.0,0.0
2023-09-06,0.0,55.62706330758401,0.0,0.0,0.0
2023-09-07,0.0,55.62706330758401,0.0,0.0,0.0
2023-09-08,0.0,55.62706330758401,0.0,0.0,0.0
2023-09-09,0.0,55.62706330758401,0.0,0.0,0.0
2023-09-10,0.0,55.62706330758401,0.0,0.0,0.0
2023-09-11,0.0,55.62706330758401,0.0,0.0,0.0
2023-09-12,0.0,55.62706330758401,0.0,0.0,0.0
2023-09-13,0.0,55.62706330758401,0.0,0.0,0.0
2023-09-14,0.0,55.62706330758401,0.0,0.0,0.0
2023-09-15,0.0,55.62706330758401,0.0,0.0,0.0
2023-09-16,0.0,55.62706330758401,0.0,0.0,0.0
2023-09-17,0.0,55.62706330758401,0.0,0.0,0.0
2023-09-18,0.0,55.62706330758401,0.0,0.0,0.0
2023-09-19,0.0,55.62706330758401,0.0,0.0,0.0
2023-09-20,0.0,55.62706330758401,0.0,0.0,0.0
2023-09-21,0.0,55.62706330758401,0.0,0.0,0.0
2023-09-22,0.0,55.62706330758401,0.0,0.0,0.0
2023-09-23,0.0,55.62706330758401,0.0,0.0,0.0
2023-09-24,0.0,55.62706330758401,0.0,0.0,0.0
2023-09-25,0.0,55.62706330758401,0.0,0.0,0.0
2023-09-26,0.0,55.62706330758401,0.0,0.0,0.0
2023-09-27,0.0,55.62706330758401,0.0,0.0,0.0
2023-09-28,0.0,55.62706330758401,0.0,0.0,0.0
2023-09-29,0.0,55.62706330758401,0.0,0.0,0.0
2023-09-30,0.0,55.62706330758401,0.0,0.0,0.0
2023-10-01,0.0,55.62706330758401,0.0,0.1071246025600763,0.0
2023-10-02,-0.0015798639249386317,55.539180117014084,0.1071246025600763,0.0,0.0
2023-10-03,-0.00010581904292618837,55.533303014129196,0.0,0.0,0.0
2023-10-04,0.0,55.533303014129196,0.0,0.0,0.0
2023-10-05,0.0,55.533303014129196,0.0,0.0,0.0
2023-10-06,0.0,55.533303014129196,0.0,0.14510928841446202,0.0
2023-10-07,1.4781157033478024e-05,55.53412386060163,0.14510928841446202,0.16143716774224595,0.0
2023-10-08,-0.00018916328870856574,55.523618843096614,0.16143716774224595,0.17584041810221987,0.0
2023-10-09,-0.0017918726421438293,55.424127589498845,0.17584041810221987,0.0,0.0
2023-10-10,-0.0001435707047312366,55.41617030844171,0.0,0.0,0.0
2023-10-11,0.0,55.41617030844171,0.0,0.0,0.0
2023-10-12,0.0,55.41617030844171,0.0,0.0,0.0
2023-10-13,0.0,55.41617030844171,0.0,0.0,0.0
2023-10-14,0.0,55.41617030844171,0.0,0.0,0.0
2023-10-15,0.0,55.41617030844171,0.0,0.0,0.0
2023-10-16,0.0,55.41617030844171,0.0,0.5843965739207728,0.0
2023-10-17,-0.0020929801270111593,55.30018536527107,0.5843965739207728,0.7162515390545897,0.0
2023-10-18,-0.0027804396847918057,55.146426535305125,0.7162515390545897,0.7725025886144778,0.0
2023-10-19,0.009822496939477786,55.6881021411713,0.7725025886144778,0.8344008397431664,0.0
2023-10-20,0.029448747669075973,57.32804700929638,0.8344008397431664,0.828266417269737,0.0
2023-10-21,0.006146319826861875,57.680403521264886,0.828266417269737,0.9153262009781087,0.0
2023-10-22,0.0018095818863901134,57.78478093467664,0.9153262009781087,1.0498667648349242,0.0
2023-10-23,0.10384408560815436,63.78538867290565,1.0498667648349242,0.43788575659707446,0.16887775602918337
2023-10-24,0.01360398690737562,64.65312426529373,0.6067635126262578,0.47538422115010126,0.17886064785379296
2023-10-25,0.008123941714007784,65.17836247845348,0.6542448690038942,0.5064106222336714,0.3514736497876716
2023-10-26,-0.001146607225943368,65.10362849706053,0.857884272021343,0.5258424624540001,0.41089933765039693
2023-10-27,-0.009649817629424315,64.4753903550501,0.936741800104397,0.5385907621364362,0.25049552513056844
2023-10-28,0.0020781350468138306,64.60937892340392,0.7890862872670046,0.573773728132821,0.2762452881536836
2023-10-29,0.011075319981194206,65.32494846876685,0.8500190162865047,0.6102281645392436,0.5229330213209054
2023-10-30,0.0017743085361508224,65.4408550824586,1.133161185860149,0.6450792666757682,0.5792814594258295
2023-10-31,0.003786444762475399,65.68864326543748,1.2243607261015979,0.6877395895788991,0.6407198456654941
2023-11-01,0.026176258793073528,67.40812619131945,1.3284594352443932,0.6989122878035171,0.7343827212025102
2023-11-02,-0.02974484365020922,65.40308201700508,1.4332950090060272,0.6345952149321865,0.5856638978025416
2023-11-03,0.00740452871207679,65.8873610156583,1.2202591127347282,0.6702943425963356,0.6286278398831266
2023-11-04,0.015550717999455841,66.91195678654114,1.2989221824794623,0.7066434976547845,0.788421393472495
2023-11-05,0.01556237885026672,67.95326600766597,1.4950648911272795,0.7455329634209642,0.8426519217037043
2023-11-06,-0.0009012945148721276,67.89202010174562,1.5881848851246685,0.7871378932881667,0.905117088283869
2023-11-07,0.0026246833747420157,68.07021515818433,1.6922549815720358,0.8382887312399917,0.9480908473101669
2023-11-08,0.01150091375730587,68.85308483215987,1.7863795785501586,0.8923920339490065,1.0107525199471388
2023-11-09,0.14062849919342615,78.53579081694416,1.9031445538961451,0.45576172003125615,0.27330106321283876
2023-11-10,0.00300889582698904,78.77209683020254,0.7290627832440949,0.481077574875451,0.2887008192852398
2023-11-11,-0.009233983744886811,78.0447165685218,0.7697783941606908,0.4810762519344047,0.2927960116314258
2023-11-12,0.000738760774870307,78.1023729438085,0.7738722635658305,0.5113415667054404,0.3106793614083218
2023-11-13,-0.004089143643876397,77.78300112191367,0.8220209281137623,0.5157461617247313,0.3279014848623974
2023-11-14,-0.026293153726727827,75.73784071608895,0.8436476465871288,0.45913848296378884,0.29742486189687656
2023-11-15,0.04102245242648386,78.84479268374933,0.7565633448606655,0.3428326221786542,0.27148897261267385
2023-11-16,-0.028158071688522374,76.62467535909363,0.6143215947913281,0.29021563557744073,0.23967955862923454
2023-11-17,0.003708855074125404,76.9088651751024,0.5298951942066753,0.3090328411910479,0.25577908428216845
2023-11-18,0.00055104508288051,76.95124542708706,0.5648119254732163,0.3295321620193906,0.27287365230133437
2023-11-19,0.014443011227102214,78.06265312872996,0.6024058143207249,0.34105419435900136,0.2834055130546133
2023-11-20,0.002603051073221053,78.2658542017352,0.6244597074136147,0.3640444981923559,0.3024959697462677
2023-11-21,-0.023991684257994167,76.38812453954496,0.6665404679386235,0.29473093349396007,0.2537407933676671
2023-11-22,0.02899326354752786,78.60286556622137,0.5484717268616272,0.30310673283896983,0.24787711253913866
2023-11-23,-0.0009855305287811578,78.52540004255617,0.5509838453781085,0.32239805881924705,0.24629263419338315
2023-11-24,0.005834146705975861,78.9835287465499,0.5686906930126302,0.34343439567437944,0.26287943330187435
2023-11-25,0.0014257562412728902,79.09614000561805,0.6063138289762537,0.36665062075518295,0.30063911827492945
2023-11-26,-0.005388714686042383,78.66991347436051,0.6672897390301125,0.3850140061044574,0.3161460045317347
2023-11-27,-0.007347249201629179,78.09190601539377,0.7011600106361922,0.40430283160244834,0.30543598454464105
2023-11-28,0.009442583027646072,78.82929532173127,0.7097388161470894,0.42512374612347165,0.346999979526788
2023-11-29,-0.0034154338483874057,78.5600590782449,0.7721237256502597,0.45234239397288906,0.31152516585647705
2023-11-30,0.00232302775361359,78.74255627580918,0.763867559829366,0.481918575422715,0.39017375330525733
2023-12-01,0.018528308069952974,80.20152261670297,0.8720923287279723,0.4822510874625833,0.40276230539538643
2023-12-02,0.02464660115698861,82.17821755682004,0.8850133928579698,0.48769412282380187,0.3910835858864899
2023-12-03,0.011745059062439268,83.14340557567088,0.8787777087102917,0.5172877839720664,0.4154478728970254
2023-12-04,0.031663705204134945,85.77603385948674,0.9327356568690919,0.45319176462812377,0.4098499510051429
2023-12-05,0.03495571714371682,88.77439663678885,0.8630417156332666,0.41042332604490156,0.4065080665576226
2023-12-06,-0.013525717436559113,87.57365923227863,0.8169313926025241,0.4106787155663249,0.38730986855764016
2023-12-07,0.017334975605374385,89.09174647874356,0.7979885841239651,0.4244187594712868,0.3679523082038684
2023-12-08,0.009412237629654976,89.93029916744247,0.7923710676751552,0.44924766251670567,0.39194793108927856
2023-12-09,-0.007260706027147233,89.27734170225426,0.8411955936059843,0.45599209729116286,0.4032906226111749
2023-12-10,0.0014490493743276231,89.40670897838955,0.8592827199023377,0.48343561624227277,0.4293717121271634
2023-12-11,-0.048635659148975524,85.05835475488495,0.9128073283694362,0.31632276475158627,0.2965467104968998
2023-12-12,-0.0010195921435658891,84.97162992463223,0.612869475248486,0.33716930381190474,0.3145425965493838
2023-12-13,0.019275380892004746,86.60949045644398,0.6517119003612886,0.3332542790549566,0.31726724408133083
2023-12-14,0.008401698400306055,87.33715727386321,0.6505215231362874,0.3546372599996327,0.3311307119202255
2023-12-15,-0.020637548847775244,85.53473242439803,0.6857679719198582,0.3385361985905395,0.3004896678732118
2023-12-16,0.0021477106917167036,85.71843628373904,0.6390258664637514,0.36158478098107383,0.32103991141895827
2023-12-17,-0.009161644297334275,84.93311446078371,0.6826246924000321,0.3403944426061742,0.3075482527049148
2023-12-18,0.011394450584134732,85.90088063646378,0.647942695311089,0.3778309223753231,0.30092312863572046
2023-12-19,-0.008540618095498208,85.16723402088077,0.6787540510110436,0.36942460856823744,0.3122155408549245
2023-12-20,0.014558536839066119,86.40714433485513,0.6816401494231619,0.37213296158053505,0.32713007290297413
2023-12-21,0.007830620521993915,87.08376589253055,0.6992630344835091,0.42467514452536714,0.34244377813625754
2023-12-22,0.014722783622030765,88.36588133475786,0.7671189226616246,0.41831793147543217,0.3702268072504333
2023-12-23,-0.004377525078230261,87.97905747315504,0.7885447387258655,0.4727067714245311,0.3905978778687931
2023-12-24,-0.013824603035324106,86.7627819281667,0.8633046492933242,0.44664415483749775,0.39494652369761674
2023-12-25,0.006687432446024108,87.34300217114045,0.8415906785351145,0.5073818482258772,0.45157187414020955
2023-12-26,-0.021324106189335838,85.48049071794766,0.9589537223660867,0.44194253959364854,0.4067369828450135
2023-12-27,0.040767990026717216,88.96535851101585,0.8486795224386621,0.43762121611707844,0.3414519960397468
2023-12-28,-0.012200958753407713,87.87989584134081,0.7790732121568252,0.3783130990408759,0.3531786235402195
2023-12-29,-0.014106245726938133,86.64024043614513,0.7314917225810954,0.4162395158068336,0.3558124632456022
2023-12-30,0.0015287286171655173,86.77268985109797,0.7720519790524358,0.44422566895369875,0.38009081154808944
2023-12-31,-0.002092315189814492,86.59113403406145,0.8243164805017882,0.4745107182716159,0.4044666208379745
2024-01-01,0.03139051054483047,89.30927394004648,0.8789773391095904,0.4471442612892015,0.38338735532395185
2024-01-02,0.010872770232455479,90.28031315522404,0.8305316166131533,0.46677674839352656,0.40753210825035185
2024-01-03,-0.04750942823774468,85.9911470960948,0.8743088566438784,0.2898015070473502,0.24473538126398986
2024-01-04,0.01688207667727151,87.44285623493761,0.53453688831134,0.33620983823298534,0.270403063324403
2024-01-05,-0.0011903935261573378,87.33876482496683,0.6066129015573883,0.35840872338595914,0.26284122112438507
2024-01-06,-0.005051750772496667,86.8975511522934,0.6212499445103442,0.3802615811886488,0.2561083742162522
2024-01-07,-0.002847451538009688,86.65011458661553,0.6363699554049009,0.3784476787129935,0.2724572657372813
2024-01-08,0.03819688915416225,89.95987940867593,0.6509049444502748,0.30555237857344186,0.2727887131200318
2024-01-09,-0.005120786559767189,89.4992140672817,0.5783410916934737,0.3155416187412289,0.28938670968994157
2024-01-10,0.031557289821778946,92.32356670442434,0.6049283284311704,0.30201527560686,0.22400332688958596
2024-01-11,0.00010518640853092367,92.33327788882873,0.5260186024964459,0.31876849832481985,0.23858230447120424
2024-01-12,-0.032859847465239095,89.29922046143629,0.5573508027960241,0.20011270721541038,0.21333956964667988
2024-01-13,0.005157355451613881,89.75976828290794,0.4134522768620903,0.21329167183163286,0.22578881473056858
2024-01-14,-0.012960617717647126,88.59642623976859,0.43908048656220144,0.1808139313687355,0.22358399058173845
2024-01-15,0.005889695179794549,89.11823218433999,0.40439792195047397,0.20872883442893927,0.23756478834630382
2024-01-16,0.00961515084526678,89.97511742985593,0.4462936227752431,0.24287461051687909,0.24738092134944092
2024-01-17,-0.007789070706445118,89.27429487837408,0.49025553186632,0.23050110332622353,0.2543661846734193
2024-01-18,-0.011568624504028565,88.24151408306426,0.48486728799964285,0.21172385252960302,0.26109257381409995
2024-01-19,0.0036307760854388292,88.56189926213996,0.47281642634370297,0.22466888934098628,0.27811000727764495
2024-01-20,-0.0020439475983625712,88.38088338083668,0.5027788966186313,0.2397856389113886,0.29594479579003957
2024-01-21,-0.002316428051503969,88.1761554233566,0.5357304347014282,0.2560646792659466,0.3153704982861991
2024-01-22,-0.028114596965423722,85.69711835166837,0.5714351775521458,0.2249808495878351,0.21178650653673223
2024-01-23,-0.0057450136641363555,85.20478723576092,0.4367673561245673,0.22678761307856277,0.20131462221936683
2024-01-24,0.0018337332936039577,85.36103009088959,0.42810223529792957,0.23229519829188386,0.21475003421341504
2024-01-25,-0.0026030693170135885,85.13882941259132,0.44704523250529893,0.23983482433178027,0.22944995493593875
2024-01-26,0.016903574475031397,86.57797995628405,0.46928477926771905,0.22550209542969885,0.22286758113958532
2024-01-27,0.0016384839996895608,86.71983659116786,0.44836967656928417,0.2485651063513432,0.23344739452930713
2024-01-28,-0.0019361898021352905,86.55193052791721,0.48201250088065034,0.29940420766452797,0.24478227949279993
2024-01-29,0.013184688057152436,87.69309073267213,0.5441864871573279,0.40818794174554274,0.2697659843678673
2024-01-30,0.0011545453666967692,87.79433638426886,0.67795392611341,0.4105983451402329,0.3247549876643952
2024-01-31,-0.012321404477408055,86.71258685485266,0.7353533328046281,0.36061397904255127,0.26679132013497486
2024-02-01,0.005928659299005649,87.22667623925051,0.6274052991775261,0.4558128123172727,0.2834548930836228
2024-02-02,0.0019825755129275315,87.3996097116365,0.7392677054008956,0.5220295571331178,0.3360060106966273
2024-02-03,-0.003927484636226691,87.05634908728183,0.8580355678297451,0.4823734883752082,0.3601146322939097
2024-02-04,-0.006000429814391426,86.53397357468644,0.8424881206691179,0.4611741695992275,0.38423400451461776
2024-02-05,0.0017666767723793996,86.68685113582254,0.8454081741138453,0.4931634711853142,0.37426818527371025
2024-02-06,0.016603050381812326,88.12611729267127,0.8674316564590244,0.5582807186455004,0.5263801872399599
2024-02-07,0.025780415427487907,90.39804520648785,1.0846609058854604,0.5792316180863565,0.5381240515611152
2024-02-08,0.012995248008541363,91.57279022343349,1.1173556696474716,0.5915089444813325,0.5682136163671144
2024-02-09,0.03907346696210459,95.15085661685656,1.159722560848447,0.5520385309678268,0.4858345632390236
2024-02-10,0.009196943344895939,96.0259536543801,1.0378730942068504,0.5882382376731363,0.5190316897774346
2024-02-11,0.005596992472569305,96.56341019415497,1.107269927450571,0.6292489380913323,0.5551062955658833
2024-02-12,0.05650074199124397,102.01931451932958,1.1843552336572156,0.5273792853040803,0.44396435040078763
2024-02-13,-0.006771369830529345,101.3285040108621,0.9713436357048679,0.5407173226286575,0.4604759213529439
2024-02-14,0.04728053291091871,106.11936967956183,1.0011932439816014,0.4604026858679384,0.38736389761322093
2024-02-15,0.007132171260388228,106.87623119816091,0.8477665834811594,0.48914472787875807,0.41342250360105826
2024-02-16,-0.001218191039356035,106.74603553099516,0.9025672314798163,0.5164374927132274,0.4295779137258361
2024-02-17,-0.007059391011116434,105.99247352729533,0.9460154064390635,0.5247033108496175,0.4436704651544804
2024-02-18,0.01908652851248121,108.01550189538247,0.9683737760040979,0.5541890754908119,0.45447345620110835
2024-02-19,0.007778583315852114,108.85570947627929,1.0086625316919202,0.581211873879785,0.480466569849974
2024-02-20,0.015727900609887806,110.56778125574102,1.061678443729759,0.6180998617732608,0.5074777739446179
2024-02-21,-0.013731414196675354,109.04952925451104,1.1255776357178786,0.6085083154195952,0.4907315858923229
2024-02-22,-0.003917752961112318,108.62230013836628,1.099239901311918,0.6295856461202457,0.5167240247736912
2024-02-23,-0.014890510852314713,107.00485859935256,1.1463096708939369,0.6315158197242835,0.5074118770545366
2024-02-24,0.021602090400309252,109.31638722808809,1.1389276967788202,0.6513103558359703,0.5225463888486677
2024-02-25,0.02301532411990818,111.83233931175994,1.173856744684638,0.680971946700449,0.5131700595827821
2024-02-26,0.04762702359134735,117.1585807744367,1.194142006283231,0.5155957298169009,0.47632108053989847
2024-02-27,0.03446955640647215,121.19698508294336,0.9919168103567995,0.47706053735096204,0.47966455095755495
2024-02-28,0.07003408199544935,129.68490467384345,0.956725088308517,0.2954071453265742,0.3785261944613765
2024-02-29,-0.008348046380618078,128.60228907476017,0.6739333397879507,0.2927055496562634,0.3777279795213859
2024-03-01,0.015330079087961237,130.5737723371691,0.6704335291776493,0.3114813337560885,0.3981732884343635
2024-03-02,-0.004217423802609385,130.02308740171782,0.7096546221904521,0.3197216565885271,0.4062777963387804
2024-03-03,0.011391158220158185,131.50420096258424,0.7259994529273075,0.34127696763435944,0.43341430106968026
2024-03-04,0.04017749733378835,136.78771064614043,0.7746912687040397,0.28437308345628126,0.39598459656098317
2024-03-05,-0.026835853897942293,133.1168956282066,0.6803576800172644,0.22542306518382202,0.3414566963499354
2024-03-06,0.036769349052981584,138.01151722840947,0.5668797615337574,0.22389450432222238,0.2847548380972058
2024-03-07,0.006740568154457647,138.9417932663877,0.5086493424194282,0.23876651189283787,0.30377431252737636
2024-03-08,0.006278977500722595,139.8142056602174,0.5425408244202142,0.2543644824256354,0.3229753675338788
2024-03-09,0.0019145633131404823,140.08188880903035,0.5773398499595142,0.26899987809776077,0.34118039017359425
2024-03-10,-0.0024334490215123317,139.7410066737764,0.6101802682713551,0.28303774107920043,0.34806774182163736
2024-03-11,0.031100990136619825,144.08709034401886,0.6311054829008378,0.2805507699454428,0.3341482686716343
2024-03-12,-0.011677380478727377,142.404530567999,0.6146990386170771,0.28148827689859096,0.31788922877901404
2024-03-13,0.00952097074089283,143.76035993690746,0.599377505677605,0.2996771412429105,0.3394995880527721
2024-03-14,-0.016632655123045993,141.36924344971192,0.6391767292956826,0.2884372553194889,0.3150559211619699
2024-03-15,-0.02105779151613477,138.3923193943542,0.6034931764814588,0.2719108287669006,0.287784049315112
2024-03-16,-0.035744483827706244,133.44555737188395,0.5596948780820126,0.20467027761330106,0.2150736035603122
2024-03-17,0.016005505070688555,135.5814209170605,0.4197438811736133,0.22491456870275542,0.21883962174272842
2024-03-18,-0.008109175221123244,134.4819674181152,0.4437541904454838,0.2201378316024612,0.2069172087460613
2024-03-19,-0.040086435477954485,129.09106470826055,0.4270550403485225,0.14828941482463145,0.14312539117466697
2024-03-20,0.02992850030769605,132.95456667810254,0.2914148059992984,0.14889634738979268,0.11698103712531598
2024-03-21,-0.006857019447047286,132.04289462881704,0.2658773845151087,0.13079345883729132,0.12381358279686977
2024-03-22,-0.012237151236722945,130.42706575750952,0.2546070416341611,0.13498280393207854,0.1252921628197433
2024-03-23,0.003765968417202348,130.9182499679007,0.2602749667518218,0.1435121328268428,0.13321689143417553
2024-03-24,0.011393882404593561,132.40991711265013,0.2767290242610183,0.14669270648560975,0.1385753667949964
2024-03-25,0.01262032085992228,134.0809727516475,0.28526807328060616,0.16601625108901602,0.14263608152907978
2024-03-26,-5.013796241909808e-05,134.07425020487455,0.30865233261809577,0.17707598120584217,0.15217315099617915
2024-03-27,-0.005982837206817417,133.27210579227267,0.32924913220202134,0.1866175935729119,0.15891307542341682
2024-03-28,0.0065836763735605385,134.14952620643191,0.3455306689963287,0.19749621401609757,0.1681816754733612
2024-03-29,-0.0042639858454856456,133.5775145255091,0.3656778894894588,0.22321204464928238,0.17789577063820933
2024-03-30,-0.0013147358292698395,133.40189538117758,0.40110781528749173,0.23793108193358428,0.18984178040401434
2024-03-31,0.011062205185178583,134.87761451997588,0.4277728623375986,0.2491582609838898,0.2286150677869834
2024-04-01,-0.013030552435950398,133.12008469153741,0.4777733287708732,0.256406602080457,0.19629607202964922
2024-04-02,-0.028097432561827722,129.37975208929214,0.45270267411010623,0.20851026137627357,0.1599228310851014
2024-04-03,0.0035801691205796524,129.84295348255048,0.368433092461375,0.18955134765858186,0.15503911803371323
2024-04-04,0.008091382324170305,130.89356246127727,0.3445904656922951,0.24975218922797288,0.16463719178883462
2024-04-05,-0.0019356326069085398,130.6402006137428,0.4143893810168075,0.26609424702296036,0.19256688648457895
2024-04-06,0.006167501989667326,131.4459243109586,0.45866113350753934,0.280898128842315,0.20353309931794059
2024-04-07,0.0047880572154089,132.07529491729176,0.48443122816025563,0.29952705135045543,0.2182930635583668
2024-04-08,0.025326509946500986,135.4203011877016,0.5178201149088222,0.2952599581170576,0.23475011615248764
2024-04-09,-0.022813616850570866,132.33087432261647,0.5300100742695453,0.26407393756532677,0.20424565471909178
2024-04-10,0.008732269960871942,133.48642324135974,0.46831959228441855,0.277582892467594,0.2332461409504358
2024-04-11,-0.0044633257346354815,132.89062985328215,0.5108290334180298,0.27369735858454136,0.2078309763990872
2024-04-12,-0.028788347474900763,129.06492822490745,0.48152833498362857,0.22847238835178726,0.16086217078751375
2024-04-13,-0.023791176758558595,125.994321704178,0.38933455913930104,0.19978588505799824,0.15402631107038098
2024-04-14,0.011849066048862253,127.4872367438324,0.3538121961283792,0.20705479968785134,0.14461221702987492
2024-04-15,-0.009514330253181592,126.27428107038602,0.35166701671772627,0.2125440123494671,0.1468328388617977
2024-04-16,0.0005332186425048405,126.34161287112165,0.35937685121126484,0.2262439428901351,0.14944198096126765
2024-04-17,-0.012380816752521374,124.7774005139463,0.37568592385140276,0.22887232627376386,0.08172086699803614
2024-04-18,0.009044465727897707,125.90594543651085,0.3105931932718,0.24981418484138754,0.14258589239901748
2024-04-19,0.00033054546269412776,125.9475630755011,0.39240007724040504,0.24336323038646945,0.14710358892281938
2024-04-20,0.00912954657069229,127.09740721806408,0.39046681930928884,0.2536642698159125,0.15212912841876963
2024-04-21,-0.00012774968597626635,127.08117056420357,0.40579339823468213,0.29707127862509447,0.16309521918642594
2024-04-22,0.010379349193391427,128.40019040939438,0.4601664978115204,0.33410325344519426,0.17375765247230449
2024-04-23,-0.0023214660578891842,128.10211372553246,0.5078609059174988,0.2930883768632032,0.1899717109103226
2024-04-24,-0.014853332365806996,126.19937045360473,0.4830600877735258,0.29285240781459826,0.19310856892599704
2024-04-25,0.002825434672852575,126.55593853057653,0.4859609767405953,0.3120671635090852,0.20555421280265318
2024-04-26,-0.005649445733308547,125.8409676236201,0.5176213763117383,0.33176589550088365,0.18990657394031285
2024-04-27,0.0062924955840972475,126.63282135669026,0.5216724694411965,0.3532716285989687,0.2884476849237638
2024-04-28,-0.0014882796368690715,126.44435630730582,0.6417193135227326,0.36989148728963794,0.2878288048800873
2024-04-29,0.0016434963441890958,126.65216714464023,0.6577202921697252,0.42535436980353397,0.3091938827059779
2024-04-30,-0.040270083916745525,121.55187374548788,0.734548252509512,0.27169959593021725,0.09977234921781422
2024-05-01,-0.012898695981859247,119.9840130800195,0.3714719451480315,0.1351120267834198,0.09424953968572464
2024-05-02,0.002871575961787375,120.32855628777887,0.22936156646914443,0.12980136660138913,0.0918524034325139
2024-05-03,0.01281304687900833,121.87033172037758,0.22165377003390302,0.21786525520677022,0.11098913743098916
2024-05-04,0.003342808210024994,122.27772086581093,0.3288543926377594,0.2779403952061007,0.10004050231599716
2024-05-05,0.0014767922515579782,122.45829965652374,0.37798089752209785,0.3065784123862536,0.13589602088448324
2024-05-06,-0.005991025975246429,121.72464880239698,0.4424744332707369,0.2864112003359675,0.11197573836902933
2024-05-07,-0.005380973458211561,121.06965169798117,0.39838693870499686,0.30256706218216384,0.11152571630988121
2024-05-08,-0.007261976446963685,120.19044673890834,0.41409277849204507,0.3068600657976047,0.10785185843905033
2024-05-09,0.010641438422935183,121.4694459769055,0.41471192423665504,0.3075809717758888,0.10882823255323872
2024-05-10,-0.013302927399163807,119.85354675585808,0.4164092043291275,0.1668507463661844,0.09447673222716058
2024-05-11,-0.00023358708503428376,119.82555051524035,0.261327478593345,0.17202032229742625,0.04461583965845995
2024-05-12,0.0018518577981386092,120.04745039537825,0.2166361619558862,0.18007556046080123,0.09111499609199847
2024-05-13,0.0042568397021748566,120.55847314836618,0.27119055655279967,0.38865646058725184,0.0939405858500349
2024-05-14,-0.00947289104682832,119.41643586745973,0.48259704643728674,0.21656009269999413,0.04766394581767429
2024-05-15,0.01873195111113489,121.65333870599494,0.2642240385176684,0.5017357209665032,0.11441283335897515
2024-05-16,-0.01130993083466584,120.27744785942396,0.6161485543254783,0.49083304473395006,0.08648997752050543
2024-05-17,0.01869231920745057,122.5257123082698,0.5773230222544555,0.5190832934065084,0.1481512809015796
2024-05-18,0.001287962195835425,122.68352079374067,0.667234574308088,0.5897237291713133,0.19135267606987635
2024-05-19,-0.009697478979968787,121.49379992965481,0.7810764052411897,0.5644984093168066,0.17545337747216255
2024-05-20,0.0805638385719383,131.2818068146789,0.7399517867889691,0.40625394346725324,0.20337691326151824
2024-05-21,0.0019301779330819515,131.53520406120774,0.6096308567287715,0.42800405632361177,0.2353189805662892
2024-05-22,-0.009701305654652943,130.2591408422628,0.663323036889901,0.4424146265037198,0.26129123749845157
2024-05-23,-0.006069519608035836,129.4685304327948,0.7037058640021714,0.460545819066621,0.29182177966500517
2024-05-24,0.002622436204657624,129.8080533943656,0.7523675987316262,0.45788696529034867,0.3227075734826947
2024-05-25,0.00611657134306962,130.60203361385723,0.7805945387730433,0.48757199628252995,0.34371609094099975
2024-05-26,0.001310965217308518,130.77324833723475,0.8312880872235298,0.5159262662833113,0.36635142138784144
2024-05-27,0.01253674777508254,132.4127195673669,0.8822776876711527,0.5433222556713556,0.38686881716281335
2024-05-28,-0.011350204006338351,130.90980818724321,0.9301910728341689,0.5619588970983203,0.40206333498132385
2024-05-29,-0.01360465251360291,129.12882573623335,0.9640222320796441,0.5845283166103262,0.414644947191129
2024-05-30,0.004404051382715289,129.69751571976542,0.9991732638014552,0.6212447708906766,0.44119024019349
2024-05-31,-0.00775764613137995,128.6913682886924,1.0624350110841667,0.6473741038537828,0.4659338297647094
2024-06-01,0.010254704535595533,130.01106024677446,1.1133079336184921,0.7170797362933581,0.4808018419523335
2024-06-02,-0.003094965166580665,129.60868054404048,1.1978815782456915,0.6927757985231294,0.49444318923274516
2024-06-03,0.009164011842327138,130.79641602741447,1.1872189877558745,0.7079094583318107,0.5103083990907158
2024-06-04,0.024053705437260414,133.94255449078727,1.2182178574225264,0.7586183130486961,0.49203492141740557
2024-06-05,0.012184028426802367,135.57451438226155,1.2506532344661017,0.7846983692394083,0.5080855479157542
2024-06-06,-0.010168472390527778,134.19592867590632,1.2927839171551625,0.8081157944292525,0.5191244935489847
2024-06-07,-0.03367264661052518,129.67719659303128,1.3272402879782372,0.7461038538743029,0.3909743928876701
2024-06-08,-0.0004945842814784436,129.6130602899302,1.1370782467619729,0.8275198899386279,0.442211221710485
2024-06-09,0.006858709047526083,130.50203855921828,1.2697311116491128,0.7420300702367718,0.45712408548776434
2024-06-10,-0.006742056565583744,129.62218643332804,1.1991541557245362,0.7673206467639737,0.4702747225243611
2024-06-11,-0.04279517593931636,124.0749821592749,1.2375953692883348,0.6115446885754791,0.4159848250860818
2024-06-12,0.015439019016571277,125.99057816831267,1.0275295136615608,0.6779069336010951,0.4245851733076934
2024-06-13,-0.025530948304089595,122.7739192302951,1.1024921069087885,0.6130423982017205,0.42291827054834097
2024-06-14,-0.006190707856041092,122.01386176399916,1.0359606687500613,0.34084849056468847,0.45137286832459195
2024-06-15,0.012096971384149908,123.48985995822788,0.7922213588892804,0.40374228561943043,0.4572779062150505
2024-06-16,0.009031251926013182,124.60512799381873,0.8610201918344809,0.3837989395342863,0.5197362049786985
2024-06-17,-0.016723824031896515,122.52125375977816,0.9035351445129849,0.4461849063739465,0.5227732796065342
2024-06-18,-0.01308547463280637,120.91800500172495,0.9689581859804807,0.3478305072873824,0.4974885703431247
2024-06-19,0.01051865856409602,122.18990021058974,0.8453190776305071,0.299556023232427,0.49979942815753586
2024-06-20,-0.006473832985451759,121.39886320411736,0.7993554513899629,0.33741836589251467,0.5135770980440475
2024-06-21,-0.003488983060100998,120.97530462688268,0.8509954639365622,0.27375454004265,0.5315052909290245
2024-06-22,-0.002601124018466427,120.6606328563764,0.8052598309716745,0.26382982812322414,0.5495709542249774
2024-06-23,-0.01521567963243463,118.82469932258695,0.8134007823482015,0.24014831908146056,0.43981578004858835
2024-06-24,-0.022792753906740678,116.11635719288478,0.6799640991300488,0.07493275966469157,0.23795692681878294
2024-06-25,0.004646166980644882,116.65585317758712,0.3128896864834745,0.06300155766588066,0.4049433095096373
2024-06-26,-0.004168901130288782,116.16952645942027,0.467944867175518,0.05768317300964017,0.2257429837237731
2024-06-27,0.005800954416656987,116.843420587016,0.28342615673341326,0.05253470856312625,0.3956437635515988
2024-06-28,-0.00989462231352959,115.68729907048659,0.44817847211472506,0.04607885887968077,0.21506606405802592
2024-06-29,0.0006040231597870502,115.75717687841838,0.2611449229377067,0.0641456166634341,0.21492385381131607
2024-06-30,0.006439878399617033,116.50263902139837,0.27906947047475017,0.06028604404604193,0.39123931209490725
2024-07-01,-0.00011295549208856375,116.48947940847809,0.4515253561409492,0.062324346562086214,0.46354552470940313
2024-07-02,-0.0036983765580031742,116.05865744857978,0.5258698712714893,0.04414358205537335,0.4785593160993617
2024-07-03,-0.01896964948260634,113.85706539735834,0.522702898154735,0.04292455936279056,0.09985472281445074
2024-07-04,-0.010388153184298084,112.67430076089593,0.14277928217724128,0.0,0.0
2024-07-05,-0.0001679314395333411,112.65537920337074,0.0,0.0,0.0
2024-07-06,0.0,112.65537920337074,0.0,0.0,0.0
2024-07-07,0.0,112.65537920337074,0.0,0.0,0.0
2024-07-08,0.0,112.65537920337074,0.0,0.0,0.0
2024-07-09,0.0,112.65537920337074,0.0,0.0,0.0
2024-07-10,0.0,112.65537920337074,0.0,0.0,0.0
2024-07-11,0.0,112.65537920337074,0.0,0.0,0.0
2024-07-12,0.0,112.65537920337074,0.0,0.0,0.06241668063165565
2024-07-13,0.0009641083524094287,112.76399119540457,0.06241668063165565,0.039959184808448824,0.06344836257826661
2024-07-14,0.001490266391443437,112.9320395816481,0.10340754738671543,0.06083417824130159,0.08246313100100201
2024-07-15,0.008248813088305105,113.86359486783819,0.1432973092423036,0.3605148694018622,0.3471021064077445
2024-07-16,-0.0025420482813442273,113.57414811219672,0.7076169758096067,0.39319599950254824,0.33477279034746693
2024-07-17,-0.010372815169820113,112.39606446575912,0.7279687898500151,0.12414488064695388,0.35999576481835094
2024-07-18,0.0030743478396475787,112.74160906373432,0.48414064546530483,0.13678293913138204,0.39212238633266056
2024-07-19,0.013018449131321592,114.20932996631389,0.5289053254640426,0.5319754756270987,0.43690152348253497
2024-07-20,0.004559092772888406,114.73002089715975,0.9688769991096337,0.5921142050568867,0.5229895302746577
2024-07-21,0.008973104588028547,115.75950537405667,1.1151037353315445,0.6541049948256394,0.5667900015094769
2024-07-22,-0.018155121306074294,113.6578775116595,1.2208949963351163,0.7022233658677091,0.5211432401859768
2024-07-23,-0.009778229341400473,112.5465047188937,1.2233666060536859,0.6947761867745772,0.594004125832724
2024-07-24,-0.03145522128985192,109.00632950756153,1.2887803126073012,0.7132517869341726,0.12673335549461762
2024-07-25,-0.0027071778968823126,108.71122998169838,0.8399851424287902,0.7370437390486382,0.0
2024-07-26,0.024376446602970763,111.36122347449053,0.7370437390486382,0.7190225800313912,0.08248529212233016
2024-07-27,0.0011050047323804583,111.48427815343351,0.8015078721537213,0.7432341032248965,0.06777031224852896
2024-07-28,0.0014327199850896336,111.64400390676722,0.8110044154734254,0.8229780279871297,0.0815902197669565
2024-07-29,-0.014498422685494403,110.02534194782592,0.9045682477540862,0.7629302060451617,0.06929726062995295
2024-07-30,-0.009013431657336105,109.03363604760415,0.8322274666751146,0.7797684259709279,0.0694574587490013
2024-07-31,-0.018368789113915818,107.03082018072226,0.8492258847199292,0.4684997399014778,0.06737612918778285
2024-08-01,0.00249433824615936,107.29779124901684,0.5358758690892607,0.48238216249371496,0.0
2024-08-02,-0.026605506738117478,104.443079140956,0.48238216249371496,0.11556299692589886,0.0
2024-08-03,-0.001878815115098203,104.24684990519857,0.11556299692589886,0.0,0.0
2024-08-04,-0.00011423973236145489,104.23494077296587,0.0,0.0,0.0
2024-08-05,0.0,104.23494077296587,0.0,0.0,0.0
2024-08-06,0.0,104.23494077296587,0.0,0.0,0.0
2024-08-07,0.0,104.23494077296587,0.0,0.0,0.0
2024-08-08,0.0,104.23494077296587,0.0,0.041173823603865393,0.0
2024-08-09,0.0,104.23494077296587,0.041173823603865393,0.0,0.0
2024-08-10,0.0,104.23494077296587,0.0,0.0,0.0
2024-08-11,0.0,104.23494077296587,0.0,0.0,0.0
2024-08-12,0.0,104.23494077296587,0.0,0.0,0.0
2024-08-13,0.0,104.23494077296587,0.0,0.0,0.0
2024-08-14,0.0,104.23494077296587,0.0,0.0,0.0
2024-08-15,0.0,104.23494077296587,0.0,0.0,0.0
2024-08-16,0.0,104.23494077296587,0.0,0.0,0.0
2024-08-17,0.0,104.23494077296587,0.0,0.0,0.0
2024-08-18,0.0,104.23494077296587,0.0,0.0,0.0
2024-08-19,0.0,104.23494077296587,0.0,0.0,0.0
2024-08-20,0.0,104.23494077296587,0.0,0.0,0.0
2024-08-21,0.0,104.23494077296587,0.0,0.0,0.0
2024-08-22,0.0,104.23494077296587,0.0,0.0,0.0
2024-08-23,0.0,104.23494077296587,0.0,0.19458530585779027,0.0
2024-08-24,-0.00044826669303803956,104.18821572076656,0.19458530585779027,0.21426123176045708,0.0
2024-08-25,0.0014417956383221315,104.33843383575733,0.21426123176045708,0.3536118375241798,0.0
2024-08-26,-0.008461727899812014,103.4555503991466,0.3536118375241798,0.0,0.0
2024-08-27,-0.00034825498177016846,103.41952148832833,0.0,0.0,0.0
2024-08-28,0.0,103.41952148832833,0.0,0.0,0.0
2024-08-29,0.0,103.41952148832833,0.0,0.0,0.0
2024-08-30,0.0,103.41952148832833,0.0,0.0,0.0
2024-08-31,0.0,103.41952148832833,0.0,0.0,0.0
2024-09-01,0.0,103.41952148832833,0.0,0.0,0.0
2024-09-02,0.0,103.41952148832833,0.0,0.0,0.0
2024-09-03,0.0,103.41952148832833,0.0,0.0,0.0
2024-09-04,0.0,103.41952148832833,0.0,0.0,0.0
2024-09-05,0.0,103.41952148832833,0.0,0.0,0.0
2024-09-06,0.0,103.41952148832833,0.0,0.0,0.0
2024-09-07,0.0,103.41952148832833,0.0,0.0,0.0
2024-09-08,0.0,103.41952148832833,0.0,0.0,0.0
2024-09-09,0.0,103.41952148832833,0.0,0.0,0.0
2024-09-10,0.0,103.41952148832833,0.0,0.0,0.0
2024-09-11,0.0,103.41952148832833,0.0,0.0,0.0
2024-09-12,0.0,103.41952148832833,0.0,0.0,0.0
2024-09-13,0.0,103.41952148832833,0.0,0.0,0.0
2024-09-14,0.0,103.41952148832833,0.0,0.0,0.0
2024-09-15,0.0,103.41952148832833,0.0,0.0,0.0
2024-09-16,0.0,103.41952148832833,0.0,0.0,0.0
2024-09-17,0.0,103.41952148832833,0.0,0.0,0.0
2024-09-18,0.0,103.41952148832833,0.0,0.08747731215108422,0.0
2024-09-19,0.0023216510666140577,103.65962553070041,0.08747731215108422,0.1872132111974568,0.0
2024-09-20,0.00037601284826405037,103.69860288174618,0.1872132111974568,0.21511697581248376,0.0
2024-09-21,0.0006350857940572293,103.76446039129995,0.21511697581248376,0.2754158521510822,0.0
2024-09-22,0.0008003307220729456,103.84750627681044,0.2754158521510822,0.2702394319920999,0.0
2024-09-23,-0.0010246465243603376,103.74109929044042,0.2702394319920999,0.29329796695095883,0.0
2024-09-24,0.004376748909497489,104.19514803362992,0.29329796695095883,0.5463354492250623,0.0
2024-09-25,-0.011163184310819012,103.03199839183745,0.5463354492250623,0.355427765430715,0.0
2024-09-26,0.011076319620441855,104.17321373715828,0.355427765430715,0.604392056231555,0.0
2024-09-27,0.006353560831585078,104.83508458765903,0.604392056231555,0.6581387040506275,0.0
2024-09-28,-2.284511644396521e-05,104.8326896179442,0.6581387040506275,0.7027750652630282,0.0
2024-09-29,-0.0015287728616715326,104.67242424704025,0.7027750652630282,0.852710343854803,0.0
2024-09-30,-0.03083387485541613,101.444967816994,0.852710343854803,0.3973221550183603,0.0
2024-10-01,-0.015536032477296994,99.86891550233084,0.3973221550183603,0.0,0.0
2024-10-02,-0.0003882691887147412,99.83013947953093,0.0,0.0,0.0
2024-10-03,0.0,99.83013947953093,0.0,0.0,0.0
2024-10-04,0.0,99.83013947953093,0.0,0.13929187564503304,0.0
2024-10-05,-0.00018880224634990961,99.81129132494377,0.13929187564503304,0.1433882595463179,0.0
2024-10-06,0.0017050408522352278,99.98147365416715,0.1433882595463179,0.14882044746523454,0.0
2024-10-07,-0.0008368566103494313,99.89780349702718,0.14882044746523454,0.1544291799898223,0.0
2024-10-08,-0.0006509412932149952,99.8327758916295,0.1544291799898223,0.15899796354316298,0.0
2024-10-09,-0.0033918708924290026,99.4941560049723,0.15899796354316298,0.0,0.0
2024-10-10,-0.0001365250982795979,99.48057255554548,0.0,0.0,0.0
2024-10-11,0.0,99.48057255554548,0.0,0.130254746798934,0.0
2024-10-12,0.0014135969003166628,99.62119798455171,0.130254746798934,0.32677203905310775,0.0
2024-10-13,-0.002487886081858511,99.37335179262789,0.32677203905310775,0.12916511588811522,0.0
2024-10-14,0.0066580201363628634,100.03498156988107,0.12916511588811522,0.6304699082805825,0.0
2024-10-15,0.007558134144275403,100.79105937970635,0.6304699082805825,0.6940293000931603,0.0
2024-10-16,0.007498384098791564,101.54682945665951,0.6940293000931603,0.7630734397077676,0.0
2024-10-17,-0.003732433253576136,101.16781269360025,0.7630734397077676,0.8140071283558001,0.0
2024-10-18,0.012672851535276454,102.44989736401492,0.8140071283558001,0.8352015646697187,0.0
2024-10-19,-0.0003896187156184615,102.4099809665887,0.8352015646697187,0.8613523759432087,0.0
2024-10-20,0.007815349387839418,103.21035074864459,0.8613523759432087,0.8899667375113607,0.10393042338435052
2024-10-21,-0.0234288090618408,100.79225514774897,0.9938971608957112,0.8585113045352983,0.0
2024-10-22,-0.00029758078390490787,100.76226130945057,0.8585113045352983,0.8873396467551794,0.0
2024-10-23,-0.010282848064096375,99.7261382858107,0.8873396467551794,0.900601553921822,0.0
2024-10-24,0.01980202842463592,101.7009181108255,0.900601553921822,0.8985169834224835,0.0
2024-10-25,-0.024465879617272045,99.21271569135999,0.8985169834224835,0.798771239790605,0.0
2024-10-26,0.00909324088054656,100.11488081355472,0.798771239790605,0.8191406955222493,0.0
2024-10-27,0.01166913368840497,101.28313474196682,0.8191406955222493,0.8956995382944781,0.0
2024-10-28,0.024438494966700402,103.75834212057002,0.8956995382944781,0.8810284093331098,0.0
2024-10-29,0.03621098091444998,107.51553346681295,0.8810284093331098,0.8287407314929889,0.08323737711101117
2024-10-30,-0.0019517749105410786,107.30568734609899,0.9119781086040001,0.8500534465071173,0.10083790268067891
2024-10-31,-0.028329035442660758,104.26582072607228,0.9508913491877963,0.8029075996056823,0.0
2024-11-01,-0.010470350003832998,103.17412108963339,0.8029075996056823,0.8152713393130491,0.0
2024-11-02,-0.002874442881739438,102.87755297168756,0.8152713393130491,0.8409056869690773,0.0
2024-11-03,-0.005945614569374273,102.26588269387753,0.8409056869690773,0.80636455945347,0.0
2024-11-04,-0.011552453509259883,101.08446083847308,0.80636455945347,0.8034359750572544,0.0
2024-11-05,0.02133269354934983,103.24086466414148,0.8034359750572544,0.8604617110207855,0.0
2024-11-06,0.07312588910659233,110.7904446848402,0.8604617110207855,0.470996264699264,0.060470202352607895
2024-11-07,0.005042451573248364,111.34910013694216,0.5314664670518718,0.5024996395851332,0.12163001385301267
2024-11-08,0.006131858865586186,112.0318771037919,0.6241296534381459,0.536614177698978,0.25401268297989177
2024-11-09,0.017271868057553447,113.96687690336863,0.7906268606788698,0.5640429590644154,0.28537832227484183
2024-11-10,0.02890132355785559,117.2606704876312,0.8494212813392572,0.5373602949484303,0.3191450756092423
2024-11-11,0.07486418317717845,126.03929480249597,0.8565053705576726,0.3304221395065379,0.2586104947502649
2024-11-12,-0.01212806728910247,124.51068175406029,0.5890326342568029,0.3332838981478754,0.25957024882049534
2024-11-13,0.003746139077604722,124.97711608455839,0.5928541469683708,0.3539520299728945,0.2781110989898799
2024-11-14,-0.02227732720215432,122.19295997676106,0.6320631289627744,0.32459818708730925,0.24310824093226105
2024-11-15,0.01834105233555654,124.43410745073139,0.5677064280195703,0.331232292247092,0.27874261191541255
2024-11-16,0.0007179796921155746,124.52344861288753,0.6099749041625045,0.34895396051025696,0.28105963393695116
2024-11-17,-0.008127558264084839,123.51137702904151,0.6300135944472081,0.36079371604502075,0.2931591828930618
2024-11-18,0.014524419149251747,125.30530803871257,0.6539528989380825,0.38278990920329986,0.3066878380811075
2024-11-19,-0.0010232054546158494,125.17709496403504,0.6894777472844074,0.4070249864437748,0.3211406890151535
2024-11-20,0.004732792911175079,125.76953223172231,0.7281656754589283,0.4334525768524273,0.34039234520336314
2024-11-21,0.051534425119777905,132.25099277286748,0.7738449220557904,0.37709060445259196,0.26001464432452137
2024-11-22,-0.0015410719965145826,132.04718447139396,0.6371052487771134,0.3978295865156098,0.2737773403414676
2024-11-23,0.00042132624917014683,132.10281941634076,0.6716069268570775,0.41314385854853153,0.290818540512002
2024-11-24,-0.0014487118191577717,131.91144050050826,0.7039623990605335,0.43681034595698087,0.3057352588933246
2024-11-25,-0.01430035474961565,130.02506010581817,0.7425456048503054,0.39304591757179075,0.3127304763065647
2024-11-26,-0.014518932277815364,128.13723506372293,0.7057763938783554,0.39463872042140014,0.30700922969680405
2024-11-27,0.045222234350980856,133.93188713686135,0.7016479501182042,0.32986881039285637,0.22647053452007668
2024-11-28,-0.006230137769506446,133.09747302826872,0.556339344912933,0.34634227993701006,0.23315554761610022
2024-11-29,0.00645226882453006,133.95625370411275,0.5794978275531103,0.368566147777125,0.24874583788620672
2024-11-30,0.004042671546797955,134.49779483947802,0.6173119856633317,0.3892376779009367,0.2629891204704779
2024-12-01,0.004177088114263353,135.05960397969662,0.6522267983714146,0.41576524419768285,0.2803291115382967
2024-12-02,-0.01301650728531902,133.3015996605426,0.6960943557359796,0.4192951561195487,0.28386346878804897
2024-12-03,0.00015104095069772764,133.32173366088486,0.7031586249075976,0.4475066458274244,0.30193410410091387
2024-12-04,0.030373619298615786,137.371197243332,0.7494407499283382,0.4393199350310859,0.30722116508053393
2024-12-05,-0.012620622950102725,135.63748715871972,0.7465411001116198,0.4117128403589465,0.31498675224625217
2024-12-06,0.030193811937946558,139.73289993772576,0.7266995926051987,0.4287950593862991,0.3003910931574537
2024-12-07,-0.00042102896188675373,139.67406833992356,0.7291861525437529,0.455686001219993,0.3181363699906957
2024-12-08,0.0033222655149607277,140.13810268050355,0.7738223712106886,0.48697524520586005,0.338491187130293
2024-12-09,-0.036015477764480226,135.09096195945742,0.8254664323361531,0.40102931238250783,0.2589496536339811
2024-12-10,-0.00872268134442555,133.91260654577314,0.659978966016489,0.38686755262634254,0.24715804433403774
2024-12-11,0.03337291959255695,138.38166119645496,0.6340255969603803,0.37273335284219833,0.2466755932602443
2024-12-12,-0.0017540172526815307,138.13893737526163,0.6194089461024426,0.39121762558838014,0.26261616182642605
2024-12-13,0.006738172449431401,139.06974135727734,0.6538337874148061,0.41665441777272894,0.28031831085397674
2024-12-14,-0.0024032520280866843,138.73552171931496,0.6969727286267057,0.44344693356855847,0.29669787827134464
2024-12-15,0.019685206391784702,141.4665590982316,0.7401448118399031,0.4448458989733306,0.30750947800351924
2024-12-16,0.009017169408004268,142.74218702718784,0.7523553769768498,0.4739469003051962,0.3278654994292303
2024-12-17,-0.007275898188210492,141.7036094072155,0.8018123997344265,0.4980942161326255,0.3321803907591615
2024-12-18,-0.04489811867297181,135.3413839356619,0.830274606891787,0.3608889634385804,0.22192749575466156
2024-12-19,-0.02276585143058551,132.2602220965728,0.582816459193242,0.3183498226750035,0.19046057031107705
2024-12-20,0.0023086061262808295,132.5655588555682,0.5088103929860806,0.31526365545355967,0.2192980336783366
2024-12-21,-0.010813361145875031,131.1320795921582,0.5345616891318963,0.30746938322919326,0.16758963251291836
2024-12-22,-0.009388510717545304,129.9009446574932,0.4750590157421116,0.3198860424888077,0.17748856466809404
2024-12-23,0.008053170315694327,130.94705908898956,0.49737460715690174,0.33899431895928367,0.2108623284134713
2024-12-24,0.016723939759600973,133.13700981689075,0.549856647372755,0.3729045256773469,0.23479914542413866
2024-12-25,0.0019463080772519994,133.39613545447853,0.6077036711014856,0.3691211465449929,0.2509794546581212
2024-12-26,-0.023858633706529516,130.21348592080352,0.620100601203114,0.3470113347548577,0.18758569533961675
2024-12-27,-0.005642887212635058,129.4787059061884,0.5345970300944745,0.30223107630698764,0.17182069813750936
2024-12-28,0.007618755609042791,130.46517252306276,0.474051774444497,0.31856679886261635,0.17414350642627616
2024-12-29,-0.008479637638296823,129.3588751356493,0.4927103052888925,0.3340734750285157,0.18083793341823387
2024-12-30,-0.002454926254161988,129.04130863686993,0.5149114084467495,0.3560609421862477,0.21413038428890507
2024-12-31,0.0018036573528985153,129.27405494202048,0.5701913264751528,0.37657035434713926,0.22474205045446835
2025-01-01,0.005273061750041812,129.95572501640805,0.6013124048016076,0.39619116521363185,0.2360909931446578
2025-01-02,0.015299950965968704,131.94404123690603,0.6322821583582896,0.4795597070337982,0.26790359971187433
2025-01-03,0.01844702860675786,134.3780167400945,0.7474633067456725,0.5394714625415559,0.33423348387836993
2025-01-04,0.00525673911382615,135.08440691673053,0.8737049464199258,0.6172921334784124,0.3738910124567025
2025-01-05,-0.0007231151253065251,134.98672533889598,0.9911831459351148,0.6162541346839607,0.4154843655520561
2025-01-06,0.02870828076321366,138.86196214923183,1.0317385002360169,0.5972334069104699,0.4236706517193094
2025-01-07,-0.06518599862588599,129.81010647538417,1.0209040586297793,0.29747033983096804,0.17253283356040916
2025-01-08,-0.009412267439604308,128.58829903687433,0.4700031733913772,0.27665555760232796,0.17415244680993505
2025-01-09,-0.01391124353779448,126.79947589286162,0.450808004412263,0.2804825365215226,0.1658607959364019
2025-01-10,0.010315577717971982,128.10748574103255,0.4463433324579245,0.3096855426134722,0.14161697576033067
2025-01-11,0.00038385801933593546,128.1566608267712,0.45130251837380286,0.3020799824970984,0.14462549462084806
2025-01-12,-0.0022425475117856235,127.86926342591536,0.44670547711794645,0.353621168155045,0.14765923693284927
2025-01-13,-0.006451792197187026,127.04427750988398,0.5012804050878943,0.3769103359771122,0.07037538452363162
2025-01-14,0.010281059976649708,128.35042734665322,0.44728572050074383,0.42495917949430095,0.12966505131371422
2025-01-15,0.024351074326408817,131.47589814279792,0.5546242308080152,0.43525844339696357,0.16829175633200744
2025-01-16,-0.00624660172610282,130.6546205705182,0.603550199728971,0.46275106087524515,0.12254698516802033
2025-01-17,0.025609170331560745,134.00057700331405,0.5852980460432655,0.45713188769971796,0.14691219533624264
2025-01-18,-0.006328413942384251,133.15256588351875,0.6040440830359606,0.4852187358881446,0.11916927743803708
2025-01-19,-0.018454625964458224,130.69528508393051,0.6043880133261817,0.4612922734048847,0.05893743527496774
2025-01-20,0.008492755607112476,131.8052481991502,0.5202297086798524,0.484805134553589,0.09548468584087708
2025-01-21,0.015243685230429838,133.81444591441675,0.5802898203944661,0.48469311674918003,0.14507277865444318
2025-01-22,-0.01298005888846582,132.07752652632018,0.6297658954036232,0.48917420981088,0.047693488998258655
2025-01-23,0.0030028189996328955,132.47413143239794,0.5368676988091386,0.5225300827373799,0.15420012357867727
2025-01-24,0.0013073989781533628,132.6473279764644,0.6767302063160572,0.5585910060290357,0.16604996025840346
2025-01-25,0.0013530145045002515,132.82680173519975,0.7246409662874391,0.5970852928915562,0.21366291961228362
2025-01-26,-0.017007104507521416,130.5678024366894,0.8107482125038399,0.6013028712901695,0.059171602183995003
2025-01-27,-0.006803603819164115,129.67947083737127,0.6604744734741644,0.6354591295535417,0.07450476298633375
2025-01-28,-0.006319917354856078,128.85990729905762,0.7099638925398755,0.6739769286041004,0.045573468764336746
2025-01-29,0.019428995215889613,131.363525821491,0.7195503973684372,0.656822771892887,0.06636985876298053
2025-01-30,0.009383765304248518,132.5962103173385,0.7231926306558675,0.6934654741682744,0.06567954758332888
2025-01-31,-0.016982532911419695,130.34439081169475,0.7591450217516033,0.6295512992176029,0.09478735407509259
2025-02-01,-0.014046285755464447,128.51353625173175,0.7243386532926954,0.5888312056495655,0.06475228858015422
2025-02-02,-0.023840717615294646,125.44968132421128,0.6535834942297197,0.4160485612528943,0.0
2025-02-03,0.017532869007887263,127.64917415394989,0.4160485612528943,0.5098276402482527,0.0
2025-02-04,-0.01882521260602271,125.24615131151857,0.5098276402482527,0.3661513719621619,0.0
2025-02-05,-0.00495715731016543,124.62528643697459,0.3661513719621619,0.38862401390867807,0.0
2025-02-06,-6.781284659417345e-05,124.61683524154368,0.38862401390867807,0.41485648954529303,0.0
2025-02-07,-0.0007272453089580654,124.52620823269707,0.41485648954529303,0.48989576985049993,0.0
2025-02-08,0.0010387606404230346,124.65556115651032,0.48989576985049993,0.52223571846361,0.0
2025-02-09,-0.0014905670012408574,124.46975369052926,0.52223571846361,0.5442095583106845,0.0
2025-02-10,0.005966105456364991,125.21235336717471,0.5442095583106845,0.5666989852716694,0.0
2025-02-11,-0.008813054250340811,124.10885010413695,0.5666989852716694,0.3263013444089054,0.0
2025-02-12,0.006425578042722207,124.9063212062736,0.3263013444089054,0.5623332895850321,0.0
2025-02-13,-0.007259535675267098,123.9995593114103,0.5623332895850321,0.2921734579383273,0.0
2025-02-14,0.0023950732114441475,124.29654733414793,0.2921734579383273,0.5253261729890437,0.0
2025-02-15,0.0006795464638729714,124.38101261336047,0.5253261729890437,0.5466498336787098,0.0
2025-02-16,-0.007549914721569103,123.44194657514718,0.5466498336787098,0.3110410145168067,0.0
2025-02-17,-0.0014781173214994299,123.25948489571486,0.3110410145168067,0.312464657826613,0.0
2025-02-18,-0.001122127291517341,123.121172063775,0.312464657826613,0.31285059338992416,0.0
2025-02-19,0.0039033400125897274,123.60175586108848,0.31285059338992416,0.31882172052409474,0.0
2025-02-20,0.005633568205139243,124.29807478300688,0.31882172052409474,0.7331021796836942,0.0
2025-02-21,-0.01787604835521264,122.07611638772602,0.7331021796836942,0.3174279479471312,0.0
2025-02-22,0.001428622314492681,122.25051705166412,0.3174279479471312,0.3261661793139015,0.0
2025-02-23,-0.0016965231088038706,122.04311622442275,0.3261661793139015,0.33201489708878046,0.0
2025-02-24,-0.013956797901020985,120.33978511606766,0.33201489708878046,0.20579349140301811,0.0
2025-02-25,-0.007046205442060662,119.4918462672864,0.20579349140301811,0.07622666646657021,0.0
2025-02-26,-0.00423020498428678,118.98637126362489,0.07622666646657021,0.04748516699434922,0.0
2025-02-27,0.0005497677337029434,119.05178613129603,0.04748516699434922,0.03868059433457308,0.0
2025-02-28,-0.00032892708659346646,119.01262677413011,0.03868059433457308,0.03923928962111724,0.0
2025-03-01,0.0013799632088866607,119.17685982047138,0.03923928962111724,0.03875425344786845,0.0
2025-03-02,0.007304165598439844,120.04734734010215,0.03875425344786845,0.08424421526745693,0.0
2025-03-03,-0.0068481445961157544,119.22524574713701,0.08424421526745693,0.023243226971673647,0.0
2025-03-04,0.00022032840032818317,119.2515144548112,0.023243226971673647,0.023852203844676317,0.0
2025-03-05,0.0008872783653883247,119.35732374362675,0.023852203844676317,0.04754488382083133,0.0
2025-03-06,-0.00010687759096380561,119.34456712040114,0.04754488382083133,0.024533774299772694,0.0
2025-03-07,-0.0009868629746886545,119.22679038587977,0.024533774299772694,0.024436991617571735,0.0
2025-03-08,-0.00010294830439413315,119.21451618997118,0.024436991617571735,0.025231308718414364,0.0
2025-03-09,-0.001487501924417513,119.0371843677201,0.025231308718414364,0.0,0.0
2025-03-10,-2.1751216547778728e-05,119.03459516414568,0.0,0.0,0.0
2025-03-11,0.0,119.03459516414568,0.0,0.0,0.0
2025-03-12,0.0,119.03459516414568,0.0,0.024359265618660718,0.0
2025-03-13,0.0,119.03459516414568,0.024359265618660718,0.0,0.0
2025-03-14,0.0,119.03459516414568,0.0,0.02453340904740202,0.0
2025-03-15,0.0,119.03459516414568,0.02453340904740202,0.025321195433599314,0.0
2025-03-16,0.0,119.03459516414568,0.025321195433599314,0.0,0.0
2025-03-17,0.0,119.03459516414568,0.0,0.0,0.0
2025-03-18,0.0,119.03459516414568,0.0,0.0,0.0
2025-03-19,0.0,119.03459516414568,0.0,0.04049839653663839,0.0
2025-03-20,0.0,119.03459516414568,0.04049839653663839,0.0,0.0
2025-03-21,0.0,119.03459516414568,0.0,0.0,0.0
2025-03-22,0.0,119.03459516414568,0.0,0.0,0.0
2025-03-23,0.0,119.03459516414568,0.0,0.05672594797627741,0.0
2025-03-24,0.0009762434809572997,119.15080191168308,0.05672594797627741,0.057998378261511885,0.0
2025-03-25,6.625871762575322e-05,119.15869669102182,0.057998378261511885,0.05997277797605913,0.0
2025-03-26,-0.0003873120287477419,119.11254509446348,0.05997277797605913,0.061868561572649874,0.0
2025-03-27,0.0002476461316946915,119.14204285549243,0.061868561572649874,0.06396247861328984,0.0
2025-03-28,-0.001917939280467112,118.91353565154479,0.06396247861328984,0.0,0.0
2025-03-29,-5.582243479633771e-05,118.90689760845449,0.0,0.0,0.0
2025-03-30,0.0,118.90689760845449,0.0,0.0,0.0
2025-03-31,0.0,118.90689760845449,0.0,0.0,0.0
2025-04-01,0.0,118.90689760845449,0.0,0.0,0.0
2025-04-02,0.0,118.90689760845449,0.0,0.0,0.0
2025-04-03,0.0,118.90689760845449,0.0,0.0,0.0
2025-04-04,0.0,118.90689760845449,0.0,0.0,0.0
2025-04-05,0.0,118.90689760845449,0.0,0.0,0.0
2025-04-06,0.0,118.90689760845449,0.0,0.0,0.0
2025-04-07,0.0,118.90689760845449,0.0,0.0,0.0
2025-04-08,0.0,118.90689760845449,0.0,0.0,0.0
2025-04-09,0.0,118.90689760845449,0.0,0.0,0.0
2025-04-10,0.0,118.90689760845449,0.0,0.0,0.0
2025-04-11,0.0,118.90689760845449,0.0,0.0,0.0
2025-04-12,0.0,118.90689760845449,0.0,0.0,0.0
2025-04-13,0.0,118.90689760845449,0.0,0.0,0.0
2025-04-14,0.0,118.90689760845449,0.0,0.0,0.0
2025-04-15,0.0,118.90689760845449,0.0,0.0,0.0
2025-04-16,0.0,118.90689760845449,0.0,0.0,0.0
2025-04-17,0.0,118.90689760845449,0.0,0.0,0.0
2025-04-18,0.0,118.90689760845449,0.0,0.0,0.0
2025-04-19,0.0,118.90689760845449,0.0,0.0,0.0
2025-04-20,0.0,118.90689760845449,0.0,0.0,0.0
2025-04-21,0.0,118.90689760845449,0.0,0.0,0.0
2025-04-22,0.0,118.90689760845449,0.0,0.32201083045681966,0.0
2025-04-23,0.0003672617332681844,118.95056756176771,0.32201083045681966,0.36496498454790877,0.0
2025-04-24,0.0005306874392455654,119.01369313386388,0.36496498454790877,0.4056847647779853,0.0
2025-04-25,0.003900757149935613,119.47793664829605,0.4056847647779853,0.4894967133731575,0.0
2025-04-26,-0.00047861945174520603,119.42075218376179,0.4894967133731575,0.5303439574133639,0.0
2025-04-27,-0.00455584506539698,118.8766897392194,0.5303439574133639,0.5595355596434766,0.0
2025-04-28,0.0074016907600710155,119.75657823525,0.5595355596434766,0.5919718899519593,0.0
2025-04-29,-0.005702567291240169,119.07365828929483,0.5919718899519593,0.6162326158629833,0.0
2025-04-30,0.0008208973534062674,119.17140554024492,0.6162326158629833,0.6494362674312156,0.0
2025-05-01,0.014231372686984028,120.86737822611985,0.6494362674312156,0.6714936181690281,0.0
2025-05-02,0.0027763887973818674,121.20295306099578,0.6714936181690281,0.6967055408561106,0.0
2025-05-03,-0.006537636100602984,120.41057225956453,0.6967055408561106,0.7102883121127748,0.0
2025-05-04,-0.011339029130754276,119.04523327306254,0.7102883121127748,0.7133561544189627,0.0
2025-05-05,0.0034860884255243983,119.4602354828896,0.7133561544189627,0.7383493925442126,0.0
2025-05-06,0.013315150131459513,121.05086645308377,0.7383493925442126,0.8031901469341045,0.0
2025-05-07,0.0037102809640152047,121.4999991785622,0.8031901469341045,0.8317773163088942,0.0
2025-05-08,0.04910161762572158,127.46584567975344,0.8317773163088942,0.7035275743724017,0.04711223669557406
2025-05-09,-0.0009883917962534195,127.33985948358107,0.7506398110679757,0.7239053470692984,0.04743543548763701
2025-05-10,0.011219109706378213,128.76849933712217,0.7713407825569354,0.7460427556268474,0.09218142731675494
2025-05-11,-0.006936468234615145,127.87530073185115,0.8382241829436023,0.7620544583800946,0.0463456393805851
2025-05-12,-0.008299520670605387,126.81399703016729,0.8084000977606797,0.772746926849549,0.047941352735826545
2025-05-13,0.01568233971383772,128.802737212064,0.8206882795853756,0.7977797125828645,0.10599527340297377
2025-05-14,-0.006787950351834193,127.92843062668815,0.9037749859858383,0.8170566007174639,0.11189219475528607
2025-05-15,-0.001164919240038766,127.77940433650315,0.92894879547275,0.8447858956780756,0.11750168148041133
2025-05-16,-0.0009684797668140311,127.6556525687877,0.9622875771584869,0.8714587113924899,0.12531837968035556
2025-05-17,-0.005812183397957808,126.91369450427192,0.9967770910728454,0.8967352735050897,0.06479461089090362
2025-05-18,0.023601472748926634,129.9090446065801,0.9615298843959934,0.8820142124471413,0.06811142251658814
2025-05-19,-0.0011666452850456741,129.75748683220505,0.9501256349637295,0.9053601013224231,0.14407982077043027
2025-05-20,0.010451039705286986,131.11358747914667,1.0494399220928534,0.9328331750849748,0.152021407368808
2025-05-21,0.02630156300718958,134.56207976132814,1.0848545824537827,0.9242679855626648,0.16097718610888245
2025-05-22,0.02051672048344734,137.32285233946266,1.0852451716715472,0.9491591426342212,0.18702631063574804
2025-05-23,-0.04219704661534136,131.5282335379427,1.1361854532699693,0.8139066617882953,0.16620566252986158
2025-05-24,0.005064381025518157,132.19434262819217,0.9801123243181569,0.8419462126669987,0.15671973080407997
2025-05-25,0.00850018962424992,133.31801960778486,0.9986659434710786,0.8695523116451511,0.20101264794062418
2025-05-26,0.004694563851795619,133.94388956342857,1.0705649595857754,0.8999935257079873,0.21086375048718314
2025-05-27,0.0053676703134246445,134.66285620310282,1.1108572761951705,0.9266894864573597,0.1987296640122846
2025-05-28,-0.008824302512818643,133.47455042272645,1.1254191504696442,0.9380404766554982,0.22913315060229295
2025-05-29,-0.02202269314568175,130.53508135600893,1.167173627257791,0.8434975484192949,0.23548237532456534
2025-05-30,-0.022785214254619796,127.56081155956805,1.0789799237438602,0.8463965488413214,0.1876680926692344
2025-05-31,0.0065251034423277204,128.3931590501815,1.0340646415105559,0.8712882051943016,0.21571978073479028
2025-06-01,0.00897683864246653,129.5457237217715,1.087007985929092,0.8279057497626323,0.222564686429776
2025-06-02,0.006803139127799178,130.42704130366215,1.0504704361924082,0.9244382371485586,0.2548915691103824
2025-06-03,-0.0048187741035266626,129.79854285462847,1.179329806258941,0.8849010066771538,0.26442455567152445
2025-06-04,-0.004742581018438049,129.18296274906518,1.1493255623486782,0.9097630427385356,0.27561354359805035
2025-06-05,-0.04681103379151725,123.13577471453037,1.185376586336586,0.8382003155206555,0.18218579428809872
2025-06-06,0.026917199303208746,126.4502449038764,1.0203861098087543,0.7619220781171114,0.17098359465189797
2025-06-07,0.012603877618683233,128.04400831549736,0.9329056727690094,0.7901320558611404,0.17633632650806363
2025-06-08,-0.0009623158321246244,127.92078953908667,0.9664683823692041,0.8387987929259412,0.18549757005248163
2025-06-09,0.047490429813419825,133.99580281636992,1.0242963629784227,0.7638849987201258,0.3218817463057476
2025-06-10,0.014482590754484562,135.936409191378,1.0857667450258734,0.8035821899124433,0.34120473937423645
2025-06-11,-0.0142677621113034,133.99690084277063,1.14478692928668,0.8128959094085864,0.36633077286009663
2025-06-12,-0.034265962552293104,129.40536805636893,1.179226682268683,0.6636842639743232,0.30175887565283166
2025-06-13,-0.009315914254089473,128.1998387435369,0.9654431396271549,0.7046291481049414,0.1631164369476149
2025-06-14,-0.006528632842776793,127.36286906587715,0.8677455850525563,0.6942718187716385,0.1674064201094646
2025-06-15,0.001150384339277728,127.50938531585601,0.8616782388811031,0.6840883893204748,0.1744780504188709
2025-06-16,0.012172790308461516,129.06153032566672,0.8585664397393457,0.8905536357470455,0.18033396615915281
2025-06-17,-0.0251952959726786,125.80978687042472,1.0708876019061984,0.6557396413638398,0.17431767079739455
2025-06-18,0.0015099909228803849,125.99975850660857,0.8300573121612344,0.759864517053167,0.1604501854720904
2025-06-19,-0.0008198441684160113,125.89645833937512,0.9203147025252574,0.8128906334788288,0.1912280238973022
2025-06-20,-0.01891492079598287,123.51513680139108,1.004118657376131,0.6801964926222013,0.11857698976041421
2025-06-21,-0.02051579003841972,120.98112618820704,0.7987734823826155,0.683668875132899,0.044162323261931764
2025-06-22,-0.00522552323879693,120.34893650185475,0.7278311983948308,0.7301988426023621,0.03620670533963866
2025-06-23,0.03488111751900468,124.54684189926319,0.7664055479420008,0.6712987847840544,0.055198933609325256
2025-06-24,0.003462171206258316,124.97804438911723,0.7264977183933796,0.715340007790496,0.05875078443341881
2025-06-25,0.008253737102820185,126.0095803111296,0.7740907922239149,0.7497645316310444,0.06218386001335448
2025-06-26,-0.002150082797173901,125.73864928022354,0.8119483916443989,0.8615011069779278,0.06647729828980022
2025-06-27,0.0006440506798771967,125.81963134277932,0.927978405267728,0.9211877856198892,0.07105107438056789
2025-06-28,0.0025373767303568744,126.13888314757057,0.9922388600004571,1.026764020911924,0.0737943808808457
2025-06-29,0.010685022024287606,127.48667989212139,1.1005584017927696,1.054789257372806,0.10769654233902179
2025-06-30,-0.012140670291924019,125.93890614493908,1.1624857997118276,0.995994197081291,0.11564895629576114
2025-07-01,-0.019080430021569426,123.53593765924757,1.111643153377052,0.8192096067595673,0.07977023813189194
2025-07-02,0.03382710998831369,127.7148014099564,0.8989798448914592,0.9866458802673616,0.2712517347953607
2025-07-03,0.0070753170997941974,128.61842412826908,1.2578976150627224,1.0186630018562373,0.2948247729266802
2025-07-04,-0.022394477994573527,125.73808165943184,1.3134877747829174,1.0206196383278958,0.25674213560929005
2025-07-05,0.0023253648992714463,126.03046858102441,1.2773617739371859,1.0558804127468346,0.30223916213779034
2025-07-06,0.014436377974267804,127.84989206173415,1.358119574884625,1.0852167268138166,0.3610992209839908
2025-07-07,-0.012942056424177235,126.19525154484622,1.4463159477978074,1.1066081446674332,0.37633591178463954
2025-07-08,0.017391953486823566,128.39003348997218,1.4829440564520726,1.1404482379037884,0.39218225661618755
2025-07-09,0.04703860339515965,134.42932135519825,1.5326304945199758,1.0065218439678718,0.3534943046897105
2025-07-10,0.06343212993534282,142.95645953452114,1.3600161486575824,0.719942524041422,0.29409610393640134
2025-07-11,0.011313480224602929,144.5737946124442,1.0140386279778233,0.7603536128727119,0.3381613552200977
2025-07-12,-0.0032537014493495683,144.10339464737572,1.0985149680928097,0.7992186218030141,0.3729883401443359
2025-07-13,0.013835712747175814,146.09716782160973,1.1722069619473499,0.8447198633195516,0.3965788150632827
2025-07-14,0.011749932111420919,147.81379962518452,1.2412986783828344,0.900535462241171,0.42275944329175824
2025-07-15,0.0005236468923248318,147.89120186200097,1.3232949055329293,0.8869069178386125,0.4367191966912197
2025-07-16,0.04031562456148223,153.85352803221576,1.3236261145298323,0.8596074341592685,0.37949299855825597
2025-07-17,0.019305098344818444,156.82368552157496,1.2391004327175246,0.9057548481657159,0.4238055664351797
2025-07-18,-0.005980365614837801,155.88582254508958,1.3295604146008957,0.9076491822153229,0.4437887262848454
2025-07-19,0.005076405878692238,156.67716225106227,1.3514379085001682,0.968130829368097,0.4740429593937977
2025-07-20,0.016283681064926912,159.2284431913164,1.4421737887618948,1.0188924510755086,0.49132914237685704
2025-07-21,0.00229823976273789,159.5943883308175,1.5102215934523657,1.0847527074104075,0.5173976856225027
2025-07-22,0.021529924854694,163.03044351881087,1.6021503930329102,1.0748909466071275,0.5341840762909831
2025-07-23,-0.02963785467789572,158.19857092572747,1.6090750228981106,0.9714008638273697,0.46127564610642924
2025-07-24,0.007597402058404501,159.40046907411522,1.432676509933799,1.0349546310528244,0.49192133362719165
2025-07-25,-0.006056710567352673,158.43502656863305,1.526875964680016,1.0010314092965593,0.5159354089002504
2025-07-26,0.006573681215854295,159.47652792672065,1.5169668181968097,1.1466707769130553,0.5509689404055159
2025-07-27,0.03143814740377673,164.49017451912343,1.6976397173185713,1.1404529607039469,0.5501197438941148
2025-07-28,-0.02388310205702854,160.56163889370475,1.6905727045980616,1.003110213526876,0.5152967947130346
2025-07-29,-0.0015792613322073556,160.30807010596408,1.5184070082399104,1.0474479502601992,0.5456869854372974
2025-07-30,0.00012828814429549483,160.32863573079356,1.5931349356974966,1.0352364912797851,0.5807507240175076
2025-07-31,-0.030745596071892912,155.39923625785693,1.6159872152972927,0.9198776197247235,0.5166760797002385
2025-08-01,-0.053706601659074996,147.05327137803172,1.436553699424962,0.7066676334738702,0.31071374485897163
2025-08-02,-0.01300966201246929,145.1401580195756,1.0173813783328418,0.742606899108328,0.3196072892045197
2025-08-03,0.020856562999124955,148.16728286901383,1.0622141883128478,0.7147330107288524,0.31412163833132295
2025-08-04,0.024827669097165644,151.84593113911185,1.0288546490601753,0.7103805839220206,0.3150442143962953
2025-08-05,-0.01565860135124802,149.46823623659546,1.025424798318316,0.7274028356717481,0.28835998797136314
2025-08-06,0.011625765114476471,151.2059188431572,1.0157628236431113,0.7567955807067203,0.356086692252115
2025-08-07,0.035060605878752774,156.50728997025183,1.1128822729588352,0.737639651428439,0.31676954309343747
2025-08-08,0.004894474702737636,157.27331094180528,1.0544091945218765,0.7111122121901554,0.3350914024398621
2025-08-09,0.019026626185517446,160.26569143805366,1.0462036146300175,0.7428656860942522,0.32838116930607
2025-08-10,0.015518360115235384,162.75275215190658,1.071246855400322,0.7868876607494217,0.34424048028857185
2025-08-11,-0.0047447254176530675,161.98053503197843,1.1311281410379936,0.8870741808882258,0.3611972736366968
2025-08-12,0.040503245205687134,168.54127236092702,1.2482714545249225,0.8272056590858543,0.29896764322461555
2025-08-13,0.0339983590950146,174.27139906098446,1.1261733023104699,0.7441075177669476,0.29619003988667336
2025-08-14,-0.04243396974857755,166.87637178518835,1.0402975576536209,0.49992728010827686,0.2346711329503619
2025-08-15,-0.012098121844563384,164.85748110635248,0.7345984130586387,0.480551774274492,0.23553726533756134
2025-08-16,0.0002646616005984699,164.90111255117273,0.7160890396120534,0.5130145614157043,0.2507193978680679
2025-08-17,0.003982259297189675,165.55779153974655,0.7637339592837722,0.548012578363349,0.26769458972487925
2025-08-18,-0.01410000557948841,163.22342575530834,0.8157071680882283,0.5086549751440073,0.262515407042395
2025-08-19,-0.026774016917409348,158.85327899281822,0.7711703821864022,0.3716409919965731,0.23712393799653
2025-08-20,0.01764811283200764,161.65673958421786,0.608764929993103,0.3754103378771121,0.2301170561145545
2025-08-21,-0.012356511399559502,159.65922623872984,0.6055273939916666,0.38371118728137055,0.2363516076601624
2025-08-22,0.04731530132070317,167.21355063684567,0.6200627949415329,0.38194217385049134,0.1595272865674839
2025-08-23,-0.006585569425779155,166.11235419019567,0.5414694604179753,0.29852951350039064,0.16756382905203115
2025-08-24,-0.00433791041324959,165.3917736791846,0.4660933425524218,0.3114170881677435,0.1779386014693941
2025-08-25,-0.022591356224116187,161.65534920345974,0.4893556896371376,0.15823071916888526,0.15789021677647422
2025-08-26,0.010127402004036251,163.29249791094603,0.3161209359453595,0.2670850959279454,0.16280120541600415
2025-08-27,-0.004852653566250307,162.50009598861655,0.42988630134394956,0.15705642560705596,0.16020624478674983
2025-08-28,0.001523396939512645,162.74764813751614,0.3172626703938058,0.2834495213936959,0.1709896175493154
2025-08-29,-0.014881033151881357,160.32579499019104,0.4544391389430113,0.13814564466692017,0.15949007599913154
2025-08-30,0.00039113180272196894,160.3885035074084,0.2976357206660517,0.13618162643063147,0.17034447272083844
2025-08-31,0.00029663734288959767,160.43608072691887,0.3065260991514699,0.11160999533886115,0.18193808394715308
2025-09-01,-0.00244488800306367,160.04383247789107,0.29354807928601423,0.1113988295233506,0.1923867968387233
2025-09-02,0.0034917089813458974,160.60265896516316,0.3037856263620739,0.14235835712561487,0.22134402116672078
2025-09-03,0.007578996917901165,161.81986602246687,0.36370237829233565,0.28248154256315516,0.2526329100202263
2025-09-04,-0.009428590811038992,160.2941327206439,0.5351144525833815,0.16446306642517494,0.2392956209510399
2025-09-05,-0.0008166493067454551,160.1632286282822,0.40375868737621484,0.1752278945917465,0.23718825170359398
2025-09-06,-0.0023172936393656197,159.79208339732162,0.4124161462953405,0.18394564565112612,0.2531917423967189
2025-09-07,0.003587584679028935,160.36535102754797,0.43713738804784497,0.16505579164388817,0.2695399810798051
2025-09-08,0.0006292297876652601,160.4662576833239,0.43459577272369326,0.4572109385895208,0.2882176035085293
2025-09-09,-0.002602294813743805,160.0486771731737,0.7454285420980501,0.24482348429438142,0.30820516217506905
2025-09-10,0.007765813044900762,161.29158527818424,0.5530286464694505,0.5160804352806366,0.3267048080127527
2025-09-11,0.014146227408812197,163.57325272265726,0.8427852432933893,0.638308523347862,0.342083252358197
2025-09-12,0.019587855679209346,166.7773019899675,0.980391775706059,0.6960735085785895,0.351353897659242
2025-09-13,-0.003518957770354821,166.19041970721108,1.0474274062378315,0.773937935180739,0.39878725984962937
2025-09-14,-0.00884811059034731,164.71994849458545,1.1727251950303683,0.834732284924244,0.4179520403401766
2025-09-15,-0.007336054477834769,163.51155397884304,1.2526843252644206,0.8875526520198612,0.4359424534405231
2025-09-16,0.008475210603457859,164.89734883491238,1.3234951054603843,0.924142928393539,0.4629605405020307
2025-09-17,0.007035616419397926,166.05750332989047,1.3871034688955697,1.0582927366432988,0.48831397618205374
2025-09-18,0.0028069632518072634,166.52362063942434,1.5466067128253527,1.1319011019150649,0.522071607059356
2025-09-19,-0.027840978212250626,161.88744014537704,1.653972708974421,1.0702941356352809,0.4973975553299579
2025-09-20,0.0034434009623168695,162.44488351256064,1.5676916909652387,1.1374758328457157,0.5314300842564483
2025-09-21,-0.008164615183066559,161.1185835502225,1.668905917102164,1.1241733524236621,0.5262611757861129
2025-09-22,-0.05504431837592997,152.24992094100517,1.650434528209775,0.3991621243731644,0.29043407767072016
2025-09-23,-0.005766151173552803,151.37202488069786,0.6895962020438846,0.42484048170094324,0.3104119319600948
2025-09-24,0.0033281535443278436,151.87581422181665,0.7352524136610381,0.4238294992573987,0.33063060936674965
2025-09-25,-0.03399357229154323,146.71301275173033,0.7544601086241484,0.12133700508820511,0.27366804935994243
2025-09-26,0.011485193720879274,148.39804012455778,0.39500505444814754,0.11253754392950199,0.2619549204939255
2025-09-27,-0.0008484838511438426,148.2721267839707,0.3744924644234275,0.10889644891802616,0.26892263192447097
2025-09-28,0.011030569319487543,149.90765275660914,0.37781908084249716,0.250306993642456,0.27096672395301047
2025-09-29,0.010605766346133442,151.49753829524303,0.5212737175954665,0.6165780303737612,0.2846215501316133
2025-09-30,-0.00786649037419637,150.30578436852906,0.9011995805053745,0.6582290691770329,0.29795694472355183
2025-10-01,0.03783279818879477,155.99227277515212,0.9561860139005848,0.6473619133135659,0.289431183173731
2025-10-02,0.02080084885683379,159.23704446398204,0.9367930964872968,0.6964754275286323,0.3523726329049352
2025-10-03,0.013432371039065895,161.37597552838648,1.0488480604335675,0.7440964099598337,0.39781091179682376
2025-10-04,-0.0022454944430419866,161.013606672097,1.1419073217566575,0.7911770351353303,0.4226949866753058
2025-10-05,0.009935409825451248,162.6133428418583,1.2138720218106362,0.8381910208713129,0.4492455607659572
2025-10-06,0.02483614395566319,166.65203123379032,1.2874365816372701,0.849477382093246,0.43633075256822185
2025-10-07,-0.043259935918660244,159.442675041902,1.2858081346614678,0.6666565844847488,0.34664111031681233
2025-10-08,0.014665460229026615,161.78097525153862,1.0132976948015613,0.6878070463544085,0.36153534769917056
2025-10-09,-0.021926709930394854,158.23365073494176,1.049342394053579,0.6673859316795429,0.3183403158832319
2025-10-10,-0.08263126220484743,145.15860445143255,0.9857262475627748,0.11718569405983112,0.06306346504378608
2025-10-11,-0.005645376777121021,144.33912943686312,0.18024915910361722,0.057607988176150066,0.05909680660736121
2025-10-12,0.008652550923252532,145.5880311045335,0.11670479478351128,0.1176372316744958,0.09101241939331566
2025-10-13,0.0017827731774860685,145.84758154134968,0.20864965106781147,0.12269117659364508,0.09670499119763153
2025-10-14,-0.003901043290667063,145.27862381191778,0.2193961677912766,0.08741178416006855,0.09024776330964986
2025-10-15,-0.004981749635628184,144.5548820806782,0.1776595474697184,0.040463023243865075,0.05058634275249143
2025-10-16,-0.0026111766392117055,144.17742374950512,0.0910493659963565,0.034544971631397886,0.05034842053974039
2025-10-17,-0.0013987180064097327,143.97576019078892,0.08489339217113828,0.0,0.04968031585903125
2025-10-18,0.0007848386703183988,144.08875793497515,0.04968031585903125,0.0,0.04963504214113089
2025-10-19,0.001635849176985597,144.32446541105597,0.04963504214113089,0.0226965950939563,0.05130831808049119
2025-10-20,-9.993046104244864e-05,144.31004300068776,0.07400491317444749,0.023530920411226647,0.0547830979045086
2025-10-21,-0.0016525912360341836,144.0715574883531,0.07831401831573526,0.024712737869837464,0.05567709551049548
2025-10-22,-0.0013529900053079772,143.87663011102222,0.08038983338033295,0.0,0.05484718584566622
2025-10-23,0.0009384559912392395,144.01165199654923,0.05484718584566622,0.026776186323872082,0.05556137870790969
2025-10-24,0.0012629967377926021,144.193538243225,0.08233756503178177,0.04092352335581107,0.07294709441134434
2025-10-25,0.00036264011535368083,144.24582860456675,0.1138706177671554,0.05697737278736177,0.09434909323686642
2025-10-26,0.004911833784055556,144.95434013871574,0.1513264660242282,0.1906717281987111,0.1176232508924253
2025-10-27,-0.0016868572197303682,144.70982286352148,0.3082949790911364,0.18022147495776722,0.11539757668117732
2025-10-28,-0.004046748271315685,144.1242186380061,0.29561905163894453,0.19669994640834426,0.08307804051514904
2025-10-29,-0.005983281021067891,143.26188293595308,0.2797779869234933,0.060619331319181124,0.08483058319583522
2025-10-30,-0.003174455731104852,142.80710443061818,0.14544991451501635,0.0,0.0814189969147595
2025-10-31,0.0009360119449025228,142.94077358618216,0.0814189969147595,0.0700536388199815,0.10053206273504134
2025-11-01,0.0005587312767496768,143.02063906710754,0.17058570155502284,0.05703318777113971,0.08498887344451195
2025-11-02,0.0005973800976550407,143.10607675044014,0.14202206121565164,0.08416251588087217,0.09028661594683528
2025-11-03,-0.007404271817329238,142.04648045946828,0.17444913182770744,0.0,0.02241305501931189
2025-11-04,-0.005284079581307584,141.2958955524758,0.02241305501931189,0.0,0.0
2025-11-05,-5.499740062803616e-05,141.288124645501,0.0,0.0,0.019896564234091616
2025-11-06,0.0,141.288124645501,0.019896564234091616,0.0,0.0
2025-11-07,0.0,141.288124645501,0.0,0.0,0.021256192205366863
2025-11-08,0.0,141.288124645501,0.021256192205366863,0.0,0.0
2025-11-09,0.0,141.288124645501,0.0,0.0,0.021381289285044097
2025-11-10,0.0,141.288124645501,0.021381289285044097,0.0,0.022096010572407863
2025-11-11,0.0,141.288124645501,0.022096010572407863,0.0,0.0
2025-11-12,0.0,141.288124645501,0.0,0.0,0.0
2025-11-13,0.0,141.288124645501,0.0,0.0,0.0
2025-11-14,0.0,141.288124645501,0.0,0.0,0.0
2025-11-15,0.0,141.288124645501,0.0,0.0,0.0
2025-11-16,0.0,141.288124645501,0.0,0.0,0.0
2025-11-17,0.0,141.288124645501,0.0,0.0,0.0
2025-11-18,0.0,141.288124645501,0.0,0.0,0.0
2025-11-19,0.0,141.288124645501,0.0,0.0,0.0
2025-11-20,0.0,141.288124645501,0.0,0.0,0.0
2025-11-21,0.0,141.288124645501,0.0,0.0,0.0
2025-11-22,0.0,141.288124645501,0.0,0.0,0.0
2025-11-23,0.0,141.288124645501,0.0,0.0,0.0
2025-11-24,0.0,141.288124645501,0.0,0.0,0.0
2025-11-25,0.0,141.288124645501,0.0,0.0,0.0
2025-11-26,0.0,141.288124645501,0.0,0.0,0.0
2025-11-27,0.0,141.288124645501,0.0,0.0,0.0
2025-11-28,0.0,141.288124645501,0.0,0.0,0.0
2025-11-29,0.0,141.288124645501,0.0,0.0,0.0
2025-11-30,0.0,141.288124645501,0.0,0.0,0.0
2025-12-01,0.0,141.288124645501,0.0,0.0,0.0
2025-12-02,0.0,141.288124645501,0.0,0.0,0.0
2025-12-03,0.0,141.288124645501,0.0,0.0,0.0
2025-12-04,0.0,141.288124645501,0.0,0.0,0.0
2025-12-05,0.0,141.288124645501,0.0,0.0,0.0
2025-12-06,0.0,141.288124645501,0.0,0.0,0.0
2025-12-07,0.0,141.288124645501,0.0,0.0,0.0
2025-12-08,0.0,141.288124645501,0.0,0.0,0.0
2025-12-09,0.0,141.288124645501,0.0,0.0,0.0
2025-12-10,0.0,141.288124645501,0.0,0.0,0.0
2025-12-11,0.0,141.288124645501,0.0,0.0,0.0
2025-12-12,0.0,141.288124645501,0.0,0.0,0.0
2025-12-13,0.0,141.288124645501,0.0,0.0,0.0
2025-12-14,0.0,141.288124645501,0.0,0.0,0.0
2025-12-15,0.0,141.288124645501,0.0,0.0,0.0
2025-12-16,0.0,141.288124645501,0.0,0.0,0.0
2025-12-17,0.0,141.288124645501,0.0,0.0,0.0
2025-12-18,0.0,141.288124645501,0.0,0.0,0.0
2025-12-19,0.0,141.288124645501,0.0,0.0,0.0
2025-12-20,0.0,141.288124645501,0.0,0.0,0.0
2025-12-21,0.0,141.288124645501,0.0,0.0,0.0
2025-12-22,0.0,141.288124645501,0.0,0.0,0.0
2025-12-23,0.0,141.288124645501,0.0,0.0,0.0
2025-12-24,0.0,141.288124645501,0.0,0.0,0.0
2025-12-25,0.0,141.288124645501,0.0,0.0,0.0
2025-12-26,0.0,141.288124645501,0.0,0.0,0.0
2025-12-27,0.0,141.288124645501,0.0,0.0,0.0
2025-12-28,0.0,141.288124645501,0.0,0.0,0.0
2025-12-29,0.0,141.288124645501,0.0,0.0,0.0
2025-12-30,0.0,141.288124645501,0.0,0.0,0.0
2025-12-31,0.0,141.288124645501,0.0,0.0,0.0
2026-01-01,0.0,141.288124645501,0.0,0.0,0.0
2026-01-02,0.0,141.288124645501,0.0,0.0,0.0
2026-01-03,0.0,141.288124645501,0.0,0.0,0.0
2026-01-04,0.0,141.288124645501,0.0,0.0,0.0
2026-01-05,0.0,141.288124645501,0.0,0.0,0.0
2026-01-06,0.0,141.288124645501,0.0,0.0,0.0
2026-01-07,0.0,141.288124645501,0.0,0.0,0.0
2026-01-08,0.0,141.288124645501,0.0,0.0,0.0
2026-01-09,0.0,141.288124645501,0.0,0.0,0.0
2026-01-10,0.0,141.288124645501,0.0,0.0,0.0
2026-01-11,0.0,141.288124645501,0.0,0.0,0.0
2026-01-12,0.0,141.288124645501,0.0,0.0,0.0
2026-01-13,0.0,141.288124645501,0.0,0.0,0.0
2026-01-14,0.0,141.288124645501,0.0,0.0,0.09567164692923125
2026-01-15,-0.0012916100067719533,141.10563548987082,0.09567164692923125,0.0,0.0
2026-01-16,-9.459789215351354e-05,141.0922871941825,0.0,0.0,0.0
2026-01-17,0.0,141.0922871941825,0.0,0.0,0.0
2026-01-18,0.0,141.0922871941825,0.0,0.0,0.0
2026-01-19,0.0,141.0922871941825,0.0,0.0,0.0
2026-01-20,0.0,141.0922871941825,0.0,0.0,0.0
2026-01-21,0.0,141.0922871941825,0.0,0.0,0.0
2026-01-22,0.0,141.0922871941825,0.0,0.0,0.0
2026-01-23,0.0,141.0922871941825,0.0,0.0,0.0
2026-01-24,0.0,141.0922871941825,0.0,0.0,0.0
2026-01-25,0.0,141.0922871941825,0.0,0.0,0.0
2026-01-26,0.0,141.0922871941825,0.0,0.0,0.0
2026-01-27,0.0,141.0922871941825,0.0,0.0,0.0
2026-01-28,0.0,141.0922871941825,0.0,0.0,0.0
2026-01-29,0.0,141.0922871941825,0.0,0.0,0.0
2026-01-30,0.0,141.0922871941825,0.0,0.0,0.0
2026-01-31,0.0,141.0922871941825,0.0,0.0,0.0
2026-02-01,0.0,141.0922871941825,0.0,0.0,0.0
2026-02-02,0.0,141.0922871941825,0.0,0.0,0.0
2026-02-03,0.0,141.0922871941825,0.0,0.0,0.0
2026-02-04,0.0,141.0922871941825,0.0,0.0,0.0
2026-02-05,0.0,141.0922871941825,0.0,0.0,0.0
2026-02-06,0.0,141.0922871941825,0.0,0.0,0.0
2026-02-07,0.0,141.0922871941825,0.0,0.0,0.0
2026-02-08,0.0,141.0922871941825,0.0,0.0,0.0
2026-02-09,0.0,141.0922871941825,0.0,0.0,0.0
2026-02-10,0.0,141.0922871941825,0.0,0.0,0.0
2026-02-11,0.0,141.0922871941825,0.0,0.0,0.0
2026-02-12,0.0,141.0922871941825,0.0,0.0,0.0
2026-02-13,0.0,141.0922871941825,0.0,0.0,0.0
2026-02-14,0.0,141.0922871941825,0.0,0.0,0.0
2026-02-15,0.0,141.0922871941825,0.0,0.0,0.0
2026-02-16,0.0,141.0922871941825,0.0,0.0,0.0
2026-02-17,0.0,141.0922871941825,0.0,0.0,0.0
2026-02-18,0.0,141.0922871941825,0.0,0.0,0.0
2026-02-19,0.0,141.0922871941825,0.0,0.0,0.0
2026-02-20,0.0,141.0922871941825,0.0,0.0,0.0
2026-02-21,0.0,141.0922871941825,0.0,0.0,0.0
2026-02-22,0.0,141.0922871941825,0.0,0.0,0.0
2026-02-23,0.0,141.0922871941825,0.0,0.0,0.0
2026-02-24,0.0,141.0922871941825,0.0,0.0,0.0
2026-02-25,0.0,141.0922871941825,0.0,0.0,0.0
2026-02-26,0.0,141.0922871941825,0.0,0.0,0.0
2026-02-27,0.0,141.0922871941825,0.0,0.0,0.0
2026-02-28,0.0,141.0922871941825,0.0,0.0,0.0
2026-03-01,0.0,141.0922871941825,0.0,0.0,0.0
2026-03-02,0.0,141.0922871941825,0.0,0.0,0.0
2026-03-03,0.0,141.0922871941825,0.0,0.0,0.0
2026-03-04,0.0,141.0922871941825,0.0,0.0,0.0
2026-03-05,0.0,141.0922871941825,0.0,0.0,0.0
2026-03-06,0.0,141.0922871941825,0.0,0.0,0.0
2026-03-07,0.0,141.0922871941825,0.0,0.0,0.0
2026-03-08,0.0,141.0922871941825,0.0,0.0,0.0
2026-03-09,0.0,141.0922871941825,0.0,0.0,0.0
2026-03-10,0.0,141.0922871941825,0.0,0.0,0.0
2026-03-11,0.0,141.0922871941825,0.0,0.0,0.0
2026-03-12,0.0,141.0922871941825,0.0,0.0,0.0
2026-03-13,0.0,141.0922871941825,0.0,0.0,0.0
2026-03-14,0.0,141.0922871941825,0.0,0.0,0.0
2026-03-15,0.0,141.0922871941825,0.0,0.0,0.0
2026-03-16,0.0,141.0922871941825,0.0,0.0,0.0
2026-03-17,0.0,141.0922871941825,0.0,0.0,0.0
2026-03-18,0.0,141.0922871941825,0.0,0.0,0.0
2026-03-19,0.0,141.0922871941825,0.0,0.0,0.0
2026-03-20,0.0,141.0922871941825,0.0,0.0,0.0
2026-03-21,0.0,141.0922871941825,0.0,0.0,0.0
2026-03-22,0.0,141.0922871941825,0.0,0.0,0.0
2026-03-23,0.0,141.0922871941825,0.0,0.0,0.0
2026-03-24,0.0,141.0922871941825,0.0,0.0,0.0
2026-03-25,0.0,141.0922871941825,0.0,0.0,0.0
2026-03-26,0.0,141.0922871941825,0.0,0.0,0.0
2026-03-27,0.0,141.0922871941825,0.0,0.0,0.0
2026-03-28,0.0,141.0922871941825,0.0,0.0,0.0
2026-03-29,0.0,141.0922871941825,0.0,0.0,0.0
2026-03-30,0.0,141.0922871941825,0.0,0.0,0.0
2026-03-31,0.0,141.0922871941825,0.0,0.0,0.0
2026-04-01,0.0,141.0922871941825,0.0,0.0,0.0
2026-04-02,0.0,141.0922871941825,0.0,0.0,0.0
2026-04-03,0.0,141.0922871941825,0.0,0.0,0.0
2026-04-04,0.0,141.0922871941825,0.0,0.0,0.0
2026-04-05,0.0,141.0922871941825,0.0,0.0,0.0
2026-04-06,0.0,141.0922871941825,0.0,0.0,0.0
2026-04-07,0.0,141.0922871941825,0.0,0.0,0.0
2026-04-08,0.0,141.0922871941825,0.0,0.0,0.0
2026-04-09,0.0,141.0922871941825,0.0,0.0,0.0
2026-04-10,0.0,141.0922871941825,0.0,0.0,0.0
2026-04-11,0.0,141.0922871941825,0.0,0.0,0.0
2026-04-12,0.0,141.0922871941825,0.0,0.0,0.0
2026-04-13,0.0,141.0922871941825,0.0,0.0,0.07121505655149736
2026-04-14,-0.001570840104864837,140.87065377097076,0.07121505655149736,0.0,0.0
2026-04-15,-6.982511559508761e-05,140.86081746128724,0.0,0.0,0.07450227583267663
2026-04-16,-0.00030043260618798,140.8184982787876,0.07450227583267663,0.1101489220772239,0.0768668787110424
2026-04-17,0.0051477632341505,141.5433985669154,0.1870158007882663,0.11066924281173762,0.07809297260834733
2026-04-18,-0.004079773662579558,140.9659335373301,0.18876221542008495,0.11087006673266575,0.07784832751899759
2026-04-19,-0.005546627698416049,140.18404798583887,0.18871839425166334,0.0,0.0
2026-04-20,-0.00018086717865960304,140.15869329258658,0.0,0.10935615511358948,0.07831140624828085
2026-04-21,0.0005717816342709675,140.23883345929468,0.18766756136187035,0.11311458515740314,0.08098977994117146
2026-04-22,0.005149887775851824,140.9610477134264,0.1941043650985746,0.11261863138608666,0.08250894080913923
2026-04-23,-0.0018452844535001378,140.70093448353174,0.1951275721952259,0.11617276155577796,0.08342150965753603
2026-04-24,-0.0016361346684693858,140.47072880673718,0.199594271213314,0.11833318922706984,0.08606906878166454
2026-04-25,0.0003832358085726868,140.52456222007223,0.20440225800873438,0.12242671653118048,0.08906190801976024
2026-04-26,0.0029875838814371752,140.94439113710695,0.21148862455094072,0.1260821934475733,0.09077768999756652
2026-04-27,-0.004225364552681278,140.34884970289696,0.21685988344513982,0.1259957255060775,0.059797822326029634
2026-04-28,-0.0017370383743912567,140.10505836516137,0.1857935478321071,0.12795124131660213,0.06181509935838541
2026-04-29,-0.0018526689361315213,139.84549007573332,0.18976634067498754,0.13169365498985247,0.06334273505665523
2026-04-30,0.0008146793068521249,139.95941930265462,0.1950363900465077,0.1359148255928515,0.06555867715619082
2026-05-01,0.0038745595007996184,140.50170040044011,0.20147350274904233,0.13414895141119065,0.06689772586327705
2026-05-02,0.0017156623570474107,140.74275387891828,0.2010466772744677,0.3201477193839655,0.08412267795630535
2026-05-03,-0.00022457570348027425,140.71114647595618,0.40427039734027087,0.30150980862986687,0.10690158292950731
2026-05-04,0.005508360214256782,141.4862341569068,0.40841139155937417,0.3666034503368838,0.12665483393750493
2026-05-05,0.004937478447107966,142.184819388619,0.4932582842743887,0.3889493892495217,0.13109874448423217
2026-05-06,0.0012705464442090298,142.36547180531372,0.5200481337337539,0.4180190722703391,0.11777931973517289
2026-05-07,-0.009835826827360143,140.96518967844122,0.5357983920055119,0.41343314664250896,0.09396275130732848
2026-05-08,0.0018254091782817809,141.22250882949848,0.5073958979498374,0.43709340894804427,0.09693251489883974
2026-05-09,0.00346110642118744,141.71129496162445,0.534025923846884,0.4624415260465987,0.14068114171808252
2026-05-10,0.011756885422646232,143.3773784195831,0.6031226677646813,0.4680189742387971,0.1409355186320634
2026-05-11,-0.00503799132857855,142.65504443039092,0.6089544928708606,0.48088892134099404,0.14207957930590018
2026-05-12,-0.010180110770919414,141.2028002760591,0.6229685006468942,0.4778810035627762,0.0979278540418847
2026-05-13,-0.008233563014966193,140.04019812209648,0.5758088576046609,0.4758008481946326,0.10092744412181279
2026-05-14,0.012712170334174324,141.8204129742561,0.5767282923164454,0.4646553602192319,0.10231328673552148
2026-05-15,-0.01576332884229045,139.58485116799346,0.5669686469547535,0.3620927658437475,0.04045403208638937
2026-05-16,-0.005074589995277562,138.87651527876406,0.40254679793013687,0.30355867905433787,0.04097223059284056
2026-05-17,-0.0033290679848966952,138.4141859178955,0.3445309096471784,0.2868761418448773,0.0
2026-05-18,-0.0020724996963774563,138.12732255960634,0.2868761418448773,0.1342172398511621,0.0
2026-05-19,-0.0004600612240432602,138.06377553451574,0.1342172398511621,0.13267744897431202,0.0
2026-05-20,0.0010478981660331816,138.20845231169397,0.13267744897431202,0.27118371789127443,0.0
2026-05-21,0.0005195738678140823,138.28026181182616,0.27118371789127443,0.2803267439083128,0.0
2026-05-22,-0.007100444934608211,137.29841042728808,0.2803267439083128,0.07773873581005869,0.0
2026-05-23,0.0008938072989423461,137.42112874866118,0.07773873581005869,0.10743511579612346,0.0
