,ret,gross
2018-03-01,0.0,0.0
2018-03-02,0.0,0.0
2018-03-03,0.0,0.0
2018-03-04,0.0,0.0
2018-03-05,0.0,0.0
2018-03-06,0.0,0.0
2018-03-07,0.0,0.0
2018-03-08,0.0,0.0
2018-03-09,0.0,0.0
2018-03-10,0.0,0.0
2018-03-11,0.0,0.0
2018-03-12,0.0,0.0
2018-03-13,0.0,0.0
2018-03-14,0.0,0.0
2018-03-15,0.0,0.0
2018-03-16,0.0,0.0
2018-03-17,0.0,0.0
2018-03-18,0.0,0.0
2018-03-19,0.0,0.0
2018-03-20,0.0,0.0
2018-03-21,0.0,0.0
2018-03-22,0.0,0.0
2018-03-23,0.0,0.0
2018-03-24,0.0,0.0
2018-03-25,0.0,0.0
2018-03-26,0.0,0.0
2018-03-27,0.0,0.0
2018-03-28,0.0,0.0
2018-03-29,0.0,0.0
2018-03-30,0.0,0.0
2018-03-31,0.0,0.0
2018-04-01,0.0,0.0
2018-04-02,0.0,0.0
2018-04-03,0.0,0.0
2018-04-04,0.0,0.0
2018-04-05,0.0,0.0
2018-04-06,0.0,0.0
2018-04-07,0.0,0.0
2018-04-08,0.0,0.0
2018-04-09,0.0,0.0
2018-04-10,0.0,0.0
2018-04-11,0.0,0.0
2018-04-12,0.0,0.0
2018-04-13,0.0,0.0
2018-04-14,0.0,0.0
2018-04-15,0.0,0.0
2018-04-16,0.0,0.0
2018-04-17,0.0,0.0
2018-04-18,0.0,0.0
2018-04-19,0.0,0.0
2018-04-20,0.0,0.0
2018-04-21,0.0,0.0
2018-04-22,0.0,0.0
2018-04-23,0.0,0.0
2018-04-24,0.0,0.0
2018-04-25,0.0,0.0
2018-04-26,0.0,0.0
2018-04-27,0.0,0.0
2018-04-28,0.0,0.0
2018-04-29,0.0,0.0
2018-04-30,0.0,0.0
2018-05-01,0.0,0.039766137929343824
2018-05-02,0.0,0.07180722440855933
2018-05-03,0.007434514235075351,0.12493069038590622
2018-05-04,0.0010106442349626654,0.18757573324404705
2018-05-05,0.006908505553105293,0.20690902227966612
2018-05-06,-0.005629733888221522,0.23530970284075065
2018-05-07,-0.009156930578356093,0.21516707124390874
2018-05-08,-0.0015646481865165818,0.19408873698179302
2018-05-09,0.0011451328652272164,0.1822704591506919
2018-05-10,-0.008155735538162512,0.23048177235303163
2018-05-11,-0.01051154588370129,0.12655096387993328
2018-05-12,-0.0038292358169859098,0.0467233897310626
2018-05-13,0.006845757512330408,0.1101002339282838
2018-05-14,-0.00024256859987881185,0.12166565644013834
2018-05-15,-0.0034456150340294034,0.12579975633900803
2018-05-16,0.0002113104126233445,0.11592787564546846
2018-05-17,-0.005920034293186882,0.1109860963216988
2018-05-18,0.0031586227339019946,0.09546096537799245
2018-05-19,0.0007163814639576938,0.1131459833281841
2018-05-20,0.0031172824842080615,0.11543744607085071
2018-05-21,-0.003156252777409607,0.11839605049539355
2018-05-22,-0.005553499921044591,0.08744902617688875
2018-05-23,-5.0990101755576944e-05,0.0
2018-05-24,0.0,0.0
2018-05-25,0.0,0.0
2018-05-26,0.0,0.0
2018-05-27,0.0,0.0
2018-05-28,0.0,0.0
2018-05-29,0.0,0.0
2018-05-30,0.0,0.0
2018-05-31,0.0,0.0
2018-06-01,0.0,0.0
2018-06-02,0.0,0.0
2018-06-03,0.0,0.0
2018-06-04,0.0,0.0
2018-06-05,0.0,0.0
2018-06-06,0.0,0.0
2018-06-07,0.0,0.0
2018-06-08,0.0,0.0
2018-06-09,0.0,0.0
2018-06-10,0.0,0.0
2018-06-11,0.0,0.0
2018-06-12,0.0,0.0
2018-06-13,0.0,0.0
2018-06-14,0.0,0.0
2018-06-15,0.0,0.0
2018-06-16,0.0,0.0
2018-06-17,0.0,0.0
2018-06-18,0.0,0.0
2018-06-19,0.0,0.0
2018-06-20,0.0,0.0
2018-06-21,0.0,0.0
2018-06-22,0.0,0.0
2018-06-23,0.0,0.0
2018-06-24,0.0,0.0
2018-06-25,0.0,0.0
2018-06-26,0.0,0.0
2018-06-27,0.0,0.0
2018-06-28,0.0,0.0
2018-06-29,0.0,0.0
2018-06-30,0.0,0.0
2018-07-01,0.0,0.0
2018-07-02,0.0,0.0
2018-07-03,0.0,0.0
2018-07-04,0.0,0.0
2018-07-05,0.0,0.0
2018-07-06,0.0,0.0
2018-07-07,0.0,0.0
2018-07-08,0.0,0.0
2018-07-09,0.0,0.0
2018-07-10,0.0,0.0
2018-07-11,0.0,0.0
2018-07-12,0.0,0.0
2018-07-13,0.0,0.0
2018-07-14,0.0,0.0
2018-07-15,0.0,0.0
2018-07-16,0.0,0.0
2018-07-17,0.0,0.0
2018-07-18,0.0,0.0
2018-07-19,0.0,0.0
2018-07-20,0.0,0.0
2018-07-21,0.0,0.0
2018-07-22,0.0,0.0
2018-07-23,0.00042596803226446767,0.04167737121729473
2018-07-24,0.007622700981931629,0.09744169244859478
2018-07-25,-0.0030821674783922948,0.11179228794596471
2018-07-26,-0.003566612455475404,0.11212707532119345
2018-07-27,0.0037604198901906027,0.11059006454493683
2018-07-28,0.0005087267080983171,0.1078785427178022
2018-07-29,-0.00019574694919277658,0.11168545562598413
2018-07-30,-0.0005170739276144642,0.11716317094518605
2018-07-31,-0.006180611669015179,0.10486529152557589
2018-08-01,-0.0029413950553609514,0.014988963457564432
2018-08-02,-0.0004093084027347871,0.028240828849785647
2018-08-03,0.0,0.0
2018-08-04,0.0,0.0
2018-08-05,0.0,0.0
2018-08-06,0.0,0.0
2018-08-07,0.0,0.0
2018-08-08,0.0,0.0
2018-08-09,0.0,0.0
2018-08-10,0.0,0.0
2018-08-11,0.0,0.0
2018-08-12,0.0,0.0
2018-08-13,0.0,0.0
2018-08-14,0.0,0.0
2018-08-15,0.0,0.0
2018-08-16,0.0,0.0
2018-08-17,0.0,0.0
2018-08-18,0.0,0.0
2018-08-19,0.0,0.0
2018-08-20,0.0,0.0
2018-08-21,0.0,0.0
2018-08-22,0.0,0.0
2018-08-23,0.0,0.0
2018-08-24,0.0,0.0
2018-08-25,0.0,0.0
2018-08-26,0.0,0.0
2018-08-27,0.0,0.0
2018-08-28,0.0,0.022606520199127345
2018-08-29,0.0,0.0460809231215782
2018-08-30,0.0,0.02083270547723496
2018-08-31,0.0,0.045022844548215514
2018-09-01,0.0,0.048736733185934265
2018-09-02,0.0,0.04959106161620187
2018-09-03,-0.0003176146310477357,0.05277912424460978
2018-09-04,0.0006591504812234472,0.06088896556800974
2018-09-05,-0.004520341074679801,0.05278912239224668
2018-09-06,-4.616243013355614e-05,0.0
2018-09-07,0.0,0.0
2018-09-08,0.0,0.0
2018-09-09,0.0,0.0
2018-09-10,0.0,0.0
2018-09-11,0.0,0.0
2018-09-12,0.0,0.0
2018-09-13,0.0,0.0
2018-09-14,0.0,0.0
2018-09-15,0.0,0.0
2018-09-16,0.0,0.0
2018-09-17,0.0,0.0
2018-09-18,0.0,0.0
2018-09-19,0.0,0.0
2018-09-20,0.0,0.0
2018-09-21,-0.0004751070767057275,0.015301644683421052
2018-09-22,-0.00027543404643326497,0.015456458133373097
2018-09-23,-0.0006801076720511778,0.015914534413943915
2018-09-24,0.0,0.0
2018-09-25,0.0,0.0
2018-09-26,0.0,0.0
2018-09-27,0.0,0.0
2018-09-28,0.0,0.0
2018-09-29,0.0,0.0
2018-09-30,0.0,0.0
2018-10-01,0.0,0.0
2018-10-02,0.0,0.0
2018-10-03,0.0,0.0
2018-10-04,0.0,0.0
2018-10-05,0.0,0.0
2018-10-06,0.0,0.0
2018-10-07,0.0,0.0
2018-10-08,0.0,0.0
2018-10-09,0.0,0.0
2018-10-10,0.0,0.0
2018-10-11,0.0,0.0
2018-10-12,0.0,0.0
2018-10-13,0.0,0.0
2018-10-14,0.0,0.0
2018-10-15,-0.0034887836765385982,0.0481638171759292
2018-10-16,-0.00225465402013858,0.03372890110560573
2018-10-17,0.0,0.0
2018-10-18,0.0,0.0
2018-10-19,0.0,0.0
2018-10-20,0.0,0.0
2018-10-21,0.0,0.0
2018-10-22,0.0,0.0
2018-10-23,0.0,0.0
2018-10-24,0.0,0.0
2018-10-25,0.0,0.0
2018-10-26,0.0,0.0
2018-10-27,0.0,0.0
2018-10-28,0.0,0.0
2018-10-29,0.0,0.0
2018-10-30,0.0,0.0
2018-10-31,0.0,0.0
2018-11-01,0.0,0.0
2018-11-02,0.0,0.0
2018-11-03,0.0,0.0
2018-11-04,0.0,0.0
2018-11-05,0.0,0.0
2018-11-06,0.0,0.0
2018-11-07,0.0,0.0
2018-11-08,0.0,0.0
2018-11-09,0.0,0.0
2018-11-10,0.0,0.0
2018-11-11,0.0,0.0
2018-11-12,0.0,0.0
2018-11-13,0.0,0.0
2018-11-14,0.0,0.0
2018-11-15,0.0,0.0
2018-11-16,0.0,0.0
2018-11-17,0.0,0.0
2018-11-18,0.0,0.0
2018-11-19,0.0,0.0
2018-11-20,0.0,0.0
2018-11-21,0.0,0.0
2018-11-22,0.0,0.0
2018-11-23,0.0,0.0
2018-11-24,0.0,0.0
2018-11-25,0.0,0.0
2018-11-26,0.0,0.0
2018-11-27,0.0,0.0
2018-11-28,0.0,0.0
2018-11-29,0.0,0.0
2018-11-30,0.0,0.0
2018-12-01,0.0,0.0
2018-12-02,0.0,0.0
2018-12-03,0.0,0.0
2018-12-04,0.0,0.0
2018-12-05,0.0,0.0
2018-12-06,0.0,0.0
2018-12-07,0.0,0.0
2018-12-08,0.0,0.0
2018-12-09,0.0,0.0
2018-12-10,0.0,0.0
2018-12-11,0.0,0.0
2018-12-12,0.0,0.0
2018-12-13,0.0,0.0
2018-12-14,0.0,0.0
2018-12-15,0.0,0.0
2018-12-16,0.0,0.0
2018-12-17,0.0,0.0
2018-12-18,0.0,0.0
2018-12-19,0.0,0.0
2018-12-20,0.0,0.0
2018-12-21,0.0,0.0
2018-12-22,0.0,0.0
2018-12-23,0.0,0.0
2018-12-24,0.0,0.0
2018-12-25,0.0,0.0
2018-12-26,0.0,0.0
2018-12-27,0.0,0.0
2018-12-28,0.0,0.0
2018-12-29,0.0,0.0
2018-12-30,0.0,0.0
2018-12-31,0.0,0.0
2019-01-01,0.0,0.0
2019-01-02,0.0,0.0
2019-01-03,0.0,0.0
2019-01-04,0.0,0.0
2019-01-05,0.0,0.0
2019-01-06,0.0,0.0
2019-01-07,0.0,0.0
2019-01-08,0.0,0.0
2019-01-09,0.0,0.0
2019-01-10,0.0,0.0
2019-01-11,0.0,0.0
2019-01-12,0.0,0.0
2019-01-13,0.0,0.0
2019-01-14,0.0,0.0
2019-01-15,0.0,0.0
2019-01-16,0.0,0.0
2019-01-17,0.0,0.0
2019-01-18,0.0,0.0
2019-01-19,0.0,0.0
2019-01-20,0.0,0.0
2019-01-21,0.0,0.0
2019-01-22,0.0,0.0
2019-01-23,0.0,0.0
2019-01-24,0.0,0.0
2019-01-25,0.0,0.0
2019-01-26,0.0,0.0
2019-01-27,0.0,0.0
2019-01-28,0.0,0.0
2019-01-29,0.0,0.0
2019-01-30,0.0,0.0
2019-01-31,0.0,0.0
2019-02-01,0.0,0.0
2019-02-02,0.0,0.0
2019-02-03,0.0,0.0
2019-02-04,0.0,0.0
2019-02-05,0.0,0.0
2019-02-06,0.0,0.0
2019-02-07,0.0,0.0
2019-02-08,0.0,0.0
2019-02-09,0.0,0.0
2019-02-10,0.0,0.0
2019-02-11,0.0,0.0
2019-02-12,0.0,0.0
2019-02-13,0.0,0.0
2019-02-14,0.0,0.0
2019-02-15,0.0,0.0
2019-02-16,0.0,0.0
2019-02-17,0.0,0.023239670306432796
2019-02-18,0.001906202516298361,0.04873670553630529
2019-02-19,-0.0007469382500645549,0.08664527762584853
2019-02-20,0.0029309905691881077,0.12734369696816844
2019-02-21,-0.0015789128297297728,0.12239372727460815
2019-02-22,0.001046934230690022,0.11996174983503509
2019-02-23,0.006558778568647394,0.1529363731320537
2019-02-24,-0.01541944464073508,0.14945349246320735
2019-02-25,0.0023692657489966518,0.08405401575052762
2019-02-26,-0.0008961932717905796,0.09329241286543125
2019-02-27,-0.00031461725119508177,0.09601727979323604
2019-02-28,5.3461739115245877e-05,0.0985783907861546
2019-03-01,0.00013274300298626862,0.10020297686496457
2019-03-02,-0.0010760954811418477,0.09698534425543205
2019-03-03,-0.0009157450784113008,0.09304651084721069
2019-03-04,-0.00324560179663802,0.06773075937724052
2019-03-05,0.006308342508739129,0.07048992710993571
2019-03-06,0.0003152935954799929,0.09471455246873381
2019-03-07,-4.2413081546732734e-05,0.09694729757314602
2019-03-08,-0.0013575983391799218,0.08776102373683194
2019-03-09,0.0025761502304728623,0.089136831083666
2019-03-10,-0.001100991650538341,0.09394695697194709
2019-03-11,-0.001685830028064883,0.11137912612850087
2019-03-12,0.0005033986585092354,0.12050247859333629
2019-03-13,-0.0009681085056125749,0.12315303188857797
2019-03-14,0.00037293939013061106,0.1266046037752964
2019-03-15,0.002330002926626884,0.13645065780105772
2019-03-16,0.0023881423063927265,0.19096990628786562
2019-03-17,-0.0022659505627027343,0.16644491945722262
2019-03-18,-0.0003188387796968506,0.1556364045128453
2019-03-19,0.0007769527372969431,0.17376128794640533
2019-03-20,0.00028352391091224227,0.1793852967172796
2019-03-21,-0.0026741283826950957,0.18722200773068323
2019-03-22,0.0005678426572588435,0.15166731484983376
2019-03-23,0.0008311105685396836,0.19003877835079325
2019-03-24,-0.0007054959678751693,0.17644599245701742
2019-03-25,-0.0027048460301996036,0.1865998493983803
2019-03-26,0.00025516630398914053,0.12483122817525566
2019-03-27,0.00494814837017854,0.21498646661877346
2019-03-28,-0.0015985520479969706,0.2485078876180371
2019-03-29,0.005443207373874603,0.28241718850038133
2019-03-30,-0.0014455852755794751,0.33998634730339994
2019-03-31,-0.0011789203114371816,0.37714209572208374
2019-04-01,0.0021966837271916173,0.3867594735964347
2019-04-02,0.062181446710395605,0.3979228444403294
2019-04-03,0.002838192156692454,0.4720116150504668
2019-04-04,-0.004777030124097359,0.44615179530547355
2019-04-05,0.014202827138000806,0.4540345922849878
2019-04-06,0.0029149085984283563,0.4747066364425574
2019-04-07,0.016490493788906768,0.49013951812651685
2019-04-08,0.008463186154553437,0.4954285010558685
2019-04-09,-0.009031986458837182,0.5026587593057652
2019-04-10,0.012029533426520578,0.5272802297571707
2019-04-11,-0.03221395258112847,0.5288653698495017
2019-04-12,0.0009839272218046258,0.5365644293738998
2019-04-13,-0.0004025851463066443,0.555549123984553
2019-04-14,0.010267425478764691,0.5792432628985372
2019-04-15,-0.01567936070047593,0.5990957609011551
2019-04-16,0.017244373136546587,0.6137516648306314
2019-04-17,0.0026419816629652537,0.6240976325427419
2019-04-18,0.01475494582646597,0.6438010836560213
2019-04-19,-0.0009395642968194062,0.6603314666862024
2019-04-20,0.0027288244357452918,0.6811865330883282
2019-04-21,-0.008904894484550563,0.6949360859090812
2019-04-22,0.011042439023513761,0.6868072522322664
2019-04-23,0.009251088415657138,0.706642760454245
2019-04-24,-0.012337980952487282,0.6964883693074203
2019-04-25,-0.02994136200012354,0.682740985419212
2019-04-26,0.012577739735043059,0.6484079423672688
2019-04-27,0.0003821705304722922,0.6474798417179028
2019-04-28,-0.001072163464560849,0.6526169654783172
2019-04-29,-0.009664791972157083,0.657926085451281
2019-04-30,0.016554881560999712,0.6477861885239189
2019-05-01,0.002876815145699707,0.6687741684983397
2019-05-02,0.01133988415178222,0.6841815794128017
2019-05-03,0.031536014632307374,0.6822031910326597
2019-05-04,-0.0013432942485217536,0.6992282148834119
2019-05-05,-0.00514767832137164,0.6709632622275992
2019-05-06,0.011204436954082242,0.6821117198799548
2019-05-07,0.002682617019655442,0.7064091199612181
2019-05-08,0.013320043858720876,0.6805962985214058
2019-05-09,0.01730629563760555,0.6934613180585991
2019-05-10,0.01513222239848444,0.7076664417428696
2019-05-11,0.08236331443662626,0.7084149812780774
2019-05-12,-0.00930271423600848,0.6504248774685576
2019-05-13,0.05520248815137485,0.6020716303164825
2019-05-14,0.03177117310269906,0.5406552011658645
2019-05-15,0.04463950700365915,0.5152452275031821
2019-05-16,0.0014927686684078623,0.48377590784477326
2019-05-17,-0.03948609006202486,0.411328628423847
2019-05-18,-0.010075113966837246,0.3922641415228335
2019-05-19,0.046361149303169036,0.37977323736379254
2019-05-20,-0.012330686391017198,0.37545771391567184
2019-05-21,0.0008489247141663103,0.3838312918584451
2019-05-22,-0.015002802753502076,0.40174149942758575
2019-05-23,0.0078534030781372,0.40950060075999534
2019-05-24,0.006383597472645386,0.42825696790270296
2019-05-25,0.0027909607659026836,0.44944946385388945
2019-05-26,0.027763515366594937,0.4736684959580086
2019-05-27,0.008120315960996605,0.43769097133152485
2019-05-28,-0.0009560860867476872,0.45746191666631714
2019-05-29,-0.0034935769521626803,0.47291691353391685
2019-05-30,-0.02032869963133843,0.48196548287740426
2019-05-31,0.01730069974768611,0.4460388615038593
2019-06-01,-0.0025112889132145044,0.46650161681758084
2019-06-02,0.008456322617376832,0.4903713767424732
2019-06-03,-0.03298024938846267,0.5113947235574512
2019-06-04,-0.020802188784908138,0.4312072998226787
2019-06-05,0.006518246358196755,0.41568538717658676
2019-06-06,0.0029654633124907015,0.4647887417147984
2019-06-07,0.00628976696354866,0.4637013301795524
2019-06-08,-0.007401324528852338,0.4679233891041869
2019-06-09,-0.018920382298927785,0.4787444888772834
2019-06-10,0.025023989801331803,0.481017405400345
2019-06-11,-0.005011245902935668,0.48769470332778064
2019-06-12,0.022024856162167428,0.5006904461360023
2019-06-13,-0.002204597205270775,0.5318108932165151
2019-06-14,0.024516216892709553,0.5669306494417014
2019-06-15,0.01130785722572547,0.6002062358313525
2019-06-16,0.005267229311010313,0.6096279923526494
2019-06-17,0.018641133606424942,0.6034475373666452
2019-06-18,-0.016634808896018205,0.6149386441189283
2019-06-19,0.009823470163558667,0.6275773472465029
2019-06-20,0.01253172086147969,0.644218121406418
2019-06-21,0.045390916742727994,0.6483727656248393
2019-06-22,0.03474285463736293,0.6256590668897333
2019-06-23,0.00385094333133873,0.6055861445840597
2019-06-24,0.007752674019131378,0.6079089842045302
2019-06-25,0.02910955911941082,0.6177255050818219
2019-06-26,0.05568908063226763,0.5901956370179
2019-06-27,-0.06672039951791409,0.4485891947382491
2019-06-28,0.027685188614638534,0.3743748454578491
2019-06-29,-0.004306154016207819,0.36197018033714395
2019-06-30,-0.03476047483819622,0.36534344398580254
2019-07-01,-0.0025136547579633906,0.3521949230856685
2019-07-02,0.0010810246867229978,0.3154110261826871
2019-07-03,0.021105846154920727,0.3140238359466676
2019-07-04,-0.022635521452315066,0.3168728786775604
2019-07-05,0.0009455330334522394,0.3101044115809014
2019-07-06,0.004338125887900279,0.3094505396231709
2019-07-07,0.013205682218484283,0.3258791540253776
2019-07-08,0.015698822208997987,0.35112722934048074
2019-07-09,0.0008987520425458584,0.36908567623720073
2019-07-10,-0.017658673643488276,0.36230667195586186
2019-07-11,-0.023873306959809604,0.31021927028921326
2019-07-12,0.009665054008976215,0.31077466072407134
2019-07-13,-0.00929306379963335,0.3234394735608571
2019-07-14,-0.045453624752638144,0.3014589828308259
2019-07-15,0.009895498153031035,0.22090024162948918
2019-07-16,-0.02823631520746639,0.21153022165329288
2019-07-17,0.006977231291457331,0.1616034492236407
2019-07-18,0.01817336746856535,0.17785504581087527
2019-07-19,-0.00322881624258331,0.1812022507573483
2019-07-20,0.0055677806057430335,0.18683139035262752
2019-07-21,-0.002943664558039072,0.19373864360799548
2019-07-22,-0.005858514987889918,0.19134551485239126
2019-07-23,-0.008177552282343514,0.18498940735878944
2019-07-24,-0.00024363124584303453,0.17768127497402825
2019-07-25,0.0025170019530755816,0.17868336219511943
2019-07-26,-0.0008860902506235835,0.18270350076444847
2019-07-27,-0.008440430612872474,0.18403042736862824
2019-07-28,0.002268380001883008,0.18456699571388147
2019-07-29,-0.0007063183783698745,0.18231263813353227
2019-07-30,0.0005337272203653765,0.18132608826000735
2019-07-31,0.009909137497205123,0.2106959000872984
2019-08-01,0.00363516642879258,0.20958296366505436
2019-08-02,0.0025997613439394662,0.24153915422701222
2019-08-03,0.00729364562257051,0.2800439991698471
2019-08-04,0.002141526124594728,0.2942044671406318
2019-08-05,0.02152189960790718,0.320986143801511
2019-08-06,-0.008939138905674993,0.328445858378562
2019-08-07,0.009673592684072307,0.31630443837799926
2019-08-08,-0.0009147492852524808,0.3033496382450662
2019-08-09,-0.005567415284076893,0.28818966286641257
2019-08-10,-0.012427190584588743,0.27526159471140615
2019-08-11,0.007796676650206447,0.27878243701682753
2019-08-12,-0.0042658443383335465,0.3044501949812984
2019-08-13,-0.013088938146905038,0.30330248142496363
2019-08-14,-0.027278460993184428,0.2556709582686573
2019-08-15,0.004883070697714986,0.22015759894637152
2019-08-16,0.0007588550245400949,0.22137047695803136
2019-08-17,-0.0023290736352425956,0.2161137158153004
2019-08-18,0.0018341430725441477,0.20905796726878098
2019-08-19,0.012279735217114895,0.2199180289486997
2019-08-20,-0.004019487290109924,0.25416573385093283
2019-08-21,-0.01512215168587161,0.2010953435968788
2019-08-22,-0.000793074053731968,0.19438511708603579
2019-08-23,0.005385619547070952,0.21293202371792577
2019-08-24,-0.004719327888791147,0.2079161994868325
2019-08-25,0.00015496012658311464,0.2062265880947627
2019-08-26,0.004264644504877957,0.2006825144109699
2019-08-27,-0.003462934599937517,0.20477383459702228
2019-08-28,-0.008614097154984068,0.2060971281602343
2019-08-29,-0.002584221776495421,0.0969352274962027
2019-08-30,0.0009742841554176707,0.08339985528021719
2019-08-31,3.3122811145869235e-05,0.08080417047773936
2019-09-01,0.0015544596930539,0.07801201864702978
2019-09-02,0.006941604293916548,0.07731166385407066
2019-09-03,0.004601734993751716,0.2003155148693021
2019-09-04,-0.0008445220867402403,0.24852212638323984
2019-09-05,-6.008488635955711e-05,0.28046985043497696
2019-09-06,-0.008280569589514952,0.30468246845874103
2019-09-07,0.004541803690264912,0.285752701182039
2019-09-08,-0.0021491491719329847,0.29907203995760484
2019-09-09,-0.002250654721795864,0.2843925120622586
2019-09-10,-0.004223409225743713,0.2274160786936105
2019-09-11,0.0010329684511274362,0.13791765168961298
2019-09-12,0.0044012751907989145,0.16955961107541634
2019-09-13,-0.003621449864901649,0.23484608656559178
2019-09-14,-0.0020130716822108763,0.28113439043450633
2019-09-15,-0.000879138263342627,0.22803026857585007
2019-09-16,-0.0011287685823626603,0.21442950994665708
2019-09-17,-0.0022316083536464415,0.20045995858572072
2019-09-18,0.00010371029296329937,0.2241191459007963
2019-09-19,0.0038565776017298603,0.20095545284180305
2019-09-20,-0.001729227240140907,0.1908085389233184
2019-09-21,-0.0035905610601403293,0.20272414134649847
2019-09-22,-0.0002881948978862292,0.19484658192236204
2019-09-23,-0.007596080786025805,0.16831300597666815
2019-09-24,-0.0068377881317597256,0.08856767919780592
2019-09-25,-0.00028304842723936297,0.025869888373930356
2019-09-26,-0.0023058851630617383,0.01421429903673458
2019-09-27,0.0,0.0
2019-09-28,0.0,0.0
2019-09-29,0.0,0.0
2019-09-30,0.0,0.0
2019-10-01,0.0,0.0040495622404724515
2019-10-02,0.0,0.0
2019-10-03,0.0,0.0
2019-10-04,0.0,0.0
2019-10-05,0.0,0.0
2019-10-06,0.0,0.0
2019-10-07,0.0,0.0
2019-10-08,0.0,0.0
2019-10-09,0.0,0.006670331758307517
2019-10-10,0.0,0.0
2019-10-11,0.0,0.0
2019-10-12,0.0,0.0
2019-10-13,0.0,0.0
2019-10-14,0.0,0.0
2019-10-15,0.0,0.0
2019-10-16,0.0,0.0
2019-10-17,0.0,0.0
2019-10-18,0.0,0.0
2019-10-19,0.0,0.0
2019-10-20,0.0,0.0
2019-10-21,0.0,0.0
2019-10-22,0.0,0.0
2019-10-23,0.0,0.0
2019-10-24,0.0,0.0
2019-10-25,0.0,0.0
2019-10-26,0.0,0.03133209319929549
2019-10-27,-0.0015400616117371424,0.05654596668681349
2019-10-28,-0.001627409822807846,0.04465949081955467
2019-10-29,0.0009792545648064088,0.04066258474544914
2019-10-30,-0.0024571046567437582,0.05551637198275726
2019-10-31,-6.717896011931845e-05,0.04666756231270318
2019-11-01,0.00043962307490819086,0.050640468667262364
2019-11-02,0.0002803810600517931,0.0550873204965114
2019-11-03,-0.00045890998174902276,0.06005349903556217
2019-11-04,0.0009619210129900857,0.06402553490997291
2019-11-05,-0.0008744553765455132,0.0824747489269139
2019-11-06,0.0009161917890678772,0.13140956364101963
2019-11-07,-0.0020493920340257654,0.10641860680030224
2019-11-08,-0.0009644638515500237,0.03960256531457685
2019-11-09,0.0,0.0
2019-11-10,-0.00029474758754399755,0.02612108279693377
2019-11-11,-0.0007913280719330507,0.028573552603749615
2019-11-12,0.0,0.0
2019-11-13,-0.0002466023145075713,0.047537871943973034
2019-11-14,-0.0011736407235087842,0.030743796547353403
2019-11-15,0.0,0.0
2019-11-16,0.0,0.0
2019-11-17,-0.0003810785647402337,0.013817688583139929
2019-11-18,-5.496589284570419e-05,0.0
2019-11-19,0.0,0.0
2019-11-20,0.0,0.0
2019-11-21,0.0,0.0
2019-11-22,0.0,0.0
2019-11-23,0.0,0.0
2019-11-24,0.0,0.0
2019-11-25,0.0,0.0
2019-11-26,0.0,0.0
2019-11-27,0.0,0.0
2019-11-28,0.0,0.0
2019-11-29,0.0,0.0
2019-11-30,0.0,0.0
2019-12-01,0.0,0.0
2019-12-02,0.0,0.0
2019-12-03,0.0,0.0
2019-12-04,0.0,0.0
2019-12-05,0.0,0.0
2019-12-06,0.0,0.0
2019-12-07,0.0,0.0
2019-12-08,0.0,0.0
2019-12-09,0.0,0.0
2019-12-10,0.0,0.0
2019-12-11,0.0,0.0
2019-12-12,0.0,0.0
2019-12-13,0.0,0.0
2019-12-14,0.0,0.0
2019-12-15,0.0,0.0
2019-12-16,0.0,0.0
2019-12-17,0.0,0.0
2019-12-18,0.0,0.0
2019-12-19,0.0,0.0
2019-12-20,0.0,0.0
2019-12-21,0.0,0.0
2019-12-22,0.0,0.0
2019-12-23,0.0,0.0
2019-12-24,0.0,0.0
2019-12-25,0.0,0.0
2019-12-26,0.0,0.0
2019-12-27,0.0,0.0
2019-12-28,0.0,0.0
2019-12-29,0.0,0.0
2019-12-30,0.0,0.0
2019-12-31,0.0,0.0
2020-01-01,0.0,0.0
2020-01-02,0.0,0.0
2020-01-03,0.0,0.0
2020-01-04,0.0,0.0
2020-01-05,0.0,0.0
2020-01-06,0.0,0.0
2020-01-07,0.0014501857426447717,0.014461530052997908
2020-01-08,-0.000649781278735162,0.05372466477961979
2020-01-09,-0.0013491805386001143,0.02596050031491245
2020-01-10,0.001441748849590585,0.012890250375744811
2020-01-11,-0.001144028375547057,0.051654822348539506
2020-01-12,0.0010674341635832363,0.05249036370861486
2020-01-13,-0.00048244123578011777,0.053641284712905475
2020-01-14,0.006794308855484932,0.10787317364345177
2020-01-15,0.0001668112331159044,0.18936456545350078
2020-01-16,-0.0014834945573162228,0.20245230052220572
2020-01-17,0.0027067409279639687,0.25182904975171916
2020-01-18,0.002198920508116986,0.2806702230984923
2020-01-19,-0.0160747173271365,0.30805679420635945
2020-01-20,-0.0012941637929271277,0.26521848893729405
2020-01-21,0.0034394220373716866,0.31762027146554417
2020-01-22,-0.0019227331580440321,0.3277475577293913
2020-01-23,-0.00881987585269639,0.23306679322822765
2020-01-24,-0.0001562683499183315,0.1803218098286393
2020-01-25,-0.0038148738067966814,0.17275882791212438
2020-01-26,0.008821714294844574,0.22188808133833776
2020-01-27,0.008683195150324785,0.33488770303191473
2020-01-28,0.022731506180471595,0.4978520058815754
2020-01-29,-0.006230072052064384,0.5943111941879883
2020-01-30,0.02151393613653374,0.5837340882664104
2020-01-31,-0.012330581697273413,0.6406799128842648
2020-02-01,0.005752509419380436,0.6617191949288522
2020-02-02,0.003077167181343432,0.696116110713562
2020-02-03,-0.0003326479537030247,0.6842774800744859
2020-02-04,-0.005434854667300648,0.6720824659417352
2020-02-05,0.041257406078606396,0.7148613630792143
2020-02-06,0.020815404157457973,0.7516015141018187
2020-02-07,0.01614880188670975,0.7707305647804263
2020-02-08,0.003179429980630477,0.7921633526869597
2020-02-09,0.018746238557573625,0.8151573471735307
2020-02-10,-0.02047376490036512,0.8139749019691999
2020-02-11,0.03538687474620228,0.8163731458633389
2020-02-12,0.043224734780044294,0.7930045166982085
2020-02-13,-0.0010954326409384763,0.7786987860570262
2020-02-14,0.026831788432117865,0.7801340395505835
2020-02-15,-0.0411496843204231,0.7727567069358554
2020-02-16,-0.006121519735019176,0.7438606964105006
2020-02-17,-0.0003896042289297519,0.6901283899396364
2020-02-18,0.034681082939069796,0.6777587616237957
2020-02-19,-0.04700159507750501,0.7012667714738864
2020-02-20,-0.0014827127270791163,0.4966623493937964
2020-02-21,0.010037376829935551,0.5158456607276253
2020-02-22,-0.004148463572852701,0.5428474514074273
2020-02-23,0.020529550892486315,0.5846955877152835
2020-02-24,-0.018071228179027177,0.5913955493293919
2020-02-25,-0.029692469265027888,0.5893977761001078
2020-02-26,-0.04022631208204219,0.48034461470304163
2020-02-27,0.004079696313904035,0.4078516426453808
2020-02-28,-0.005926056136348223,0.38439063594512446
2020-02-29,-0.01333152748616706,0.3621424838622701
2020-03-01,0.0007417632007227226,0.33651442969177314
2020-03-02,0.02213560268116832,0.38465959827503593
2020-03-03,-0.011989249775993471,0.44194801733408273
2020-03-04,0.00010381929599234674,0.4495541590885431
2020-03-05,0.012161389423350988,0.44736199958538436
2020-03-06,0.01823433318039447,0.45123367323214725
2020-03-07,-0.013696814213626674,0.4598902312386239
2020-03-08,-0.052254694672798974,0.3921489318458863
2020-03-09,0.003488649009711464,0.18069335042365825
2020-03-10,-0.0021702540148564875,0.17602650390321625
2020-03-11,-0.006277532347113701,0.16473802479837668
2020-03-12,-0.04465089537941003,0.07350594856159504
2020-03-13,0.0,0.0
2020-03-14,0.0,0.0
2020-03-15,0.0,0.0
2020-03-16,0.0,0.0
2020-03-17,0.0,0.0
2020-03-18,0.0,0.0
2020-03-19,0.0,0.0
2020-03-20,0.0,0.0
2020-03-21,0.0,0.0
2020-03-22,0.0,0.0
2020-03-23,0.0,0.0
2020-03-24,0.0,0.0
2020-03-25,0.0,0.0
2020-03-26,0.0,0.0
2020-03-27,0.0,0.0
2020-03-28,0.0,0.0
2020-03-29,0.0,0.0
2020-03-30,0.0,0.0
2020-03-31,0.0,0.0
2020-04-01,0.0,0.0
2020-04-02,0.0,0.0
2020-04-03,0.0,0.0
2020-04-04,0.0,0.0
2020-04-05,0.0,0.0
2020-04-06,0.0,0.0
2020-04-07,0.0,0.008965575925234056
2020-04-08,0.0,0.01128750564951295
2020-04-09,0.0,0.014557295138059497
2020-04-10,0.0,0.0
2020-04-11,0.0,0.0
2020-04-12,0.0,0.0
2020-04-13,0.0,0.0
2020-04-14,0.0,0.0
2020-04-15,0.0,0.0
2020-04-16,0.0,0.011505797706599024
2020-04-17,-0.0006716383803836434,0.033882948491328224
2020-04-18,0.006336784754079172,0.049060782661214886
2020-04-19,-0.002777260680200788,0.08049853066713394
2020-04-20,-0.007580747276251132,0.0817163838440705
2020-04-21,-0.0010026923879630223,0.04015429234796914
2020-04-22,0.0047730459252850466,0.05749919065802933
2020-04-23,-4.444040812567884e-06,0.08288051228391285
2020-04-24,0.0014074844533753517,0.13249311105244926
2020-04-25,0.004473293851402493,0.14217881350402062
2020-04-26,0.0021325062182038224,0.15314060093270396
2020-04-27,-0.0006981347145258443,0.1639099974179135
2020-04-28,-6.717523529908842e-05,0.17472969230185859
2020-04-29,0.02864630527856149,0.2654290364070939
2020-04-30,-0.010993474060100428,0.3523024529601319
2020-05-01,0.008881356422916209,0.3449317934859451
2020-05-02,0.004107459451277995,0.3650588736715833
2020-05-03,-0.004923374151510007,0.4020416608346961
2020-05-04,-0.003425554602519143,0.40311085326231144
2020-05-05,0.0014188327198376705,0.4101062165075733
2020-05-06,-0.002978862785108616,0.4313801256878307
2020-05-07,0.03162650295278535,0.45741170685103133
2020-05-08,-0.005656949549696977,0.4986493492270292
2020-05-09,-0.008198403385071829,0.4912521587569248
2020-05-10,-0.04264067525443127,0.3516240164120544
2020-05-11,-0.005527228704628961,0.3046034103302539
2020-05-12,0.009208322938185631,0.31555987859673773
2020-05-13,0.02294766992585684,0.36605292125349226
2020-05-14,0.016937257579619613,0.41389168819157895
2020-05-15,-0.020777673697620624,0.4192775610351004
2020-05-16,0.007040239672728266,0.42021897311035433
2020-05-17,0.014400081753595195,0.43939944686877874
2020-05-18,0.008711559339754427,0.47242241345377356
2020-05-19,0.0008338998712000834,0.48153651838776135
2020-05-20,-0.012107298056278748,0.508203360054007
2020-05-21,-0.025224596093411544,0.4758080409268318
2020-05-22,0.013113704560543171,0.41689859980142335
2020-05-23,-0.0006367707791162802,0.44410993999643145
2020-05-24,-0.020674209879914196,0.4832277888800423
2020-05-25,0.010226874902841354,0.46366849009026073
2020-05-26,-0.005539105441509595,0.4903263655361428
2020-05-27,0.019127829117564277,0.5200993039278037
2020-05-28,0.024311574910059752,0.5337202308162754
2020-05-29,-0.0035182142408395345,0.5587096859148412
2020-05-30,0.03446670213443381,0.6023632597584263
2020-05-31,-0.021301382389602663,0.5940902740000817
2020-06-01,0.043202659156679424,0.5845224281513393
2020-06-02,-0.03258096691827428,0.5831982217521379
2020-06-03,0.012394054551279066,0.549189783255158
2020-06-04,0.0024317643637810082,0.5781303131925418
2020-06-05,-0.008817158987735385,0.580441409847338
2020-06-06,0.0035695348993129983,0.6005463832909947
2020-06-07,0.005474447831049556,0.6017537184245219
2020-06-08,0.0031407397408163007,0.6158508145582806
2020-06-09,-0.0031690706720063355,0.6486091926538496
2020-06-10,0.008990953732620932,0.6691085570333778
2020-06-11,-0.04389463772753299,0.6585678478494854
2020-06-12,0.014961385896340218,0.5949093400362815
2020-06-13,0.0005416058266745072,0.5793893163660139
2020-06-14,-0.012220118725485674,0.5701012262213196
2020-06-15,0.0011653544919936198,0.5516977708133399
2020-06-16,0.008872727146194137,0.5655247644059532
2020-06-17,-0.003704018985287716,0.5733556399523462
2020-06-18,-0.0056851123522122515,0.5799229289558968
2020-06-19,-0.005259275272069486,0.5785146120744595
2020-06-20,0.001250805576650471,0.5861154351638674
2020-06-21,-0.0038836427008768215,0.6328523734857715
2020-06-22,0.03577572683988195,0.6862354945910967
2020-06-23,-0.0027131193376089824,0.760859043272652
2020-06-24,-0.02675400436630493,0.7164279949848913
2020-06-25,-0.004415809269126547,0.6410785301114004
2020-06-26,-0.006916935842375516,0.6476713299260275
2020-06-27,-0.016994385165828407,0.642468556115433
2020-06-28,0.009240725687535312,0.6023275285144216
2020-06-29,0.0068018622890226865,0.621266081562164
2020-06-30,-0.00505848129822839,0.6220576309292591
2020-07-01,0.010215872256115421,0.6524740897039986
2020-07-02,-0.01133251192891438,0.6434480268711832
2020-07-03,-0.0031691332647457715,0.6605447636758119
2020-07-04,0.008624307950154009,0.6571491449748019
2020-07-05,-0.004555236146576269,0.6444484785682479
2020-07-06,0.030172884899558383,0.6712876017761507
2020-07-07,-0.006682118352944855,0.7610629604912692
2020-07-08,0.01968786063020156,0.8148490244061362
2020-07-09,-0.019225758980832786,0.8949087132646623
2020-07-10,0.0010873136084121882,0.7991204580866453
2020-07-11,-0.00656866277305812,0.8765825265795023
2020-07-12,0.009983916264246107,0.9358105570569728
2020-07-13,-0.008895038809660916,0.9273295919596969
2020-07-14,0.002357020873634541,0.9309442055563187
2020-07-15,-0.006607770239541955,0.9733445657245519
2020-07-16,-0.014599955865272407,0.8714035495371187
2020-07-17,-0.0009046725556618451,0.8253890996515509
2020-07-18,0.006000558013390833,0.901198371192486
2020-07-19,0.008055052088310033,0.9384801066095064
2020-07-20,-0.009169315866453087,0.9975819160392361
2020-07-21,0.030869329234625376,1.0
2020-07-22,0.038341525843225144,1.0
2020-07-23,0.024286862540940923,1.0
2020-07-24,0.000861789148077996,1.0
2020-07-25,0.04595527526201382,1.0
2020-07-26,0.021309860348037946,1.0
2020-07-27,0.07898692450122802,0.9036411573398249
2020-07-28,-0.010099282384895547,0.7220918568835153
2020-07-29,0.008431137013650059,0.7228965212563637
2020-07-30,0.01698030062877498,0.7387777451187378
2020-07-31,0.02004214292049933,0.7456062942714523
2020-08-01,0.056042480390075644,0.7406571105491568
2020-08-02,-0.03580697777646358,0.5809459936650944
2020-08-03,0.012454121262968076,0.5274140987502434
2020-08-04,0.0014446615192500456,0.535557502934334
2020-08-05,0.02205751294827807,0.5584952198479629
2020-08-06,-0.003037615936807181,0.5797471105674715
2020-08-07,-0.013724918503329353,0.6025113159262706
2020-08-08,0.015425798754861164,0.6125227238068975
2020-08-09,-0.006597968197155413,0.6387465196221856
2020-08-10,0.009882664807249864,0.6516021184591573
2020-08-11,-0.02548635680150868,0.6706619424574001
2020-08-12,0.010522956929160276,0.6686115514616113
2020-08-13,0.03350187180217601,0.6926044066115836
2020-08-14,0.008995366347485767,0.6678257265388672
2020-08-15,-0.0008688974250554704,0.6987473940863771
2020-08-16,0.002983453548914383,0.7264334437949406
2020-08-17,0.01113444112185924,0.7346633342476335
2020-08-18,-0.017900085052531156,0.718814642632545
2020-08-19,-0.016965179714185652,0.7254679977990462
2020-08-20,0.009649358908421224,0.7378511891083038
2020-08-21,-0.03137279322606856,0.7670432358024726
2020-08-22,0.010185714460519746,0.6745773166054903
2020-08-23,-0.0038277469024302624,0.6927357947291264
2020-08-24,0.015669437077804105,0.747002967217349
2020-08-25,-0.03406241572569979,0.7389308980367808
2020-08-26,0.007576069678767228,0.7332120329602394
2020-08-27,-0.006817248278409793,0.713945908071504
2020-08-28,0.016249851889206024,0.7193821636670711
2020-08-29,0.0002997750401083632,0.7327599127479949
2020-08-30,0.031269895099130585,0.765524246103706
2020-08-31,0.0006254892495303199,0.8316912973728972
2020-09-01,0.04058251752295505,0.8326634118803214
2020-09-02,-0.04773002163367179,0.7974377596902928
2020-09-03,-0.08018981430891536,0.6888870853844592
2020-09-04,0.008146398774969033,0.4190557560730366
2020-09-05,-0.03419987788633572,0.38046398714079144
2020-09-06,0.007985674126650188,0.3065200521935125
2020-09-07,0.00026230856822828663,0.3021814460416464
2020-09-08,-0.011399964152151276,0.29340742635128214
2020-09-09,0.0063590445080683455,0.29071297068113805
2020-09-10,0.008036899680186504,0.3395282770369549
2020-09-11,0.0028883677333533253,0.34682046602313316
2020-09-12,0.006970268347478603,0.37710624718638575
2020-09-13,-0.011678934721753409,0.3734934068809155
2020-09-14,0.011442645967558729,0.3784720497887522
2020-09-15,-0.003015866091513386,0.39218967116591774
2020-09-16,0.0039334364311200964,0.4092483188049363
2020-09-17,0.009732388456931584,0.4543619125986032
2020-09-18,-0.0031732039183470784,0.5327996898835503
2020-09-19,0.00492854914783325,0.5652619246228707
2020-09-20,-0.013865947442770032,0.602591357990016
2020-09-21,-0.035833118840604694,0.5898919476698415
2020-09-22,0.006250030936832074,0.5266118701631202
2020-09-23,-0.023309486075875796,0.5144690694988026
2020-09-24,0.022565140971871456,0.35728147973333135
2020-09-25,-0.0002081469378449885,0.50304094586831
2020-09-26,0.0023350930356029753,0.4930702774556183
2020-09-27,0.003204276349386026,0.5122916612432018
2020-09-28,-0.004233039965885754,0.5441687588786457
2020-09-29,0.007522165650602597,0.5282999590557014
2020-09-30,-0.002055567346184284,0.5325307526597205
2020-10-01,-0.013565169323235926,0.5132070652048776
2020-10-02,-0.0066789130101848615,0.4012949707067823
2020-10-03,-0.0006470855902327433,0.4540709667661665
2020-10-04,0.006727332401674557,0.4933367059044648
2020-10-05,0.005116432422338946,0.5387954414911746
2020-10-06,-0.014305227349158955,0.6408850007518294
2020-10-07,0.0026596215925955846,0.5283984544780256
2020-10-08,0.013078194691431344,0.5883230165946727
2020-10-09,0.013872067732969784,0.7526048841541573
2020-10-10,0.014731172455126007,0.8291795691645861
2020-10-11,0.006924485359204979,0.87603535384373
2020-10-12,0.016167337718028918,0.884647281419887
2020-10-13,-0.009411083139559406,0.8527915661874772
2020-10-14,-0.0018872903662399132,0.8685885171185841
2020-10-15,0.003614135448441358,0.8732681000166448
2020-10-16,-0.0183756356276098,0.8589882511668261
2020-10-17,0.004231700540531014,0.8372445648334087
2020-10-18,0.014680974299997596,0.8781482773243595
2020-10-19,0.013360439476922892,0.9044922862828515
2020-10-20,-0.0014022387529473157,0.9264561559496279
2020-10-21,0.06161654112721404,0.9604142071224138
2020-10-22,0.030070117776493932,0.8736565621437002
2020-10-23,-0.006305895215593438,0.8784243365243756
2020-10-24,0.010318897508098557,0.8925708961539649
2020-10-25,-0.009054669114099023,0.8870022985049348
2020-10-26,-0.01149626112490354,0.8897158099137051
2020-10-27,0.033736007164980375,0.8907496932954463
2020-10-28,-0.028227669841611847,0.8581662588354408
2020-10-29,0.00657328819458991,0.8176050412833981
2020-10-30,-0.00013554820077277263,0.7576191993041974
2020-10-31,0.011041015700915757,0.7563297882431776
2020-11-01,0.0070514684205458256,0.7675221876996497
2020-11-02,-0.017790819811572822,0.7800060490688694
2020-11-03,0.017190498354854755,0.7131546899622192
2020-11-04,0.014579106918202411,0.7559120431204788
2020-11-05,0.057541095350745364,0.7546852803807951
2020-11-06,0.030762717614644997,0.7095043006251893
2020-11-07,-0.03504440833960121,0.699198348814204
2020-11-08,0.031277962878485166,0.6527591717336819
2020-11-09,-0.009887497024589464,0.6463797098097256
2020-11-10,0.003128941117527706,0.639937216381081
2020-11-11,0.0175314774340658,0.6647257824528667
2020-11-12,0.013955902147178234,0.6760939017802959
2020-11-13,0.0094254258498494,0.689574317504852
2020-11-14,-0.01538972720143661,0.7121379754617702
2020-11-15,-0.010701463836984448,0.7388208096197193
2020-11-16,0.028742178139248287,0.7656749636263146
2020-11-17,0.04048285398639351,0.7647613134857572
2020-11-18,-0.0003905097481218256,0.6871398313328126
2020-11-19,-0.004450233224986833,0.6806076902737346
2020-11-20,0.04530734841755368,0.6872801495033312
2020-11-21,0.028560261584980262,0.6875885619494855
2020-11-22,-0.0014177403551894896,0.649883438190038
2020-11-23,0.02306746229562817,0.6025525588276568
2020-11-24,0.013611288460432025,0.6156410864504941
2020-11-25,-0.02379462456420256,0.6199057928145962
2020-11-26,-0.05285747475225633,0.5304708030228072
2020-11-27,-0.0007058720888456493,0.45022100585500424
2020-11-28,0.018468766029142936,0.45330955031004416
2020-11-29,0.02549113784578494,0.4691279463688054
2020-11-30,0.04104400233184902,0.4816552548204821
2020-12-01,-0.02501003268012214,0.47344683588995473
2020-12-02,0.010971494290805017,0.4523668780603443
2020-12-03,0.010012016488605724,0.46668831609524
2020-12-04,-0.02866566847174845,0.4799955681364883
2020-12-05,0.01838720790764592,0.4837627603895242
2020-12-06,0.00493276231609574,0.5145810208516631
2020-12-07,-0.00654238492783854,0.5325452435940827
2020-12-08,-0.02581359660195337,0.5358197159301831
2020-12-09,0.010000825815455583,0.48037296237143695
2020-12-10,-0.00954529996413589,0.5309482701466417
2020-12-11,-0.008715958964483295,0.5483394949940198
2020-12-12,0.022008366445685157,0.5657910783615813
2020-12-13,0.01700404062816996,0.6264319268404636
2020-12-14,-0.00012170746391770848,0.636185728679888
2020-12-15,0.0038799242741547335,0.6263921562382535
2020-12-16,0.0565929966375045,0.6640725390404353
2020-12-17,0.028366855629597953,0.6278117975413797
2020-12-18,0.009036852994728228,0.6147000836468399
2020-12-19,0.012015934271645268,0.6292999368348553
2020-12-20,-0.013090248169715046,0.6367518965176496
2020-12-21,-0.022933054958970245,0.5955814881154377
2020-12-22,0.028033572404768003,0.5778916558260004
2020-12-23,-0.028650048644335624,0.5766237133516033
2020-12-24,0.0183660237844685,0.5205208736109646
2020-12-25,0.019851393837273967,0.5611406762758369
2020-12-26,0.02592564792913077,0.5631070629140054
2020-12-27,0.015861106556687155,0.5591583006314198
2020-12-28,0.026529824345131292,0.5292908970402418
2020-12-29,0.004072289912449012,0.5284212044932501
2020-12-30,0.024353591369850713,0.5351067218009251
2020-12-31,-0.005128336287364088,0.5483654052859641
2021-01-01,0.0018336781708816474,0.5661621283695221
2021-01-02,0.0499003227792405,0.554244780579136
2021-01-03,0.06514686572214767,0.43966823664262566
2021-01-04,0.004890528693452856,0.37616285576196057
2021-01-05,0.018926669480834546,0.32189393236060965
2021-01-06,0.030992887464734054,0.31595435714647385
2021-01-07,0.016534824520691993,0.31828648210081895
2021-01-08,0.005884205675365406,0.29549206969227504
2021-01-09,0.005996014024668428,0.28118948224064527
2021-01-10,-0.010436192684202483,0.28828551489357707
2021-01-11,-0.033337492529649126,0.25962319590453853
2021-01-12,-0.008977249909216112,0.23075549964125933
2021-01-13,0.021097431082613305,0.22679242404866856
2021-01-14,0.016471873096955747,0.22961652998196302
2021-01-15,-0.015195852411525101,0.23550505438030958
2021-01-16,0.0024482961331606656,0.23845398357491643
2021-01-17,-0.00024250825605898196,0.24635353240894453
2021-01-18,0.005595142885379989,0.25639835702078595
2021-01-19,0.006797346658965253,0.26530600108138297
2021-01-20,-0.0006207299947279532,0.25435130280436863
2021-01-21,-0.042361252059502696,0.23955104659922288
2021-01-22,0.02015966855221274,0.22766759393167818
2021-01-23,-0.003420534947154996,0.2382510856266071
2021-01-24,0.015520708599994215,0.24691827574971148
2021-01-25,-0.00685870373607933,0.2604172163970302
2021-01-26,0.005295732865658209,0.260396355713652
2021-01-27,-0.020068110269065853,0.26535595353790836
2021-01-28,0.020751120967672065,0.26695625950464813
2021-01-29,0.008123569838699884,0.2660936420000316
2021-01-30,-8.947816600879399e-05,0.2508493628562537
2021-01-31,-0.010609461955601418,0.2632617390553334
2021-02-01,0.0074077937915524306,0.2724312650603825
2021-02-02,0.020305651232527255,0.29001564372962324
2021-02-03,0.02206795137603601,0.31765811971269853
2021-02-04,-0.008633089943163585,0.33031517851780484
2021-02-05,0.016127907634089667,0.34444320011221385
2021-02-06,-0.0003190447812640995,0.35971727451093555
2021-02-07,-0.006778013057213039,0.36118765173350154
2021-02-08,0.05146622672856083,0.36491984981259146
2021-02-09,0.001804709867870402,0.3591910474624157
2021-02-10,-0.010303312177822765,0.37415872205800005
2021-02-11,0.01950805825566926,0.3821063856692915
2021-02-12,0.0011690321474919774,0.38909365128920226
2021-02-13,-0.0027341499732627117,0.3962636231679244
2021-02-14,0.005766824474443988,0.4051534467138954
2021-02-15,-0.005620010981629786,0.4116862187626046
2021-02-16,0.006281386161106184,0.4177663555820165
2021-02-17,0.021973229917898296,0.42553814005787055
2021-02-18,0.006949075870885446,0.43473387324117896
2021-02-19,0.022204617666226056,0.4458098753732438
2021-02-20,-0.004686004169404012,0.45307571232443344
2021-02-21,0.00943047223077964,0.45511199283587134
2021-02-22,-0.031483940606047645,0.4477936538365195
2021-02-23,-0.04926533128302968,0.3771086734638417
2021-02-24,0.00804325041817422,0.33724417110985794
2021-02-25,-0.025419409612614352,0.3468088061600636
2021-02-26,-0.007272735054793422,0.2997775081368412
2021-02-27,0.0009204262215625203,0.3060071384924905
2021-02-28,-0.008185767176905334,0.2944522417046114
2021-03-01,0.03458906556870289,0.3056924708373304
2021-03-02,-0.013600075461379757,0.32254632703480574
2021-03-03,0.016395733239864096,0.33532985347947036
2021-03-04,-0.010480341087775513,0.33454725041524547
2021-03-05,0.00016607411415625606,0.3107879174545299
2021-03-06,0.014348332675094388,0.3208092117834203
2021-03-07,0.016161694749524003,0.3569533490898356
2021-03-08,0.01686476079811383,0.3861550668814243
2021-03-09,0.012962347188367529,0.4109761992654234
2021-03-10,-0.004673151585881441,0.4203984699981721
2021-03-11,0.010068075952900601,0.42519632392999596
2021-03-12,-0.008275119600109182,0.4292862588763691
2021-03-13,0.030722880745329473,0.43917356827047693
2021-03-14,-0.015308290883498388,0.4467735271164156
2021-03-15,-0.017433357781996395,0.44100355230435756
2021-03-16,0.005823352061295806,0.4393630490382874
2021-03-17,0.012662503027013106,0.453153901300753
2021-03-18,-0.010527185536169492,0.46442830444003874
2021-03-19,0.005206314819415692,0.46638906736385344
2021-03-20,-2.1375721731553554e-06,0.4672660598015963
2021-03-21,-0.005743283645945341,0.47714309992748893
2021-03-22,-0.025293008714709964,0.48656362459125346
2021-03-23,-0.00024844022824865863,0.39640390826765926
2021-03-24,-0.018662483069612934,0.410023915029808
2021-03-25,-0.0042158389936803875,0.3958429971478321
2021-03-26,0.029949420778241587,0.4005148904823276
2021-03-27,0.005056886139394257,0.4210204896265627
2021-03-28,-0.0029530336091323495,0.4356118155944332
2021-03-29,0.024023729907505897,0.4779591500215858
2021-03-30,0.008110209693437787,0.5427072614499778
2021-03-31,0.010690304657419603,0.5514125835022393
2021-04-01,0.006454721638537109,0.540218806037735
2021-04-02,0.023093978683330407,0.5660962157705711
2021-04-03,-0.02600458906213532,0.569150272493097
2021-04-04,0.014982503755192056,0.5735635380804176
2021-04-05,0.008939609249169145,0.5861737897060993
2021-04-06,-0.005153682402649462,0.6002651416471683
2021-04-07,-0.029966239281585705,0.5830423264664361
2021-04-08,0.027042252135478284,0.5898904909828381
2021-04-09,-0.0014606263638573536,0.6220748939711489
2021-04-10,0.017156429086416347,0.6263138506433865
2021-04-11,0.0034998497460128064,0.6290931641389022
2021-04-12,-0.0024867073183966193,0.6344879754140048
2021-04-13,0.039697667197156505,0.6329136604894783
2021-04-14,0.01367539828921105,0.6363072660879181
2021-04-15,0.011419652127729663,0.6317860130347732
2021-04-16,-0.021258281681976632,0.6318680037067306
2021-04-17,-0.020606577218990063,0.6343389102842044
2021-04-18,-0.04000182536902752,0.4730698082539702
2021-04-19,-0.009308759357805951,0.4241957423904908
2021-04-20,0.01991699196716845,0.3966566215229072
2021-04-21,-0.006731015083642822,0.3862059233671728
2021-04-22,-0.0034565806595900916,0.37857953986967513
2021-04-23,-0.006889540041730147,0.33581178507520903
2021-04-24,-0.01755252742032365,0.3142450617518358
2021-04-25,0.0046963471990209005,0.3031811551025157
2021-04-26,0.026148409083544433,0.30675523368675867
2021-04-27,0.012863809991330966,0.3334497125709403
2021-04-28,0.005656689183716868,0.34758281176638006
2021-04-29,-0.002860661671730047,0.3624183716789122
2021-04-30,0.013409890912033262,0.38515122782206984
2021-05-01,0.012999734830359655,0.45848754501147626
2021-05-02,-0.005093315218590466,0.4776498494699635
2021-05-03,0.037601923703530105,0.4965584220341422
2021-05-04,-0.03118127434650475,0.46134481462540344
2021-05-05,0.03874210273626222,0.43229361253099163
2021-05-06,-0.006696597804165427,0.47373937161168367
2021-05-07,0.0021684310224305836,0.4771693072538367
2021-05-08,0.037040549727584304,0.5117421316683886
2021-05-09,-0.002392060010352748,0.5020997643574844
2021-05-10,-0.011055086338701448,0.49727274282613476
2021-05-11,0.015926400077936664,0.4295180456220057
2021-05-12,-0.04788443398351894,0.44453744201943646
2021-05-13,-0.0059718567956150714,0.26498756474405016
2021-05-14,0.019489716943472235,0.25491029783714264
2021-05-15,-0.023972823181636405,0.2419584337015826
2021-05-16,-0.0034480891688285498,0.23585468398303844
2021-05-17,-0.014602608452230714,0.18228823614366244
2021-05-18,0.003751497035381801,0.17036059821064137
2021-05-19,-0.043206637387243174,0.13206857912309272
2021-05-20,0.015214730285686207,0.09806432952783233
2021-05-21,-0.01534762898078701,0.10060922317025242
2021-05-22,-0.00783852605358537,0.07700045612005446
2021-05-23,-0.0043712939931602746,0.052587366904282985
2021-05-24,0.012211426571493433,0.066892946138175
2021-05-25,0.0012386666965895632,0.08371993162958327
2021-05-26,0.003925085763675451,0.08348358880773685
2021-05-27,-0.0031027022887871736,0.08755990693634713
2021-05-28,-0.007199797356201243,0.07691540368971844
2021-05-29,-0.0029295371574026285,0.06483369053523787
2021-05-30,0.0023626771350402365,0.06292668758417007
2021-05-31,0.007037255541655796,0.06934329221573864
2021-06-01,-0.0015623158619320066,0.06924341573632499
2021-06-02,0.0015662907333329201,0.07274862160011586
2021-06-03,0.003296398492965258,0.09275194749085786
2021-06-04,-0.0036490840774789923,0.08773676983518172
2021-06-05,-0.0013489094923695433,0.09480561882905676
2021-06-06,0.0018406941658735132,0.10219717845066961
2021-06-07,-0.00521994447284313,0.10984385258598711
2021-06-08,-0.0034962781757121864,0.09287146277278012
2021-06-09,0.004258485148965319,0.08729692996892603
2021-06-10,-0.005729004763460388,0.09003647556848492
2021-06-11,-0.0037849789471788853,0.07548812821597999
2021-06-12,0.0003146460980483212,0.04465346886156711
2021-06-13,0.0026056835824270763,0.040460141357605076
2021-06-14,0.0013396799742788623,0.08183079746847478
2021-06-15,-0.0015097580893085327,0.09670311472000055
2021-06-16,-0.005234972945398653,0.06446385126338085
2021-06-17,0.0001010951380975289,0.04413177618796773
2021-06-18,-0.0026103914401127692,0.04316685985769639
2021-06-19,-0.0013053211413035504,0.03922183826747717
2021-06-20,0.0014836321787468076,0.01958402182074231
2021-06-21,-0.006729997992778403,0.017250052150288558
2021-06-22,-0.00038643771374846647,0.009093082838109993
2021-06-23,0.0,0.011711155727614636
2021-06-24,0.0,0.011882729975358056
2021-06-25,0.0,0.0060512251121831485
2021-06-26,0.0,0.0
2021-06-27,0.0,0.0
2021-06-28,0.0,0.012216195686788398
2021-06-29,0.0,0.013465541428505437
2021-06-30,0.0,0.012429750016882108
2021-07-01,0.0,0.01920873202610261
2021-07-02,0.0,0.009710552703331831
2021-07-03,0.0,0.017519347117844163
2021-07-04,0.0,0.0387627919892139
2021-07-05,0.0,0.03350280500069811
2021-07-06,0.0,0.03900656279473206
2021-07-07,-0.0016430481603603164,0.04794346678628374
2021-07-08,-0.004698104930661806,0.028957867190978
2021-07-09,0.0007227518222601148,0.02006386023646025
2021-07-10,-0.000855086197157795,0.01925222605372113
2021-07-11,0.0007016292986365968,0.021114154921755248
2021-07-12,-0.002564947056335365,0.017617302747135143
2021-07-13,-0.0012339560667294913,0.0026020420213802497
2021-07-14,0.0,0.0
2021-07-15,0.0,0.0
2021-07-16,0.0,0.0
2021-07-17,0.0,0.0
2021-07-18,0.0,0.0
2021-07-19,0.0,0.0
2021-07-20,0.0,0.0
2021-07-21,0.0,0.0
2021-07-22,0.0,0.0
2021-07-23,0.0,0.0
2021-07-24,0.0,0.028729002448044594
2021-07-25,0.0,0.03046570315245392
2021-07-26,-0.003660361629298503,0.062007255711526446
2021-07-27,0.0021484837318463956,0.03452274830148445
2021-07-28,4.23311508235269e-05,0.05753519481674489
2021-07-29,0.0024623078177008484,0.052613772872429077
2021-07-30,0.0023625253802319612,0.09614119520041
2021-07-31,0.0020686487937153775,0.15472542693778393
2021-08-01,-0.001679257694763181,0.22737253937624025
2021-08-02,0.003871210204374087,0.2065244489218528
2021-08-03,-0.008358465636563284,0.1462389991963075
2021-08-04,0.012407752816073092,0.15189340002614454
2021-08-05,0.008124930125151142,0.24948189039413757
2021-08-06,0.008145999176022212,0.2714198688205296
2021-08-07,0.024560122843199084,0.28515630405051906
2021-08-08,-0.012996427536981159,0.28436394370405327
2021-08-09,0.016489168753698324,0.37057234547642126
2021-08-10,-0.004744535306166364,0.4674688426590007
2021-08-11,0.0011571577711442238,0.477499436104208
2021-08-12,-0.013653149588065405,0.39575224799909847
2021-08-13,0.037595057083857686,0.4193260745765591
2021-08-14,-0.008800621728713987,0.5066249154826469
2021-08-15,0.0029401701453926066,0.5253075272016231
2021-08-16,-0.018814677591144524,0.5354810836734971
2021-08-17,-0.017874026780591024,0.5488287466534121
2021-08-18,-0.0028488390027647803,0.46766498297134534
2021-08-19,0.02156859349225604,0.4475799395491736
2021-08-20,0.02490789910891711,0.5649169735726761
2021-08-21,-0.008025904949691243,0.5703328566160477
2021-08-22,0.0038458272786985326,0.5887659859637908
2021-08-23,0.008174289237055765,0.5963597794882869
2021-08-24,-0.023356231501151847,0.5974458784027741
2021-08-25,0.0129859091323683,0.6071812172848318
2021-08-26,-0.02429102779401382,0.5777327443630325
2021-08-27,0.029309592835166765,0.6090390275312924
2021-08-28,-0.00340130011271611,0.6237994791408916
2021-08-29,-0.0024811432519762366,0.6199434334279127
2021-08-30,-0.012933053792830718,0.6200446639007307
2021-08-31,0.01691276058143254,0.6112219034183966
2021-09-01,0.032263408380127645,0.45965263012643653
2021-09-02,6.211796495048105e-05,0.4077223232011172
2021-09-03,0.011243718100290234,0.38592038023397857
2021-09-04,-0.0029961046640406552,0.381752106061677
2021-09-05,0.012040543055997555,0.4071878381216224
2021-09-06,0.0031484016186265062,0.3955438706997551
2021-09-07,-0.052170894655708344,0.36067326955357654
2021-09-08,5.843533640303988e-06,0.34609318541889134
2021-09-09,-0.002390835157397908,0.3780559298700484
2021-09-10,-0.016339925078910245,0.35145645201973896
2021-09-11,0.003884952387396501,0.2865519097185718
2021-09-12,0.009126491890516064,0.3295707879107323
2021-09-13,-0.01120765802334589,0.27571958350024256
2021-09-14,0.014883170713199778,0.3091134919038725
2021-09-15,0.013634827180315279,0.35754105405247805
2021-09-16,-0.003950069484878194,0.3594941617699877
2021-09-17,-0.010537853199573677,0.3522414490127301
2021-09-18,0.0060783934817649765,0.3636574632389641
2021-09-19,-0.009987748758404247,0.3568476409786935
2021-09-20,-0.030347439588998215,0.24586486037010918
2021-09-21,-0.016087723657081776,0.21053595400872172
2021-09-22,0.015112500096153836,0.1766406604362934
2021-09-23,0.0049356514432365994,0.21812081373781073
2021-09-24,-0.012351484018650827,0.19063648756003373
2021-09-25,-0.00032255983069318095,0.1820463283256755
2021-09-26,0.0045361356298365685,0.1764996158833313
2021-09-27,-0.0048443917746864296,0.16753334681926563
2021-09-28,-0.004567252329065519,0.15805391395115112
2021-09-29,0.0003061697802537733,0.13831641923059637
2021-09-30,0.00740208388339858,0.14705204711782527
2021-10-01,0.01560466160700047,0.19724715800754242
2021-10-02,0.0008478636487343483,0.26572165081417026
2021-10-03,0.002491132737508117,0.3154610603598536
2021-10-04,0.003179077427932997,0.36177164151106667
2021-10-05,0.015159249377087125,0.37138891561883247
2021-10-06,0.018138619999742644,0.3513704912106214
2021-10-07,-0.0054517288217129645,0.35088495662258323
2021-10-08,-0.00044768060269884113,0.35975280025708295
2021-10-09,0.004482814998118423,0.3689148983109478
2021-10-10,-0.008409526242368348,0.37398970278460764
2021-10-11,0.017010854173755696,0.3737333505568731
2021-10-12,-0.008033789802742719,0.3599939115638945
2021-10-13,0.010640208328450917,0.372926487778407
2021-10-14,0.008130532100742105,0.3888109100235671
2021-10-15,0.02018951205111108,0.3940446647324951
2021-10-16,-0.0047177860407823236,0.3649664738465245
2021-10-17,0.0032238442689309643,0.36012248554122267
2021-10-18,-0.0026110701450390295,0.3589558125344667
2021-10-19,0.014410239742006503,0.3700363082880802
2021-10-20,0.016804559483442283,0.35183405701549064
2021-10-21,-0.015542769057960593,0.3299455639451825
2021-10-22,-0.00787570285283501,0.3496165340054566
2021-10-23,0.01021501248411627,0.36046870674474907
2021-10-24,-0.00490672975373585,0.3694170511964692
2021-10-25,0.01248158892692719,0.3695053921332988
2021-10-26,-0.011748005311207343,0.37418567255100776
2021-10-27,-0.01464350052446528,0.36449277639211286
2021-10-28,0.022354397394461767,0.3776062762766513
2021-10-29,0.010565508407958335,0.3982087004188677
2021-10-30,-0.005209137873016134,0.391781872126042
2021-10-31,-0.0031282012534383785,0.3935152128914079
2021-11-01,0.00024751795645938657,0.3805661797209038
2021-11-02,0.01824440426675622,0.3901712659640519
2021-11-03,-0.0003576624980754506,0.3798095789296978
2021-11-04,-0.007258988409843847,0.3789140465576295
2021-11-05,-0.003768299329141689,0.38106657535831845
2021-11-06,0.003393269462249826,0.3818874231676293
2021-11-07,0.009176664435996074,0.41016529498493975
2021-11-08,0.02028616461189192,0.41456397805317663
2021-11-09,-0.004717892865871431,0.3784936428476009
2021-11-10,-0.010059285499116832,0.37495608813052406
2021-11-11,0.003451840723627031,0.38919746576724024
2021-11-12,-0.004062550870215453,0.4144658474323905
2021-11-13,-0.000152430402323267,0.41185097691102845
2021-11-14,0.002486879418127197,0.4186515754225861
2021-11-15,-0.008014147710926345,0.4199146836143324
2021-11-16,-0.024950982802084076,0.34740146225463064
2021-11-17,0.0041910431895269,0.33228541310204796
2021-11-18,-0.022504889964604757,0.3319119425226982
2021-11-19,0.016501713254689854,0.3209499463980575
2021-11-20,0.009907434833878792,0.3338825131319352
2021-11-21,-0.009712830554906238,0.33426868315688607
2021-11-22,-0.014380546652089099,0.34576680824378647
2021-11-23,0.014925273977158371,0.32352213011987585
2021-11-24,-0.004198191387280503,0.32859361345694515
2021-11-25,0.01640751110663774,0.33489665718054
2021-11-26,-0.03717464951325222,0.28617181480426085
2021-11-27,0.003499223863661527,0.2537953738482971
2021-11-28,0.0088735868959402,0.2584744558860236
2021-11-29,0.005177955724784411,0.2784786770769569
2021-11-30,0.007151161379175486,0.30526671614745177
2021-12-01,-0.0016069056329028886,0.31885865335778446
2021-12-02,-0.004004876095337506,0.31848161766008215
2021-12-03,-0.02026971555268553,0.3222241963808312
2021-12-04,-0.014057200920957635,0.15601370928458327
2021-12-05,0.002525106588182391,0.19766809526123624
2021-12-06,0.008129954303370823,0.2133988447416964
2021-12-07,-0.00218820657869101,0.29935799165064003
2021-12-08,0.005785774026181301,0.26183942111905745
2021-12-09,-0.02289105708790573,0.25563557291976036
2021-12-10,-0.012680413514352451,0.2160629889980699
2021-12-11,0.009491910784868773,0.1947119842928941
2021-12-12,0.00287237935260376,0.2158729561912422
2021-12-13,-0.020264295555670775,0.1774798385298617
2021-12-14,0.0018430212994264838,0.09067851063927918
2021-12-15,0.00396171457170591,0.09021124945586455
2021-12-16,-0.001502858256690387,0.15811825257091552
2021-12-17,-0.0020413054382257823,0.1155052834225298
2021-12-18,0.0020905017531831493,0.10572384638437832
2021-12-19,-0.0008834809450595227,0.12790191244126065
2021-12-20,0.0005087163498012082,0.06317759550848105
2021-12-21,0.001714285224606149,0.10592654550820702
2021-12-22,-0.0008539500903044228,0.1058829467187146
2021-12-23,0.001688734407959691,0.09444701547081097
2021-12-24,-0.0016892418179584867,0.12894047164775485
2021-12-25,0.0012608162326739336,0.13898210990806237
2021-12-26,-0.0008123803919517503,0.14448588728533807
2021-12-27,-0.0006845975901822454,0.16006123384192575
2021-12-28,-0.006360998052753919,0.10589249090780094
2021-12-29,-0.004256640633038433,0.062027493372319366
2021-12-30,0.00040557183158518306,0.02132389558022038
2021-12-31,-0.00020006580529052798,0.03031264289546368
2022-01-01,0.0005409035271497498,0.01740679194496133
2022-01-02,0.0003797171072490446,0.020191656440985778
2022-01-03,-0.0003774551617850008,0.030271014634315516
2022-01-04,0.00011634221806677836,0.022969169057954264
2022-01-05,-0.0014797105460980786,0.022714692826651853
2022-01-06,-0.001178888349461782,0.008188008847383143
2022-01-07,0.0,0.002781444073086868
2022-01-08,0.0,0.0
2022-01-09,0.0,0.0
2022-01-10,0.0,0.0
2022-01-11,0.0,0.0
2022-01-12,0.0,0.0
2022-01-13,0.0,0.0
2022-01-14,0.0,0.0
2022-01-15,0.0,0.0
2022-01-16,0.0,0.0
2022-01-17,0.0,0.0
2022-01-18,0.0,0.0
2022-01-19,0.0,0.0
2022-01-20,0.0,0.0
2022-01-21,0.0,0.0
2022-01-22,0.0,0.0
2022-01-23,0.0,0.0
2022-01-24,0.0,0.0
2022-01-25,0.0,0.0
2022-01-26,0.0,0.0
2022-01-27,0.0,0.0
2022-01-28,0.0,0.0
2022-01-29,0.0,0.0
2022-01-30,0.0,0.0
2022-01-31,0.0,0.0
2022-02-01,0.0,0.0
2022-02-02,0.0,0.0
2022-02-03,0.0,0.0
2022-02-04,0.0,0.0
2022-02-05,0.0,0.0
2022-02-06,0.0,0.0
2022-02-07,0.0,0.0
2022-02-08,0.0,0.0
2022-02-09,0.0,0.0
2022-02-10,0.0,0.0
2022-02-11,0.0,0.0
2022-02-12,0.0,0.0
2022-02-13,0.0,0.0
2022-02-14,0.0,0.0
2022-02-15,0.0,0.0
2022-02-16,0.0,0.0
2022-02-17,0.0,0.0
2022-02-18,0.0,0.0
2022-02-19,0.0,0.0
2022-02-20,0.0,0.0
2022-02-21,0.0,0.0
2022-02-22,0.0,0.0
2022-02-23,0.0,0.0
2022-02-24,0.0,0.0
2022-02-25,0.0,0.0
2022-02-26,0.0,0.0
2022-02-27,0.0,0.0
2022-02-28,0.0,0.0
2022-03-01,0.0,0.0
2022-03-02,0.0,0.0
2022-03-03,0.0,0.0
2022-03-04,0.0,0.0
2022-03-05,0.0,0.0
2022-03-06,0.0,0.0
2022-03-07,0.0,0.0
2022-03-08,0.0,0.0
2022-03-09,0.0,0.0
2022-03-10,0.0,0.0
2022-03-11,0.0,0.0
2022-03-12,0.0,0.0
2022-03-13,0.0,0.0
2022-03-14,0.0,0.0
2022-03-15,0.0,0.0
2022-03-16,0.0,0.0
2022-03-17,0.0,0.0
2022-03-18,0.0,0.0
2022-03-19,0.0,0.0
2022-03-20,0.0,0.0
2022-03-21,0.0,0.0
2022-03-22,-0.0006201422020885028,0.037752143348082655
2022-03-23,-0.00045160658726473013,0.012676819090237053
2022-03-24,0.0016286418309319206,0.07282633905245486
2022-03-25,0.0002979481423082131,0.11415783855986808
2022-03-26,0.0009985815159028189,0.1149816045980669
2022-03-27,0.005738958351674928,0.12024935064622763
2022-03-28,0.0010554552472732404,0.16955010544630764
2022-03-29,0.001983210482659592,0.20393805717652166
2022-03-30,-0.0012400941534066456,0.22549633519773532
2022-03-31,-0.005973479484902011,0.2019246748921196
2022-04-01,0.004567931490093491,0.16575903118880647
2022-04-02,-0.002521099797553661,0.30744571142224875
2022-04-03,0.0061222139401035935,0.30097047110118175
2022-04-04,-0.0010774946136489216,0.3372742909814004
2022-04-05,-0.011272166408163309,0.4205844733914075
2022-04-06,-0.010641475583377469,0.18276618374462372
2022-04-07,0.0020224153012009527,0.1742906155152585
2022-04-08,-0.0032733878410587947,0.1737626456755073
2022-04-09,0.0026747037154888353,0.15207643266519308
2022-04-10,-0.002589203407694085,0.1487189656304963
2022-04-11,-0.007888567730444995,0.09613036572390773
2022-04-12,0.0012109417667156563,0.06082783106097367
2022-04-13,0.0022872040957209183,0.06109255685275935
2022-04-14,-0.002425017982625066,0.0550029621022378
2022-04-15,0.00046901727269510474,0.048472110453226296
2022-04-16,0.0004728344052795652,0.03906755898984943
2022-04-17,-0.0017966277088342641,0.030959421179011862
2022-04-18,-0.0005487958966390316,0.011615406381362917
2022-04-19,0.0,0.04574349689312386
2022-04-20,0.0,0.0750184679019054
2022-04-21,0.0,0.0850122951758544
2022-04-22,0.0,0.0395603141252809
2022-04-23,0.0,0.028420407305970015
2022-04-24,0.0,0.029154466984519248
2022-04-25,0.0,0.007146794429837787
2022-04-26,0.0,0.023568998802917046
2022-04-27,0.0,0.0
2022-04-28,0.0,0.01387082651462398
2022-04-29,0.0,0.013867488723033818
2022-04-30,0.0,0.0
2022-05-01,0.0,0.0
2022-05-02,0.0,0.0
2022-05-03,0.0,0.0
2022-05-04,0.0,0.0
2022-05-05,0.0,0.023637081013508705
2022-05-06,0.0,0.0
2022-05-07,0.0,0.0
2022-05-08,0.0,0.0
2022-05-09,0.0,0.0
2022-05-10,0.0,0.0
2022-05-11,0.0,0.0
2022-05-12,0.0,0.0
2022-05-13,0.0,0.0
2022-05-14,0.0,0.0
2022-05-15,0.0,0.0
2022-05-16,0.0,0.0
2022-05-17,0.0,0.0
2022-05-18,0.0,0.0
2022-05-19,0.0,0.0
2022-05-20,0.0,0.0
2022-05-21,0.0,0.0
2022-05-22,0.0,0.0
2022-05-23,0.0,0.0
2022-05-24,0.0,0.0
2022-05-25,0.0,0.0
2022-05-26,0.0,0.0
2022-05-27,0.0,0.0
2022-05-28,0.0,0.0
2022-05-29,0.0,0.0
2022-05-30,0.0,0.0
2022-05-31,0.0,0.0
2022-06-01,0.0,0.0
2022-06-02,0.0,0.0
2022-06-03,0.0,0.0
2022-06-04,0.0,0.0
2022-06-05,0.0,0.0
2022-06-06,0.0,0.0
2022-06-07,0.0,0.0
2022-06-08,0.0,0.0
2022-06-09,0.0,0.0
2022-06-10,0.0,0.0
2022-06-11,0.0,0.0
2022-06-12,0.0,0.0
2022-06-13,0.0,0.0
2022-06-14,0.0,0.0
2022-06-15,0.0,0.0
2022-06-16,0.0,0.0
2022-06-17,0.0,0.0
2022-06-18,0.0,0.0
2022-06-19,0.0,0.0
2022-06-20,0.0,0.0
2022-06-21,0.0,0.0
2022-06-22,0.0,0.0
2022-06-23,0.0,0.0
2022-06-24,0.0,0.0
2022-06-25,0.0,0.0
2022-06-26,0.0,0.0
2022-06-27,0.0,0.0
2022-06-28,0.0,0.0
2022-06-29,0.0,0.0
2022-06-30,0.0,0.0
2022-07-01,0.0,0.0
2022-07-02,0.0,0.0
2022-07-03,0.0,0.0
2022-07-04,0.0,0.0
2022-07-05,0.0,0.0
2022-07-06,0.0,0.0
2022-07-07,0.0,0.0
2022-07-08,0.0,0.0
2022-07-09,0.0,0.0
2022-07-10,0.0,0.0
2022-07-11,0.0,0.0
2022-07-12,0.0,0.0
2022-07-13,0.0,0.0
2022-07-14,0.0,0.0
2022-07-15,0.0,0.0
2022-07-16,0.0,0.0
2022-07-17,0.0,0.0
2022-07-18,0.0,0.0
2022-07-19,0.0,0.0
2022-07-20,0.0,0.0
2022-07-21,0.0,0.0
2022-07-22,0.0,0.0
2022-07-23,0.0,0.0
2022-07-24,0.0,0.0
2022-07-25,0.0,0.0
2022-07-26,0.0,0.0
2022-07-27,0.0,0.0
2022-07-28,0.0,0.0
2022-07-29,0.0,0.0
2022-07-30,0.0,0.0
2022-07-31,0.0,0.0
2022-08-01,0.0,0.0
2022-08-02,0.0,0.0
2022-08-03,0.0,0.0
2022-08-04,0.0,0.0
2022-08-05,0.0,0.00734697469249226
2022-08-06,0.0,0.029788910657036486
2022-08-07,0.0,0.03060460732535635
2022-08-08,0.0,0.03126751205933895
2022-08-09,0.0,0.03306181762109432
2022-08-10,0.0,0.037246751995216244
2022-08-11,0.0,0.03589402491069457
2022-08-12,0.0,0.03656096129062612
2022-08-13,0.0,0.037365123077019856
2022-08-14,0.0,0.0382649071624601
2022-08-15,0.0,0.03835886993466615
2022-08-16,0.0,0.03861241791553703
2022-08-17,0.0,0.03903694716827612
2022-08-18,0.0,0.03934793229749012
2022-08-19,0.0,0.0344954649814907
2022-08-20,0.0,0.026142572502050185
2022-08-21,0.0,0.02313162666986395
2022-08-22,0.0,0.026532268668862997
2022-08-23,0.0,0.024881278353716882
2022-08-24,0.0,0.02649489687376441
2022-08-25,0.0,0.026868893065387027
2022-08-26,0.0,0.02526242035220956
2022-08-27,0.0,0.0
2022-08-28,0.0,0.0
2022-08-29,0.0,0.003378314105443021
2022-08-30,0.0,0.010171437402335497
2022-08-31,0.0,0.013127934952068775
2022-09-01,0.0,0.013202798399197604
2022-09-02,0.0,0.01327940551895536
2022-09-03,0.0,0.013455451436255416
2022-09-04,0.0,0.013829308299006905
2022-09-05,0.0,0.015764337755555684
2022-09-06,0.0,0.025242474963064792
2022-09-07,0.0,0.013793913487653194
2022-09-08,0.0,0.021084938483342253
2022-09-09,0.0,0.03764155866484566
2022-09-10,0.0,0.041849940186919045
2022-09-11,0.0,0.042593031636445504
2022-09-12,0.00016542865364144177,0.07101965828182938
2022-09-13,-0.004504265891239201,0.08674853225887313
2022-09-14,0.0,0.02695287329102597
2022-09-15,0.0,0.027256752793560924
2022-09-16,0.0,0.0031902845631086073
2022-09-17,0.0,0.0
2022-09-18,0.0,0.0
2022-09-19,0.0,0.0
2022-09-20,0.0,0.0
2022-09-21,0.0,0.0
2022-09-22,0.0,0.0
2022-09-23,0.0,0.0
2022-09-24,0.0,0.0
2022-09-25,0.0,0.0
2022-09-26,0.0,0.0
2022-09-27,0.0,0.0
2022-09-28,0.0,0.0
2022-09-29,0.0,0.0
2022-09-30,0.0,0.0
2022-10-01,0.0,0.0
2022-10-02,0.0,0.0
2022-10-03,0.0,0.0
2022-10-04,0.0,0.0
2022-10-05,0.0,0.0
2022-10-06,0.0,0.0
2022-10-07,0.0,0.0
2022-10-08,0.0,0.0
2022-10-09,0.0,0.0
2022-10-10,0.0,0.0
2022-10-11,0.0,0.0
2022-10-12,0.0,0.0
2022-10-13,0.0,0.0
2022-10-14,0.0,0.0
2022-10-15,0.0,0.0
2022-10-16,0.0,0.0
2022-10-17,0.0,0.0
2022-10-18,0.0,0.0
2022-10-19,0.0,0.0
2022-10-20,0.0,0.0
2022-10-21,0.0,0.0
2022-10-22,0.0,0.0
2022-10-23,0.0,0.0
2022-10-24,0.0,0.0
2022-10-25,0.0,0.009434392390861255
2022-10-26,0.0026245968840197254,0.06407282172912511
2022-10-27,-0.003776246047009768,0.10809685973322679
2022-10-28,0.0010950802121523218,0.05873562773034731
2022-10-29,0.004387055252729644,0.10107986414046576
2022-10-30,-0.001951939931042479,0.10573998562386176
2022-10-31,-0.0011925350317735228,0.11351903799879216
2022-11-01,0.0003894660199834643,0.0879731733465595
2022-11-02,-0.004043759538974179,0.10480231369693174
2022-11-03,-0.0005485768937844027,0.0755434511681494
2022-11-04,0.00788209802518991,0.11636506384671262
2022-11-05,3.319698512571634e-05,0.2526904281873328
2022-11-06,-0.0062788553672682434,0.2667116414730244
2022-11-07,-0.0013105182997429354,0.1716698404948213
2022-11-08,-0.007965587627555948,0.0379936579645876
2022-11-09,-2.1992629077982606e-05,0.0
2022-11-10,0.0,0.0
2022-11-11,0.0,0.0
2022-11-12,0.0,0.0
2022-11-13,0.0,0.0
2022-11-14,0.0,0.0
2022-11-15,0.0,0.0
2022-11-16,0.0,0.0
2022-11-17,0.0,0.0
2022-11-18,0.0,0.0
2022-11-19,0.0,0.0
2022-11-20,0.0,0.0
2022-11-21,0.0,0.0
2022-11-22,0.0,0.0
2022-11-23,0.0,0.0
2022-11-24,0.0,0.0
2022-11-25,0.0,0.0
2022-11-26,0.0,0.0
2022-11-27,0.0,0.0
2022-11-28,0.0,0.0
2022-11-29,0.0,0.0
2022-11-30,0.0,0.0
2022-12-01,0.0,0.0
2022-12-02,0.0,0.0
2022-12-03,0.0,0.0
2022-12-04,0.0,0.0
2022-12-05,0.0,0.0
2022-12-06,0.0,0.0
2022-12-07,0.0,0.0
2022-12-08,0.0,0.0
2022-12-09,0.0,0.0
2022-12-10,0.0,0.0
2022-12-11,0.0,0.0
2022-12-12,0.0,0.0
2022-12-13,0.0,0.0
2022-12-14,0.0,0.0
2022-12-15,0.0,0.0
2022-12-16,0.0,0.0
2022-12-17,0.0,0.0
2022-12-18,0.0,0.0
2022-12-19,0.0,0.0
2022-12-20,0.0,0.0
2022-12-21,0.0,0.0
2022-12-22,0.0,0.0
2022-12-23,0.0,0.0
2022-12-24,0.0,0.0
2022-12-25,0.0,0.0
2022-12-26,0.0,0.0
2022-12-27,0.0,0.0
2022-12-28,0.0,0.0
2022-12-29,0.0,0.0
2022-12-30,0.0,0.0
2022-12-31,0.0,0.0
2023-01-01,0.0,0.0
2023-01-02,0.0,0.0
2023-01-03,0.0,0.0
2023-01-04,0.0,0.0
2023-01-05,0.0,0.0
2023-01-06,0.0,0.0
2023-01-07,0.0,0.0
2023-01-08,0.0,0.0
2023-01-09,0.0009577074421693865,0.08501425628958921
2023-01-10,0.0013172984130935816,0.11399733431577246
2023-01-11,0.004644645612556841,0.11589775600102512
2023-01-12,0.011900112396408424,0.4484988803925517
2023-01-13,0.019661574034659512,0.5211772206137898
2023-01-14,0.04165831264186326,0.5944731630918099
2023-01-15,-0.0007502108515318184,0.5425595798801679
2023-01-16,0.008879448824702596,0.5837674850213602
2023-01-17,-0.00272221759523561,0.6054316464476811
2023-01-18,-0.01610922108320867,0.5964830264511689
2023-01-19,0.013587887457467307,0.6199391546073868
2023-01-20,0.045837038850889966,0.6527282001708625
2023-01-21,-0.004601276831455392,0.7136758153463272
2023-01-22,-0.0010784293748140605,0.7325556452072319
2023-01-23,0.0031789498451264553,0.7587921409575213
2023-01-24,-0.018873721388593667,0.7265270429396375
2023-01-25,0.01867521707281461,0.721054671479806
2023-01-26,-0.0030367399704703812,0.7216853545149663
2023-01-27,0.0003503375933573416,0.7334594806158626
2023-01-28,-0.005991821768183803,0.7585383982035373
2023-01-29,0.030750157912137865,0.8340337807692839
2023-01-30,-0.03717977589538801,0.8464671496224928
2023-01-31,0.010518858321707736,0.8163080813849928
2023-02-01,0.02587800863851175,0.8459218511880205
2023-02-02,-0.004616389112465424,0.8593493358581098
2023-02-03,0.0035274899638439994,0.8255296679930958
2023-02-04,-0.0014791362536041852,0.8416067705400138
2023-02-05,-0.016587306281396597,0.847919302058364
2023-02-06,-0.006962098533835337,0.8378704485119226
2023-02-07,0.022820749991148137,0.8401173448654683
2023-02-08,-0.010659621389171203,0.8772807766224382
2023-02-09,-0.04574576053620283,0.8083557591289847
2023-02-10,-0.009926039622325078,0.7300941798433622
2023-02-11,0.009830904189969125,0.7413288118918798
2023-02-12,-0.006347638682196344,0.7567954487436236
2023-02-13,-0.0021557938965653944,0.7207021940749643
2023-02-14,0.01679664110730017,0.6822720866757528
2023-02-15,0.06504067731366736,0.7202066786568823
2023-02-16,-0.024834492648380446,0.8630881043439828
2023-02-17,0.030702907108688837,0.7580694637446632
2023-02-18,0.0005673394257186271,0.7912493352711648
2023-02-19,-0.008651219525629972,0.8341372442659286
2023-02-20,0.014843214259961712,0.8587288362377232
2023-02-21,-0.017244998921605914,0.8687354587508384
2023-02-22,-0.008302687883598114,0.8272127352465147
2023-02-23,-0.003088582357487324,0.8567752572155867
2023-02-24,-0.02587153264275721,0.8560492642557738
2023-02-25,-0.0033827242952400027,0.7593786702988047
2023-02-26,0.01829805728656475,0.8305905038743687
2023-02-27,-0.003293967131249298,0.9340571492036678
2023-02-28,-0.015041606646314487,0.9325553733951601
2023-03-01,0.023229618075874425,0.9054828629353862
2023-03-02,-0.008719487889794375,0.8842038723161189
2023-03-03,-0.042527751673906655,0.6439403751048568
2023-03-04,-0.0005404012319727425,0.5233043947593042
2023-03-05,0.0006965187201193324,0.5051923633890602
2023-03-06,-4.782418383819653e-05,0.5304226868612958
2023-03-07,-0.0032839230113167472,0.4934245737638717
2023-03-08,-0.011015074979555006,0.47544886775500156
2023-03-09,-0.029215459541740763,0.4367968342017095
2023-03-10,-0.004396473328468153,0.12658152486311142
2023-03-11,0.002285912468385609,0.1677545875050151
2023-03-12,0.019357980902195315,0.2552267746741518
2023-03-13,0.023591827049466163,0.37881944775627086
2023-03-14,0.009512003044195527,0.5096932021567908
2023-03-15,-0.01098915575473458,0.5665341190519766
2023-03-16,0.01292757752272844,0.6206079675307759
2023-03-17,0.05104050949671457,0.6327268643250326
2023-03-18,-0.009752256630229383,0.5637978120345336
2023-03-19,0.014427914477553427,0.5667249804435144
2023-03-20,-0.009963984556570993,0.5130225693772938
2023-03-21,0.013525989370567704,0.5029197464151903
2023-03-22,-0.017690861475679,0.5064879414255248
2023-03-23,0.021684688671264052,0.5488423746073431
2023-03-24,-0.017122676413094062,0.532244765772224
2023-03-25,-0.0011385154827161514,0.5876052488537518
2023-03-26,0.010656743999374552,0.622728544969816
2023-03-27,-0.01851559684041426,0.5813415579946324
2023-03-28,0.01162677487889674,0.609145264775487
2023-03-29,0.014292162902004302,0.6038202412972992
2023-03-30,-0.002972744214941203,0.5217181896812947
2023-03-31,0.008187069059592433,0.5619101606793845
2023-04-01,-0.0002240929342651743,0.5416795304199268
2023-04-02,-0.006381078545280139,0.5468010953731834
2023-04-03,-0.0013960365056464585,0.5798870800092085
2023-04-04,0.016008157051971894,0.6733183622728811
2023-04-05,0.007467206303731988,0.6700262025544733
2023-04-06,-0.008630158644055252,0.6790999185112446
2023-04-07,-0.0034334302596142896,0.657465603964185
2023-04-08,-0.0025599024736416842,0.6609367418956918
2023-04-09,0.006544003856073122,0.663824543714319
2023-04-10,0.025964530447490253,0.6682973363649268
2023-04-11,0.0028764120350237565,0.5032774741337704
2023-04-12,0.0009247633852098591,0.47298102050958885
2023-04-13,0.014805847634485447,0.4948042682759995
2023-04-14,0.010930392819353596,0.48605162962298337
2023-04-15,-0.00289458828038458,0.5843593564012806
2023-04-16,0.0039706497406846175,0.6257779814693578
2023-04-17,-0.015591566347629371,0.6394271358882331
2023-04-18,0.014517448192656213,0.6735970415423151
2023-04-19,-0.04063836004496901,0.6505202323238922
2023-04-20,-0.005181177830175243,0.6679536498750315
2023-04-21,-0.027255349650487704,0.641210034009709
2023-04-22,0.010902060617102416,0.5979313644667008
2023-04-23,-0.004718472955219877,0.5872526853934421
2023-04-24,-0.0044619942059653805,0.602508000301827
2023-04-25,0.01341106206486642,0.6005736896246322
2023-04-26,0.001289610024133081,0.6362681343395018
2023-04-27,0.014960416563039702,0.542852945866774
2023-04-28,-0.0036300767896225716,0.5077825348351404
2023-04-29,0.0013657544404770405,0.4888285139836927
2023-04-30,-0.0046148457802511755,0.5039264869665555
2023-05-01,-0.015093975205254684,0.46897946214408187
2023-05-02,0.01030137775277673,0.45330340472494957
2023-05-03,0.007496308603654578,0.5068091908173392
2023-05-04,-0.005991680425680546,0.5733057158524546
2023-05-05,0.021809670750680965,0.566978145241694
2023-05-06,-0.021461161764218417,0.5450719729394651
2023-05-07,-0.008547628850364308,0.6002549787898462
2023-05-08,-0.01229088439291881,0.5066358958183741
2023-05-09,-0.0004968291870092179,0.48398515227239286
2023-05-10,-0.0009459904164371702,0.42110856388404777
2023-05-11,-0.011342732284596813,0.45160292204846125
2023-05-12,-0.0010942064493660864,0.4198601507160739
2023-05-13,-0.0016522444536811731,0.4395393485698665
2023-05-14,0.0018212766253542512,0.4366629221622265
2023-05-15,0.004305954309835158,0.42685176215148896
2023-05-16,-0.000245472621813847,0.42715855061415026
2023-05-17,0.0023910024875029023,0.3946082537623447
2023-05-18,-0.006772263747919394,0.40661189234693634
2023-05-19,0.001828412772570065,0.4109854429194081
2023-05-20,0.0024574107122565803,0.4314847899698876
2023-05-21,-0.0042894149843432094,0.43144483756566177
2023-05-22,0.0022187894823866294,0.426869566869517
2023-05-23,0.00676301519431588,0.49518739518634125
2023-05-24,-0.015653382120670467,0.4484827968888354
2023-05-25,0.0013279424810213047,0.3299945277825001
2023-05-26,0.0039117466663427525,0.39391203121798624
2023-05-27,0.0012691892000660232,0.5136000631034043
2023-05-28,0.02498837741700788,0.5844376958625317
2023-05-29,-0.006573403259345301,0.6172761061231937
2023-05-30,0.00040230093105741993,0.6423783385684841
2023-05-31,-0.01024725571761087,0.6505597946203705
2023-06-01,-0.006551627902740997,0.6155815839529419
2023-06-02,0.010970277656412897,0.6496147900109126
2023-06-03,-0.005033905033769215,0.6988939106609094
2023-06-04,4.4681196752272e-05,0.6709587583482259
2023-06-05,-0.02514657775814033,0.539206775101155
2023-06-06,0.017782582708534944,0.39795684989503416
2023-06-07,-0.017158403266654076,0.5600737676951946
2023-06-08,0.003084495355312189,0.4873395892696064
2023-06-09,-0.0010961915774390096,0.4931336772150978
2023-06-10,-0.02105010690563902,0.31124588275931003
2023-06-11,0.00030029515911711435,0.253684199773878
2023-06-12,-0.0015472936903910828,0.1735985809163037
2023-06-13,-3.716306848833284e-05,0.15773848041193095
2023-06-14,-0.005258126092270832,0.13236442209182692
2023-06-15,0.0016343619555032607,0.05083891299915752
2023-06-16,0.003617757012110756,0.05171989649796531
2023-06-17,0.0007544073482443903,0.07756038416584195
2023-06-18,-0.000643170451561037,0.09320350078866385
2023-06-19,0.0017039220850716408,0.09785911562403157
2023-06-20,0.010635668460640346,0.17330070224186808
2023-06-21,0.02067839772477109,0.37023221005521434
2023-06-22,-0.0023717773186684443,0.4462236470475204
2023-06-23,0.008364603106472135,0.4654027526504673
2023-06-24,-0.0033617947582293972,0.48201357997440897
2023-06-25,0.0021854862676247144,0.5270199181762093
2023-06-26,-0.008371942030226731,0.5205633991145016
2023-06-27,0.007570006255936956,0.5417252675785277
2023-06-28,-0.012183736371778608,0.47903411055755496
2023-06-29,0.004017830061767924,0.5128772076351209
2023-06-30,0.011748597120897042,0.5428173123296984
2023-07-01,1.2899560695389667e-05,0.6216131971460466
2023-07-02,0.00245665870057854,0.643761167134803
2023-07-03,0.009038080692845618,0.6530816076857687
2023-07-04,-0.006729402745986324,0.5730282447012833
2023-07-05,-0.005873281785561901,0.583112426228064
2023-07-06,-0.017964320612279372,0.6274971402990661
2023-07-07,0.0069566261825850795,0.5634632619150645
2023-07-08,-0.002392054445459646,0.6506472914147032
2023-07-09,-0.0022592627225590522,0.7278497738312195
2023-07-10,0.006162602077832258,0.6566936823207028
2023-07-11,0.001964466138597576,0.7174323606406711
2023-07-12,-0.004612394980691548,0.709731059417484
2023-07-13,0.035452480176450196,0.6747075303454928
2023-07-14,-0.025358930005337954,0.6583308624259606
2023-07-15,-0.0013627432333832568,0.6927540013513354
2023-07-16,-0.002505901312587877,0.7795555766700215
2023-07-17,-0.0033388301352971217,0.761814409145446
2023-07-18,-0.006532638112807021,0.7123525923510564
2023-07-19,-0.0007575465743943077,0.7264086013814761
2023-07-20,-0.0027503540849450614,0.7617285007617192
2023-07-21,0.001330209767046675,0.7421174596519856
2023-07-22,-0.0060425193836571855,0.7385134045915268
2023-07-23,0.006853074866943976,0.7271125224913375
2023-07-24,-0.019836958864101195,0.7040170921422862
2023-07-25,0.0012995032584104393,0.5357988693705781
2023-07-26,0.0030376151078095326,0.5703630260991843
2023-07-27,-0.0035798586175631586,0.7300020876858662
2023-07-28,0.0034107631305657637,0.6754537547529886
2023-07-29,0.0014898381675971795,0.7633827811746059
2023-07-30,-0.0050183627069674275,0.8214808093033823
2023-07-31,-0.0018966928437045283,0.8137918576386666
2023-08-01,0.005462766626118443,0.5572003575986957
2023-08-02,-0.014641894229570407,0.629719921423996
2023-08-03,-0.0002817553292865371,0.472578025125107
2023-08-04,-0.0018431047212217333,0.43137808949229905
2023-08-05,-0.0003524938372150288,0.42853341648917503
2023-08-06,-3.9790216756707686e-05,0.42805435801126257
2023-08-07,0.0014863722908078358,0.43731781531840785
2023-08-08,0.009735676289001738,0.5538957822926472
2023-08-09,-0.003651787384176597,0.6275089069453162
2023-08-10,-0.0024151647671684096,0.5701277186111295
2023-08-11,-0.0009204808635202566,0.5448495128231879
2023-08-12,0.00010575914328114777,0.5397808213555823
2023-08-13,-0.003208555747629238,0.5982378774836811
2023-08-14,0.00174955930042886,0.6272257707033371
2023-08-15,-0.005346208165561528,0.6891823496031226
2023-08-16,-0.009060046240494501,0.5623148882203877
2023-08-17,-0.01249301870776165,0.31419208954672123
2023-08-18,-0.00011434461987747113,0.0
2023-08-19,0.0,0.0
2023-08-20,0.0,0.0
2023-08-21,0.0,0.0
2023-08-22,0.0,0.0
2023-08-23,0.0,0.0
2023-08-24,0.0,0.0
2023-08-25,0.0,0.0
2023-08-26,0.0,0.0
2023-08-27,0.0,0.0
2023-08-28,0.0,0.0
2023-08-29,-0.00039289716882828785,0.013454724401633762
2023-08-30,-0.0007820966076440561,0.02694422618026384
2023-08-31,0.0,0.0
2023-09-01,0.0,0.0
2023-09-02,0.0,0.0
2023-09-03,0.0,0.0
2023-09-04,0.0,0.0
2023-09-05,0.0,0.0
2023-09-06,0.0,0.0
2023-09-07,0.0,0.0
2023-09-08,0.0,0.0
2023-09-09,0.0,0.0
2023-09-10,0.0,0.0
2023-09-11,0.0,0.0
2023-09-12,0.0,0.0
2023-09-13,0.0,0.0
2023-09-14,0.0,0.0
2023-09-15,0.0,0.0
2023-09-16,0.0,0.0
2023-09-17,0.0,0.0
2023-09-18,0.0,0.0
2023-09-19,0.0,0.0
2023-09-20,0.0,0.0
2023-09-21,0.0,0.0
2023-09-22,0.0,0.0
2023-09-23,0.0,0.0
2023-09-24,0.0,0.0
2023-09-25,0.0,0.0
2023-09-26,0.0,0.0
2023-09-27,0.0,0.0
2023-09-28,0.0,0.0
2023-09-29,0.0,0.0
2023-09-30,0.0,0.0
2023-10-01,0.0,0.0
2023-10-02,-0.003991034859320397,0.1268140213763304
2023-10-03,-0.0001692961740260568,0.0
2023-10-04,0.0,0.0
2023-10-05,0.0,0.0
2023-10-06,-0.0002090684827251721,0.026382928067230485
2023-10-07,9.657398526408123e-05,0.0944263282271447
2023-10-08,-0.0006118924532162451,0.07840263750900471
2023-10-09,-0.0018640403893794844,0.05599800734838187
2023-10-10,0.0,0.0
2023-10-11,0.0,0.0
2023-10-12,0.0,0.0
2023-10-13,0.0,0.0
2023-10-14,0.0,0.0
2023-10-15,0.0,0.0
2023-10-16,0.002150714504085105,0.13732943421833008
2023-10-17,-0.0011968584399159043,0.4565132424063954
2023-10-18,-0.001566609379046846,0.5603187239922067
2023-10-19,0.008386611061578009,0.6070429664767012
2023-10-20,0.02026032197743488,0.590453799050835
2023-10-21,0.0050045641935339,0.5947091952009556
2023-10-22,0.0017096582114199954,0.5762422045915889
2023-10-23,0.06354396781711058,0.5814020159151263
2023-10-24,0.011261083555593965,0.6081540172431863
2023-10-25,0.007089212507873643,0.5898945864775862
2023-10-26,-0.003353277134677368,0.6150184377779784
2023-10-27,-0.006172202538533789,0.5900094990979319
2023-10-28,0.0012135401754709285,0.6480871583175823
2023-10-29,0.007232976042540251,0.6494719415267048
2023-10-30,-0.0008788982189810168,0.6614105464590725
2023-10-31,0.0028270676742383483,0.7173374840695443
2023-11-01,0.01419063033617296,0.7301106334145783
2023-11-02,-0.014156389141729342,0.7266323876790495
2023-11-03,0.0031855260006901087,0.7926568999545263
2023-11-04,0.009494458737411504,0.869437099453703
2023-11-05,0.00741607589414639,0.8957589046890675
2023-11-06,0.0025052058058054882,0.8638477365239127
2023-11-07,0.0012054331691773168,0.8676882178956757
2023-11-08,0.003019251665266065,0.8305121416543894
2023-11-09,0.06016361758981281,0.7830372632155002
2023-11-10,-0.0008301315352369221,0.7945313403078655
2023-11-11,-0.006102915715537338,0.8177464107967943
2023-11-12,-0.002195970679311543,0.8267003945113095
2023-11-13,-0.005151697451699633,0.8378435389843563
2023-11-14,-0.024814651522759523,0.8538588336057314
2023-11-15,0.04636041769962462,0.876801469558804
2023-11-16,-0.03496677960245986,0.7744168663496391
2023-11-17,0.0047064329363391,0.7948221978963618
2023-11-18,0.0011102582013586826,0.8530078128902998
2023-11-19,0.019998566228668357,0.8649627812344164
2023-11-20,0.0030975897067981872,0.8266099842137002
2023-11-21,-0.03666417215191975,0.7827099617432257
2023-11-22,0.04343938770696698,0.8148263263354546
2023-11-23,-0.001587336700208164,0.8081868138065944
2023-11-24,0.00844532386095187,0.7795642928638029
2023-11-25,0.0012135577694794009,0.818333508189697
2023-11-26,-0.007673846294174558,0.8445416778291454
2023-11-27,-0.008590108934189433,0.8564259662596767
2023-11-28,0.010810750706715666,0.863381764438594
2023-11-29,-0.0034575547077075885,0.8513124265025287
2023-11-30,0.002362689989907185,0.8051614131183694
2023-12-01,0.018493869677598918,0.8476583046295281
2023-12-02,0.020171272207475166,0.7570043689396357
2023-12-03,0.010224616819161758,0.7943898742383051
2023-12-04,0.03026294507429106,0.818810246972712
2023-12-05,0.025600139614734285,0.7065156152635561
2023-12-06,-0.010684998146720304,0.5974020125011529
2023-12-07,0.011032221874864856,0.5662252473763733
2023-12-08,0.0067516913036693715,0.5818034565946247
2023-12-09,-0.005359077240107868,0.6081141528285707
2023-12-10,0.0017465453158782562,0.6642694979928095
2023-12-11,-0.03498187469338587,0.5658086888263048
2023-12-12,-0.0012044308647811697,0.6500308228662116
2023-12-13,0.01961380011453473,0.6452845410709303
2023-12-14,0.007695939662362594,0.5853349349057828
2023-12-15,-0.019579068661484844,0.6013793615051106
2023-12-16,0.0036929417183100277,0.6486142604651639
2023-12-17,-0.011524847000603633,0.6904310070918078
2023-12-18,0.013567286912246512,0.6081516614706624
2023-12-19,-0.010196785249222184,0.6304619918819812
2023-12-20,0.013810737656577032,0.5532413011796153
2023-12-21,0.004998875831868643,0.5123689360834243
2023-12-22,0.010011062985922026,0.505496663522881
2023-12-23,-0.003406589550493999,0.5424101627009182
2023-12-24,-0.009971566906209817,0.5728303267852151
2023-12-25,0.0050627397624434245,0.6573172146446886
2023-12-26,-0.014488432253025874,0.6303684291785525
2023-12-27,0.027968275661921282,0.6325447389873893
2023-12-28,-0.011777270203249812,0.6654153634281903
2023-12-29,-0.011954604633612087,0.6843333262029869
2023-12-30,-0.00043903292295643936,0.6679859920267631
2023-12-31,-0.0005276774953284491,0.7101968366031153
2024-01-01,0.0298996433764096,0.7857742695470962
2024-01-02,0.009457836122684249,0.6851337520184371
2024-01-03,-0.031388262404076106,0.5393763365583335
2024-01-04,0.016548473593545943,0.6003792778767263
2024-01-05,-0.0013503112694271957,0.5737661156936165
2024-01-06,-0.003776207159564393,0.6483855730597172
2024-01-07,-0.0030874431207033037,0.6901252271340266
2024-01-08,0.04276714641829549,0.6621424877403533
2024-01-09,-0.004660973049781414,0.5499862978989407
2024-01-10,0.02926129348428086,0.5689373875729125
2024-01-11,0.0012247910667404494,0.5487685575716552
2024-01-12,-0.02981290925136182,0.49920969018641786
2024-01-13,0.006131411246856011,0.46514964458097496
2024-01-14,-0.01725118879918175,0.5061355748519405
2024-01-15,0.008635055700803251,0.4984013592304085
2024-01-16,0.011483182682686666,0.5330136069300767
2024-01-17,-0.007942876911520291,0.5436477240247675
2024-01-18,-0.014527551363351265,0.5273272084749601
2024-01-19,0.004711903119794192,0.5414483787061224
2024-01-20,-0.002300651694549405,0.5792324913027045
2024-01-21,-0.002566889097650793,0.6046599873783939
2024-01-22,-0.02991003624550692,0.6041300553509465
2024-01-23,-0.008308817888975528,0.5213214064619814
2024-01-24,0.0002720454505302783,0.5091588985560142
2024-01-25,-0.002992566211291181,0.5026933642110574
2024-01-26,0.018813534859194236,0.4781435709754294
2024-01-27,0.0016394632371399265,0.42931027615903145
2024-01-28,-0.0016587715163408623,0.44224945712304464
2024-01-29,0.015231743990651525,0.5412817287854081
2024-01-30,-0.00047807092499319026,0.6188616896783716
2024-01-31,-0.014288040372393507,0.641986540557663
2024-02-01,0.006009824371225214,0.6011835786628145
2024-02-02,0.0015864924393216295,0.6489629885983884
2024-02-03,-0.0030847200003517594,0.6471062942342737
2024-02-04,-0.004114129535304878,0.6065363097739661
2024-02-05,0.0014716534947969429,0.5916257915830989
2024-02-06,0.011124565882775217,0.5690076975793079
2024-02-07,0.016362977187533545,0.6314471956682055
2024-02-08,0.005761802268178462,0.5936646428042894
2024-02-09,0.01947223494807737,0.5250988945416797
2024-02-10,0.004704122800484267,0.4977600422279233
2024-02-11,0.0037235329665328276,0.5037988334581645
2024-02-12,0.0231348235543698,0.5096185923973355
2024-02-13,-0.0029926129882879016,0.4997865507330225
2024-02-14,0.023674179252398453,0.4763194289280115
2024-02-15,0.004676619857155728,0.4633931589273685
2024-02-16,-0.0005289539422733691,0.4735564498635989
2024-02-17,-0.003962020659062926,0.4848223558237349
2024-02-18,0.011066489887289865,0.4924353714934878
2024-02-19,0.0036383449196326634,0.49837048756646
2024-02-20,0.008648351846572977,0.4981329522308314
2024-02-21,-0.006189691694915012,0.4828442263967798
2024-02-22,-0.0026459329621202343,0.47600633333914627
2024-02-23,-0.007151713471304388,0.47871999650607294
2024-02-24,0.010550777170582837,0.4865236432750544
2024-02-25,0.011259208166147117,0.4975861142408001
2024-02-26,0.019215332242303207,0.4984078131539822
2024-02-27,0.017555712692500336,0.45916654611673313
2024-02-28,0.03302811726330668,0.4463890376918588
2024-02-29,-0.007886201067803689,0.39461277814722706
2024-03-01,0.011042398989024482,0.3765484882865381
2024-03-02,-0.0023428490209377317,0.39075664138995964
2024-03-03,0.008701937910032376,0.4104769978773571
2024-03-04,0.02891859435566757,0.4197362415766433
2024-03-05,-0.02035468265253093,0.4050630504009598
2024-03-06,0.018288180671348186,0.29799147581531715
2024-03-07,0.004337186239065094,0.29450885571651625
2024-03-08,0.004526361620931896,0.3066137695162483
2024-03-09,0.0014600114285863164,0.31905686693811997
2024-03-10,0.0008387673084964131,0.3373788346988713
2024-03-11,0.016949132239646003,0.33551301433725966
2024-03-12,-0.0052430425432394845,0.3349662896622429
2024-03-13,0.0058024362634225835,0.3450800728294939
2024-03-14,-0.009887072534885188,0.35720789546227966
2024-03-15,-0.011261483045905796,0.31583777498277155
2024-03-16,-0.018403194649376897,0.29527734431984215
2024-03-17,0.012112738414318258,0.2778364974134922
2024-03-18,-0.006876499821272364,0.28383471331550086
2024-03-19,-0.027850989954658845,0.24993338048033625
2024-03-20,0.02901897709718715,0.2220717341238105
2024-03-21,-0.005972760794172638,0.21398097102123895
2024-03-22,-0.007991825755825022,0.2089065843982221
2024-03-23,0.00026406057593098,0.2143337344957346
2024-03-24,0.010714925759788052,0.22060859861490242
2024-03-25,0.009612430408655337,0.22677943341889367
2024-03-26,0.000163098061721767,0.23375749622515585
2024-03-27,-0.0033975425591661335,0.24439116497686392
2024-03-28,0.0045019329951814235,0.25347849794069616
2024-03-29,-0.003404730562864944,0.27501897644674766
2024-03-30,-0.0007120079738196505,0.2917227875145789
2024-03-31,0.008046817430259923,0.322105823419613
2024-04-01,-0.009487160759278357,0.31790521964378365
2024-04-02,-0.018828080003443493,0.2711457086684544
2024-04-03,0.002503272970621584,0.2710186845960847
2024-04-04,0.00650572070669142,0.2605583658905134
2024-04-05,-0.0019256711269647342,0.2780177105349719
2024-04-06,0.0038829801898492278,0.3082558573898966
2024-04-07,0.005365780225537575,0.3325260775372817
2024-04-08,0.015161426253156973,0.34802330903581064
2024-04-09,-0.013267476232041164,0.3531928437635901
2024-04-10,0.0049979829822077715,0.3402425178259111
2024-04-11,-0.0031958585636854275,0.3439380397645994
2024-04-12,-0.01755957489379345,0.3233311750075516
2024-04-13,-0.017100527501632712,0.26927650026743194
2024-04-14,0.010446865397214733,0.28179828210637403
2024-04-15,-0.007457327046403117,0.2905566508209372
2024-04-16,0.00010789184420856301,0.29517065580508256
2024-04-17,-0.00984135265625874,0.2957816954496248
2024-04-18,0.00702677444191524,0.26695560037444244
2024-04-19,0.0008760180841631549,0.2868274092492435
2024-04-20,0.005920918355160287,0.26827838770827916
2024-04-21,-0.00018678986255205032,0.28422669140192397
2024-04-22,0.007209698594362823,0.29662768316911436
2024-04-23,-0.0008391572136001724,0.29513659982305307
2024-04-24,-0.008547509522994767,0.28608916637461157
2024-04-25,0.0010164023204735084,0.2830728184230331
2024-04-26,-0.0028952902405314784,0.29679209844580456
2024-04-27,0.0017821892455813781,0.31039005740007586
2024-04-28,-0.0007263994878473623,0.3611742357777599
2024-04-29,0.00019138916520877736,0.34085907186924
2024-04-30,-0.02000966201822718,0.30131675729104157
2024-05-01,-0.009402828635522553,0.1678465127190473
2024-05-02,0.0012379897371768145,0.12591766654933004
2024-05-03,0.007657244372021088,0.13935947038427993
2024-05-04,0.001625616659602036,0.199360443346404
2024-05-05,0.0006813450771800955,0.1813771329334951
2024-05-06,-0.003519971020307322,0.19896843178306647
2024-05-07,-0.0031928971388298644,0.19398547938511515
2024-05-08,-0.0032937466796952863,0.18281671713593817
2024-05-09,0.005746800150520537,0.18567844200785463
2024-05-10,-0.008505268931134013,0.168859281645597
2024-05-11,8.485711733352552e-05,0.10732145396255892
2024-05-12,0.0010039703596853577,0.1226444900290079
2024-05-13,0.002387440305972044,0.16048584667453158
2024-05-14,-0.005265460149922574,0.15875140881320268
2024-05-15,0.01690041474152637,0.1894570314882429
2024-05-16,-0.005789385072526576,0.2912370670890979
2024-05-17,0.00934483455841506,0.3093228373175079
2024-05-18,0.0002654870278790966,0.3330851860925336
2024-05-19,-0.0032958836818369752,0.3375648361375333
2024-05-20,0.033585571254200364,0.3384083950180567
2024-05-21,-0.00011882730317946955,0.4309507332158792
2024-05-22,-0.00567929263107203,0.41060953293599634
2024-05-23,-0.002106015686703211,0.41546294828065355
2024-05-24,0.0008290510535622353,0.46803588011033814
2024-05-25,0.004226955132336618,0.48831379500742345
2024-05-26,0.0008107952385747463,0.4861489206392123
2024-05-27,0.007804144105288957,0.5013871848250366
2024-05-28,-0.007225265231470157,0.4991812431341228
2024-05-29,-0.007520870658605183,0.5098722589585406
2024-05-30,0.0020123185800040577,0.4977372262734451
2024-05-31,-0.0027884141590641676,0.506015238508707
2024-06-01,0.003971315404138753,0.5274802432764714
2024-06-02,-0.0019331001016161808,0.5524776284566768
2024-06-03,0.0038447643634849094,0.5538251007769643
2024-06-04,0.009979913837751875,0.5021342902393295
2024-06-05,0.0055259905375217855,0.490173756829722
2024-06-06,-0.0041889187891647195,0.46541563770561445
2024-06-07,-0.013643235576964452,0.472878014375281
2024-06-08,-0.00011382536407467114,0.4361309512572228
2024-06-09,0.002523133454657156,0.4710216541715673
2024-06-10,-0.0017185112399145108,0.44545493222193133
2024-06-11,-0.015057275078003918,0.40576087887538476
2024-06-12,0.005541918959998782,0.4627612899417781
2024-06-13,-0.011056207072986268,0.4502075181703318
2024-06-14,-0.005753758257477037,0.3961468451277659
2024-06-15,0.005103465811687968,0.3611079029979145
2024-06-16,0.00396474957622428,0.3762434560024597
2024-06-17,-0.006549615026329669,0.38563173688823427
2024-06-18,-0.005596165080887006,0.3245904416651418
2024-06-19,0.004261984836648969,0.37466068162821403
2024-06-20,-0.00312077640375219,0.3883382198317379
2024-06-21,-0.0011226727499504818,0.3666687184271948
2024-06-22,-0.0011650114646221121,0.35221131677903017
2024-06-23,-0.0067341371333641264,0.33515459523904567
2024-06-24,-0.008464685394251048,0.20295061294781874
2024-06-25,0.002589731966158304,0.17064306187510586
2024-06-26,-0.001815763649392621,0.1788389466829896
2024-06-27,0.004007846084214561,0.17004825383048322
2024-06-28,-0.004581068703004898,0.1875762710991947
2024-06-29,-0.00019331179690929012,0.1600747795594727
2024-06-30,0.003772167349027633,0.16136104329624032
2024-07-01,0.0002848348015649371,0.22489875708786347
2024-07-02,-0.0015400459764391972,0.23419862588144097
2024-07-03,-0.006101494222939818,0.11669163196100629
2024-07-04,-0.004857413727634929,0.044799660048750516
2024-07-05,-4.1051216275178604e-05,0.0
2024-07-06,0.0,0.0
2024-07-07,0.0,0.0
2024-07-08,0.0,0.0
2024-07-09,0.0,0.0
2024-07-10,0.0,0.0041911477502674516
2024-07-11,0.0,0.01362525910079111
2024-07-12,0.0,0.006886384209626833
2024-07-13,0.0,0.0365132603796639
2024-07-14,0.0,0.0675929497994567
2024-07-15,0.005157410856109879,0.12153381380407413
2024-07-16,-0.005422429592691458,0.34515480762265505
2024-07-17,-0.008078647882971413,0.4170233557251948
2024-07-18,-0.002414502284163289,0.4074607561075327
2024-07-19,0.00722843210807711,0.4259391657187004
2024-07-20,0.003409455874905154,0.700500985076764
2024-07-21,0.008005923634243128,0.7916030545117534
2024-07-22,-0.013774290695074187,0.8342886351805747
2024-07-23,-0.005687407742562489,0.8171410218736748
2024-07-24,-0.01938225032885066,0.8398751876214551
2024-07-25,-0.008218419150851308,0.27283806425181345
2024-07-26,0.014136348434787616,0.49470839594206084
2024-07-27,-0.0006197693892596723,0.5153245529245081
2024-07-28,0.002803391222160778,0.5207113861765454
2024-07-29,-0.010912740816636735,0.5962469143866465
2024-07-30,-0.004590192059432674,0.5000803999639731
2024-07-31,-0.011233626777911399,0.5051976843800481
2024-08-01,-0.0040574603156485756,0.19905287996826296
2024-08-02,-0.012923611334790364,0.1826227342056798
2024-08-03,-0.0012786270391973442,0.06150517306913844
2024-08-04,0.0,0.0
2024-08-05,0.0,0.0
2024-08-06,0.0,0.0
2024-08-07,0.0,0.0
2024-08-08,0.0,0.0
2024-08-09,0.0,0.0
2024-08-10,0.0,0.0
2024-08-11,0.0,0.0
2024-08-12,0.0,0.0
2024-08-13,0.0,0.0
2024-08-14,0.0,0.0
2024-08-15,0.0,0.0
2024-08-16,0.0,0.0
2024-08-17,0.0,0.0
2024-08-18,0.0,0.0
2024-08-19,0.0,0.0
2024-08-20,0.0,0.0
2024-08-21,0.0,0.0
2024-08-22,0.0,0.0
2024-08-23,0.0,0.0
2024-08-24,0.00011295713756220849,0.1323041469858651
2024-08-25,0.00012765142936710383,0.15102521976445632
2024-08-26,-0.0035199353035548775,0.16782112448411185
2024-08-27,-7.791798941170214e-05,0.0
2024-08-28,0.0,0.0
2024-08-29,0.0,0.0
2024-08-30,0.0,0.0
2024-08-31,0.0,0.0
2024-09-01,0.0,0.0
2024-09-02,0.0,0.0
2024-09-03,0.0,0.0
2024-09-04,0.0,0.0
2024-09-05,0.0,0.0
2024-09-06,0.0,0.0
2024-09-07,0.0,0.0
2024-09-08,0.0,0.0
2024-09-09,0.0,0.0
2024-09-10,0.0,0.0
2024-09-11,0.0,0.0
2024-09-12,0.0,0.0
2024-09-13,0.0,0.0
2024-09-14,0.0,0.0
2024-09-15,0.0,0.0
2024-09-16,0.0,0.0
2024-09-17,0.0,0.0
2024-09-18,0.0,0.0
2024-09-19,3.845237638344656e-05,0.07410977458046028
2024-09-20,-2.8910474890730953e-06,0.11188031489271621
2024-09-21,0.00026957075655031915,0.15889575249296417
2024-09-22,0.0010061045780764832,0.2006087930066528
2024-09-23,-0.0007523410737048097,0.19201208822183716
2024-09-24,0.0029095585499394616,0.20758348660696604
2024-09-25,-0.005377081666901762,0.31234261815261727
2024-09-26,0.009355630395759151,0.3396684408365024
2024-09-27,0.003918842862614014,0.4272972909946863
2024-09-28,0.0005767286053182108,0.43627123498323034
2024-09-29,-0.0018065451003004274,0.46674326783500886
2024-09-30,-0.015981456971388308,0.44259512861675915
2024-10-01,-0.012693656507068662,0.33006441505851264
2024-10-02,-0.0019050854185957977,0.09378919499644735
2024-10-03,-0.0011488833945731969,0.029509496188826187
2024-10-04,0.0015280533887851444,0.08771041171221432
2024-10-05,-5.337120551973662e-05,0.11828500016894132
2024-10-06,0.0014523652001010579,0.12166906224024587
2024-10-07,-0.009616130737427397,0.28972169863887615
2024-10-08,-0.00048351687196945825,0.11873835110511438
2024-10-09,-0.002892444607325184,0.12040589232885882
2024-10-10,-0.003615175069097476,0.030254753778124484
2024-10-11,0.0015995181714798523,0.07974220144540312
2024-10-12,0.0014164885681609007,0.17411295702065854
2024-10-13,-0.0017868409709401734,0.19181294873215646
2024-10-14,0.01947079139357455,0.43430199537328806
2024-10-15,0.00726896447689418,0.4972468956647428
2024-10-16,0.003978463048627923,0.4665134377003294
2024-10-17,-0.0014390341029397735,0.4762669965205111
2024-10-18,0.007315096592548365,0.481371454923894
2024-10-19,-0.0003608542141519955,0.491769017168224
2024-10-20,0.004721604761242393,0.5072029757643175
2024-10-21,-0.0137157272252878,0.565574772553165
2024-10-22,0.00035335595274399445,0.5222781266212879
2024-10-23,-0.0055158680653001335,0.5300791568183307
2024-10-24,0.011202263261872902,0.5251987550396138
2024-10-25,-0.010863208907399446,0.5142908164895406
2024-10-26,0.0028879849976548577,0.5081426807495177
2024-10-27,0.006996768105421269,0.5330642458740602
2024-10-28,0.01619920904252159,0.5739741494516388
2024-10-29,0.022891906687461994,0.6046921525592379
2024-10-30,-0.00270054159299582,0.6375363796774808
2024-10-31,-0.0191397739985113,0.6199813950973312
2024-11-01,-0.006535061666907871,0.556176726259022
2024-11-02,-0.0010021609023244116,0.5383799675356473
2024-11-03,-0.005680308742489815,0.5073368785068172
2024-11-04,-0.007515914418886549,0.5189400168136891
2024-11-05,0.011083382671579267,0.5306916140332757
2024-11-06,0.04780729547207607,0.5392225198400283
2024-11-07,0.005496856800014438,0.5777292725563435
2024-11-08,0.007492406093806858,0.6132211336019001
2024-11-09,0.015063490681707314,0.7458921823391853
2024-11-10,0.02959042331654338,0.7779653831669969
2024-11-11,0.07081496086510253,0.7968243816400541
2024-11-12,-0.015637924584759988,0.787234396809823
2024-11-13,0.009535494065022299,0.7650572227947889
2024-11-14,-0.026362781228155385,0.7259934910288588
2024-11-15,0.020970664090793845,0.6960277240178964
2024-11-16,0.0019000107879989514,0.7206596801780557
2024-11-17,-0.008786119399190273,0.7114194655004457
2024-11-18,0.015345626512699884,0.7146491727176677
2024-11-19,-0.0006206096243851489,0.7044011954073303
2024-11-20,0.005835307157566083,0.7133060553743813
2024-11-21,0.04532441312321178,0.7151081101232383
2024-11-22,0.00010018843754844298,0.7085028020489544
2024-11-23,0.00037679727193307144,0.7200454934365492
2024-11-24,-0.0018705379753518603,0.7345589397135502
2024-11-25,-0.017248598686086414,0.7391282597264118
2024-11-26,-0.01286457330866364,0.7210530902876275
2024-11-27,0.04804229155921491,0.7188310596316986
2024-11-28,-0.007456354640167695,0.7300762527081314
2024-11-29,0.00926204549564913,0.7431321430378541
2024-11-30,0.00504506872737287,0.7569243587052777
2024-12-01,0.0037577745822103825,0.7729743912454928
2024-12-02,-0.011411276120262825,0.7790219299444627
2024-12-03,-0.002480380689647066,0.7728503040894231
2024-12-04,0.03165370496446096,0.7794229271751185
2024-12-05,-0.011511729665142578,0.7681837750887202
2024-12-06,0.030465664990553476,0.726972340950654
2024-12-07,0.00016417521356593134,0.7512999392910079
2024-12-08,0.006049025279422748,0.7712895793049492
2024-12-09,-0.04022150739196484,0.7698750633427756
2024-12-10,-0.011344753795409113,0.7308004284121807
2024-12-11,0.0353750760039826,0.7249235359789612
2024-12-12,-2.3912921466973103e-05,0.7377895153198553
2024-12-13,0.007458487357393961,0.742634442493678
2024-12-14,-0.0030649384078540454,0.755352035220306
2024-12-15,0.019449233409299937,0.7719364456729424
2024-12-16,0.008890466860592028,0.7779336230854905
2024-12-17,-0.007282611374089032,0.7798109364235731
2024-12-18,-0.046566285868548385,0.7831314390598902
2024-12-19,-0.02595460665536342,0.6403845143184402
2024-12-20,0.003812681056731826,0.4937041136562974
2024-12-21,-0.008209668108869583,0.45616332013483046
2024-12-22,-0.008697411526088827,0.4234530819851662
2024-12-23,0.0064807376805253725,0.4194139255288875
2024-12-24,0.014008532863612588,0.47119679163249006
2024-12-25,0.0028003506526426136,0.510179702721073
2024-12-26,-0.01988196013283261,0.5047901086423697
2024-12-27,-0.00501020650731232,0.48726066375507826
2024-12-28,0.006425665225899602,0.4545031289845794
2024-12-29,-0.006726263291718326,0.4761990853324158
2024-12-30,-0.0023216050843875013,0.5160341419932655
2024-12-31,0.0009025841951499913,0.5173911108246477
2025-01-01,0.003976816633389113,0.5201257245933905
2025-01-02,0.011641060859574948,0.5442656632207187
2025-01-03,0.015831781890585317,0.6634707226803642
2025-01-04,0.004347581256445077,0.7353842150472363
2025-01-05,-0.0012360591082122285,0.7871238875314446
2025-01-06,0.02294396728677439,0.8058784758532742
2025-01-07,-0.04980444468666845,0.779768227857305
2025-01-08,-0.011307872803023478,0.5957264916406368
2025-01-09,-0.017871232143755744,0.5814737236585447
2025-01-10,0.012289920031447465,0.5712580375151879
2025-01-11,-0.0002999212073017121,0.5166083866859315
2025-01-12,-0.0010395349645736518,0.5270835533382661
2025-01-13,-0.009624707866299764,0.46992511162270634
2025-01-14,0.009240082494399449,0.5035305150861382
2025-01-15,0.027540750852161233,0.5651249503464618
2025-01-16,-0.009107970366291518,0.5901188909980921
2025-01-17,0.02466253014396491,0.591055231917069
2025-01-18,-0.006188212312349006,0.6138998293225261
2025-01-19,-0.02543021081360508,0.6046752035067036
2025-01-20,0.004851290864340996,0.5151407359588656
2025-01-21,0.012219773658970867,0.4647885277769991
2025-01-22,-0.010939557226283925,0.4962903115340529
2025-01-23,0.0039403232896289,0.44385959085364074
2025-01-24,0.0019961236194492304,0.5329806259497131
2025-01-25,-0.0006825798088900825,0.5309654638935253
2025-01-26,-0.010981070135481774,0.5500794774319329
2025-01-27,-0.005083877910609824,0.4248613439103821
2025-01-28,-0.005064267548367196,0.44080165492553797
2025-01-29,0.009742289575349838,0.4294341742258299
2025-01-30,0.006059431900144352,0.4525775411413084
2025-01-31,-0.008378409135902931,0.5020166977924947
2025-02-01,-0.010811928760704914,0.4609342179739526
2025-02-02,-0.012956760952736013,0.36850572487345334
2025-02-03,0.009721863973273459,0.2571422367743473
2025-02-04,-0.01135050444614305,0.2999749536566518
2025-02-05,-0.0028721575852814762,0.23982007587499257
2025-02-06,-0.00014154762184148684,0.2528479742392654
2025-02-07,-0.0007815570065857758,0.2742838338449015
2025-02-08,-0.0001917052993245516,0.283402246417332
2025-02-09,5.5644125875664585e-05,0.2840626182094391
2025-02-10,0.002990805757826953,0.28021522876584964
2025-02-11,-0.005090465502738506,0.2838142573071647
2025-02-12,0.0038834278412116507,0.18940470159560305
2025-02-13,-0.004609431661087071,0.20769346648633338
2025-02-14,0.0020702121899458525,0.23141871083539445
2025-02-15,0.00017435475697125113,0.25383308614704225
2025-02-16,-0.002918919443331225,0.23473934131389024
2025-02-17,-0.0005282442626642903,0.15902537605802297
2025-02-18,-0.00016922379311867797,0.14673672593502912
2025-02-19,0.001520598517652516,0.120330570624951
2025-02-20,0.003058552817056137,0.1882905787459257
2025-02-21,-0.00697635337776914,0.30791723797565623
2025-02-22,0.0005952249892502426,0.17163522334221518
2025-02-23,-0.0004723277904905565,0.14473385817045972
2025-02-24,-0.007588168019885599,0.15967993694021268
2025-02-25,-0.006346607613217925,0.09179104258123602
2025-02-26,-0.002281482563536663,0.040772116211758344
2025-02-27,0.00023664910871712408,0.03213006679031698
2025-02-28,-0.002484547063456799,0.012146534569255045
2025-03-01,0.0,0.021387209592949142
2025-03-02,5.2169915336630623e-05,0.031240708424359158
2025-03-03,-0.005111164250184985,0.042893096152358555
2025-03-04,0.0006774061235179651,0.016775244837394298
2025-03-05,0.002120084401834532,0.016442395603739994
2025-03-06,-0.000429047782681824,0.03357739333947231
2025-03-07,-0.001993051795286638,0.015640730342720552
2025-03-08,-0.0003695938929318965,0.015429495283376374
2025-03-09,-0.002513897080585026,0.011873961305869294
2025-03-10,0.0,0.0039612620653134405
2025-03-11,0.0,0.0
2025-03-12,0.0,0.0
2025-03-13,0.0,0.003872564246011592
2025-03-14,0.0,0.005774246729518604
2025-03-15,0.0,0.01627801984685284
2025-03-16,0.0,0.008325549090239116
2025-03-17,0.0,0.004286137202669096
2025-03-18,0.0,0.0
2025-03-19,0.0,0.0
2025-03-20,0.0,0.020899263744313855
2025-03-21,0.0,0.0
2025-03-22,0.0,0.0
2025-03-23,0.0,0.009745059349614093
2025-03-24,0.0,0.03943762503807014
2025-03-25,0.0,0.040245302023013525
2025-03-26,0.0,0.0412126596441496
2025-03-27,0.0,0.042014896041261324
2025-03-28,0.0,0.021354378377418784
2025-03-29,0.0,0.0
2025-03-30,0.0,0.0
2025-03-31,0.0,0.0
2025-04-01,0.0,0.0
2025-04-02,0.0,0.011512631114535805
2025-04-03,0.0,0.0
2025-04-04,0.0,0.0
2025-04-05,0.0,0.0
2025-04-06,0.0,0.0
2025-04-07,0.0,0.0
2025-04-08,0.0,0.0
2025-04-09,0.0,0.0
2025-04-10,0.0,0.0
2025-04-11,0.0,0.0
2025-04-12,0.0,0.0
2025-04-13,0.0,0.0
2025-04-14,0.0,0.0
2025-04-15,0.0,0.0
2025-04-16,0.0,0.0
2025-04-17,0.0,0.0
2025-04-18,0.0,0.0
2025-04-19,0.0,0.0
2025-04-20,0.0,0.0
2025-04-21,0.0,0.0
2025-04-22,0.005489924750270214,0.0708131968658153
2025-04-23,0.0005530178977120048,0.2639501924509366
2025-04-24,-0.0006236158253687396,0.23043407497861818
2025-04-25,0.0021686410939001366,0.3366492782377988
2025-04-26,-9.825956306652728e-05,0.39691127902621404
2025-04-27,-0.0037096224049482096,0.4298435086326676
2025-04-28,0.0058430463995942095,0.4445920816749294
2025-04-29,-0.0034727195493921004,0.4497393497182799
2025-04-30,-0.00039183221203453744,0.45826127959188145
2025-05-01,0.010711952565095384,0.4614013243029235
2025-05-02,0.001816296350687585,0.46924158859859066
2025-05-03,-0.004704324607039179,0.4793071280940163
2025-05-04,-0.008920805300116408,0.5112673813042786
2025-05-05,0.002525778768912801,0.5003695031631877
2025-05-06,0.011602922194634546,0.509399817574527
2025-05-07,0.0010729662237412008,0.5146316774595372
2025-05-08,0.033991215039923084,0.5449758984329226
2025-05-09,-0.0015279131638562538,0.5851361452829585
2025-05-10,0.009709256900366947,0.5923541155933476
2025-05-11,-0.006021428669861439,0.6189412916691504
2025-05-12,-0.0076326455950362915,0.6023555471418208
2025-05-13,0.013261670795749803,0.6051122501168025
2025-05-14,-0.005480943499085678,0.6472154795056566
2025-05-15,-0.00072414361535178,0.6537229139725633
2025-05-16,-0.001972368288853499,0.6502845591192348
2025-05-17,-0.003890887002713228,0.6307409821136238
2025-05-18,0.018409889503558707,0.6696875144099308
2025-05-19,-0.003563818153681786,0.6334464936729847
2025-05-20,0.006532019822616197,0.6543158526359513
2025-05-21,0.0153925178954053,0.6391802010710902
2025-05-22,0.013786898088578692,0.612041338061898
2025-05-23,-0.0244726427380626,0.6231322676986748
2025-05-24,0.0022051745545736967,0.6191266049090804
2025-05-25,0.006490620865894581,0.6245369391803383
2025-05-26,0.0024090161496006512,0.6561742456583819
2025-05-27,0.0009001351432613713,0.6714814822375881
2025-05-28,-0.0042186038275827675,0.6800536277098643
2025-05-29,-0.016323124782793963,0.7461027682942358
2025-05-30,-0.01381485243296765,0.6483978925639022
2025-05-31,0.00301614379792281,0.6381512093056919
2025-06-01,0.00614275168288092,0.6559775861444939
2025-06-02,0.0046886735022877435,0.6559060116786231
2025-06-03,-0.0030061230984326226,0.6816276602089095
2025-06-04,-0.0027180395518151546,0.6719077640315911
2025-06-05,-0.02712310589820377,0.6775517292977826
2025-06-06,0.01827130570277591,0.6253575900419818
2025-06-07,0.009284590839952367,0.6396570406394807
2025-06-08,0.00012541461231285744,0.6657636189582146
2025-06-09,0.032765371735809845,0.7067925418738683
2025-06-10,0.014913266080716303,0.8991865440130482
2025-06-11,-0.01386956253915661,0.9375126293495889
2025-06-12,-0.030884952290602063,0.9451237120888379
2025-06-13,-0.003763186268493701,0.69505878970257
2025-06-14,-0.006415825247603979,0.7155881528471467
2025-06-15,0.0020979688310533984,0.7033394379863598
2025-06-16,0.005684698115500764,0.8059640565046519
2025-06-17,-0.01672316745794422,0.7427945277903922
2025-06-18,0.0015181401428234764,0.6949127152902344
2025-06-19,-0.0013917270597959552,0.6911799065913838
2025-06-20,-0.01653333169137905,0.6982895873729202
2025-06-21,-0.010069093849463862,0.5646746015616019
2025-06-22,-0.006506627836913803,0.49214172909456494
2025-06-23,0.0231597116617408,0.44756241826356347
2025-06-24,0.003976300183744064,0.5334283477878548
2025-06-25,0.0049746563620607365,0.5536722934723932
2025-06-26,-0.0021883705003903353,0.5757117618287003
2025-06-27,0.0006592134075327216,0.6176062050541349
2025-06-28,0.0013521950625219326,0.6425350192720175
2025-06-29,0.007427000785785065,0.693932621454102
2025-06-30,-0.007353492026890618,0.7039196451901374
2025-07-01,-0.010108443746201679,0.7106826231142342
2025-07-02,0.021989868781829403,0.7526372201804227
2025-07-03,0.006069585895065455,0.884296949177473
2025-07-04,-0.01687485878500994,0.8785642678993923
2025-07-05,0.000903385953059832,0.863650118187474
2025-07-06,0.011597350576353804,0.9723832195532207
2025-07-07,-0.008665140810365846,1.0
2025-07-08,0.011339970806766297,1.0
2025-07-09,0.03226276483892687,1.0
2025-07-10,0.04987706805627079,1.0
2025-07-11,0.009575601650139154,0.9781904141337652
2025-07-12,-0.002219655900255857,0.9919602878273607
2025-07-13,0.007971577068628166,0.6778071368271926
2025-07-14,0.005046763535674348,0.5486266227969768
2025-07-15,0.0009608249805435065,0.5118871546886983
2025-07-16,0.017070635651178057,0.5227031881145663
2025-07-17,0.007998703179661781,0.5431150926077231
2025-07-18,0.0009407429349570506,0.5395288058708347
2025-07-19,0.0023201508333270393,0.5578398726827791
2025-07-20,0.00827566516368572,0.5934328765577099
2025-07-21,0.0006975774231878784,0.5978441300874223
2025-07-22,0.006963226919783239,0.5832701273225587
2025-07-23,-0.010764413110948334,0.5623539960903865
2025-07-24,0.0034975928024520986,0.5920918803589641
2025-07-25,-0.001150357374598343,0.5515378123678246
2025-07-26,0.0019234891029740186,0.551376263527765
2025-07-27,0.012543416284075626,0.5961941444376866
2025-07-28,-0.008492171011309835,0.577271187942934
2025-07-29,-0.0006568529271686607,0.5838196832109777
2025-07-30,0.000638840816623798,0.5698957960459865
2025-07-31,-0.01330338323615099,0.5798976660299047
2025-08-01,-0.020267099535001165,0.5764254209457337
2025-08-02,-0.008188736508321304,0.5709050678725535
2025-08-03,0.01189814459029348,0.6200105149751242
2025-08-04,0.01702933784059768,0.6448878474878672
2025-08-05,-0.009982494427808741,0.6589394816900092
2025-08-06,0.007529215114939536,0.664120687185092
2025-08-07,0.02283189541363595,0.698730995660862
2025-08-08,0.002606209002656401,0.7359973222282719
2025-08-09,0.01413744503493386,0.7142680125367586
2025-08-10,0.010824279468299336,0.7389620641261154
2025-08-11,-0.004019310572267232,0.7015962937971488
2025-08-12,0.02647339220058309,0.6593344985113305
2025-08-13,0.018121984606484176,0.6379661621982007
2025-08-14,-0.026023541525988292,0.5762730396616113
2025-08-15,-0.008259959434591346,0.5871753969461482
2025-08-16,-0.0006785628954872891,0.623377332911063
2025-08-17,0.002429644435309797,0.6441256091378709
2025-08-18,-0.012141180692702536,0.6046833055223885
2025-08-19,-0.02148608768416338,0.5901876654926951
2025-08-20,0.016921095697198574,0.5725801134927531
2025-08-21,-0.010716960818752397,0.5895765936471354
2025-08-22,0.042371492840555636,0.5643802841712208
2025-08-23,-0.0059309710985196995,0.4320745202578582
2025-08-24,-0.004075210763278103,0.4180558087072815
2025-08-25,-0.022246366268793727,0.3859006258578139
2025-08-26,0.009709300271261823,0.31450458087235583
2025-08-27,-0.005494859161370935,0.3621085870609162
2025-08-28,0.001274308215860609,0.39827207597939407
2025-08-29,-0.01169000047050417,0.34145742392273404
2025-08-30,0.0010264186005086717,0.315809781241744
2025-08-31,-9.294678945448442e-05,0.315065692056033
2025-09-01,-0.002534815976519944,0.3113597011425029
2025-09-02,0.0031183723355991955,0.3350148308194847
2025-09-03,0.006039413988515152,0.35640815250191377
2025-09-04,-0.008371136275760693,0.32338679364396505
2025-09-05,-0.001957961530374086,0.362332193616056
2025-09-06,-0.0021320412626214535,0.319410141557967
2025-09-07,0.0025704617578572453,0.33128055541275475
2025-09-08,0.0008362894738915827,0.388168526481938
2025-09-09,-0.001465908047452058,0.4228397825070709
2025-09-10,0.006356430124119017,0.4049929313884268
2025-09-11,0.008709496628819702,0.4735240213431646
2025-09-12,0.013469068361527503,0.5662970403066045
2025-09-13,-0.0023909704148911137,0.6225821059717211
2025-09-14,-0.005092240056117192,0.6781431598159213
2025-09-15,-0.005055942496430932,0.7163946988944749
2025-09-16,0.004287442371428973,0.7198465584684581
2025-09-17,0.0038472208456055146,0.7151357995889497
2025-09-18,0.0019676884419761453,0.7709236848473326
2025-09-19,-0.013044625188327275,0.7550359865089392
2025-09-20,0.0009218474781880204,0.7829125268016278
2025-09-21,-0.004036931292779378,0.813393391149575
2025-09-22,-0.024681310660119915,0.5675740607796396
2025-09-23,-0.0034510505528616564,0.4727879755645773
2025-09-24,0.0008845844955167603,0.5499112747379185
2025-09-25,-0.026981016652812717,0.4310263895285844
2025-09-26,0.01037014929466884,0.32161542935385024
2025-09-27,-0.0008551719862186502,0.3188250700941735
2025-09-28,0.009931456748039968,0.31564726731711534
2025-09-29,0.008055505103160554,0.4483903132935926
2025-09-30,-0.006523192302094749,0.4820733635797838
2025-10-01,0.02823988054725257,0.6840933586091335
2025-10-02,0.014676092531273,0.7355335418388984
2025-10-03,0.007432874614641927,0.6980076136592889
2025-10-04,-0.0005556100175353462,0.6623264828125522
2025-10-05,0.006063605985405118,0.6406445928884731
2025-10-06,0.011466865725707542,0.6077519975482851
2025-10-07,-0.021285917712930202,0.5976315178774504
2025-10-08,0.011045463275817236,0.6652628132766837
2025-10-09,-0.014227708296303154,0.6658604166761599
2025-10-10,-0.050879909281191016,0.5670442394757947
2025-10-11,-0.003952715973088106,0.241786678569043
2025-10-12,0.011585844168184645,0.24561040695238104
2025-10-13,0.004335356630933207,0.3789961181152963
2025-10-14,-0.013856083945293252,0.29671622642725476
2025-10-15,-0.007631027610785046,0.2316446589685769
2025-10-16,-0.003693896920497708,0.15725138825409102
2025-10-17,-0.0031652063984221046,0.10603970358926859
2025-10-18,0.0011833257870139668,0.07467857368265038
2025-10-19,0.0019145825987638698,0.08643118655467698
2025-10-20,-6.876624785945307e-05,0.09818491528136844
2025-10-21,-0.0021730400672933525,0.08217921537447279
2025-10-22,-0.0013849787708429817,0.07215586526848869
2025-10-23,0.001053115260008175,0.08449889160461124
2025-10-24,0.0016021208472605242,0.09129606460597846
2025-10-25,0.00046029804024794174,0.12525311282892468
2025-10-26,0.006532503799897116,0.18545753224832423
2025-10-27,-0.006949408942599322,0.41305145047099806
2025-10-28,-0.00963075002136382,0.34462660022681674
2025-10-29,-0.005150328284137751,0.2704787793568473
2025-10-30,-0.004557747485421704,0.12027975967271554
2025-10-31,0.0006447040965469331,0.10410958108003689
2025-11-01,0.0008242305745285172,0.1099583287912859
2025-11-02,0.0010281470134572146,0.10642652820214064
2025-11-03,-0.007143681043317418,0.05548378057706092
2025-11-04,-0.002305933173643915,0.016777262749800178
2025-11-05,-2.3982689430379622e-05,0.003955473794822887
2025-11-06,0.0,0.011579040638609669
2025-11-07,0.0,0.0
2025-11-08,0.0,0.011197126928350504
2025-11-09,0.0,0.011829770663088246
2025-11-10,0.0,0.015266791398821103
2025-11-11,0.0,0.014621088465873917
2025-11-12,0.0,0.007845978460337466
2025-11-13,0.0,0.007877386378266366
2025-11-14,0.0,0.0
2025-11-15,0.0,0.0
2025-11-16,0.0,0.0
2025-11-17,0.0,0.0
2025-11-18,0.0,0.0
2025-11-19,0.0,0.0
2025-11-20,0.0,0.0
2025-11-21,0.0,0.0
2025-11-22,0.0,0.0
2025-11-23,0.0,0.0
2025-11-24,0.0,0.0
2025-11-25,0.0,0.0
2025-11-26,0.0,0.0
2025-11-27,0.0,0.0
2025-11-28,0.0,0.0
2025-11-29,0.0,0.0
2025-11-30,0.0,0.0
2025-12-01,0.0,0.0
2025-12-02,0.0,0.0
2025-12-03,0.0,0.0
2025-12-04,0.0,0.0
2025-12-05,0.0,0.0
2025-12-06,0.0,0.0
2025-12-07,0.0,0.0
2025-12-08,0.0,0.0
2025-12-09,0.0,0.0
2025-12-10,0.0,0.0
2025-12-11,0.0,0.0
2025-12-12,0.0,0.0
2025-12-13,0.0,0.0
2025-12-14,0.0,0.0
2025-12-15,0.0,0.0
2025-12-16,0.0,0.0
2025-12-17,0.0,0.0
2025-12-18,0.0,0.0
2025-12-19,0.0,0.0
2025-12-20,0.0,0.0
2025-12-21,0.0,0.0
2025-12-22,0.0,0.0
2025-12-23,0.0,0.0
2025-12-24,0.0,0.0
2025-12-25,0.0,0.0
2025-12-26,0.0,0.0
2025-12-27,0.0,0.0
2025-12-28,0.0,0.0
2025-12-29,0.0,0.0
2025-12-30,0.0,0.0
2025-12-31,0.0,0.0
2026-01-01,0.0,0.0
2026-01-02,0.0,0.0
2026-01-03,0.0,0.0
2026-01-04,0.0,0.0
2026-01-05,0.0,0.0
2026-01-06,0.0,0.0
2026-01-07,0.0,0.0
2026-01-08,0.0,0.0
2026-01-09,0.0,0.0
2026-01-10,0.0,0.0
2026-01-11,0.0,0.0
2026-01-12,0.0,0.0
2026-01-13,0.0,0.0
2026-01-14,0.0,0.0
2026-01-15,-0.0018139417240927713,0.028682792951458085
2026-01-16,0.0,0.0
2026-01-17,-0.00022602458679654713,0.01538777436988627
2026-01-18,-0.0007285746451999309,0.046943179145191125
2026-01-19,-6.156213699959334e-05,0.0
2026-01-20,0.0,0.0
2026-01-21,0.0,0.0
2026-01-22,0.0,0.0
2026-01-23,0.0,0.0
2026-01-24,0.0,0.0
2026-01-25,0.0,0.0
2026-01-26,0.0,0.0
2026-01-27,0.0,0.0
2026-01-28,0.0,0.0
2026-01-29,0.0,0.0
2026-01-30,0.0,0.0
2026-01-31,0.0,0.0
2026-02-01,0.0,0.0
2026-02-02,0.0,0.0
2026-02-03,0.0,0.0
2026-02-04,0.0,0.0
2026-02-05,0.0,0.0
2026-02-06,0.0,0.0
2026-02-07,0.0,0.0
2026-02-08,0.0,0.0
2026-02-09,0.0,0.0
2026-02-10,0.0,0.0
2026-02-11,0.0,0.0
2026-02-12,0.0,0.0
2026-02-13,0.0,0.0
2026-02-14,0.0,0.0
2026-02-15,0.0,0.0
2026-02-16,0.0,0.0
2026-02-17,0.0,0.0
2026-02-18,0.0,0.0
2026-02-19,0.0,0.0
2026-02-20,0.0,0.0
2026-02-21,0.0,0.0
2026-02-22,0.0,0.0
2026-02-23,0.0,0.0
2026-02-24,0.0,0.0
2026-02-25,0.0,0.0
2026-02-26,0.0,0.0
2026-02-27,0.0,0.0
2026-02-28,0.0,0.0
2026-03-01,0.0,0.0
2026-03-02,0.0,0.0
2026-03-03,0.0,0.0
2026-03-04,0.0,0.0
2026-03-05,0.0,0.0
2026-03-06,0.0,0.0
2026-03-07,0.0,0.0
2026-03-08,0.0,0.0
2026-03-09,0.0,0.0
2026-03-10,0.0,0.0
2026-03-11,0.0,0.0
2026-03-12,0.0,0.0
2026-03-13,0.0,0.0
2026-03-14,0.0,0.0
2026-03-15,0.0,0.0
2026-03-16,0.0,0.0
2026-03-17,0.0,0.0
2026-03-18,0.0,0.0
2026-03-19,0.0,0.0
2026-03-20,0.0,0.0
2026-03-21,0.0,0.0
2026-03-22,0.0,0.0
2026-03-23,0.0,0.0
2026-03-24,0.0,0.0
2026-03-25,0.0,0.0
2026-03-26,0.0,0.0
2026-03-27,0.0,0.0
2026-03-28,0.0,0.0
2026-03-29,0.0,0.0
2026-03-30,0.0,0.0
2026-03-31,0.0,0.0
2026-04-01,0.0,0.0
2026-04-02,0.0,0.0
2026-04-03,0.0,0.0
2026-04-04,0.0,0.0
2026-04-05,0.0,0.0
2026-04-06,0.0,0.0
2026-04-07,0.0,0.0
2026-04-08,0.0,0.0
2026-04-09,0.0,0.0
2026-04-10,0.0,0.0
2026-04-11,0.0,0.0
2026-04-12,0.0,0.0
2026-04-13,0.0,0.0
2026-04-14,-0.000826129223868266,0.041275573471868776
2026-04-15,0.00021300083231112765,0.013987459788351328
2026-04-16,-0.0015077378980757894,0.06187245425310826
2026-04-17,0.0014407818348189938,0.10020452815122388
2026-04-18,-0.0030745373896478023,0.13419783282310144
2026-04-19,-0.0032978238792361614,0.12294412861852796
2026-04-20,0.0006164580107619333,0.06967920708723314
2026-04-21,0.0008697631999317057,0.1407010430664364
2026-04-22,0.00316836013568933,0.1400471317239291
2026-04-23,-0.0010360623089967769,0.14122893059970756
2026-04-24,-0.0012638829492039871,0.1436822043887647
2026-04-25,0.00031577446149788635,0.14770953646848642
2026-04-26,0.0023794587800187728,0.15214932055269448
2026-04-27,-0.0030480312044699476,0.1492397072943
2026-04-28,-0.001461706298957366,0.13443370191899265
2026-04-29,-0.0015384860106388842,0.14256279431537403
2026-04-30,0.0007242808035414772,0.1289827864508545
2026-05-01,0.0025010876166879914,0.15794154587637343
2026-05-02,0.0013093923664422302,0.16725308908848824
2026-05-03,-0.0009310590873784497,0.2429848029414588
2026-05-04,0.004180457272784599,0.28513065561410017
2026-05-05,0.0032062836442978693,0.29018233033511076
2026-05-06,0.0012248165319330706,0.2764852271770524
2026-05-07,-0.005445588193701778,0.29132203346155006
2026-05-08,0.0009215573360046303,0.3048839815606694
2026-05-09,0.001822898349719937,0.33085151986686756
2026-05-10,0.0062375941004841895,0.35719821107928285
2026-05-11,-0.002350193245372445,0.36057282064115326
2026-05-12,-0.0058134297146800185,0.3583765662727393
2026-05-13,-0.0044370222789357205,0.3447269041068929
2026-05-14,0.006655048630067828,0.34654972839351866
2026-05-15,-0.008151880056251004,0.30429843370124715
2026-05-16,-0.004405312076519063,0.2537054619171597
2026-05-17,-0.0036390069746002895,0.25331022582221435
2026-05-18,-0.0019289704562259757,0.13821678153466466
2026-05-19,-0.00021818708190679548,0.10141025620021119
2026-05-20,0.0010354590244916473,0.1388724239185088
2026-05-21,0.0001509676236217672,0.1784608787318302
2026-05-22,-0.003258812710515313,0.1317234160115795
2026-05-23,0.0010853319200261335,0.04938467581264357
2026-05-24,-0.0003844039184422998,0.08342786427599637
2026-05-25,0.0003785852131334977,0.141853767912745
2026-05-26,-0.002482901237052637,0.11429411224011891
2026-05-27,-0.0009514469285535343,0.04936322292500458
2026-05-28,-0.0005349850657775379,0.048499617353170314
2026-05-29,-0.00010085849903196387,0.048584626910816914
2026-05-30,0.0002726215125945508,0.04895530184315083
2026-05-31,-0.0001351090384890119,0.05043997526095634
2026-06-01,-0.0008152296140531146,0.025480015221391122
2026-06-02,0.0,0.0
2026-06-03,0.0,0.0
2026-06-04,0.0,0.0
2026-06-05,0.0,0.0
2026-06-06,0.0,0.0
2026-06-07,0.0,0.0
2026-06-08,0.0,0.0
2026-06-09,0.0,0.0
2026-06-10,0.0,0.0
2026-06-11,0.0,0.0
2026-06-12,0.0,0.0
2026-06-13,0.0,0.0
2026-06-14,0.0,0.0
2026-06-15,0.0,0.0
2026-06-16,0.0,0.0
2026-06-17,0.0,0.0
2026-06-18,0.0,0.0
2026-06-19,0.0,0.0
2026-06-20,0.0,0.0
2026-06-21,0.0,0.0
2026-06-22,0.0,0.0
2026-06-23,0.0,0.0
2026-06-24,0.0,0.0
2026-06-25,0.0,0.0
2026-06-26,0.0,0.0
2026-06-27,0.0,0.0
2026-06-28,0.0,0.0
2026-06-29,0.0,0.0
2026-06-30,0.0,0.0
2026-07-01,0.0,0.0
2026-07-02,0.0,0.0
2026-07-03,0.0,0.0
2026-07-04,0.0,0.0
2026-07-05,0.0,0.0
2026-07-06,0.0,0.0
2026-07-07,0.0,0.0
2026-07-08,0.0,0.0
2026-07-09,0.0,0.0
2026-07-10,0.0,0.0
2026-07-11,0.0,0.0
2026-07-12,0.0,0.0
2026-07-13,0.0,0.0
2026-07-14,0.0,0.0
2026-07-15,0.0,0.0
2026-07-16,0.0,0.0
2026-07-17,0.0,0.0
2026-07-18,0.0,0.0
2026-07-19,0.0,0.0
2026-07-20,0.0,0.0
2026-07-21,0.0,0.0
2026-07-22,0.0,0.0
2026-07-23,0.0,0.0
2026-07-24,0.0,0.0
2026-07-25,0.0,0.0
2026-07-26,0.0,0.0
2026-07-27,-0.0003171660127827547,0.015734912476991388
2026-07-28,0.0,0.0
2026-07-29,0.0,0.0
2026-07-30,0.0,0.0
2026-07-31,0.0,0.0
2026-08-01,0.0,0.0
2026-08-02,0.0,0.0
2026-08-03,0.0,0.0
2026-08-04,0.0,0.0
2026-08-05,0.0,0.0
2026-08-06,0.0,0.0
2026-08-07,-0.0003185999852146626,0.019800237834860415
2026-08-08,2.6840370991765283e-05,0.0805351897197221
2026-08-09,-0.0002530944724344897,0.08316673119975293
2026-08-10,-0.0016138836488489572,0.05422313810092603
2026-08-11,0.0,0.0
2026-08-12,-0.0014212114536394926,0.021790799301844466
2026-08-13,-0.0007596083777424711,0.01875466444671045
2026-08-14,0.0,0.0
2026-08-15,-0.00015011821260479952,0.018938079260602474
2026-08-16,-0.0002669533429557891,0.07731953687244182
2026-08-17,0.0015120671596868807,0.08849413338834165
2026-08-18,0.0001706538064909502,0.09774049044722796
2026-08-19,0.03162233079129839,0.17744009968911953
2026-08-20,0.03114536915019328,0.6616774226371978
2026-08-21,0.0522371828156849,0.6293231650289001
2026-08-22,-0.01751384490315544,0.5811391377106753
2026-08-23,0.008050966157332029,0.6079750319119375
2026-08-24,0.007765275041233588,0.6577410556487852
2026-08-25,-0.006967275214521118,0.6538919447872226
2026-08-26,0.010615811736069958,0.679464131946729
2026-08-27,0.006453361100896782,0.712866678803857
2026-08-28,-0.020146592071789593,0.7043288582527293
2026-08-29,0.004139334084510171,0.7667332960279475
2026-08-30,-0.0082666512505154,0.7986614425549317
2026-08-31,0.01158692618879864,0.8212186029556965
2026-09-01,-0.013719672401895977,0.8280065453403158
2026-09-02,-0.004315544367634705,0.8519884232256758
2026-09-03,0.04239609632482755,0.8718828412596165
2026-09-04,-0.01641426638059784,0.7622646664714978
2026-09-05,0.004117678019130544,0.7944904188636115
2026-09-06,0.007260571277275307,0.8572244854045842
2026-09-07,-0.010658674940586699,0.8763486794811638
2026-09-08,-0.004581944149976702,0.8616293229052254
2026-09-09,-0.004274457465808568,0.902077947906492
2026-09-10,-0.014465106722538645,0.8297483770798038
2026-09-11,0.015658866888691003,0.8247719555578037
2026-09-12,0.001720843088540036,0.8457948973638119
2026-09-13,-0.00976511019123294,0.8704522903892115
2026-09-14,0.012208178673388526,0.9007645866235204
2026-09-15,-0.03339805379892491,0.8600794553160962
2026-09-16,0.006693600067477101,0.8092665270835723
2026-09-17,0.0057843251789202466,0.8217407602548363
2026-09-18,0.05346368741628016,0.8498758273823677
2026-09-19,0.005174546947027903,0.8545933829774761
2026-09-20,0.0013636685374989188,0.8439526287389312
2026-09-21,0.0514171303723463,0.8298141099660156
2026-09-22,-0.007017961515194626,0.7311941902814413
2026-09-23,-0.015987554421607597,0.7421822791829487
2026-09-24,0.0010066190431061717,0.8652573662058514
2026-09-25,-0.0013670222666465337,0.9394968471186882
2026-09-26,0.002724090870828366,0.9846342281815422
2026-09-27,-0.0009424828835116195,1.0
2026-09-28,-0.006491249418658085,1.0
2026-09-29,-0.0004815109757250191,1.0
2026-09-30,0.0009154985695178919,1.0
2026-10-01,0.011463440751219967,1.0
2026-10-02,-0.007923837624315144,0.9744089068525549
2026-10-03,0.00431877221377297,0.9657962803616209
2026-10-04,0.018097284197401642,0.9896490367731511
2026-10-05,-0.008090596327563926,0.9552725638990085
