,trend,carry,gross,total
2020-03-01,0.0,0.0006850641431422064,0.0,0.0006850641431422064
2020-03-02,0.0,0.00036017280926734614,0.0,0.00036017280926734614
2020-03-03,0.0,0.0004233062239861346,0.0,0.0004233062239861346
2020-03-04,0.0,0.000506820366954841,0.0,0.000506820366954841
2020-03-05,0.0,0.0005049702500465584,0.0,0.0005049702500465584
2020-03-06,0.0,0.0010326974873125663,0.0,0.0010326974873125663
2020-03-07,0.0,0.0003593665111613308,0.0,0.0003593665111613308
2020-03-08,0.0,0.0013263923184726703,0.0,0.0013263923184726703
2020-03-09,0.0,0.00023181497897097406,0.0,0.00023181497897097406
2020-03-10,0.0,0.0002573160412612887,0.0,0.0002573160412612887
2020-03-11,0.0,0.0005130640346630475,0.0,0.0005130640346630475
2020-03-12,0.0,0.005251309242772944,0.0,0.005251309242772944
2020-03-13,0.0,-0.011858271824108615,0.0,-0.011858271824108615
2020-03-14,0.0,-0.0004765063599681473,0.0,-0.0004765063599681473
2020-03-15,0.0,-0.0009856178673737484,0.0,-0.0009856178673737484
2020-03-16,0.0,-0.0005660736838477934,0.0,-0.0005660736838477934
2020-03-17,0.0,0.00029621394512292554,0.0,0.00029621394512292554
2020-03-18,0.0,-0.0005415182459836797,0.0,-0.0005415182459836797
2020-03-19,0.0,-0.00046759962019603376,0.0,-0.00046759962019603376
2020-03-20,0.0,0.000475627162617924,0.0,0.000475627162617924
2020-03-21,0.0,0.00011930129417944493,0.0,0.00011930129417944493
2020-03-22,0.0,0.0006279629157691637,0.0,0.0006279629157691637
2020-03-23,0.0,-0.0006301074678134043,0.0,-0.0006301074678134043
2020-03-24,0.0,0.0005036592009852348,0.0,0.0005036592009852348
2020-03-25,0.0,0.00017911565945270954,0.0,0.00017911565945270954
2020-03-26,0.0,0.00011216165741786853,0.0,0.00011216165741786853
2020-03-27,0.0,0.0005399404010094614,0.0,0.0005399404010094614
2020-03-28,0.0,-0.0003273259123129616,0.0,-0.0003273259123129616
2020-03-29,0.0,1.2858752579301101e-05,0.0,1.2858752579301101e-05
2020-03-30,0.0,-0.0008840663251169425,0.0,-0.0008840663251169425
2020-03-31,0.0,0.0002683723967862876,0.0,0.0002683723967862876
2020-04-01,0.0,-0.0005618235988134577,0.0,-0.0005618235988134577
2020-04-02,0.0,-0.0002623118018275437,0.0,-0.0002623118018275437
2020-04-03,0.0,0.0006404887259665235,0.0,0.0006404887259665235
2020-04-04,0.0,0.00021866023432877318,0.0,0.00021866023432877318
2020-04-05,0.0,2.749703222808771e-05,0.0,2.749703222808771e-05
2020-04-06,0.0,0.0002613845846522092,0.0,0.0002613845846522092
2020-04-07,0.0,-0.0003178543288503565,0.0,-0.0003178543288503565
2020-04-08,0.0,-0.00029716122420159636,0.0,-0.00029716122420159636
2020-04-09,0.0,0.0005165201964664911,0.0,0.0005165201964664911
2020-04-10,0.0,0.0001508519377751164,0.0,0.0001508519377751164
2020-04-11,0.0,0.00036334526283833286,0.0,0.00036334526283833286
2020-04-12,0.0,-0.00048486970708702746,0.0,-0.00048486970708702746
2020-04-13,0.0,0.00023844358741974286,0.0,0.00023844358741974286
2020-04-14,0.0,0.0003849242350059253,0.0,0.0003849242350059253
2020-04-15,0.0,0.0002567128020347871,0.0,0.0002567128020347871
2020-04-16,0.0,-0.00041663800723502583,0.0,-0.00041663800723502583
2020-04-17,0.0,0.000502681507329018,0.0,0.000502681507329018
2020-04-18,0.0,-0.0005569672324157965,0.0,-0.0005569672324157965
2020-04-19,0.0,0.00017389339509327325,0.0,0.00017389339509327325
2020-04-20,0.0,-8.597272460574105e-05,0.0,-8.597272460574105e-05
2020-04-21,0.0,0.00039633413356468896,0.0,0.00039633413356468896
2020-04-22,0.0,-6.4744572864480125e-06,0.0,-6.4744572864480125e-06
2020-04-23,0.0,-0.0005917763185745086,0.0,-0.0005917763185745086
2020-04-24,0.0,0.0002753101117800677,0.0,0.0002753101117800677
2020-04-25,0.0,0.0005303149373534582,0.0,0.0005303149373534582
2020-04-26,0.0,-0.0001742829585095901,0.0,-0.0001742829585095901
2020-04-27,0.0,0.0004661745920112446,0.0,0.0004661745920112446
2020-04-28,0.0,0.00031840225497112155,0.0,0.00031840225497112155
2020-04-29,0.0,-0.0004014163592448489,0.0,-0.0004014163592448489
2020-04-30,0.0,0.0008139784109075451,0.0,0.0008139784109075451
2020-05-01,0.0,0.0004511137682116828,0.0,0.0004511137682116828
2020-05-02,0.0,0.0008822729928665096,0.0,0.0008822729928665096
2020-05-03,0.0,0.00042698913255223266,0.0,0.00042698913255223266
2020-05-04,0.0,0.0002017196650622771,0.0,0.0002017196650622771
2020-05-05,0.0,0.0007784813271005881,0.0,0.0007784813271005881
2020-05-06,0.0,0.0004435815440730828,0.0,0.0004435815440730828
2020-05-07,0.0,-0.00020624613550561773,0.0,-0.00020624613550561773
2020-05-08,0.0,0.0011852179600419773,0.0,0.0011852179600419773
2020-05-09,0.0,0.0007674150543702632,0.0,0.0007674150543702632
2020-05-10,0.0,0.0015250164001244415,0.0,0.0015250164001244415
2020-05-11,0.0,0.00017056027486567427,0.0,0.00017056027486567427
2020-05-12,0.0,0.0005293137394760043,0.0,0.0005293137394760043
2020-05-13,0.0,0.00012552313706934296,0.0,0.00012552313706934296
2020-05-14,0.021999379454689993,0.0005927002753971509,0.620829774640962,0.022224113751682695
2020-05-15,-0.028180676399963245,0.00017849561910766355,0.6289089459446969,-0.028114438272524328
2020-05-16,0.010060555094691725,8.733896233201747e-06,0.6303215139816993,0.010063783828228257
2020-05-17,0.019743480509751166,-8.900521335183573e-05,0.6590924873382893,0.019713137963853468
2020-05-18,0.012218897836658194,0.00026463917721699813,0.708626862891323,0.012296006583925769
2020-05-19,0.0009273292644000897,-0.00019535532618219787,0.7222984151309828,0.0008730787807066895
2020-05-20,-0.01818390377172452,0.0006050553302140581,0.7622988501659458,-0.018040081424019413
2020-05-21,-0.037310364405857444,0.0005001132545025444,0.7137066326598469,-0.03716718529817447
2020-05-22,0.01824175234410408,-0.00010961273768542794,0.625343263481867,0.018200685193522036
2020-05-23,-0.0009618161153438498,0.00012780247278566025,0.6661604386917859,-0.00091915059389498
2020-05-24,-0.02825839800165053,0.0007769759822085439,0.7248373127135989,-0.028044603202429037
2020-05-25,0.014713978859793198,-0.0004352689822073899,0.6954987054276041,0.014581438891223838
2020-05-26,-0.007937464014144524,2.0008286500601166e-05,0.7354857319694463,-0.007932171536886272
2020-05-27,0.027745205945130635,0.00033080324878460306,0.7801453136522026,0.027817934589635007
2020-05-28,0.037673826113182374,-0.0002619176491080366,0.8005769974829917,0.03762159370918505
2020-05-29,-0.005693503602813399,0.0003411015178831776,0.8380613756197883,-0.005638266092233395
2020-05-30,0.055518080167398454,-4.3096102756743864e-05,0.9035418648196489,0.055513923197693
2020-05-31,-0.033090328879645026,0.00039584164689345473,0.8911325939190455,-0.03304723462632892
2020-06-01,0.06701070466717751,-0.0026839050488938225,0.8767812270032563,0.06667999718021304
2020-06-02,-0.04995299229028172,0.003284165534725249,0.8511454862932895,-0.04946412942667785
2020-06-03,0.01562901020829388,0.00026798376421400204,0.73903630388599,0.015698944241901713
2020-06-04,0.0032020073295528917,4.8502867739873504e-05,0.7914724438623371,0.003212121514028356
2020-06-05,-0.011672558615290818,0.0003456488969989656,0.8164174611653922,-0.011609103513234366
2020-06-06,0.004891151003134864,0.00017240610624057103,0.8647716805755911,0.004914465191140282
2020-06-07,0.008271292769843619,0.00031475024124162686,0.8856402881758346,0.008307287516728597
2020-06-08,0.004735643302313131,0.00010588756712489736,0.8970964343794046,0.004746539510525173
2020-06-09,-0.004398102494347689,0.00033481864063169214,0.9649020238724516,-0.00438635103769174
2020-06-10,0.013485856953064701,0.0002497161931408522,1.0036622898511385,0.013485856953064701
2020-06-11,-0.06161963653514535,0.0007531325230226604,0.9703995505515054,-0.0615973434739696
2020-06-12,0.018664419898423823,0.0004892195953172841,0.8139213933267888,0.018755453199077697
2020-06-13,0.0012977639838842592,-0.00014370530638323478,0.7991323301135483,0.0012688982338407402
2020-06-14,-0.016257893821291725,-2.1961698977786494e-05,0.8099166545571258,-0.016262068374505032
2020-06-15,0.00032332287819003547,0.0004265078635320014,0.7624124470794111,0.00042465583778799216
2020-06-16,0.012045098235732743,0.0004134675710488927,0.771905750053119,0.012139407811228499
2020-06-17,-0.005141194175871,0.00015503936126288784,0.8020240077759817,-0.005110500104491202
2020-06-18,-0.007807285160687516,-0.00012802203773469367,0.8321788644520653,-0.007828769964435312
2020-06-19,-0.007263187100990498,0.0001517116011156599,0.8534802349428345,-0.007240958352838585
2020-06-20,0.0023290321329467734,0.00031925651054658414,0.8791741162934694,0.002367606582962628
2020-06-21,-0.0055103713517483666,-0.00016849954956370895,0.9492798186906809,-0.005518917679452776
2020-06-22,0.05203990740500242,0.00019077556413698524,1.0293547864435797,0.05203990740500242
2020-06-23,-0.003792860376917395,7.826960386317524e-05,1.14129042946827,-0.003792860376917395
2020-06-24,-0.03821027462409832,0.0005124449926460442,1.0307007572910187,-0.03821027462409832
2020-06-25,-0.006424938661095059,0.0004043535486938122,0.8869287257730089,-0.006379217890106044
2020-06-26,-0.010012991460171428,0.00019762985065446088,0.9198284142970883,-0.00999714716166223
2020-06-27,-0.025001712044924962,0.0003835142182392094,0.9390815952477266,-0.024978348970550013
2020-06-28,0.011796886865460543,9.764102602163703e-05,0.880371073593766,0.011808567556576714
2020-06-29,0.009952695446152848,0.00031485740879597443,0.9159606726762757,0.009979155850990953
2020-06-30,-0.007393767509471072,0.00021491289545840956,0.9321563473160835,-0.0073791870336342965
2020-07-01,0.015063363344556935,5.882970344875493e-05,0.9787134011127502,0.015064615628856904
2020-07-02,-0.017230710818819106,0.00018833868347887522,0.9651743898487116,-0.017224151809251863
2020-07-03,-0.0048174321931255815,0.0005817818919936248,0.9908196266178874,-0.004812091218130128
2020-07-04,0.012858932584778104,5.633809961957257e-06,0.9857643258255214,0.012859012785861084
2020-07-05,-0.007768300132198314,0.00018720263298891457,0.966713820075964,-0.007762068871674391
2020-07-06,0.04595347679251249,0.0006464061095329795,1.006972471123074,0.04595347679251249
2020-07-07,-0.010080609661289763,-5.789682916256904e-05,1.1416163300645565,-0.010080609661289763
2020-07-08,0.029545638359973925,8.093335900854776e-05,1.2222770036926662,0.029545638359973925
2020-07-09,-0.029355771342412185,0.0003720301281574745,1.3423669613793934,-0.029355771342412185
2020-07-10,0.0020996798066343914,0.0002969615785517078,1.1986841657156313,0.0020996798066343914
2020-07-11,-0.00984249638427237,0.0003763707643342868,1.3148777201790787,-0.00984249638427237
2020-07-12,0.014602138371129447,0.0003888870232306994,1.403720097534343,0.014602138371129447
2020-07-13,-0.01337791303376512,0.00011811129210084095,1.390998650807652,-0.01337791303376512
2020-07-14,0.0034460792917792027,0.00023742632667334953,1.3964206341598786,0.0034460792917792027
2020-07-15,-0.010098139225860003,0.000447912717593262,1.4694130631766016,-0.010098139225860003
2020-07-16,-0.02188862498015376,-1.7371703268842243e-05,1.3071094883214243,-0.02188862498015376
2020-07-17,-0.0014725652450040538,0.0005260057657218586,1.2380876668717948,-0.0014725652450040538
2020-07-18,0.009157762193996888,0.00012074405763840464,1.351801957180118,0.009157762193996888
2020-07-19,0.01317050381667384,0.00015102892097677525,1.4077356396716665,0.01317050381667384
2020-07-20,-0.015207209618256057,0.0004229022803051561,1.5468202001893716,-0.015207209618256057
2020-07-21,0.05198657480783142,0.000465939114100644,1.66384514160219,0.05198657480783142
2020-07-22,0.06913210689630933,-0.0008321664445600209,1.7836525548523015,0.06913210689630933
2020-07-23,0.0277921688581233,0.0013571420725728423,1.2556559088997992,0.0277921688581233
2020-07-24,0.0008219512500988735,0.0008878593920622481,1.2364388894065823,0.0008219512500988735
2020-07-25,0.05520395950104118,0.00041598965817813164,1.2660462158020698,0.05520395950104118
2020-07-26,0.02639014776190174,0.0009919029282929217,1.1465923722038196,0.02639014776190174
2020-07-27,0.08277385045608887,0.0015020271601624622,0.9276003763927817,0.08288259665713245
2020-07-28,-0.010034488430702426,0.0031621617089235988,0.7240011103772788,-0.009161735310232027
2020-07-29,0.008436426863891011,0.0021310180927692213,0.7247751016056203,0.009022936101950004
2020-07-30,0.016718874244016968,0.0017264549194176168,0.7406457779938412,0.01716663761647123
2020-07-31,0.019898945120241818,0.002370440237171849,0.7473924890748243,0.020497736128350683
2020-08-01,0.055512580485392427,0.0008070891630099444,0.7423219177522927,0.055720549673119735
2020-08-02,-0.03797819039950656,0.001797421332868488,0.5820019139805177,-0.03722687172259695
2020-08-03,0.012476354903382836,0.0013500643357210295,0.5282347642019011,0.013113268323066871
2020-08-04,0.0014472065633510667,0.0008191796607828193,0.536355555008992,0.001827014662522639
2020-08-05,0.022096363782069695,0.0014556329864100672,0.5593135904406863,0.02273784145648685
2020-08-06,-0.0030428459267429764,0.0011953763410716802,0.5805833525534134,-0.002541485189333725
2020-08-07,-0.01374863342212218,0.0011400336280378265,0.6033554440418205,-0.013296445289951725
2020-08-08,0.015452263928690257,0.00019604360501184213,0.6133279648491711,0.015528068508418492
2020-08-09,-0.006608266470570667,0.0007381879911474358,0.6395666949043254,-0.00634219893313946
2020-08-10,0.009896924034165977,0.0016264232641403649,0.652403443257827,0.010462263160586533
2020-08-11,-0.025523438293792,0.001280050128335782,0.6714619024376708,-0.025102893059844148
2020-08-12,0.010539075760231276,0.00043197829282562536,0.6693587490406567,0.010681905603358422
2020-08-13,0.03354218687140276,-1.8525686721144417e-05,0.6933627846470661,0.03353650620641409
2020-08-14,0.009004743034424001,0.0023555475114946794,0.6684612273982043,0.009785698365190162
2020-08-15,-0.0008700278269794248,0.0016539775532897981,0.6994023123776191,-0.0003728459990811881
2020-08-16,0.002986363926253066,0.0011267483185915294,0.7270975424331577,0.003293856311456002
2020-08-17,0.011144709577795897,0.0015962376583812552,0.735289982735386,0.011567249675904426
2020-08-18,-0.017917387959591635,0.0025328961721819542,0.7193714479423561,-0.017206584974279866
2020-08-19,-0.01698233680045058,0.001536490333599069,0.7259983933244981,-0.016561335980403057
2020-08-20,0.009659314619294701,0.0005675728105968916,0.7383747693501925,0.009807805986777673
2020-08-21,-0.03214131859198599,0.00024987023224473377,0.7722510154538574,-0.03208441090032394
2020-08-22,0.009819282001376495,0.0003473678563949011,0.6805260423274575,0.009930256985227202
2020-08-23,-0.003781160513531834,0.00035654174537308155,0.7148599764393394,-0.0036794961918557943
2020-08-24,0.016100771862737062,0.0005824867848269431,0.7842981836150038,0.01622641532024449
2020-08-25,-0.035026401934066365,0.0003959779101693126,0.7742535927449227,-0.034937011343493266
2020-08-26,0.007918228440344954,0.0005249475759711474,0.7415522901708345,0.00805389993913507
2020-08-27,-0.007125814057977187,0.00011399592448494122,0.7405029765036828,-0.007096232454882633
2020-08-28,0.01673530924022759,0.0008253901840246118,0.7582165656300192,0.016934874913616334
2020-08-29,0.00016558127521304478,0.0002499909936280004,0.7957418736281267,0.00021664396718134308
2020-08-30,0.035859605925559146,5.964894958670587e-06,0.8497215044821828,0.03586050232099946
2020-08-31,0.0009297047187100116,6.4608161549242925e-06,0.934795888352185,0.0009301259904879133
2020-09-01,0.0471772706530853,0.000822989798136097,0.9313956529105671,0.04723373133084769
2020-09-02,-0.05657823438071219,0.0009231873997268371,0.8524023360205206,-0.056441974077097216
2020-09-03,-0.07864919287578265,0.0006994085474255579,0.6890726026302312,-0.07843172759643345
2020-09-04,0.008148113627129305,0.0005729374797863558,0.41914219301189454,0.0084809088351793
2020-09-05,-0.03420714648030698,0.0003693900254475385,0.3805400149851627,-0.03397832414067862
2020-09-06,0.007987218037651012,0.00018952395750543527,0.3065772346914863,0.008118638264356643
2020-09-07,0.00026234596539653765,9.018660996739783e-05,0.30223586436485966,0.0003252749473463025
2020-09-08,-0.011402060860164376,0.0003478837380567827,0.2934588465967374,-0.011156266682627498
2020-09-09,0.006360260044003807,0.0005236287506935706,0.290762882424501,0.0067316369898253745
2020-09-10,0.008038415863360848,0.0003280589326491403,0.33958514794610206,0.00825507085483129
2020-09-11,0.0028927086789294343,0.00010470805277916767,0.34708701561139726,0.002961073926159
2020-09-12,0.006974028272672239,0.00027459686841059517,0.38494041309372296,0.007142921709122617
2020-09-13,-0.011652279884919015,0.00042900082607436155,0.38914554680324903,-0.011390222819886405
2020-09-14,0.01182159167987451,9.008220599052991e-05,0.402833707366704,0.011875385736858105
2020-09-15,-0.0028883384360569586,4.1900014789622965e-05,0.428544620456059,-0.002864394447202458
2020-09-16,0.004364488431182645,0.00013862027709740272,0.4608067996007955,0.004439231542031018
2020-09-17,0.01005935276744263,3.4390966533577573e-05,0.525029385209386,0.010075687465960327
2020-09-18,-0.004795162214746074,0.00012621032764625033,0.6319233736845772,-0.004748707143139878
2020-09-19,0.0059796457909944145,0.0003807664579328927,0.6823278521353132,0.006100604689520785
2020-09-20,-0.015941723305377575,-0.0001517026182808785,0.7443794846114286,-0.01598050160684833
2020-09-21,-0.043465617773504994,-0.00011637795507087127,0.7276058041040998,-0.043497318452996536
2020-09-22,0.007329336058753411,0.00016580221421470256,0.6415096572847403,0.0073887745513501885
2020-09-23,-0.028249600832712662,-0.00010403823368696616,0.645576560892481,-0.028286474421294668
2020-09-24,0.028341206649389106,0.0005621773958309013,0.4484032520471902,0.028651301872702012
2020-09-25,-0.0002629038242126791,-0.0004696309359001306,0.6401703346046452,-0.0004318909667369304
2020-09-26,0.0029263948470721335,0.00021694570255372013,0.645672191324742,0.0030032647424595073
2020-09-27,0.004012769919679915,0.0004896564865208646,0.6855272455328572,0.004166753543738835
2020-09-28,-0.005733389322958415,0.0002243148618347226,0.7415579907187888,-0.0056754169393542124
2020-09-29,0.01014008794071386,0.00012245660603776197,0.7265613272103691,0.010173572312543148
2020-09-30,-0.0032622631296884697,0.00025686233782591585,0.7408163635921114,-0.0031956886149145172
2020-10-01,-0.0240940203694453,0.0006134580424738092,0.7190513596903598,-0.023921670166525272
2020-10-02,-0.008537102376707906,-0.00011984589220952694,0.5251042667810844,-0.008594016679562024
2020-10-03,-0.0008618001346685222,9.240050900201217e-05,0.6094966537332489,-0.0008257174267064854
2020-10-04,0.009323181086876575,-6.601989610275413e-07,0.6836533022238653,0.009322972235115379
2020-10-05,0.007759043167518964,1.7523246308786614e-05,0.7699854020709678,0.007763073769973091
2020-10-06,-0.022964086464432487,-0.00010622216144552065,0.9393253918773969,-0.02297053145245213
2020-10-07,0.0034992698050078097,0.0001714168078491852,0.7875198808566575,0.003535692468762776
2020-10-08,0.018171827087464676,-0.0002627915928262039,0.8810117691190597,0.0181405579807439
2020-10-09,0.020520780771818403,0.0001470125795743433,1.117713939520667,0.020520780771818403
2020-10-10,0.023759845667824075,0.00013564297880218064,1.1834289609065571,0.023759845667824075
2020-10-11,0.009540266998205427,0.00024177725463705302,1.2579820556589327,0.009540266998205427
2020-10-12,0.023277422580480822,0.0002227133374688932,1.2388969388508893,0.023277422580480822
2020-10-13,-0.012149865481766886,0.0005906163576922626,1.082153580279988,-0.012149865481766886
2020-10-14,-0.002656770000781794,0.0002663808051112151,1.112195170167388,-0.002656770000781794
2020-10-15,0.004119318286690321,0.00043068592417430765,1.1326577924116659,0.004119318286690321
2020-10-16,-0.023917842337215944,0.0002524342909420837,1.108234917990208,-0.023917842337215944
2020-10-17,0.005553084623630022,0.0003606550732712339,1.1059746585785666,0.005553084623630022
2020-10-18,0.019841775571295628,-9.939564209613221e-05,1.195574254865198,0.019841775571295628
2020-10-19,0.01909221811971218,0.0004388189853964336,1.25030092529193,0.01909221811971218
2020-10-20,-0.0017759006962143609,0.00042406163302946163,1.277395121673623,-0.0017759006962143609
2020-10-21,0.08473235928546696,-0.0008625875770608937,1.2243933356333299,0.08473235928546696
2020-10-22,0.03413759915861636,0.001783052153507748,0.9925142245260735,0.03415094668669582
2020-10-23,-0.007142385968424314,0.0006535304079737437,0.980545111107629,-0.007129671606949399
2020-10-24,0.011836776232738044,0.0009083906165599676,0.9950814377153676,0.01184124420856437
2020-10-25,-0.010269610087742187,0.00044130910610732304,1.0072714541896093,-0.010269610087742187
2020-10-26,-0.012880818286590823,0.0006937347590291792,1.0180015767673334,-0.012880818286590823
2020-10-27,0.0377539627031247,6.269180457102824e-05,0.950259759215635,0.03775708100857927
2020-10-28,-0.03051417281031743,0.0005921660113853058,0.8828947871063295,-0.030444827083485757
2020-10-29,0.006054743752785141,7.080256385405166e-05,0.8176148901985367,0.006067657086167888
2020-10-30,-0.00018354725603708655,-4.8149737037648363e-05,0.7576269752645839,-0.00019521745344311628
2020-10-31,0.011960766531618816,-4.539369081557371e-05,0.7563370960613485,0.0119497057730942
2020-11-01,0.006430702818494449,-0.0002585865721667776,0.767529266285952,0.006370589008334238
2020-11-02,-0.018807011748382063,0.0002912486898404839,0.7800129632506818,-0.018742940812146933
2020-11-03,0.017151377806117418,-0.0001525304991702071,0.7131606289948491,0.017107626053676335
2020-11-04,0.01438455090169155,-0.0001503339959114876,0.7559177761917774,0.014347857045655499
2020-11-05,0.05715484954657435,0.00048028415795641285,0.7546903838686524,0.0572726678689966
2020-11-06,0.03072790593865604,0.0010563914356864729,0.7095084839598473,0.03103477868834044
2020-11-07,-0.03377560896660936,0.0015417479158907027,0.6992022544691594,-0.03331185466933256
2020-11-08,0.029827841366679486,0.0008057440908890874,0.6527623820385737,0.03010762602548631
2020-11-09,-0.010122659372612364,0.0005615036906117995,0.6463826496660489,-0.009924101925335485
2020-11-10,0.003082848333364696,0.0006622090173984655,0.6399399261911849,0.0033212833610460507
2020-11-11,0.018155183435508926,0.0004090130835705993,0.6647285519490975,0.018292313844309405
2020-11-12,0.014896173707949156,0.0006106687442143251,0.6760966216748301,0.015093971377237765
2020-11-13,0.009463939661064291,0.0003006996974305572,0.6895769983591156,0.009557283763733191
2020-11-14,-0.015756520596387102,0.0008362807877217951,0.7121406690441274,-0.015515789368342256
2020-11-15,-0.010872258836267301,0.0002546665008845269,0.7388235376230048,-0.010805745940480352
2020-11-16,0.02804749716767163,0.00021784534010879994,0.7656777063461457,0.02809854318742773
2020-11-17,0.03902160754707773,-0.00016451864821567675,0.7647638272551918,0.038982906809926325
2020-11-18,0.001717090350534134,0.0011209352508689406,0.6871417577973105,0.0020677841827440218
2020-11-19,-0.00447226913248866,0.0007964854899907923,0.6806095044036738,-0.004217879237105218
2020-11-20,0.044640972296560166,0.0011735942300171017,0.687281880697568,0.0450079764769953
2020-11-21,0.028544388410641552,-0.0007061089098566542,0.6875901779742752,0.028323793051782457
2020-11-22,-0.001209175878187363,0.003077394149517675,0.6498847532862333,-0.00013173326629347987
2020-11-23,0.02309820981776678,0.002865851057135351,0.6025535966211866,0.024237232013044594
2020-11-24,0.01304864941633288,0.001753650917723203,0.6156421279358069,0.01372267895141239
2020-11-25,-0.02349787380788848,0.00214049224326837,0.6199067995809329,-0.02268428726067242
2020-11-26,-0.051693529387197956,0.0008745952123126339,0.5304715009755286,-0.05128288200990681
2020-11-27,-0.000705315803132267,0.0005106209826387817,0.45022149837740644,-0.00042458736440006127
2020-11-28,0.01845957622696126,0.0006931261877650164,0.45331001610826216,0.018838501371385458
2020-11-29,0.025472903553031223,0.00018667999937248188,0.46912840393840705,0.02557200666225087
2020-11-30,0.04103149786997906,-0.0003756394778213241,0.48165570347106135,0.04083678728909927
2020-12-01,-0.02501045677772329,0.001341373663660852,0.4734472485504642,-0.024304152784400724
2020-12-02,0.01097170371014422,0.0010662667541385933,0.45236725538034195,0.011555626299209833
2020-12-03,0.010012121390768458,0.00020465046846421242,0.46668868999490215,0.010121263800198264
2020-12-04,-0.028666028773447927,0.00029022449543042667,0.47999593921095435,-0.028515110857283654
2020-12-05,0.01838745340740111,0.0009170416060985101,0.4837631170090161,0.018860864107706453
2020-12-06,0.004932861116245357,-0.0002029941156789906,0.5145813983239056,0.004834323996463987
2020-12-07,-0.00654247519034834,0.00029639092727190303,0.532545631801753,-0.00640392595670076
2020-12-08,-0.025813994815685803,0.000834150473065781,0.535820098621324,-0.025426798931363154
2020-12-09,0.010000937535499022,0.00028591240206998504,0.4803732817373145,0.010149505258697249
2020-12-10,-0.0095454409141843,-0.0002019713195211743,0.5309486172448403,-0.00964017584088259
2020-12-11,-0.008716069897200973,0.0007014860253125786,0.5483398456695733,-0.008399236610747656
2020-12-12,0.022008752157388844,0.0002844032176756924,0.5657914287547092,0.02213224247219337
2020-12-13,0.0170040580439883,0.00013213974135902682,0.6273985310795237,0.017053293505721448
2020-12-14,-0.00012170722512594434,0.0004419481150158602,0.6499722162977042,3.298689408446452e-05
2020-12-15,0.0038799264089426355,0.00015080983343977405,0.6590554897640244,0.003931344193743528
2020-12-16,0.06663675954091164,0.00019985234303100907,0.7042610946376736,0.06669586365407372
2020-12-17,0.027613871411272806,0.0014735136154732332,0.6278120600497599,0.02816229540830442
2020-12-18,0.010620031523122409,0.0010589562453440459,0.6147003290253976,0.01102804701602997
2020-12-19,0.013742305489060413,0.0011751449091543143,0.6343454260437946,0.014172002600154037
2020-12-20,-0.015442835869843519,0.001959807907345369,0.6425219049336693,-0.014742247472429764
2020-12-21,-0.02732496807859086,0.0005286138798867323,0.6022535100638333,-0.027114713763334373
2020-12-22,0.02906299030638948,0.00014049272367662748,0.5778918244598752,0.029122293433657284
2020-12-23,-0.032288882974784494,0.001219181190839976,0.576623869943033,-0.031772710760368424
2020-12-24,0.016619616399269344,0.00011596875842979516,0.520521005134496,0.016675220982997063
2020-12-25,0.0183457613084248,-9.434015943574008e-06,0.5611408083337537,0.018341621103813637
2020-12-26,0.026961378360724098,0.0002850122030533787,0.5631071849059134,0.027085898144452256
2020-12-27,0.014124365751432943,0.0007891341097780449,0.5591584138415462,0.014472248884079237
2020-12-28,0.02568603578644102,0.0018935541405254476,0.5292909964547383,0.026577348769086757
2020-12-29,0.004252180986662468,0.001057703707786608,0.5284212969761142,0.004750971529364032
2020-12-30,0.02484111062139327,0.0019503320322904918,0.5351068095337481,0.025747806702353326
2020-12-31,-0.004617283575987563,0.00141397997854298,0.5483654918421095,-0.0039786814238332
2021-01-01,0.0023564620573253148,0.0013133312676383456,0.5678920432718553,0.0029239629478917044
2021-01-02,0.050977471568828925,0.0014726148470453702,0.5644259974640932,0.05161890431195028
2021-01-03,0.06661578496029597,0.001840515531566003,0.4396682777751513,0.06764708419787993
2021-01-04,0.00214824506880662,0.005590492341149314,0.376162883789635,0.00563580168910534
2021-01-05,0.017961045734524728,0.0018925093917981682,0.3218939513097741,0.019244367800306125
2021-01-06,0.03284257534762247,0.0040580029120344694,0.3159543743629019,0.03561843448842226
2021-01-07,0.01725017963209141,0.004106044746681581,0.3182864986785405,0.020049325772934296
2021-01-08,0.007895869412508638,0.004013286859958163,0.29549208292677465,0.010723261778835109
2021-01-09,0.0038529587962037315,0.0016750476808802645,0.28118949350715267,0.005057000668096944
2021-01-10,-0.009661465448683737,0.00407755969497612,0.28828552624712067,-0.006759407196177857
2021-01-11,-0.027257781740512743,0.00404196566342485,0.2596232048147626,-0.024265204156377482
2021-01-12,-0.009195937719631564,0.0007842574311053736,0.23075550635956524,-0.008592652009157162
2021-01-13,0.021679954716372185,0.00038670815014465386,0.22679243045929853,0.021978960385267112
2021-01-14,0.017249352175039867,0.0010851312622839032,0.22961653609959115,0.018085319355664764
2021-01-15,-0.0156244283435093,0.002819735763989346,0.23550506052631595,-0.013468754621286484
2021-01-16,0.00294702741322328,0.00045779088252562785,0.23845398959655073,0.003295656233409746
2021-01-17,-0.000200661015375192,0.0014848973163067672,0.24635353860026293,0.0009184265926013694
2021-01-18,0.00577899189003972,0.0006695901219905332,0.25639836349684086,0.00627690020053823
2021-01-19,0.007667300151387169,0.005429416145797316,0.2653060076282967,0.011656259575790385
2021-01-20,-0.0005159633306244249,0.0013130832263624338,0.2543513088314614,0.0004631354585080858
2021-01-21,-0.04427517981127549,0.0015699381986401097,0.23955105196657994,-0.043081321959642135
2021-01-22,0.021116459535342358,-0.00043418855083202725,0.22766759873739184,0.020781121649277527
2021-01-23,-0.0033862026277198254,0.0007913112507250287,0.23825109057040592,-0.0027834221454606668
2021-01-24,0.016802056264811682,0.0014676897540578482,0.24691828075694128,0.01790734658811299
2021-01-25,-0.007444292802314956,0.0020426982819281214,0.26041722160728903,-0.005933548331548539
2021-01-26,0.0056715754332516966,-0.00016861765101545297,0.2603963607898433,0.0055468652049256
2021-01-27,-0.020996436895580617,0.0011086548688953202,0.26535595862118105,-0.020181970202201055
2021-01-28,0.02139533145032302,3.318670199633383e-05,0.2669562644846165,0.021419658754323848
2021-01-29,0.008488269739831189,0.0023440554122018285,0.2660936465935752,0.010208586899582827
2021-01-30,-0.00010117413919674689,0.0013263410569200813,0.2508493668388806,0.0008924551033825203
2021-01-31,-0.011081239802351428,0.0023981145771578794,0.26326174324302865,-0.00931445704927265
2021-02-01,0.007883267147168915,0.0007482789886583512,0.2724312693430817,0.008427691541124315
2021-02-02,0.021318713154452107,0.0015449876110092966,0.2900156482810159,0.022415630181868405
2021-02-03,0.0231453663255361,0.004113808773567677,0.317658124581896,0.025952390319203718
2021-02-04,-0.009109424936038502,0.0027815968503941482,0.33031518345583777,-0.007246631759582477
2021-02-05,0.016993152709388726,0.0021398851181956974,0.344443205267761,0.018395968938568315
2021-02-06,-0.0006665596499819681,0.0023606544509397484,0.35971727988131197,0.000844926603126022
2021-02-07,-0.007223420543836068,0.0034149233690312347,0.36118765704074957,-0.0050419253454389275
2021-02-08,0.05248745866783611,0.0015419994426899095,0.364919854943301,0.053466751897576964
2021-02-09,0.001935762786899664,0.005531560801421184,0.3591910520716185,0.005480436444460248
2021-02-10,-0.010490164751248088,0.003825755663529053,0.374719594121101,-0.008097994697163144
2021-02-11,0.019807147246422296,0.002121648566052064,0.3876473030274147,0.021106344467872296
2021-02-12,0.0015456476107140737,0.0032399111439295252,0.40431529308721126,0.003475613130909211
2021-02-13,-0.002904655685181834,0.003694098563948714,0.4203194164248424,-0.0007632584738478916
2021-02-14,0.004731004804074956,0.0033453821204734403,0.43810028091067355,0.006610774077815438
2021-02-15,-0.005709397110818526,0.0020475511319815913,0.4472405496593211,-0.004577593872559947
2021-02-16,0.0062981724944537465,0.0030449025617375887,0.45834857566377335,0.007947448303983936
2021-02-17,0.022421057515733533,0.00390706073801142,0.47556946944007994,0.024470039451498695
2021-02-18,0.007530942793624762,0.0037020784731254374,0.4973955595282934,0.009391623873192322
2021-02-19,0.022275775016689314,0.0023808516940702004,0.5236916572229682,0.02340979454148978
2021-02-20,-0.004946306759307961,0.004801549792926732,0.5446830762102431,-0.002760079878169218
2021-02-21,0.009044467511163834,0.002375180179289989,0.5517585906630261,0.010109121622158025
2021-02-22,-0.03670056262909405,0.002339525617162825,0.5388988755070433,-0.03562180473624019
2021-02-23,-0.055141437117922076,0.00012667420841327938,0.39490019864276593,-0.055064786579574115
2021-02-24,0.008090694432657752,0.001272120489621284,0.33724417334283074,0.008933799699364229
2021-02-25,-0.02556464383723389,0.0007519913768205068,0.34702155976783144,-0.025073609680929594
2021-02-26,-0.007312845301416515,0.00010454815464725488,0.2997775100279737,-0.007239638332247434
2021-02-27,0.0009352359063243831,0.0011884030226820789,0.30600714036022003,0.0017599791184400772
2021-02-28,-0.008228274663592328,6.001082574488401e-05,0.2944522434743522,-0.008185934160120773
2021-03-01,0.03475634698271346,0.00059078680498696,0.30569247257429777,0.03516653470851969
2021-03-02,-0.013686819129337335,0.0011224581008989645,0.32254632884101875,-0.012926405768161193
2021-03-03,0.0164824641842769,0.00019310431797510318,0.3353298553294731,0.016610814859241915
2021-03-04,-0.010509297419763808,0.000502673831764507,0.33654031408318713,-0.010175793597222727
2021-03-05,0.00015434679080894576,0.0002825365898356468,0.31897273948074495,0.00034676191058116874
2021-03-06,0.014478087644320015,0.000686678264432432,0.3377971823115893,0.014932807925872559
2021-03-07,0.016238503862773257,0.0009315763582987868,0.3852877589057886,0.016811155253733487
2021-03-08,0.01849685512100052,0.0004304162711214068,0.4289271943152023,0.018742654148562212
2021-03-09,0.015456398580576014,0.0014251884346152583,0.45868379387095215,0.016227876177020942
2021-03-10,-0.003787350451480931,0.0012408240553826114,0.4726160817396876,-0.0031329597992815986
2021-03-11,0.011924042895072429,0.0019196541519464654,0.48118843707219877,0.012919981665924618
2021-03-12,-0.008808829387109696,0.002430848624525299,0.4975034143380741,-0.007587336253024744
2021-03-13,0.03883335240128938,0.0013845983990851364,0.5119201859264754,0.039509146930481354
2021-03-14,-0.019302259503767405,0.0027258677947512126,0.5224884726055469,-0.018000626209620403
2021-03-15,-0.022068546082094742,0.0020278637767022975,0.5193441658034634,-0.021093841526866962
2021-03-16,0.007405992975205056,0.0005866966223722729,0.5174057644390333,0.007689129383185004
2021-03-17,0.011470047278705486,0.0009756258233292914,0.5382517971738928,0.011920540749258527
2021-03-18,-0.011951451872374008,0.0014031406170845477,0.5481331160029833,-0.011317419093922362
2021-03-19,0.006192219257037834,0.00042812458431321304,0.5552537778771565,0.006382626048509049
2021-03-20,-0.001094200259519451,0.0018409637860832139,0.570886792840905,-0.00030421838500953313
2021-03-21,-0.007148852496322133,0.0005216548597865827,0.5902757580389694,-0.006935117854330788
2021-03-22,-0.034405604530962974,0.0015678182316709202,0.6180629076610564,-0.0338067965942426
2021-03-23,-0.001051805244019266,0.0004390407336177085,0.48098094662817165,-0.0008239347380653299
2021-03-24,-0.02423192696761256,0.001497007312998016,0.49468675912936033,-0.023475469350674485
2021-03-25,-0.0039656712524537285,-0.00022461216578682812,0.4436335380994016,-0.004090637928432376
2021-03-26,0.030231249088225942,0.001113202856689931,0.4571781807072977,0.030835519888136202
2021-03-27,0.004706438801708845,-2.1957558077908898e-05,0.48436855687722874,0.0046951167943496816
2021-03-28,-0.003268277453422508,0.0004782305460745621,0.5119777814511334,-0.003034890321349364
2021-03-29,0.027248249181528683,0.0006308427033668869,0.5636838538953216,0.02752349603865998
2021-03-30,0.009290477057707136,0.0010151649518142481,0.6383002353969095,0.009657661981811658
2021-03-31,0.012350725215257707,0.0015959135827774947,0.6610952846851652,0.012891587853695992
2021-04-01,0.007444597380433127,0.0029777220547312104,0.6572882295583755,0.008465097777693132
2021-04-02,0.026839248108418312,0.0018653285485705996,0.7072880981444916,0.02738525197545579
2021-04-03,-0.031448254344500826,0.0025050296424217883,0.7197426324582014,-0.03074620133130152
2021-04-04,0.018017561040482466,0.002313878656868362,0.722850981378987,0.01865885023944164
2021-04-05,0.010853890135874344,0.0007464089746184824,0.7316449497840327,0.011054192753739736
2021-04-06,-0.006592073640563356,0.0027447512610104877,0.7523666404725192,-0.00591238166473204
2021-04-07,-0.03573496522490871,0.0014246036184468404,0.7212109062643199,-0.03533780127318935
2021-04-08,0.03264658457539915,0.0010158488201089974,0.7056030495800547,0.03294564737012694
2021-04-09,-0.0016467981779075824,0.0011107054706559671,0.7479057142197694,-0.0013667956755703714
2021-04-10,0.020746742721619915,0.0022151637945781147,0.7226811723532258,0.021361049348177896
2021-04-11,0.0041575532058615305,0.0018646774533253821,0.7278765736943537,0.00466497562341532
2021-04-12,-0.002938412088975051,0.003412259568914845,0.7571637165274007,-0.002109791657015956
2021-04-13,0.04775949005823299,0.0021242576694143634,0.7523367065900667,0.04828559070869146
2021-04-14,0.015261111992975973,0.0033300740452832087,0.7397007471713787,0.016127927778827177
2021-04-15,0.012625353327208266,0.0022978914503521356,0.7068585698379641,0.013298960513321606
2021-04-16,-0.023449011708139067,0.0032347540007599887,0.6934479239529927,-0.02245739115370473
2021-04-17,-0.022946635109459823,0.0023205770115440234,0.6843867327507666,-0.02221423021694295
2021-04-18,-0.0398523833080332,0.002263801091021305,0.48254755453026105,-0.03868097389742716
2021-04-19,-0.010228509009893583,-2.0188089684112544e-05,0.4241957426536947,-0.010240133397881384
2021-04-20,0.016603616236611662,0.0008000311594854947,0.3966566217550402,0.017086309739076874
2021-04-21,-0.007057847382961557,-0.00029713299502870166,0.3862059235798317,-0.007240225855219158
2021-04-22,-0.003959293888056159,0.00038941678135820157,0.3785795400576945,-0.003717302332675293
2021-04-23,-0.004714239435790302,0.0008511398776559862,0.3358117852157128,-0.004148922359918256
2021-04-24,-0.01933674042233513,-0.0001265208033526134,0.31424506080214115,-0.019423502688145466
2021-04-25,0.005980540724283001,0.0012470504526469678,0.3031811511723107,0.0068495089851265106
2021-04-26,0.028668726807738132,0.00012030583943407205,0.30675523050214215,0.028752128201665852
2021-04-27,0.014375275473411664,0.00021055677576510264,0.3334497092752501,0.014515622153511959
2021-04-28,0.0065660821774338185,0.0006028210508846757,0.3475828083577539,0.0069593729945148265
2021-04-29,-0.002753577590658307,3.315364642624642e-05,0.3624183681472575,-0.0027324394346679923
2021-04-30,0.013551341053055,0.0008003807013641371,0.3851512244166578,0.014043454147289275
2021-05-01,0.015014882340048441,-9.394687600840356e-05,0.45914579441132713,0.014964070777057378
2021-05-02,-0.004993479054194561,0.0007750860661489471,0.48888923952198715,-0.004597324225489261
2021-05-03,0.04267312415019031,0.0009371698686652715,0.5134837274571948,0.04312907254143277
2021-05-04,-0.03177581850113709,0.0008474688337003077,0.4784668751728238,-0.031333835432103725
2021-05-05,0.03802479218169452,0.001487056631163223,0.4430682154678636,0.038852981284988604
2021-05-06,-0.0067154487524325734,0.0023030446075944424,0.4922419978119582,-0.005546059423530477
2021-05-07,0.0023101786084609444,0.0012857552481550284,0.5035022192115546,0.002948553235807013
2021-05-08,0.03640898892182931,0.0007843403638857045,0.5425172076601115,0.036767811141644624
2021-05-09,-0.0024453019467112203,0.001449862945930364,0.5349415960083284,-0.0017710309990701819
2021-05-10,-0.011540884980120403,0.0018137338703185244,0.5353020109029368,-0.010698046497826151
2021-05-11,0.018153227544037476,0.001356083830550944,0.45450935637982076,0.018892958585567627
2021-05-12,-0.05306944174025263,0.001055054126753043,0.47343229606706194,-0.05251388431120331
2021-05-13,-0.0048993205266215645,0.000306646014467765,0.26498756494733877,-0.004673931892828419
2021-05-14,0.016617977447068943,0.0001841436846861951,0.25491029644308894,0.016755181010503658
2021-05-15,-0.025010762111238316,0.0009953957781151665,0.24195843225185787,-0.024256210735066012
2021-05-16,-0.0036118206108787243,0.0013324180307250615,0.23585468254289935,-0.002593659611804757
2021-05-17,-0.015358995689005561,0.0006055037663384379,0.1822882355536057,-0.01486386813585402
2021-05-18,0.003991630546138936,0.000713107526566583,0.17036059774115236,0.004583252648225921
2021-05-19,-0.045619504430257196,-0.0015745630103855975,0.13206857909940886,-0.04698611714115868
2021-05-20,0.016143231203148645,0.0014243633452912245,0.09806432962443791,0.017427915311842263
2021-05-21,-0.0162693605081472,0.0003501986403902571,0.1006092232685099,-0.015954395080956297
2021-05-22,-0.008394412792261496,-0.0002150112767422048,0.07768702083368656,-0.008592720483467951
2021-05-23,-0.004398731534282829,-1.448877687053226e-05,0.054395615614967405,-0.004412432185215981
2021-05-24,0.012288413347590232,0.00010542122053160412,0.07091007290758726,0.012386359141687934
2021-05-25,0.001246381057022683,-8.855203787482445e-05,0.09058838627752294,0.001165850805360525
2021-05-26,0.00394950059096244,0.0008886562722737997,0.09257114571246988,0.004755892933967281
2021-05-27,-0.0031219258012619155,-8.045914035911716e-05,0.0997121340771264,-0.003194362189029814
2021-05-28,-0.007244545071555031,0.00029411754870240176,0.09007440879762071,-0.0069769199871690035
2021-05-29,-0.0029478774948690223,0.0003287147571282796,0.07791011409107129,-0.0026447729419720256
2021-05-30,0.0023775123836187184,4.162167397908383e-05,0.07786162490635942,0.002415893326430468
2021-05-31,0.007081337659988529,0.000516487325275688,0.0880066355387763,0.007552370673468282
2021-06-01,-0.0015720335606056457,0.0001557193258760347,0.0901811719281038,-0.001430357186028966
2021-06-02,0.001576048495475657,9.43742575365363e-05,0.0977376399026687,0.0016611988358130056
2021-06-03,0.006203259218151791,0.00026415635812228853,0.12837437499938387,0.006433504668898017
2021-06-04,-0.006905243689298235,0.0005255951887961608,0.12463022064083856,-0.006445153544849503
2021-06-05,-0.002560941076882872,0.00041983560643630083,0.13848147233856256,-0.0021992449233660238
2021-06-06,0.0034988540019067482,5.2963468120916285e-05,0.15300512760257293,0.003543713787829549
2021-06-07,-0.008986023489435002,0.00011894200234288767,0.16476577837782133,-0.008886679058689957
2021-06-08,-0.005085310640261742,0.0006268418542291797,0.13930719361911093,-0.004545792365588229
2021-06-09,0.006203827693206376,2.9874889686791062e-05,0.13094539442155367,0.00622979060367983
2021-06-10,-0.008329967714811537,-2.6266508100491933e-05,0.13505471282135295,-0.008352686807203698
2021-06-11,-0.005553198500871215,0.00046249496018525057,0.11323219181249597,-0.005143072858729973
2021-06-12,0.00047219929999875454,-3.577935318490523e-05,0.06698020290463011,0.0004388164551499707
2021-06-13,0.0039098155324217565,0.00044849926523779775,0.06069021164807638,0.004331095282328266
2021-06-14,0.0036294421696712043,0.00022233782714145613,0.12274619565300939,0.00382448887438129
2021-06-15,-0.0019152528892508736,-0.00018102555536943677,0.14505467153759852,-0.002070019842146285
2021-06-16,-0.006938136588614641,0.0004686001045064446,0.09669577641864824,-0.0065148481350433066
2021-06-17,0.00015177420331835556,0.0005292795304266428,0.06619766387859587,0.0006460166652919945
2021-06-18,-0.003918783960646821,0.00020927790615973387,0.0647502893734222,-0.003723056859470394
2021-06-19,-0.0019621542528532876,-0.0003599703919468258,0.05883275697837018,-0.0023009465942112972
2021-06-20,0.0022316585345281137,-6.176544125413087e-05,0.029375043139743477,0.002171707455775368
2021-06-21,-0.010115612237445726,-0.0001694601840969291,0.025871303566279435,-0.010280688265677485
2021-06-22,-0.0005828268987873031,0.00016354877825406955,0.01363962425676108,-0.00042150886441627144
2021-06-23,0.0,0.0001826627712586735,0.01756673359090232,0.00017945398301899646
2021-06-24,0.0,-0.0005127793912638083,0.017824094962534114,-0.0005036395626990918
2021-06-25,0.0,0.0003853754924836227,0.009076837668029292,0.00038187750169711205
2021-06-26,0.0,-8.233410074681446e-05,0.0,-8.233410074681446e-05
2021-06-27,0.0,-0.0007385330374363262,0.0,-0.0007385330374363262
2021-06-28,0.0,-0.00014963576627642985,0.018324293529741915,-0.0001468937965726327
2021-06-29,0.0,-0.00013290450197890212,0.02019831214229141,-0.00013022005536281647
2021-06-30,0.0,0.0005186573721986168,0.01864462502491087,0.000508987199977568
2021-07-01,-0.0039080025916166106,0.00036312813969319554,0.028813098038538085,-0.003555337298612947
2021-07-02,0.001091380126615693,0.00015194981305442605,0.014565829054701518,0.0012411166646682744
2021-07-03,0.0016645277937914482,-0.0004064498501635405,0.02627902067625784,0.0012687590476442173
2021-07-04,0.002182687332057398,4.146314028496728e-05,0.05814418798275621,0.002221739631719281
2021-07-05,-0.0028711400309211488,0.0003520099954828806,0.050254207500161144,-0.0025368200187933956
2021-07-06,0.0028750707555884603,-0.0002473434868615936,0.05850984419110321,0.0026421992976048228
2021-07-07,-0.000134955088804678,0.00043601985477158825,0.07191520017826344,0.0002697083108293141
2021-07-08,-0.004557682027114041,-2.6132647446002935e-05,0.04343680078580192,-0.004582679555958926
2021-07-09,0.00070105039325985,-0.0006997713992054682,0.030095790354253818,2.2339167380772346e-05
2021-07-10,-0.0008294292678594495,0.00010615982763832426,0.02887833908018244,-0.0007263351597203585
2021-07-11,0.0006805593797660769,0.0003264804553956024,0.03167123238222224,0.0009966997967905914
2021-07-12,-0.002487974113673852,0.0004775827415996061,0.026425954120379038,-0.0020230119516924418
2021-07-13,-0.001196833222584126,4.916704414033033e-05,0.0039030630320246846,-0.0011478580805161737
2021-07-14,0.0,0.00023824164411514386,0.0,0.00023824164411514386
2021-07-15,0.0,-2.3095554435744862e-05,0.0,-2.3095554435744862e-05
2021-07-16,0.0,-7.135829950249273e-05,0.0,-7.135829950249273e-05
2021-07-17,0.0,0.0006600740432608504,0.0,0.0006600740432608504
2021-07-18,0.0,1.9001572982811605e-05,0.0,1.9001572982811605e-05
2021-07-19,0.0,-9.388402007600726e-05,0.0,-9.388402007600726e-05
2021-07-20,0.0,-0.0002731415086910769,0.0,-0.0002731415086910769
2021-07-21,0.0,-0.0007824286773522346,0.0,-0.0007824286773522346
2021-07-22,0.0,0.00022316371251918966,0.0,0.00022316371251918966
2021-07-23,0.0,-0.0004787790479577227,0.0,-0.0004787790479577227
2021-07-24,-5.3526876639398147e-05,0.0005749812505140647,0.0430935036717794,0.0004966764172444344
2021-07-25,0.00012126533258105532,-0.00031670600800893974,0.045698554728393015,-0.00018096766858807702
2021-07-26,-0.001980240598088212,-0.00012178320180049568,0.09301088356672958,-0.002090696636685658
2021-07-27,0.002714295691748081,0.00029571208954665953,0.05178412245191503,0.0029946945902391445
2021-07-28,-0.0050623998220517,7.804353836142521e-05,0.08629956512317996,-0.004991091407111539
2021-07-29,0.003662317413472449,-1.4087192928219023e-05,0.07891660706858405,0.0036493419340132456
2021-07-30,0.0043391058163455565,0.0001277420206900834,0.14420537417089196,0.00444842675114468
2021-07-31,0.002472250323753755,0.0004532020719950285,0.23208193277622746,0.0028202723829419867
2021-08-01,-0.004469507507351089,0.00017973050837667503,0.3410506289569394,-0.0043510742018990295
2021-08-02,0.005770261190394699,8.158568397896502e-05,0.30978214632319095,0.005826573086081414
2021-08-03,-0.012604657894497162,0.0006466692439846173,0.21935849879352456,-0.012099841045088953
2021-08-04,0.01862381031618887,-0.0004062663373792351,0.22784010003830418,0.018310107741760315
2021-08-05,0.012168922537201698,0.00020091704318726851,0.3739106081044399,0.01229471456659227
2021-08-06,0.012140477862339738,0.0004642086357545186,0.40655316225877025,0.012415961009280427
2021-08-07,0.03647244264715099,-0.00043953882307560534,0.42719713018416233,0.03622067354789781
2021-08-08,-0.019078721843336255,0.0006978712299564764,0.4260095861286156,-0.018678150447224606
2021-08-09,0.024386470736037502,0.00011016737174276964,0.554819327700325,0.024435515120655435
2021-08-10,-0.0070582216761049255,0.0005063005508775757,0.6996327508416837,-0.006906145572390488
2021-08-11,0.0016075439045655227,0.0005965633903278246,0.7146250915334167,0.0017777881274748401
2021-08-12,-0.021068929547931825,0.0005782453936992356,0.5934902174976192,-0.020833867138706146
2021-08-13,0.05608409476552434,0.00019196920788338423,0.6289891118637605,0.056155317431835966
2021-08-14,-0.012933109110517482,0.00012102663757221532,0.7599373732229144,-0.012904055137991899
2021-08-15,0.004274397240015659,-2.356610188415295e-05,0.7879612908014824,0.004269400314191303
2021-08-16,-0.027636452495208186,0.0010194928677486146,0.8032216255093712,-0.027435838345887822
2021-08-17,-0.026533237216795014,4.2845682958184025e-05,0.8232431199793018,-0.026525663947552968
2021-08-18,-0.004056034203730019,0.0007265590550162942,0.6953082778537373,-0.0038346576740161432
2021-08-19,0.03170105237905796,-0.0001925597934036984,0.6410854483433823,0.03163193986714138
2021-08-20,0.03582813140096208,0.0006295249721744874,0.7800702965906963,0.03596658264138117
2021-08-21,-0.011530306406595914,0.0001473147648476777,0.7839507670805999,-0.011498479164652872
2021-08-22,0.0054882391268409325,0.00026434345714781033,0.8118607421471818,0.00553797250868697
2021-08-23,0.011846562084198764,0.0012213327894618656,0.8165426113315322,0.012070624608448613
2021-08-24,-0.03338748023176841,0.0005425413104993508,0.8216104983519568,-0.033290696557764954
2021-08-25,0.016825421759033787,0.0009497117664906724,0.8025768681301556,0.01701291683034802
2021-08-26,-0.03386098716916219,0.0004511971740753175,0.7315313164921693,-0.03373985485783574
2021-08-27,0.03859114580023926,0.0002396711383780834,0.7785327898733682,0.03864422509860373
2021-08-28,-0.0047696382234065915,-7.431323532466182e-05,0.8040238391591435,-0.004784201845965182
2021-08-29,-0.003484166316957804,0.00047601184847669497,0.8172986358466171,-0.0033971983028879384
2021-08-30,-0.015656590738204468,0.0003434447482938655,0.8275163614833578,-0.015597352138389309
2021-08-31,0.023570083085664217,0.000426207121829306,0.7792821943279735,0.02366415458635617
2021-09-01,0.041233940137851643,0.000360921152325295,0.5689230336084862,0.041389524933302564
2021-09-02,7.674695137938059e-05,0.0012092764473052417,0.4971654486034384,0.0006848129312745395
2021-09-03,0.013891447736879892,0.0010868268073904227,0.47804588024567163,0.014458721466456766
2021-09-04,-0.0036919764188070303,0.0013710665190456563,0.4784981931765714,-0.0029769627518496117
2021-09-05,0.01484742841691089,0.0011184601626938505,0.523433546981271,0.01538044900948865
2021-09-06,0.003871617529111804,0.0011473288922351148,0.5142137094034058,0.004428974175764999
2021-09-07,-0.064443771085541,0.0010823419051555275,0.44715896093701174,-0.06384540806207341
2021-09-08,5.787112981048281e-06,0.00032047518123499904,0.34610289362598295,0.00021534490665530285
2021-09-09,-0.0023909023711182753,-9.11462135148277e-05,0.3787664409783528,-0.0024475254577314386
2021-09-10,-0.01639505487338655,0.0003952826011097968,0.3584104209741783,-0.016141445675744284
2021-09-11,0.003907307668799875,0.0002954445240034441,0.2975227374172097,0.0041148507292668906
2021-09-12,0.00916364656012214,0.00012074362703164666,0.35088503109530034,0.00924202305582823
2021-09-13,-0.011523845190634874,0.00036959656717705497,0.29766123771819986,-0.01126426319510014
2021-09-14,0.015555528598353963,0.0005841075272473232,0.3414991526388131,0.015940163899996373
2021-09-15,0.014092280209349495,0.00016423410934911876,0.40263186788814664,0.014190388432480432
2021-09-16,-0.004119996805116322,-0.00010542638841358438,0.4126500410684674,-0.00418191899002134
2021-09-17,-0.010729793587435532,0.00044618251380736633,0.4132254371043486,-0.010467985037924532
2021-09-18,0.006530305154317295,0.000549519993757094,0.4304282803012673,0.00684329620217036
2021-09-19,-0.01045712858688097,9.28939146960219e-06,0.4310364732962094,-0.010451843261949494
2021-09-20,-0.032107673545110016,0.00016008028706390108,0.29543227991395743,-0.031994886142222685
2021-09-21,-0.01704326075863616,0.0006546736469481367,0.2500610321916339,-0.016552295479592534
2021-09-22,0.021733791662031487,0.0003921417751116563,0.2095548966907912,0.022043758207971477
2021-09-23,0.007233807724870367,0.000565852921860692,0.2649344807945409,0.0076497466966718225
2021-09-24,-0.01862241225119765,-0.00025637059317141125,0.23618521528557654,-0.01881823190062798
2021-09-25,-0.0005119703439551149,-3.763100358895722e-05,0.23037333125489293,-0.0005409321678888192
2021-09-26,0.007914750006811966,0.00018631953510762285,0.22968895689163604,0.008058274002252184
2021-09-27,-0.00819053333170261,0.00044846367531994994,0.22371082852621157,-0.007842395836752395
2021-09-28,-0.007665916536920392,-3.007665668877368e-05,0.21700945963722781,-0.007689466274593441
2021-09-29,0.0009751253653704772,0.00019994923333888198,0.1953803937789915,0.0011360084387638009
2021-09-30,0.012202602896069559,1.896153320783491e-05,0.2100857980233457,0.01221758088044168
2021-10-01,0.0255516154488169,-3.6726871696915795e-06,0.2845683903624769,0.02554898789232339
2021-10-02,0.0020121170337017436,-4.365056565075008e-07,0.38908882890085306,0.002011850367519935
2021-10-03,0.004108559892610719,0.00016753340743670244,0.47070223666566424,0.004197234950450746
2021-10-04,0.0034111198187849467,0.0004745399737423363,0.5403900115221952,0.0036292231306489196
2021-10-05,0.02129467954420594,-0.0002634030843429668,0.556860264833701,0.021177955171168213
2021-10-06,0.02463536853717252,0.00012635134360016072,0.5136335872478406,0.024696821586905744
2021-10-07,-0.007143046811458831,0.00041011886418688124,0.47998511105146335,-0.006929778895842989
2021-10-08,-0.0007652723840955167,0.0008002340388102369,0.5050810856935656,-0.00036922142241650117
2021-10-09,0.006039464180257026,0.00010976465240663792,0.5286009646691532,0.006091207131514941
2021-10-10,-0.012277837256092106,0.00032076139625808453,0.5524171158712845,-0.01213426994523776
2021-10-11,0.023562630904065296,0.0004556040402619102,0.5413234135013656,0.023771605810047617
2021-10-12,-0.010982550744543018,0.00029988479362736076,0.5297459256324606,-0.010841528698498883
2021-10-13,0.014933317640284605,3.1684594931930025e-05,0.5554548264604513,0.01494740287403715
2021-10-14,0.012007206344016641,0.00046272847979751295,0.5769696338160495,0.012202954542269126
2021-10-15,0.027116904348426063,0.000684400005162365,0.5772599673327696,0.027406227628965853
2021-10-16,-0.006428540045396169,0.0008823546580054844,0.526764155390488,-0.006010978193569807
2021-10-17,0.004336237429412915,0.0010057679630425312,0.5273900921488041,0.00481157333374613
2021-10-18,-0.004091814071675359,0.0008507097038313134,0.5262967660458948,-0.003688830133814327
2021-10-19,0.019765601165070867,0.00039288731042461095,0.5423018205208221,0.01994542497179268
2021-10-20,0.026545412937519774,0.0009327772313413743,0.5063004675157845,0.027005924620544932
2021-10-21,-0.019087812649988933,0.0014178912634176988,0.4351235310583052,-0.018286879239766265
2021-10-22,-0.009606581718049845,0.0010638705979353557,0.4324555493841217,-0.009002787864018237
2021-10-23,0.011883064631185603,0.0006048988464269402,0.4257975828403328,0.012230399010941046
2021-10-24,-0.005762279873113951,0.000910508582150502,0.44497820707862046,-0.0052569277673784765
2021-10-25,0.015171623115373345,0.0007591532731665907,0.451603369995025,0.01558794021203515
2021-10-26,-0.014517291199825366,0.0015060853514465948,0.46877661943284576,-0.013717223448007236
2021-10-27,-0.017491703752826826,0.0007951755742490265,0.42260296099085753,-0.017032571730763044
2021-10-28,0.026454597413809955,0.00014129822443117453,0.41051637963296783,0.026537890402699077
2021-10-29,0.012732479777164407,0.0007248477938486754,0.4355679750856438,0.013141607085201118
2021-10-30,-0.006071938315608705,0.000877178517129259,0.43414776136581945,-0.005575584888009303
2021-10-31,-0.0037912641080919407,0.0006393029748011193,0.44426655284175104,-0.0034359820621271916
2021-11-01,0.00010991054771314346,0.0007596262427515356,0.4314194323221461,0.0005418192680398068
2021-11-02,0.021714258177517154,0.000785007560938299,0.44664842338092164,0.02214864334902026
2021-11-03,-0.0005435934219224503,0.0010810715292223828,0.4432274137486011,5.83175693254505e-05
2021-11-04,-0.00885562891779268,0.0011849578126686725,0.44947591683766586,-0.008203281104387214
2021-11-05,-0.004467359493013134,0.0004120816610456245,0.45533613176717,-0.004242913501480215
2021-11-06,0.004079121270419428,0.001172195967655391,0.46088847413521433,0.004711065627154675
2021-11-07,0.011178312104152877,0.000668223448987597,0.49592235602104207,0.011515148605970037
2021-11-08,0.02810674868211116,0.00040032218074094114,0.49913363697562846,0.02830725659681686
2021-11-09,-0.005058239563101807,0.0012031904248571404,0.4583297501471104,-0.0044065071050488356
2021-11-10,-0.01199330011844435,0.0010826525764314097,0.45912244640827027,-0.011407717641514346
2021-11-11,0.0038442790466681753,0.0004187915888642903,0.41611080808566075,0.004088806929070668
2021-11-12,-0.0047905673955053185,0.0008258106770741163,0.45097752487922493,-0.004337178773596924
2021-11-13,-8.247512358738884e-05,0.0003784260978927918,0.4532985519362768,0.00012441097211570473
2021-11-14,0.003190534028799652,1.938433457092129e-05,0.4689370554291304,0.0032008283305954323
2021-11-15,-0.00966616917060692,0.0005583580375723379,0.4719844254207392,-0.009371347430577213
2021-11-16,-0.028940920551194904,0.0007007686650115645,0.36656055711066987,-0.02849702603843568
2021-11-17,0.004591812451816724,0.00040216398717515085,0.34724895058285,0.004854325416483089
2021-11-18,-0.02367450709589425,0.00013908340402754674,0.350534911924492,-0.023584177280647656
2021-11-19,0.018065325579642355,0.000597725201204679,0.337405228375681,0.01846137517282867
2021-11-20,0.01034470170118551,0.00015231574751524223,0.35767370797449416,0.010442538110504069
2021-11-21,-0.01041753750463914,-1.7526013760907677e-05,0.3568210184582561,-0.010428809868320368
2021-11-22,-0.015033766416739702,0.0004131032726104694,0.3738861160937755,-0.014775116722271189
2021-11-23,0.01620383219792476,4.933294840117459e-05,0.3520733755052359,0.016235796328658708
2021-11-24,-0.004534928140060401,0.00031035263600872996,0.3598955298237568,-0.004336270030420233
2021-11-25,0.017599138582541585,0.0003278612213635244,0.3726336197683211,0.017804827690206755
2021-11-26,-0.039438172259946946,0.00080783868773666,0.3054600519633302,-0.03887709601974432
2021-11-27,0.003499320737676781,0.0002976679606272971,0.2538004652378787,0.0037214404314104593
2021-11-28,0.008943235176226194,-0.00010488153471273194,0.25974570998357793,0.008865596170211588
2021-11-29,0.005187817598193201,0.0003608046398967821,0.278483574329951,0.005448144072336696
2021-11-30,0.007134720016366947,0.0005137538546283994,0.3052717452898078,0.007491639335143569
2021-12-01,-0.0016023067210053643,0.000145659444779772,0.3210269729247479,-0.001503407886861142
2021-12-02,-0.004695048869115759,0.0002748804563448587,0.3283181473753491,-0.004510416654947735
2021-12-03,-0.019172624971688257,0.000991766196792206,0.3390094682424837,-0.018517076905891446
2021-12-04,-0.014180330725167889,0.0003587660689160946,0.15723903299439274,-0.01387797668599936
2021-12-05,0.0022332971040763816,1.770451578762697e-06,0.19771819689151132,0.0022347175051613075
2021-12-06,0.007097060475525385,0.0005994414100451306,0.2174704451763783,0.007566141095270845
2021-12-07,-0.0024034059021148524,-4.3681049851997426e-06,0.31114740213757724,-0.002406414882581643
2021-12-08,0.007573869954732748,0.00039322962555737124,0.280501405790357,0.007856798117522861
2021-12-09,-0.020357989574024682,0.00022168568443202338,0.2809553114175561,-0.020198587660099073
2021-12-10,-0.01245110776731606,0.00022409178375934998,0.24385216006163526,-0.012281661249078493
2021-12-11,0.008157428472166828,1.4255920987334592e-05,0.2251412446310598,0.008168474797359711
2021-12-12,0.0024972393293158923,0.0003081573760079779,0.2570133623205494,0.002726196141992182
2021-12-13,-0.0193375351132814,0.0004299164918904517,0.21696574348130587,-0.019000895772688837
2021-12-14,0.002327162768816615,0.00021841314441607397,0.11366079170545118,0.0025207509023194813
2021-12-15,0.0048646754523313795,-0.00022926935925119963,0.11660150554715092,0.0046621392455447
2021-12-16,-0.0027589669312581,0.000281215336158456,0.20910779012331637,-0.0025365559125925244
2021-12-17,-0.004520569332474911,0.0004455151619836938,0.1572578867983993,-0.00414511494340142
2021-12-18,0.002125528482576744,0.0004310537160319291,0.1493402619420537,0.0024922085237453692
2021-12-19,-0.0017307341541812349,9.924966675786731e-05,0.18622534578036037,-0.001649967290933937
2021-12-20,-0.0018871630170307352,0.00024907752218280015,0.09439726201679213,-0.001661597730971918
2021-12-21,0.002417382785637745,7.350725578032173e-05,0.15888903601182358,0.002479210544407257
2021-12-22,-0.0012342096326807273,0.00041603653754310774,0.1588234610758817,-0.0008842494579642419
2021-12-23,0.0025979493908760976,0.00013041662511908744,0.141669825984507,0.002709889915409077
2021-12-24,-0.0025317156980799727,0.00031254532938732136,0.19340982621261282,-0.002279619706533017
2021-12-25,0.0018912178473722285,8.48956321700531e-05,0.2084722363129256,0.001958415097250591
2021-12-26,-0.0012177996625730714,0.00041865881002096244,0.21672787046545697,-0.0008898758848995545
2021-12-27,-0.0010266632895727934,-3.066140587211337e-05,0.2400908398988244,-0.0010499631727565923
2021-12-28,-0.00771894242490434,0.0005337238863017046,0.15883795013079754,-0.0072699941466386414
2021-12-29,-0.003996278485819849,0.00040658343661825725,0.09304046864078275,-0.003627523762686134
2021-12-30,0.000661942738104937,9.28086881499071e-05,0.03198543606508124,0.0007517828998937412
2021-12-31,-0.00030001820667402423,-0.00010426784484231657,0.045468447504970706,-0.0003995451544866715
2022-01-01,0.0008112187447413266,0.0006390447657438539,0.026109779802983756,0.001433578192367359
2022-01-02,0.0005693259905978909,2.4079757725904646e-05,0.030286974290259318,0.0005926764453206354
2022-01-03,-0.0005658273145062731,0.00013839252397425064,0.04540631817978679,-0.00043371868550930105
2022-01-04,0.0001744366456293278,-2.29062560851763e-05,0.034453753586932,0.00015231959604690936
2022-01-05,-0.0022184616726538264,0.0009408317643149391,0.03407203923997838,-0.001309685965130844
2022-01-06,-0.0017687614593607792,-0.0001268247405231415,0.012282013271074912,-0.001894028536737715
2022-01-07,0.0,0.0004054376152380808,0.004172166109630365,0.0004037460621602151
2022-01-08,0.0,-0.00018177177146609378,0.0,-0.00018177177146609378
2022-01-09,0.0,0.0005382770965580788,0.0,0.0005382770965580788
2022-01-10,0.0,2.409833900470572e-05,0.0,2.409833900470572e-05
2022-01-11,0.0,0.00047679793128752306,0.0,0.00047679793128752306
2022-01-12,0.0,-0.00038025560159860364,0.0,-0.00038025560159860364
2022-01-13,0.0,-7.635600642807869e-05,0.0,-7.635600642807869e-05
2022-01-14,0.0,0.00013784414223120094,0.0,0.00013784414223120094
2022-01-15,0.0,0.00017653362759793772,0.0,0.00017653362759793772
2022-01-16,0.0,2.644986549519456e-05,0.0,2.644986549519456e-05
2022-01-17,0.0,0.00019523844927574977,0.0,0.00019523844927574977
2022-01-18,0.0,4.125850726769497e-05,0.0,4.125850726769497e-05
2022-01-19,0.0,0.0001582816963842018,0.0,0.0001582816963842018
2022-01-20,0.0,0.0004937913234430421,0.0,0.0004937913234430421
2022-01-21,0.0,0.00011525462694819352,0.0,0.00011525462694819352
2022-01-22,0.0,0.00028977729764576054,0.0,0.00028977729764576054
2022-01-23,0.0,-0.00030391785835694424,0.0,-0.00030391785835694424
2022-01-24,0.0,0.00016498971776384742,0.0,0.00016498971776384742
2022-01-25,0.0,0.00022703742134524084,0.0,0.00022703742134524084
2022-01-26,0.0,-0.00020144170897957038,0.0,-0.00020144170897957038
2022-01-27,0.0,-5.37428368466897e-05,0.0,-5.37428368466897e-05
2022-01-28,0.0,-0.00015197219138181673,0.0,-0.00015197219138181673
2022-01-29,0.0,-3.670423692302609e-05,0.0,-3.670423692302609e-05
2022-01-30,0.0,6.456164680354125e-06,0.0,6.456164680354125e-06
2022-01-31,0.0,0.0001910880233873364,0.0,0.0001910880233873364
2022-02-01,0.0,-0.0003984666458371207,0.0,-0.0003984666458371207
2022-02-02,0.0,0.0002032657993253871,0.0,0.0002032657993253871
2022-02-03,0.0,-0.00031438502342803624,0.0,-0.00031438502342803624
2022-02-04,0.0,0.00015869932137228053,0.0,0.00015869932137228053
2022-02-05,0.0,2.4600503191342694e-06,0.0,2.4600503191342694e-06
2022-02-06,0.0,0.0003311820271443855,0.0,0.0003311820271443855
2022-02-07,0.0,-1.1477838471143752e-05,0.0,-1.1477838471143752e-05
2022-02-08,0.0,0.00036182675984959914,0.0,0.00036182675984959914
2022-02-09,0.0,0.00017227357636671612,0.0,0.00017227357636671612
2022-02-10,0.0,0.00010118320077321676,0.0,0.00010118320077321676
2022-02-11,0.0,-0.00022575420414262866,0.0,-0.00022575420414262866
2022-02-12,0.0,0.000434082783759709,0.0,0.000434082783759709
2022-02-13,0.0,-9.983385108363508e-05,0.0,-9.983385108363508e-05
2022-02-14,0.0,0.00018238160227471435,0.0,0.00018238160227471435
2022-02-15,0.0,-6.945987125748021e-05,0.0,-6.945987125748021e-05
2022-02-16,0.0,0.00033609049937064275,0.0,0.00033609049937064275
2022-02-17,0.0,0.00040637101000034646,0.0,0.00040637101000034646
2022-02-18,0.0,-0.00023366795074992834,0.0,-0.00023366795074992834
2022-02-19,0.0,0.0004957835237322425,0.0,0.0004957835237322425
2022-02-20,0.0,-9.998227661622396e-05,0.0,-9.998227661622396e-05
2022-02-21,0.0,1.7746801826038474e-05,0.0,1.7746801826038474e-05
2022-02-22,0.0,-0.00013707623374522681,0.0,-0.00013707623374522681
2022-02-23,0.0,0.000138410525923308,0.0,0.000138410525923308
2022-02-24,0.0,-0.00041784967142565344,0.0,-0.00041784967142565344
2022-02-25,0.0,0.0004473416352126021,0.0,0.0004473416352126021
2022-02-26,0.0,0.00015983462753698763,0.0,0.00015983462753698763
2022-02-27,0.0,0.0001635428980733957,0.0,0.0001635428980733957
2022-02-28,0.0,-0.0005421164806930806,0.0,-0.0005421164806930806
2022-03-01,0.0,0.00043581477515699374,0.0,0.00043581477515699374
2022-03-02,0.0,-0.0001047848431797698,0.0,-0.0001047848431797698
2022-03-03,0.0,0.00041026551086599083,0.0,0.00041026551086599083
2022-03-04,0.0,0.0005721333926218926,0.0,0.0005721333926218926
2022-03-05,0.0,0.00010976743979425576,0.0,0.00010976743979425576
2022-03-06,0.0,7.576652707891742e-05,0.0,7.576652707891742e-05
2022-03-07,0.0,-5.945656553466216e-05,0.0,-5.945656553466216e-05
2022-03-08,0.0,-3.6614904033543194e-05,0.0,-3.6614904033543194e-05
2022-03-09,0.0,4.2776926142780087e-05,0.0,4.2776926142780087e-05
2022-03-10,0.0,0.0003115349671013402,0.0,0.0003115349671013402
2022-03-11,0.0,-5.862469435362125e-05,0.0,-5.862469435362125e-05
2022-03-12,0.0,0.00010030948674024879,0.0,0.00010030948674024879
2022-03-13,0.0,0.0002843745240895428,0.0,0.0002843745240895428
2022-03-14,0.0,-0.0004182039822062719,0.0,-0.0004182039822062719
2022-03-15,0.0,1.3767582732599912e-05,0.0,1.3767582732599912e-05
2022-03-16,0.0,0.0002950936466092502,0.0,0.0002950936466092502
2022-03-17,0.0,0.0004052798876341978,0.0,0.0004052798876341978
2022-03-18,0.0,-1.8614112573685015e-05,0.0,-1.8614112573685015e-05
2022-03-19,0.0,0.0003228473641352561,0.0,0.0003228473641352561
2022-03-20,0.0,0.00015609037078411823,0.0,0.00015609037078411823
2022-03-21,0.0,0.0003758148339385427,0.0,0.0003758148339385427
2022-03-22,-0.0009302133031325877,0.00021708805748137268,0.05662821502212405,-0.0007254185548490053
2022-03-23,-0.0006776201216935895,7.968057509703904e-05,0.0190152286353556,-0.0005994546909498174
2022-03-24,0.002443106095424419,0.0001729720316032527,0.10923950857868239,0.002597182747297476
2022-03-25,0.0004464248442761498,0.0002270612767400113,0.17123675783980224,0.0006346048841562355
2022-03-26,0.0014971003992807486,0.00026276183913262566,0.1724724068971005,0.0017145430715774616
2022-03-27,0.008598227649354806,-0.00025017890530151625,0.18037402596934157,0.008393174520415127
2022-03-28,0.0015773287181326534,2.0940127400880182e-05,0.2542354340013363,0.0015929451231557275
2022-03-29,0.00296750229862508,0.0006891827588614132,0.3054623202946569,0.0034461656928576126
2022-03-30,-0.0023843557754609224,0.00014412595006290958,0.33770121081903437,-0.0022889013332447012
2022-03-31,-0.01019390858753022,9.321287082031855e-05,0.3023739301966031,-0.01012888085880475
2022-04-01,0.005657594374899988,0.0004755014347735463,0.24823892749233967,0.0060150578434842806
2022-04-02,-0.0038915402851860126,0.0002318754264225466,0.46053836542331655,-0.0037664523886299403
2022-04-03,0.008268265321455193,0.0002998953163218157,0.45085121671310097,0.008432952469526758
2022-04-04,-0.002331241028362574,1.046323489482721e-05,0.505249799232618,-0.002326064340797682
2022-04-05,-0.0169140946227484,0.0006200394561939589,0.6300656137858374,-0.016684720707092725
2022-04-06,-0.015951462669711036,4.3970393119760934e-05,0.2737598415738152,-0.01591952960444568
2022-04-07,0.0030471309437325456,0.0003145531766174685,0.2610358772883166,0.0032795744559378464
2022-04-08,-0.004930220606457536,-6.32622366722711e-05,0.2602328397385334,-0.004977019931632371
2022-04-09,0.004033131394014511,0.0002751148892705723,0.2276917243720225,0.004245604899746649
2022-04-10,-0.003899403279384428,0.0003567764879378272,0.2226402174720191,-0.003622059586309982
2022-04-11,-0.010582936641596485,6.19658397273238e-05,0.14387956158092702,-0.010529886419722122
2022-04-12,0.0018298405352028535,-0.000283030443213385,0.09105151156305498,0.0015725804416624085
2022-04-13,0.003454033369648224,1.849842178453217e-05,0.09144782985913762,0.0034708401509047416
2022-04-14,-0.0036578953407693238,0.0002071378693903064,0.08231511742798568,-0.003467808049421663
2022-04-15,0.0007083407292070021,-0.00028872652522725996,0.07251014739463482,0.0004405498068807115
2022-04-16,0.0003743219465905945,-8.055572400270251e-05,0.05839336956804413,0.00029847014275040314
2022-04-17,-0.001537935467051832,0.00031670806591686747,0.04632809428868177,-0.0012358998822747471
2022-04-18,-0.0016448413789063032,-0.00044669786874422046,0.017423109572044387,-0.0020837563817377946
2022-04-19,0.0007926251849037502,0.00013019355033139923,0.06861524533968583,0.0009138854728375158
2022-04-20,-0.00047221314463130604,0.0003750794752024926,0.1125277018528582,-0.00013934050078552606
2022-04-21,-0.0031137544050435784,-5.457229440230961e-05,0.12751844276378171,-0.003161367725445659
2022-04-22,-0.00045282424724246706,-0.000178520269522891,0.05934047118792139,-0.000620751039855275
2022-04-23,-0.0005410165676053014,-0.0001673446189449788,0.04263061095895505,-0.0007012271832039622
2022-04-24,-0.00022179674327049703,-0.00043736132082509147,0.04373170047677889,-0.0006400315098131372
2022-04-25,-5.386633533221996e-05,-0.00044407608089082714,0.010720191644756688,-0.0004931818355310449
2022-04-26,-0.002805299329980082,0.0004799754781070087,0.03535349820437559,-0.002342292664076474
2022-04-27,0.0,-0.00024417582748070403,0.0,-0.00024417582748070403
2022-04-28,0.0,-0.00016928281421545546,0.020806239771935978,-0.0001657606753936206
2022-04-29,0.0,0.0004070723827943955,0.020801233084550737,0.00039860477527760583
2022-04-30,0.0,-0.00018268766250759027,0.0,-0.00018268766250759027
2022-05-01,0.0,3.308976264185023e-05,0.0,3.308976264185023e-05
2022-05-02,0.0,-0.00021765692087002316,0.0,-0.00021765692087002316
2022-05-03,0.0,0.0003361481684447416,0.0,0.0003361481684447416
2022-05-04,0.0,0.00010642350781967941,0.0,0.00010642350781967941
2022-05-05,-0.003984449121584577,0.0005155102956293221,0.035455621520263075,-0.003487216563886887
2022-05-06,0.0,-0.00015148394425694705,0.0,-0.00015148394425694705
2022-05-07,0.0,-0.00015943725840040647,0.0,-0.00015943725840040647
2022-05-08,0.0,0.00026839484665724353,0.0,0.00026839484665724353
2022-05-09,0.0,0.0004979567383134242,0.0,0.0004979567383134242
2022-05-10,0.0,0.00017891346104951703,0.0,0.00017891346104951703
2022-05-11,0.0,0.00036109100599341173,0.0,0.00036109100599341173
2022-05-12,0.0,-0.0012870074930511686,0.0,-0.0012870074930511686
2022-05-13,0.0,9.192337429596341e-05,0.0,9.192337429596341e-05
2022-05-14,0.0,0.00018500345191768252,0.0,0.00018500345191768252
2022-05-15,0.0,0.00011646607801498349,0.0,0.00011646607801498349
2022-05-16,0.0,0.00015389208223054741,0.0,0.00015389208223054741
2022-05-17,0.0,1.9152415870379104e-05,0.0,1.9152415870379104e-05
2022-05-18,0.0,0.00010569146508487801,0.0,0.00010569146508487801
2022-05-19,0.0,-0.00039258951454199,0.0,-0.00039258951454199
2022-05-20,0.0,0.0004943692761141034,0.0,0.0004943692761141034
2022-05-21,0.0,0.0002758616177880071,0.0,0.0002758616177880071
2022-05-22,0.0,-0.00012984271410797815,0.0,-0.00012984271410797815
2022-05-23,0.0,0.0003581906491705985,0.0,0.0003581906491705985
2022-05-24,0.0,-0.0001248317846317021,0.0,-0.0001248317846317021
2022-05-25,0.0,4.702126307364472e-05,0.0,4.702126307364472e-05
2022-05-26,0.0,0.0002443662763408712,0.0,0.0002443662763408712
2022-05-27,0.0,7.917716185208937e-05,0.0,7.917716185208937e-05
2022-05-28,0.0,0.0002310670568865275,0.0,0.0002310670568865275
2022-05-29,0.0,0.00039911314676162085,0.0,0.00039911314676162085
2022-05-30,0.0,-1.638259364804063e-05,0.0,-1.638259364804063e-05
2022-05-31,0.0,4.499341313325966e-05,0.0,4.499341313325966e-05
2022-06-01,0.0,0.0004856649798110718,0.0,0.0004856649798110718
2022-06-02,0.0,6.951489128771547e-05,0.0,6.951489128771547e-05
2022-06-03,0.0,0.00018694716280875617,0.0,0.00018694716280875617
2022-06-04,0.0,9.017623753469693e-05,0.0,9.017623753469693e-05
2022-06-05,0.0,1.498127620937867e-05,0.0,1.498127620937867e-05
2022-06-06,0.0,0.0002389649644655565,0.0,0.0002389649644655565
2022-06-07,0.0,-4.348384317251068e-05,0.0,-4.348384317251068e-05
2022-06-08,0.0,0.0003570350886993365,0.0,0.0003570350886993365
2022-06-09,0.0,0.00028135136704051224,0.0,0.00028135136704051224
2022-06-10,0.0,0.0001687406653876517,0.0,0.0001687406653876517
2022-06-11,0.0,-0.00027785162990314957,0.0,-0.00027785162990314957
2022-06-12,0.0,-6.206637260102225e-05,0.0,-6.206637260102225e-05
2022-06-13,0.0,0.0002270623649483373,0.0,0.0002270623649483373
2022-06-14,0.0,-0.0002106046024906524,0.0,-0.0002106046024906524
2022-06-15,0.0,5.853886979198102e-05,0.0,5.853886979198102e-05
2022-06-16,0.0,-0.00011453689196084006,0.0,-0.00011453689196084006
2022-06-17,0.0,-0.00014005170831934781,0.0,-0.00014005170831934781
2022-06-18,0.0,-3.977422677602541e-05,0.0,-3.977422677602541e-05
2022-06-19,0.0,-0.00036735786647160623,0.0,-0.00036735786647160623
2022-06-20,0.0,-0.00012090583757449954,0.0,-0.00012090583757449954
2022-06-21,0.0,0.00027196643900661297,0.0,0.00027196643900661297
2022-06-22,0.0,9.01759363740046e-05,0.0,9.01759363740046e-05
2022-06-23,0.0,-1.0054266518013092e-06,0.0,-1.0054266518013092e-06
2022-06-24,0.0,-0.00012063394900998776,0.0,-0.00012063394900998776
2022-06-25,0.0,0.00020733934457396784,0.0,0.00020733934457396784
2022-06-26,0.0,5.2629202321571735e-05,0.0,5.2629202321571735e-05
2022-06-27,0.0,8.549615997207946e-05,0.0,8.549615997207946e-05
2022-06-28,0.0,-8.377213286459847e-06,0.0,-8.377213286459847e-06
2022-06-29,0.0,0.0002522877214384714,0.0,0.0002522877214384714
2022-06-30,0.0,-0.00035447081607140757,0.0,-0.00035447081607140757
2022-07-01,0.0,-0.0002288918100605069,0.0,-0.0002288918100605069
2022-07-02,0.0,6.648293040346065e-05,0.0,6.648293040346065e-05
2022-07-03,0.0,-2.452363136441837e-05,0.0,-2.452363136441837e-05
2022-07-04,0.0,0.00021536564720891322,0.0,0.00021536564720891322
2022-07-05,0.0,-1.627672794111408e-05,0.0,-1.627672794111408e-05
2022-07-06,0.0,0.0001207211225916486,0.0,0.0001207211225916486
2022-07-07,0.0,0.000372650735301453,0.0,0.000372650735301453
2022-07-08,0.0,8.665134438399224e-05,0.0,8.665134438399224e-05
2022-07-09,0.0,0.00027214668483174044,0.0,0.00027214668483174044
2022-07-10,0.0,0.00017789337686509717,0.0,0.00017789337686509717
2022-07-11,0.0,0.00013332143145095013,0.0,0.00013332143145095013
2022-07-12,0.0,8.715966357319976e-05,0.0,8.715966357319976e-05
2022-07-13,0.0,-7.715653137923726e-06,0.0,-7.715653137923726e-06
2022-07-14,0.0,-0.0002950469285492271,0.0,-0.0002950469285492271
2022-07-15,0.0,0.00013286174769041461,0.0,0.00013286174769041461
2022-07-16,0.0,0.00014889384849299384,0.0,0.00014889384849299384
2022-07-17,0.0,-3.961739969569071e-05,0.0,-3.961739969569071e-05
2022-07-18,0.0,0.0003992017003576516,0.0,0.0003992017003576516
2022-07-19,0.0,0.00027710737949810114,0.0,0.00027710737949810114
2022-07-20,0.0,-0.00021525875202199483,0.0,-0.00021525875202199483
2022-07-21,0.0,0.00031738246751799166,0.0,0.00031738246751799166
2022-07-22,0.0,0.00046623892358914625,0.0,0.00046623892358914625
2022-07-23,0.0,0.00018218913148872453,0.0,0.00018218913148872453
2022-07-24,0.0,-2.042770185055982e-05,0.0,-2.042770185055982e-05
2022-07-25,0.0,0.0002980042631634234,0.0,0.0002980042631634234
2022-07-26,0.0,0.00039596849045034756,0.0,0.00039596849045034756
2022-07-27,0.0,-0.00016256982979622993,0.0,-0.00016256982979622993
2022-07-28,0.0,0.00026642678727054867,0.0,0.00026642678727054867
2022-07-29,0.0,-3.23362317970648e-05,0.0,-3.23362317970648e-05
2022-07-30,0.0,0.0005631857080113967,0.0,0.0005631857080113967
2022-07-31,0.0,5.805547458650837e-05,0.0,5.805547458650837e-05
2022-08-01,0.0,0.0004545341529966978,0.0,0.0004545341529966978
2022-08-02,0.0,0.0002430493608683923,0.0,0.0002430493608683923
2022-08-03,0.0,6.4382195090056e-05,0.0,6.4382195090056e-05
2022-08-04,0.0,2.5554450208159198e-05,0.0,2.5554450208159198e-05
2022-08-05,0.0,-0.00014605744908840885,0.01102046203873839,-0.00014444782851525507
2022-08-06,0.0,0.00044735122578992275,0.04468336598555473,0.0004273620672438651
2022-08-07,0.0,6.040733583999176e-05,0.045906910988034524,5.763422165056095e-05
2022-08-08,0.0,0.00012125169663805262,0.04690126808900842,0.0001155648383077842
2022-08-09,0.00024488422418356137,0.00011337261842532394,0.04959272643164148,0.00035263438535847934
2022-08-10,0.0049919281922869985,-3.624682323165711e-05,0.05587012799282436,0.004957706483708627
2022-08-11,0.0008767659334389943,0.0003585896088808825,0.053841037366041865,0.001216048705789047
2022-08-12,0.0025697473741508325,7.743426707384014e-05,0.054841441935939185,0.002642935034363091
2022-08-13,0.0008294412966518561,-6.081960047223887e-06,0.05604768461552978,0.0008237002163832033
2022-08-14,-0.0015820770812831064,5.038083514271597e-05,0.05739736074369016,-0.0015345879731096454
2022-08-15,-0.0011907373664173937,-0.00013135498049604956,0.057538304901999224,-0.0013145344039952654
2022-08-16,-0.00073634188314875,0.0001589193310512731,0.05791862687330555,-0.000586626941535591
2022-08-17,-0.0013960982460388127,4.146177558507789e-05,0.05855542075241418,-0.0013570642821682613
2022-08-18,0.0004001020213084683,7.261225956254896e-05,0.05902189844623517,0.0004684285674611648
2022-08-19,-0.007820282770951925,0.0002319651306863625,0.051743197472236054,-0.00760032025782934
2022-08-20,-0.001094729783626902,0.00012797170779810208,0.03921385875307528,-0.0009717763403027846
2022-08-21,0.0013990801920338303,-0.0001620432228504749,0.034697440004795924,0.0012426594541863935
2022-08-22,0.0002167552749887669,-2.2555986204424982e-05,0.0397984030032945,0.00019509698101344237
2022-08-23,0.0013523527288781256,6.237523151742041e-05,0.03732191753057532,0.0014123999971489022
2022-08-24,-0.0002933044936664908,-0.00011737886372558347,0.03974234531064661,-0.00040601844605772083
2022-08-25,0.0012779893293755062,-4.102820591997439e-05,0.04030333959808054,0.0012386146971718245
2022-08-26,-0.0061890954692225275,0.00016002749823964882,0.03789363052831434,-0.006035131993875543
2022-08-27,-5.024554896460032e-05,-0.00023433490418105744,0.0,-0.00028458045314565776
2022-08-28,0.0,-0.0005496760227750149,0.0,-0.0005496760227750149
2022-08-29,0.0,-0.00010841048459403443,0.005067471158164531,-0.00010786111759011152
2022-08-30,0.0,-0.00016154097782226037,0.015257156103503245,-0.0001590763219065136
2022-08-31,0.0,-3.6751225564667057e-06,0.01969190242810316,-3.6027524016734425e-06
2022-09-01,0.0,-5.117043853525088e-05,0.019804197598796407,-5.01570490592817e-05
2022-09-02,0.0,0.00015321595749851865,0.01991910827843304,0.00015016403225112188
2022-09-03,0.0,-3.0881919945815995e-05,0.020183177154383124,-3.0258624684682113e-05
2022-09-04,0.0,-7.611854454199843e-05,0.02074396244851036,-7.453954431238394e-05
2022-09-05,0.0,7.4157420515406935e-06,0.023646506633333522,7.240385657927846e-06
2022-09-06,-0.0036444227812728602,-0.00019166638784167618,0.037863712444597186,-0.0038288319681200047
2022-09-07,0.0023361891670223844,-0.0004404971004675244,0.02069087023147979,0.0019048063348979767
2022-09-08,0.0001763078723673317,0.0002524747729480779,0.03162740772501338,0.0004207975227311006
2022-09-09,0.0027199804654631787,-0.0002141889197573334,0.05646233799726849,0.0025178851528884537
2022-09-10,0.001829680656693533,3.570376436349507e-05,0.06277491028037857,0.001863143120452438
2022-09-11,-0.00026174585267935147,-0.0001951891438771979,0.06388954745466827,-0.00044446445048617104
2022-09-12,-0.00137779511264835,-0.00021671460487511716,0.10652948742274407,-0.0015714232217490984
2022-09-13,-0.011409863076871862,-1.2175508617905887e-05,0.1301227983883097,-0.011420454274236606
2022-09-14,0.0021186323579995836,-0.001954562352203889,0.040429309936538954,0.00024309161292323644
2022-09-15,-0.005472547951606899,-0.002717012785417698,0.04088512919034139,-0.008078475318280985
2022-09-16,-4.892565062386556e-05,-4.303951509411884e-05,0.004785426844662911,-9.175920326707173e-05
2022-09-17,0.0,0.0003015680693190093,0.0,0.0003015680693190093
2022-09-18,0.0,0.00016916481635042554,0.0,0.00016916481635042554
2022-09-19,0.0,-0.000165220796314893,0.0,-0.000165220796314893
2022-09-20,0.0,-4.38518723781908e-05,0.0,-4.38518723781908e-05
2022-09-21,0.0,0.0003751263117462329,0.0,0.0003751263117462329
2022-09-22,0.0,-0.0007762151983951621,0.0,-0.0007762151983951621
2022-09-23,0.0,-5.624859909427897e-05,0.0,-5.624859909427897e-05
2022-09-24,0.0,0.00014765487995405433,0.0,0.00014765487995405433
2022-09-25,0.0,-0.00011901190846852616,0.0,-0.00011901190846852616
2022-09-26,0.0,0.00024409190986820746,0.0,0.00024409190986820746
2022-09-27,0.0,3.14860571781912e-05,0.0,3.14860571781912e-05
2022-09-28,0.0,-0.00012923510419916953,0.0,-0.00012923510419916953
2022-09-29,0.0,0.00028553544877804295,0.0,0.00028553544877804295
2022-09-30,0.0,0.00026867066503282,0.0,0.00026867066503282
2022-10-01,0.0,-5.850961773989147e-05,0.0,-5.850961773989147e-05
2022-10-02,0.0,0.00019151848902255908,0.0,0.00019151848902255908
2022-10-03,0.0,-1.7710993466936136e-05,0.0,-1.7710993466936136e-05
2022-10-04,0.0,0.00024858136329425275,0.0,0.00024858136329425275
2022-10-05,0.0,0.00014853222026778578,0.0,0.00014853222026778578
2022-10-06,0.0,0.00011631274739621631,0.0,0.00011631274739621631
2022-10-07,0.0,0.00024747564119188066,0.0,0.00024747564119188066
2022-10-08,0.0,0.00023905439722288934,0.0,0.00023905439722288934
2022-10-09,0.0,-0.00010311559358371024,0.0,-0.00010311559358371024
2022-10-10,0.0,0.0001052738324387489,0.0,0.0001052738324387489
2022-10-11,0.0,0.00011919870625309924,0.0,0.00011919870625309924
2022-10-12,0.0,0.00021720973744740615,0.0,0.00021720973744740615
2022-10-13,0.0,0.00014589529642791569,0.0,0.00014589529642791569
2022-10-14,0.0,0.0003173683797771898,0.0,0.0003173683797771898
2022-10-15,0.0,-3.774042125450515e-05,0.0,-3.774042125450515e-05
2022-10-16,0.0,-5.3489058578301554e-05,0.0,-5.3489058578301554e-05
2022-10-17,0.0,0.00015939098297568214,0.0,0.00015939098297568214
2022-10-18,0.0,0.00016512326740066025,0.0,0.00016512326740066025
2022-10-19,0.0,0.00018697807238902934,0.0,0.00018697807238902934
2022-10-20,0.0,-4.140655209480216e-06,0.0,-4.140655209480216e-06
2022-10-21,0.0,0.00034102872350177737,0.0,0.00034102872350177737
2022-10-22,0.0,-0.0001398635350160688,0.0,-0.0001398635350160688
2022-10-23,0.0,0.00021721403822027007,0.0,0.00021721403822027007
2022-10-24,0.0,0.00025964553083416577,0.0,0.00025964553083416577
2022-10-25,-0.0009087285941081769,-8.829104637793375e-05,0.014151588586291883,-0.000995770181921917
2022-10-26,0.005557478448227959,0.00018249713571855895,0.09610923259368767,0.005722435924282061
2022-10-27,-0.00565663989604881,-0.0001086785367976149,0.16214528959984018,-0.005747696720024088
2022-10-28,0.0016425377319435608,9.385300933186124e-05,0.08810344159552096,0.0017281219681491884
2022-10-29,0.006580419461102327,0.0002603925817568479,0.15161979621069863,0.006801331372678424
2022-10-30,-0.0029214573553923984,7.764836803640506e-05,0.15860997843579264,-0.002856124793335822
2022-10-31,-0.001786595899948007,6.367637965008641e-05,0.17027855699818822,-0.001733762242339606
2022-11-01,0.0005838256103400941,2.4741047288180783e-05,0.13195976001983928,0.000605301834965487
2022-11-02,-0.006060584681642722,0.00027084967984953174,0.15720347054539763,-0.005832313511461647
2022-11-03,-0.0008237157991463073,-0.00020629485094044234,0.1133151767522241,-0.0010066343125893597
2022-11-04,0.011834570373267628,0.00016650622925609078,0.17454759577006893,0.011972013340526328
2022-11-05,5.4637864558726434e-05,0.00017223558435046577,0.3790356422809992,0.00016159002357127018
2022-11-06,-0.009401604545526743,0.00012873818038784557,0.4000674622095366,-0.009324370322256137
2022-11-07,-0.0019665113276446933,0.00024041372235088405,0.257504760742232,-0.001788005283346923
2022-11-08,-0.011943238903828535,0.00030929663921558414,0.05699048435870588,-0.011651569229892366
2022-11-09,-3.3026863029417264e-05,-0.00044338339022349094,0.0,-0.0004764102532529082
2022-11-10,0.0,-0.0020063992129911775,0.0,-0.0020063992129911775
2022-11-11,0.0,-0.0004208475564703495,0.0,-0.0004208475564703495
2022-11-12,0.0,-8.604137440955467e-05,0.0,-8.604137440955467e-05
2022-11-13,0.0,0.00012803873011316564,0.0,0.00012803873011316564
2022-11-14,0.0,1.6944753519894124e-05,0.0,1.6944753519894124e-05
2022-11-15,0.0,-0.00019773110253312544,0.0,-0.00019773110253312544
2022-11-16,0.0,-0.0001448619888793792,0.0,-0.0001448619888793792
2022-11-17,0.0,-5.2285656656271444e-05,0.0,-5.2285656656271444e-05
2022-11-18,0.0,-0.00015202352302187458,0.0,-0.00015202352302187458
2022-11-19,0.0,0.00012754740858295582,0.0,0.00012754740858295582
2022-11-20,0.0,7.695805217189228e-07,0.0,7.695805217189228e-07
2022-11-21,0.0,-0.00010294019911175614,0.0,-0.00010294019911175614
2022-11-22,0.0,-2.8202922196575223e-05,0.0,-2.8202922196575223e-05
2022-11-23,0.0,0.00014150848778499278,0.0,0.00014150848778499278
2022-11-24,0.0,9.107786617245564e-05,0.0,9.107786617245564e-05
2022-11-25,0.0,1.8321408347366462e-05,0.0,1.8321408347366462e-05
2022-11-26,0.0,3.93194760151332e-05,0.0,3.93194760151332e-05
2022-11-27,0.0,-0.00017758925209593698,0.0,-0.00017758925209593698
2022-11-28,0.0,-6.480891169153397e-06,0.0,-6.480891169153397e-06
2022-11-29,0.0,0.00019366468629784185,0.0,0.00019366468629784185
2022-11-30,0.0,8.858363078693016e-05,0.0,8.858363078693016e-05
2022-12-01,0.0,8.455736486997912e-05,0.0,8.455736486997912e-05
2022-12-02,0.0,0.00012302039772122216,0.0,0.00012302039772122216
2022-12-03,0.0,1.8474615839044304e-05,0.0,1.8474615839044304e-05
2022-12-04,0.0,1.4623678074285115e-05,0.0,1.4623678074285115e-05
2022-12-05,0.0,0.0001455267441614987,0.0,0.0001455267441614987
2022-12-06,0.0,8.417679499601547e-05,0.0,8.417679499601547e-05
2022-12-07,0.0,-5.180214192436539e-05,0.0,-5.180214192436539e-05
2022-12-08,0.0,3.399728444705285e-05,0.0,3.399728444705285e-05
2022-12-09,0.0,0.00021083070726915344,0.0,0.00021083070726915344
2022-12-10,0.0,-3.9775555994598876e-05,0.0,-3.9775555994598876e-05
2022-12-11,0.0,6.054622790130148e-05,0.0,6.054622790130148e-05
2022-12-12,0.0,3.830882700866776e-05,0.0,3.830882700866776e-05
2022-12-13,0.0,-0.0004361582309143541,0.0,-0.0004361582309143541
2022-12-14,0.0,0.0003165524345778821,0.0,0.0003165524345778821
2022-12-15,0.0,0.000564788624706604,0.0,0.000564788624706604
2022-12-16,0.0,0.0003274329771112014,0.0,0.0003274329771112014
2022-12-17,0.0,0.00014660212043557516,0.0,0.00014660212043557516
2022-12-18,0.0,8.117963284006292e-05,0.0,8.117963284006292e-05
2022-12-19,0.0,0.00010052458302117903,0.0,0.00010052458302117903
2022-12-20,0.0,0.00012971069257295892,0.0,0.00012971069257295892
2022-12-21,0.0,2.8668420293047954e-05,0.0,2.8668420293047954e-05
2022-12-22,0.0,0.00012724467472010516,0.0,0.00012724467472010516
2022-12-23,0.0,0.0001603107794749443,0.0,0.0001603107794749443
2022-12-24,0.0,0.00028454873754087866,0.0,0.00028454873754087866
2022-12-25,0.0,7.657518795047692e-05,0.0,7.657518795047692e-05
2022-12-26,0.0,1.3213850325210239e-05,0.0,1.3213850325210239e-05
2022-12-27,0.0,8.530929939216595e-05,0.0,8.530929939216595e-05
2022-12-28,0.0,0.000123775691885912,0.0,0.000123775691885912
2022-12-29,0.0,7.012439338301084e-05,0.0,7.012439338301084e-05
2022-12-30,0.0,0.0003986789715746988,0.0,0.0003986789715746988
2022-12-31,0.0,0.00011441139181677232,0.0,0.00011441139181677232
2023-01-01,0.0,0.0003903945708731768,0.0,0.0003903945708731768
2023-01-02,0.0,0.0002508961181455007,0.0,0.0002508961181455007
2023-01-03,0.0,3.91187267523356e-06,0.0,3.91187267523356e-06
2023-01-04,0.0,0.00025357738782806616,0.0,0.00025357738782806616
2023-01-05,0.0,7.934435054189138e-05,0.0,7.934435054189138e-05
2023-01-06,0.0,0.00034066167428322314,0.0,0.00034066167428322314
2023-01-07,0.0,7.533349868910159e-05,0.0,7.533349868910159e-05
2023-01-08,0.0,0.00011061692434424397,0.0,0.00011061692434424397
2023-01-09,0.0014365611632536357,0.00010684514757559082,0.12752138443438382,0.0015297812696902912
2023-01-10,0.0019750027870799602,0.00035896961059645865,0.17099600147365868,0.0022725900296138683
2023-01-11,0.006959066058972008,-6.0963460816973195e-05,0.17384663400153766,0.00690870089061515
2023-01-12,0.017854586326305988,0.00025025738124283183,0.6727483205888276,0.017936483474602746
2023-01-13,0.029450595879755515,0.0002268932297318988,0.7817658309206845,0.029500111735215776
2023-01-14,0.06205796989635037,0.0002927744309328561,0.8917097446377148,0.06208967451423964
2023-01-15,-0.001124116697910238,0.0002364968864309475,0.8138393682154532,-0.0010800902881171746
2023-01-16,0.013309955496809911,0.000683066595737996,0.8756512211377983,0.013394893993871492
2023-01-17,-0.004573544400547247,0.0003674436431158538,0.9081474633197639,-0.004539793769840029
2023-01-18,-0.02592529416741507,0.00013861718658434227,0.8947245301299076,-0.02591070117796533
2023-01-19,0.02080819639476772,0.00044638076281699037,0.9299087193200242,0.02083948379410447
2023-01-20,0.07124065706969906,0.0001825694302220096,0.9790922876636587,0.07124447417882755
2023-01-21,-0.007295703058491809,4.6434847207420954e-05,1.0581697578371094,-0.007295703058491809
2023-01-22,-0.002106658550815932,0.0003643303075699159,1.0743777056710324,-0.002106658550815932
2023-01-23,0.004940714685444103,0.0002870826862641615,1.1195007081341066,0.004940714685444103
2023-01-24,-0.029414102934449238,0.0004528894960447846,1.089790554427449,-0.029414102934449238
2023-01-25,0.027508331304318956,0.0003138026838258105,1.0580436029564202,0.027508331304318956
2023-01-26,-0.004325854312243305,0.00036647793533375504,1.0197775161075915,-0.004325854312243305
2023-01-27,0.0006960895836127801,0.00026667153340930485,1.0596723529769214,0.0006960895836127801
2023-01-28,-0.008702935406021739,0.00028454454933184804,1.1154521396879677,-0.008702935406021739
2023-01-29,0.046087675377041615,-0.0002625803700536813,1.247308156193526,0.046087675377041615
2023-01-30,-0.05375256932219674,0.0006530990641853138,1.2130183001063852,-0.05375256932219674
2023-01-31,0.013977988691500576,0.0002567824145803277,1.1157859714951202,0.013977988691500576
2023-02-01,0.0357956855939392,7.932959272596951e-05,1.1765050392447844,0.0357956855939392
2023-02-02,-0.004810320266633639,-1.4506342388681504e-05,1.0773956537952092,-0.004810320266633639
2023-02-03,0.004104395042782594,0.0006133692915428659,1.0295922923996388,0.004104395042782594
2023-02-04,-0.001951109789869121,0.00023273427699045709,1.079237448564101,-0.001951109789869121
2023-02-05,-0.022389236633302056,0.0002780636060835019,1.098350938646013,-0.022389236633302056
2023-02-06,-0.008726537008957758,0.000375953252717703,1.0667665233770616,-0.008726537008957758
2023-02-07,0.028189138322076257,0.00031968647821857587,1.0630644624441097,0.028189138322076257
2023-02-08,-0.01322462040846617,0.00018671231396667081,1.1244415664037193,-0.01322462040846617
2023-02-09,-0.059464394186233394,0.00032368412423627125,1.0471391749627226,-0.059464394186233394
2023-02-10,-0.01163603047850581,0.0003606908438144095,0.8607349251311643,-0.011585798841137493
2023-02-11,0.011374971417642321,0.00021791171404954336,0.9011795603881326,0.011396505549021272
2023-02-12,-0.007460789475443708,3.026505483635785e-05,0.9435281085787819,-0.0074590803505531315
2023-02-13,-0.002534882644283032,8.245310112022048e-05,0.9109235238362229,-0.002527538012586467
2023-02-14,0.022195813204835213,0.0003621252826386494,0.8599831377953037,0.022246516850635265
2023-02-15,0.08601580731352443,-0.0005778877768515089,0.9169338633027063,0.08596780440845679
2023-02-16,-0.02499409677411457,4.42071252549025e-05,0.8845868939731241,-0.024988994692480383
2023-02-17,0.02903215864441666,0.0004711643345726976,0.7580479557747555,0.029146157818332553
2023-02-18,0.0003773086948655191,0.0004315766731196359,0.7912583879259409,0.0004673967053460711
2023-02-19,-0.008689000816744952,0.0003166428005972838,0.8341468405587575,-0.00863648460785157
2023-02-20,0.014914831535083772,5.110814671030574e-05,0.8587384496449553,0.014922051151123843
2023-02-21,-0.017296748100036563,0.0007965881563125319,0.8687448723479444,-0.017192191819893645
2023-02-22,-0.00831913680321239,0.0004516667438052277,0.8272212645958087,-0.008241098394393595
2023-02-23,-0.003088583502101727,9.965269806079644e-05,0.856783245434756,-0.0030743115661017897
2023-02-24,-0.025871772806681625,8.669784682771591e-05,0.8560568190115774,-0.025859293242824398
2023-02-25,-0.003382751919867477,0.0002155848699839455,0.7593847343159645,-0.003330878909098832
2023-02-26,0.01829820369026347,3.4342333987739995e-05,0.8309644740911184,0.018304008764750027
2023-02-27,-0.003590837940668945,0.0002206791816022401,0.9399923965812059,-0.003577595511856574
2023-02-28,-0.015015885245365013,3.228698736272135e-05,0.9647410817673034,-0.01501474684111761
2023-03-01,0.02526143120495772,0.00018140280668405646,0.9153296253926672,0.025276790648554478
2023-03-02,-0.008033845004774443,0.0001685379703448139,0.9089076481193313,-0.008018492484674539
2023-03-03,-0.04510971090474292,0.00012860090646887168,0.6520664198080867,-0.045064966330939274
2023-03-04,-0.0005403871983850062,8.697847598438763e-05,0.5232498231914653,-0.0004989201945809125
2023-03-05,0.0006966145564208936,4.094899080347162e-05,0.5051320827661783,0.0007168788982126346
2023-03-06,-4.7853157835286986e-05,0.0002131858726194902,0.5374190276051714,5.076257042187686e-05
2023-03-07,-0.0032840922312362686,5.9094438102916934e-05,0.5160332227455899,-0.0032554924864739397
2023-03-08,-0.011015308889275266,0.0001371713401391828,0.5129114527766306,-0.01094849430048619
2023-03-09,-0.03275408416818759,0.00041538018840518677,0.48419900848816944,-0.032539830655153826
2023-03-10,-0.00470853520385095,-0.00022825361510924407,0.13587907978420227,-0.004905773927781732
2023-03-11,0.0011638350420888344,3.393826507738741e-05,0.18666772291631548,0.0011914381285044956
2023-03-12,0.02082427470538728,9.508426427146498e-05,0.2926248841833913,0.020891534947838644
2023-03-13,0.02620585159712996,-0.0005478520696492039,0.4296513536667729,0.02589338491081468
2023-03-14,0.01053474552054734,0.000243046605047002,0.5700553968346301,0.010639242096704964
2023-03-15,-0.01215417510393102,0.0008442581332581159,0.6169267039433844,-0.011830762358101227
2023-03-16,0.014178896505333993,0.0007222358415812258,0.6888140228262918,0.014403646171446323
2023-03-17,0.06013027424609141,-7.908024390504119e-05,0.6884370878994952,0.060105635775010734
2023-03-18,-0.008321897095809438,0.00015850980496557218,0.5831942618881342,-0.008255829299552795
2023-03-19,0.014265559631907454,0.0006205811331313722,0.5957722460756194,0.014516415749480996
2023-03-20,-0.009790656850779622,0.0002825633502204774,0.5410157266199636,-0.009660964716794847
2023-03-21,0.014362700664340089,0.00014653028692352034,0.5358380998414346,0.01443071444074929
2023-03-22,-0.018622757529695333,4.686448500326688e-05,0.5547599363868179,-0.01860189158341128
2023-03-23,0.022841780024245084,-4.448778691486772e-05,0.5757599851767421,0.022822906524864867
2023-03-24,-0.01801664945323489,0.00040307377892128977,0.5537015475171307,-0.017836758249465897
2023-03-25,-0.0012103543216887003,3.0304718445458714e-05,0.620146404740691,-0.0011988429654338716
2023-03-26,0.01185403288731024,8.739201135136022e-05,0.6764205688260785,0.011882311144632458
2023-03-27,-0.020862235109584848,-6.360977563347519e-05,0.6386217128657322,-0.020885222301348268
2023-03-28,0.012464645176805123,4.313273596051503e-05,0.6637326596893653,0.012479149307206885
2023-03-29,0.0168870369752947,0.00025937915411224565,0.6616776020935226,0.01697479075268091
2023-03-30,-0.0023695238112461103,7.968201773347422e-05,0.580377054643957,-0.0023360874082728775
2023-03-31,0.009981798432196598,7.886713857604204e-05,0.6290978424457527,0.010011050424054582
2023-04-01,-0.0002736915014442953,0.0002786102908957942,0.6206623022192854,-0.00016800411511786958
2023-04-02,-0.007897860844695792,0.00015017193616133692,0.6464384588084844,-0.007844765823502875
2023-04-03,-0.0013162372859172322,2.454327629366335e-05,0.6925213692829533,-0.0013086907529291465
2023-04-04,0.01933206903311535,8.469120805656249e-05,0.8071378989385536,0.01934840275744257
2023-04-05,0.00901422066927604,0.00025965183069944745,0.8044409880224394,0.00906499792474579
2023-04-06,-0.010402134044815825,-4.136760667402879e-05,0.8251513889805094,-0.01040936711338398
2023-04-07,-0.004105666439111033,7.831241873177842e-05,0.8207139910340709,-0.004091626118104144
2023-04-08,-0.0035746112996630774,3.542324337123681e-06,0.8458315904586244,-0.0035740651851539434
2023-04-09,0.008266645109928916,8.075350875750393e-05,0.8734307527200861,0.008276866020747566
2023-04-10,0.0318847438712484,0.00014817694633940064,0.8827643597189296,0.031902115490427395
2023-04-11,0.0035369559353315427,0.00014861836659857386,0.6492386676651989,0.0035890855116090803
2023-04-12,0.0011893202134134473,-2.3879390481484555e-05,0.619349359200926,0.0011802305081247788
2023-04-13,0.019036481256487603,0.00011244469159190677,0.6479287286128479,0.019076069802017103
2023-04-14,0.013995306014197295,0.0002264988262370466,0.590923476389275,0.014087961366636256
2023-04-15,-0.0035302857184192904,3.284831554334023e-05,0.6941034374077018,-0.0035202375316076354
2023-04-16,0.004737313073696958,0.0005436397647696233,0.7646011531893167,0.004865285247404158
2023-04-17,-0.018769412316651857,-7.187926964465899e-05,0.7913384981482816,-0.018784410753007914
2023-04-18,0.0191286775999846,0.00037952144866617774,0.8276146164415203,0.01919410155048159
2023-04-19,-0.0507274422486943,0.0001346743710752659,0.7352374986109106,-0.05069178552533541
2023-04-20,-0.005100612789769365,0.0002870833691727556,0.7008601903612119,-0.005014734725364565
2023-04-21,-0.02922190658560908,0.00016285981757938647,0.6892046746951646,-0.02917129051562541
2023-04-22,0.011783316907417962,9.685894799541528e-05,0.6412819241050358,0.011818061962876087
2023-04-23,-0.005088875900924217,9.189801526637382e-05,0.6427774170876633,-0.0050560478545462455
2023-04-24,-0.0047595550768760875,8.70650127882285e-05,0.6792941658572552,-0.00473163281932519
2023-04-25,0.014536289238752165,0.00020347215368036247,0.695743364448496,0.01459819699165937
2023-04-26,0.0014114608935082984,0.0002778620262075659,0.722493069191259,0.001488569531589458
2023-04-27,0.014910935462374653,-1.681422585822821e-05,0.5428550720257976,0.014903248924305751
2023-04-28,-0.0038556992179075156,0.000142968812295861,0.5170629087521835,-0.0037866542755581973
2023-04-29,0.0012276446303896016,0.00021949533613172488,0.5140657818585886,0.0013343049249384576
2023-04-30,-0.004612072784128007,0.00021201881026816055,0.5462937750260892,-0.00451587853009778
2023-05-01,-0.01636186835071829,-0.0001577338983233419,0.5090899520060138,-0.01643930150631448
2023-05-02,0.01020985992652057,0.00013803767662254847,0.5045051976301093,0.010278256877818259
2023-05-03,0.00837571213423649,-8.594545953461294e-06,0.5770679920143076,0.008372077225658667
2023-05-04,-0.00657323985607583,0.00043146118110191396,0.6658653656547198,-0.006429073732094159
2023-05-05,0.025681473215779294,0.00014542917714190442,0.6676639059657414,0.02572980458046925
2023-05-06,-0.025134442680630253,0.00024366443347599996,0.6356534481040759,-0.025045664384473598
2023-05-07,-0.009708028803200097,7.756767209873482e-05,0.7012835010385712,-0.009684858059758175
2023-05-08,-0.0127403772904493,7.529082954392337e-05,0.5921486743456686,-0.012709669825810198
2023-05-09,-0.0007576132842520567,0.0002340587608431871,0.5757092561643666,-0.0006583043185126541
2023-05-10,-0.0011483300112578032,0.00013918888528955607,0.5170439187397868,-0.0010811078926633818
2023-05-11,-0.013209896882234506,6.43628625582711e-05,0.568493343863854,-0.013182123878632636
2023-05-12,-0.0012579480212187022,-2.083423510394315e-05,0.5269576528297691,-0.0012678034966937678
2023-05-13,-0.0020267910105526976,5.414989459404896e-05,0.5534699164355301,-0.00200261145359461
2023-05-14,0.0020224457378144045,0.00019414614288680386,0.5674849749921108,0.0021064168616602755
2023-05-15,0.004943467113286859,-0.00018661587527049188,0.5666805383591802,0.004862602822681019
2023-05-16,-8.164593065718151e-05,0.00010145507599930865,0.5792038559068571,-3.895402587799566e-05
2023-05-17,0.003355901001349526,9.570355407800867e-05,0.548211535209049,0.0033991387631214674
2023-05-18,-0.008914134051889011,0.00034286874873006707,0.5679069230650743,-0.00876598283926541
2023-05-19,0.0023312601395963917,0.00010986900575320469,0.5697275617495918,0.0023785337445899712
2023-05-20,0.003400680122893185,8.34100750613036e-05,0.6168088914329802,0.0034326421220215843
2023-05-21,-0.006052451554004579,0.00018552488744159098,0.634682241006282,-0.005984676017886855
2023-05-22,0.0032119757409638794,-7.221813181879655e-05,0.6403043503042755,0.0031859991931195058
2023-05-23,0.00970816125885543,0.00022557363596889697,0.7427810927795118,0.009766183062997102
2023-05-24,-0.021509976713174228,0.0003187937071732963,0.6727241953332531,-0.02140564324613639
2023-05-25,0.001575973137158071,6.836048559154589e-05,0.4949917916737501,0.00161049574350697
2023-05-26,0.00602693851447933,0.0002641375331142772,0.5908680468269794,0.006135005619308677
2023-05-27,0.00209154091591901,9.204257214689706e-05,0.7704000946551066,0.002112673881771638
2023-05-28,0.037372690041629575,-0.00011970313561325221,0.8766565437937976,0.03735792544316432
2023-05-29,-0.009325298500527546,0.0005289494733548728,0.9258981092601897,-0.009286102344446122
2023-05-30,0.0006351032323672623,0.00011315056359095362,0.9635675078527262,0.0006392255893867494
2023-05-31,-0.01622213765874192,5.3041580217869406e-05,0.9731990537113246,-0.016220716094199433
2023-06-01,-0.009074980610733197,0.00035710484818047845,0.9233723759294128,-0.009047616514673038
2023-06-02,0.01704736825042863,0.00020798421033436823,0.974422185016369,0.017052688032080078
2023-06-03,-0.007552775926442656,0.00018903915538883434,1.0483408659913642,-0.007552775926442656
2023-06-04,6.307751302569997e-05,0.00022553388192377846,1.006438137522339,6.307751302569997e-05
2023-06-05,-0.0393919124739569,-3.135563930204376e-05,0.8058892734101699,-0.039397998939884514
2023-06-06,0.028064944157858207,0.00010861925573326189,0.5854657910580382,0.02810997055510946
2023-06-07,-0.024425977015030576,0.00016458070969890172,0.8015781140008262,-0.02439332060021304
2023-06-08,0.004456413770428602,9.102822944246596e-05,0.7106155954830379,0.004482755920400043
2023-06-09,-0.0017464078546113315,0.00011574070600766315,0.7378895438671704,-0.001716071005366527
2023-06-10,-0.033100191609322205,0.00024625606634369425,0.44170476394585445,-0.032962708020633086
2023-06-11,0.0006258705734600856,0.00013844809592682996,0.3569143230170877,0.0007149045609561862
2023-06-12,-0.0021262304390364806,6.726917020204802e-05,0.2518430276120725,-0.002075902540323068
2023-06-13,-0.0008615310616377769,0.0002547002780063064,0.23569888045029655,-0.0006668633540079362
2023-06-14,-0.00871200618965351,2.9490555304894685e-05,0.19853286516323118,-0.00868837047878855
2023-06-15,0.001635350196336427,0.00012016684709821281,0.07625052576124297,0.00174635425816433
2023-06-16,0.003980938986728244,-0.0003009586940973732,0.07757984474694796,0.0037033286213941892
2023-06-17,9.569808213183428e-05,0.00016166768312940612,0.11634057624876293,0.00023855725384516288
2023-06-18,-0.0008199259316724605,0.0002350871591508817,0.13980525118299578,-0.0006177051918565648
2023-06-19,0.0025694091432189037,0.0001980669216195804,0.14677552039495187,0.002738404689344744
2023-06-20,0.013580546526375414,-4.521201719582931e-05,0.259933469738835,0.01354708662568319
2023-06-21,0.031503212688672066,-3.598845825093554e-05,0.5553335544138795,0.0314872098288595
2023-06-22,-0.0035488059825649065,0.00029063900079899567,0.6693247229381759,-0.003452698850450727
2023-06-23,0.012716112661841583,0.00025476221282822093,0.6928567143428013,0.01279436116495094
2023-06-24,-0.004704009779930685,7.751714426073434e-05,0.6847543427964644,-0.004679572836843668
2023-06-25,0.003591702160974375,0.0002915177065366475,0.749138074419406,0.0036648328541769967
2023-06-26,-0.010710339789827494,0.0003534046417832437,0.7370196070481295,-0.010617401298260321
2023-06-27,0.010934073811873501,0.00012657823015918587,0.7637139542808891,0.01096398248135194
2023-06-28,-0.01751140725594702,0.0002598367674101203,0.678899497692529,-0.01742797353941368
2023-06-29,0.005849513333810563,0.00011931352305693507,0.729532794344701,0.005881783728988662
2023-06-30,0.017301251206929713,0.00019030539913145072,0.7683014928212628,0.017345344683816523
2023-07-01,0.00018308754550844242,0.0002767825610158443,0.8993805564937241,0.00021093725277009854
2023-07-02,0.003534742980536132,4.350716937954032e-06,0.9565042313942241,0.003534932218313334
2023-07-03,0.012881226373433696,0.00046927396445766524,0.9759962456740265,0.012892490710388114
2023-07-04,-0.009832911781380904,0.0002947762410596783,0.8595423670519251,-0.00979150820831233
2023-07-05,-0.009481350777701847,0.00034837896111538215,0.874668639342096,-0.009437687968480669
2023-07-06,-0.024272016725370937,0.000454850398604057,0.9366065480546691,-0.024243182188484716
2023-07-07,0.009764907536035539,-9.735381194088862e-05,0.7999121298890876,0.009745428219157108
2023-07-08,-0.0033862393335457597,7.760882288196634e-06,0.9470103602217482,-0.0033858280871889466
2023-07-09,-0.003253679974380197,0.0001346077661652279,1.0886961975658127,-0.003253679974380197
2023-07-10,0.008935530321968699,0.00012535269004473087,0.9850405234810542,0.00893740553259201
2023-07-11,0.0030025696171798177,6.15108869919501e-05,1.0761485409610065,0.0030025696171798177
2023-07-12,-0.0062866074722822685,0.00024114102267656413,1.0645965891262261,-0.0062866074722822685
2023-07-13,0.051375246668588836,-0.0002789815642413028,0.9767643373298237,0.051368764347070925
2023-07-14,-0.030884716965397963,0.0006498131024272588,0.8464337098531255,-0.030784927577969377
2023-07-15,-0.0016418755113117856,-3.0009989651952785e-05,0.864465137696754,-0.001645942911126985
2023-07-16,-0.003597920663554355,0.0001852504412671673,1.002273790477438,-0.003597920663554355
2023-07-17,-0.005100307422228334,-9.232740311763717e-06,0.9998285065411936,-0.005100309005582905
2023-07-18,-0.007997486987326163,0.0001850454641618126,0.9532984592987929,-0.007988845079050037
2023-07-19,-0.0011499059177009219,0.0002900859230987325,0.9948787527668947,-0.0011484203159698896
2023-07-20,-0.0036882390906303186,8.046069928016728e-05,1.0426464664083306,-0.0036882390906303186
2023-07-21,0.0017857843391724249,6.05934859346753e-05,1.0023706256768825,0.0017857843391724249
2023-07-22,-0.008612500787610333,5.764962343326768e-05,1.027560372352656,-0.008612500787610333
2023-07-23,0.009922776178380222,0.0001621273117569353,1.0346474687670217,0.009922776178380222
2023-07-24,-0.028911380796297514,0.00020697675581580279,0.9944919780104897,-0.028910240763775165
2023-07-25,0.0015701790615747502,0.00016521720549696268,0.7600391645931328,0.0016098247202293893
2023-07-26,0.0043223044663935895,0.0003323043541655536,0.8339543176783788,0.004377482169619454
2023-07-27,-0.005536024567748599,9.399730107562781e-05,1.0910935174149106,-0.005536024567748599
2023-07-28,0.004844512488719088,0.00014553637452342422,1.0131806321294827,0.004844512488719088
2023-07-29,0.0024271965682407526,0.00013796140571717863,1.1450741717619088,0.0024271965682407526
2023-07-30,-0.0077826972237940995,0.00018911463968704026,1.2322212139550734,-0.0077826972237940995
2023-07-31,-0.003720254371170073,5.4674561889758184e-05,1.220687786458,-0.003720254371170073
2023-08-01,0.007950109152980778,1.0937226998088304e-05,0.8358005363980435,0.007951905039787157
2023-08-02,-0.020476143692882087,0.0005217960304729134,0.9445798815544176,-0.020447225695068842
2023-08-03,-0.0005567318720408609,0.00029298839645103974,0.7088670372268183,-0.00047143329212390617
2023-08-04,-0.0029115859382105036,0.00015463429974190492,0.6470671339377981,-0.0028570104116110713
2023-08-05,-0.0005597362622815627,0.0002767915584748695,0.6428001244935035,-0.0004608663520530902
2023-08-06,-4.772810189590526e-05,0.00017872091660059016,0.642081536760879,1.6239413922465075e-05
2023-08-07,0.0023201564215442616,0.0001897219918467651,0.65597672270593,0.0023854252029541444
2023-08-08,0.0146297540707232,0.0002477953900369736,0.8308436730381552,0.014671670228739933
2023-08-09,-0.005482156968824259,9.536043046597995e-05,0.9412633598501112,-0.0054765558175354405
2023-08-10,-0.00421359874577909,0.0003795517183563229,0.8551915774524851,-0.0041586364601687124
2023-08-11,-0.0013772014031436797,7.46951359662181e-05,0.8172742689189931,-0.0013635526798160573
2023-08-12,0.0001048274734323229,0.0001855990692968254,0.8096712317671676,0.00014015231567674779
2023-08-13,-0.004738047374144849,0.00016827674475549607,0.8973568158678906,-0.004720774913247759
2023-08-14,0.0023682928770139,0.0002843100760971264,0.9408386556730319,0.0023851130433215086
2023-08-15,-0.008083622993327322,0.00024687792954682,1.0337735240530597,-0.008083622993327322
2023-08-16,-0.013957353065249811,0.0003055605798142735,0.843472331983171,-0.013909524380253613
2023-08-17,-0.01878458096336777,0.00019796629084203296,0.47128813415116266,-0.018679913836361504
2023-08-18,-0.00017226815085957803,0.00010454757429631345,0.0,-6.772057656326457e-05
2023-08-19,0.0,-8.127523112592261e-05,0.0,-8.127523112592261e-05
2023-08-20,0.0,-6.684701418258765e-05,0.0,-6.684701418258765e-05
2023-08-21,0.0,-0.0001712999672341213,0.0,-0.0001712999672341213
2023-08-22,0.0,-9.014967659677174e-05,0.0,-9.014967659677174e-05
2023-08-23,0.0,0.00011551647383532996,0.0,0.00011551647383532996
2023-08-24,0.0,8.894390170428602e-05,0.0,8.894390170428602e-05
2023-08-25,0.0,-0.00020007696998684149,0.0,-0.00020007696998684149
2023-08-26,0.0,0.00016961507501197989,0.0,0.00016961507501197989
2023-08-27,0.0,5.2557242982220877e-05,0.0,5.2557242982220877e-05
2023-08-28,0.0,-1.3352724020230522e-05,0.0,-1.3352724020230522e-05
2023-08-29,-0.0005893457532424318,5.0130281963296566e-05,0.020182086602450643,-0.0005402272049711237
2023-08-30,-0.0011733755100254983,3.254008445162487e-05,0.04041633927039576,-0.0011421505766669577
2023-08-31,0.0,0.0001063185287326622,0.0,0.0001063185287326622
2023-09-01,0.0,0.00014539608190296732,0.0,0.00014539608190296732
2023-09-02,0.0,5.3274329278481114e-05,0.0,5.3274329278481114e-05
2023-09-03,0.0,-4.292550113236591e-05,0.0,-4.292550113236591e-05
2023-09-04,0.0,-7.236222148001016e-05,0.0,-7.236222148001016e-05
2023-09-05,0.0,0.00015563690795460534,0.0,0.00015563690795460534
2023-09-06,0.0,3.142492919633771e-05,0.0,3.142492919633771e-05
2023-09-07,0.0,0.00016499631568554562,0.0,0.00016499631568554562
2023-09-08,0.0,-6.737472977192874e-05,0.0,-6.737472977192874e-05
2023-09-09,0.0,2.9825439988668593e-05,0.0,2.9825439988668593e-05
2023-09-10,0.0,0.00018142416543960726,0.0,0.00018142416543960726
2023-09-11,0.0,2.080520126653044e-05,0.0,2.080520126653044e-05
2023-09-12,0.0,-2.6999751584053637e-05,0.0,-2.6999751584053637e-05
2023-09-13,0.0,6.919118575069599e-05,0.0,6.919118575069599e-05
2023-09-14,0.0,-4.048788001661783e-05,0.0,-4.048788001661783e-05
2023-09-15,0.0,-8.663286694829476e-05,0.0,-8.663286694829476e-05
2023-09-16,0.0,0.00010065302327416231,0.0,0.00010065302327416231
2023-09-17,0.0,8.341052125342847e-05,0.0,8.341052125342847e-05
2023-09-18,0.0,2.2587169334487817e-05,0.0,2.2587169334487817e-05
2023-09-19,0.0,-9.555391269732192e-05,0.0,-9.555391269732192e-05
2023-09-20,0.0,7.036458218022111e-05,0.0,7.036458218022111e-05
2023-09-21,0.0,0.00015368981413158911,0.0,0.00015368981413158911
2023-09-22,0.0,-2.2430205328325205e-05,0.0,-2.2430205328325205e-05
2023-09-23,0.0,8.69323659590034e-05,0.0,8.69323659590034e-05
2023-09-24,0.0,6.71801277422347e-05,0.0,6.71801277422347e-05
2023-09-25,0.0,5.4821157548622554e-05,0.0,5.4821157548622554e-05
2023-09-26,0.0,5.722843316230472e-05,0.0,5.722843316230472e-05
2023-09-27,0.0,0.0001527250680935313,0.0,0.0001527250680935313
2023-09-28,0.0,-3.7645910780373e-05,0.0,-3.7645910780373e-05
2023-09-29,0.0,8.913011705303481e-05,0.0,8.913011705303481e-05
2023-09-30,0.0,-8.99829045274495e-05,0.0,-8.99829045274495e-05
2023-10-01,0.0,-0.00010032185095507172,0.0,-0.00010032185095507172
2023-10-02,-0.005987993826214066,0.00034503559888457533,0.1902210320644956,-0.005708591255048306
2023-10-03,-0.00025450892393064084,-1.7514915306287464e-05,0.0,-0.0002720238392369283
2023-10-04,0.0,0.00017612150312009702,0.0,0.00017612150312009702
2023-10-05,0.0,-0.00018444754544624158,0.0,-0.00018444754544624158
2023-10-06,-0.0003135897800801146,0.00016921520492527083,0.03957275866084754,-0.0001510708876210974
2023-10-07,0.0001448701439150657,1.1234275679294406e-06,0.1416329110831102,0.00014583445716615827
2023-10-08,-0.0009178759359949051,0.0002988982617788658,0.11759868635955167,-0.0006541277171563873
2023-10-09,-0.0027958799590784844,7.904673892535332e-05,0.08399333250790796,-0.0027234726191793543
2023-10-10,0.0,0.00010530853183714744,0.0,0.00010530853183714744
2023-10-11,0.0,0.0001959768925012349,0.0,0.0001959768925012349
2023-10-12,0.0,0.00022616874783808248,0.0,0.00022616874783808248
2023-10-13,0.0,-4.0442885122764555e-05,0.0,-4.0442885122764555e-05
2023-10-14,0.0,0.00018247039484394238,0.0,0.00018247039484394238
2023-10-15,0.0,-2.4160049319295663e-05,0.0,-2.4160049319295663e-05
2023-10-16,0.0032229968279140486,0.00019023747500235004,0.20598587079304126,0.0033740480709705703
2023-10-17,-0.0017932867153833687,0.00010176360376945275,0.6847500705934265,-0.0017612057464788903
2023-10-18,-0.0023507962890541023,-3.2641454823737186e-05,0.8404586125305946,-0.002356003952045701
2023-10-19,0.012407550781746268,2.809438488581209e-05,0.9105443097688632,0.012410063984337848
2023-10-20,0.030038764075999813,4.786361079184713e-05,0.8856670893382573,0.030044236461936425
2023-10-21,0.006502395979496534,2.646078053423141e-05,0.8920637928014334,0.006505252055786912
2023-10-22,0.0023762134208515917,8.73320181996868e-05,0.8643633068873834,0.002388058847003048
2023-10-23,0.09042838920244356,-0.0005717374733437083,0.8721030238726895,0.09035526570846424
2023-10-24,0.01657338765411387,0.0007766807430939177,0.8765954180278659,0.01666923361654118
2023-10-25,0.009252291289601366,0.00023697143249315107,0.8035771021455917,0.009298837905080381
2023-10-26,-0.004275905070544983,3.8577166221204254e-05,0.8557356021212374,-0.004270339758888212
2023-10-27,-0.008644358975757216,0.00010816675084346825,0.8340378106541695,-0.00862640738497281
2023-10-28,0.0017310632842393314,0.0002173470861371437,0.9330605187607544,0.0017456123854342135
2023-10-29,0.010826995508196546,0.0003515139754705992,0.9622296724024149,0.0108402723062052
2023-10-30,-0.0013428879095827018,7.968631685118428e-05,0.9910350519832938,-0.0013421735258944882
2023-10-31,0.004651705994023203,0.00017446101242047282,1.0759957537917697,0.004651705994023203
2023-11-01,0.022703196847988272,0.00016368504942164327,1.0951553632355377,0.022703196847988272
2023-11-02,-0.019239931929993515,0.0008970701661554818,1.0400348161363242,-0.019239931929993515
2023-11-03,0.0053628406001844375,0.00046990694539190286,1.116752070063078,0.0053628406001844375
2023-11-04,0.013758003666723528,-0.00022297803946384471,1.237186799427366,0.013758003666723528
2023-11-05,0.011530364523673065,0.00013271838189982344,1.2929477272045509,0.011530364523673065
2023-11-06,0.0037587660833078296,0.0002951796308249409,1.2541176332929762,0.0037587660833078296
2023-11-07,0.001245515055473545,0.00036445975039482877,1.2618956278148135,0.001245515055473545
2023-11-08,0.003967971742845577,0.0003786615546312103,1.2066514681932938,0.003967971742845577
2023-11-09,0.08212379995553887,7.969698028357232e-05,1.0888753530443005,0.08212379995553887
2023-11-10,-0.001567279902372043,0.0004118066434270367,0.966416783791809,-0.0015534501108298634
2023-11-11,-0.007947472600103866,0.00037853352376964735,1.013905890954169,-0.007947472600103866
2023-11-12,-0.002863831293776986,0.0006207691115894412,1.049901756859462,-0.002863831293776986
2023-11-13,-0.007069490720852278,0.000566741648277781,1.0941866376070755,-0.007069490720852278
2023-11-14,-0.033369618171454896,0.0007312047455289638,1.116571297074537,-0.033369618171454896
2023-11-15,0.05877310839617067,1.4093135198390977e-05,1.0987671414295161,0.05877310839617067
2023-11-16,-0.040423642181542374,0.0005362394715271669,0.8819981360830971,-0.040360364924396354
2023-11-17,0.005473755499727062,0.00031025653948305135,0.8600074931536308,0.005517189090454774
2023-11-18,0.000636627434045911,0.00015926727460861985,0.9385416845815349,0.0006464157324446469
2023-11-19,0.022164953052316694,0.0001403211779898075,0.9722047159661521,0.022168853319314886
2023-11-20,0.003425465136747574,0.000285036502191505,0.9176913911080047,0.003448926094726397
2023-11-21,-0.040652652463011085,0.000582004817278668,0.8715502246858908,-0.04057789407499991
2023-11-22,0.04532631302201828,8.589472234195115e-05,0.8417267483573433,0.04533990785902229
2023-11-23,-0.0016404405366123864,0.0003655332554157439,0.8313843984444831,-0.0015788059268619144
2023-11-24,0.00897807302092346,0.0003805002870550183,0.82462792189371,0.009044802146984339
2023-11-25,0.001281018878668494,0.00045201526771346365,0.884792096339873,0.0013330946100841331
2023-11-26,-0.008221211365034176,0.00023971373722214917,0.9371237977883593,-0.008206139075619687
2023-11-27,-0.00959774682694281,0.0001589645777112174,0.9579758211097985,-0.00959106647109187
2023-11-28,0.012419104051726082,0.00024261585485396199,0.9536447748714787,0.012430350564297586
2023-11-29,-0.0032761187872465403,0.0004821613420097877,0.9102689944889213,-0.003232853965209431
2023-11-30,0.0028592325709126953,9.844209666627917e-05,0.8833670887668121,0.0028707141592347824
2023-12-01,0.01874113102080588,0.0004457022793192965,0.9441823433327077,0.018766009077608753
2023-12-02,0.023750789757969626,-1.103003440257412e-05,0.8634655237051408,0.023749283777998956
2023-12-03,0.011860615308952438,5.897646357763545e-05,0.8902528033439754,0.011867087810498769
2023-12-04,0.034501317093208694,0.00032543827494810676,0.8663694029988191,0.03454480560417705
2023-12-05,0.02521647021212381,0.00012926753051353682,0.7333642462762391,0.025250937557554295
2023-12-06,-0.009999861636465601,0.00022976737039942258,0.5974024804603458,-0.009907357863071644
2023-12-07,0.011693552861683276,1.891020414163817e-05,0.5662174361511915,0.01170175577851874
2023-12-08,0.0072343112748551874,0.00013279089442538893,0.5817927679839138,0.00728984538724977
2023-12-09,-0.005398185218310703,0.0008387174683624117,0.6081008789336997,-0.005069492579636521
2023-12-10,0.001637165757875314,0.0005893002748167525,0.6642496022649704,0.001835023559530401
2023-12-11,-0.035308965775324275,0.0005544668080277361,0.5657687240983487,-0.03506819894582928
2023-12-12,-0.0013617252795558032,5.204051190868631e-05,0.6499733423818468,-0.0013435097131116681
2023-12-13,0.020719677914128765,0.0004984600847549545,0.6452230003388978,0.020896520087448946
2023-12-14,0.008499414790378967,0.00023634073641411705,0.5852722495313563,0.008597431852336097
2023-12-15,-0.019153343791450728,7.519488035316592e-05,0.6013152560474172,-0.01912336473983058
2023-12-16,0.0036508884275858744,0.0005576983832944759,0.6485443069219325,0.003846894699415152
2023-12-17,-0.011695304100170278,-7.688593587251981e-06,0.6903567966616901,-0.011697684820917802
2023-12-18,0.013465807415612874,0.0004866896048320631,0.6080876547247214,0.013656547080063705
2023-12-19,-0.009880718780641562,0.0001583177768896197,0.630397311935423,-0.00982220410473475
2023-12-20,0.01379561093841497,7.436277454703663e-05,0.553189886350737,0.013828836978161606
2023-12-21,0.005000434583680935,0.000853045757252909,0.512322830878887,0.00541644552370881
2023-12-22,0.010010259677797118,0.000951869743263225,0.5054514051406644,0.010481005521817062
2023-12-23,-0.003406304616065614,0.0005207435259746863,0.5423626580428054,-0.0031679929329971415
2023-12-24,-0.009970748256214579,0.000562590096789369,0.5727813356370118,-0.00973039926648038
2023-12-25,0.005062322487412008,0.0003432236087499437,0.6572638879675207,0.00517995761263272
2023-12-26,-0.014487252130098272,0.0010045449037419775,0.6303214499763863,-0.014115893426649326
2023-12-27,0.027965964079949446,0.000949959605726654,0.632501150741513,0.028315073141896036
2023-12-28,-0.011776323291488477,0.000926409390478752,0.6653707231719039,-0.011466319587105816
2023-12-29,-0.01195374651850567,0.001424004404000418,0.6842866642658079,-0.011504169338018518
2023-12-30,-0.00043898989198665195,0.0007741410061367783,0.6679389077437775,-0.00018192778392854233
2023-12-31,-0.0005276262687438082,0.0007305176728153466,0.7101479907980851,-0.00031588425352077295
2024-01-01,0.02989753990130639,0.0005738994688554239,0.7857216164136429,0.0300205141518338
2024-01-02,0.009457131040611522,0.0017723578744504504,0.6851018204280209,0.01001524330882603
2024-01-03,-0.03138675201435692,0.0008968543229213407,0.5393505367921672,-0.030973616551927582
2024-01-04,0.016547674325802397,0.0003692416529291607,0.6003510600847014,0.01669524136096811
2024-01-05,-0.0013502440783416114,0.00029934044336090397,0.573739475950901,-0.0012226470640855028
2024-01-06,-0.003776031137100455,0.00048702948521283225,0.6483564747380834,-0.003604770372013718
2024-01-07,-0.003087306192100736,0.00029185096253591726,0.6900945101238767,-0.0029968599765852247
2024-01-08,0.04276524152647676,-0.0003259362592403059,0.6621138835545854,0.04265511218963331
2024-01-09,-0.004660772028370119,0.0005184699197295143,0.5499626443632156,-0.004427441196717833
2024-01-10,0.029260037394697624,-2.136404408557313e-05,0.5689131550209601,0.029250827636336782
2024-01-11,0.001224738312635365,0.0005037523309398042,0.5487459295141346,0.0014520586024886943
2024-01-12,-0.02981172722159453,0.0001577973085038871,0.499190987175011,-0.02973270090729626
2024-01-13,0.006131148575583278,0.0004202425807230836,0.46513598743833073,0.006355921208558098
2024-01-14,-0.01725047245100897,1.817407072833002e-05,0.5061209288028896,-0.01724149665783779
2024-01-15,0.008634695412930826,0.00043767905500789663,0.4983882730122865,0.008854240359579688
2024-01-16,0.011482699425815701,0.0004286224317785613,0.5329996429118633,0.011682866254512274
2024-01-17,-0.007942544943666974,6.555102517557584e-05,0.5436336437571427,-0.007912629661159612
2024-01-18,-0.014526954894665045,0.00036693328748925365,0.5273141680981535,-0.014353510728415708
2024-01-19,0.004711770589743702,0.00018509304460430647,0.5418853812210687,0.004796564419311236
2024-01-20,-0.00230060384557651,0.00037247313961942573,0.5913806694094876,-0.002148404120602274
2024-01-21,-0.002947479354537097,0.0002709406323068006,0.6376324098351178,-0.002849299250530332
2024-01-22,-0.032852222084686966,0.00024024736719438844,0.6522004333368784,-0.0327686641544848
2024-01-23,-0.014647091217062425,0.0005314623823308016,0.5400124360506812,-0.014402625130483378
2024-01-24,0.00042774129892131363,0.00014281702973749767,0.5171370876984317,0.0004967023458266215
2024-01-25,-0.002666496622865,0.0003219172871213483,0.5255747186088405,-0.002513770923337776
2024-01-26,0.018166555532760142,0.00042230283656871995,0.5094412497124786,0.01837371988451017
2024-01-27,0.0014187454822902623,0.000245928869955535,0.4674237029366792,0.0015497213691921482
2024-01-28,-0.0019283691897459265,0.00010182295432174153,0.4960942261533682,-0.0018770600151530792
2024-01-29,0.016922488538611447,0.00033725993610091306,0.6243085508865379,0.017049194212733113
2024-01-30,-0.00019000675747193885,0.0002946513738737411,0.7281628008192974,-0.00010990955326335502
2024-01-31,-0.014291449917939403,0.00021514872964334495,0.7622773444062347,-0.014240304190580961
2024-02-01,0.007172812476383683,9.802581584858812e-05,0.6808686421369714,0.0072040955881010746
2024-02-02,0.0018713952555931002,0.00033269996422945967,0.7484516435291522,0.0019550853847929307
2024-02-03,-0.003690338971363172,0.0002145893300096508,0.7659656496396916,-0.0036401176969201093
2024-02-04,-0.004920628145395511,0.0001669473522991545,0.7391011198418407,-0.0048770717681352925
2024-02-05,0.001713529208935416,0.0002675515233244089,0.7367722448344702,0.0017839561958112179
2024-02-06,0.014144095212597518,0.00024295180905799997,0.7216691252239164,0.014211716202141064
2024-02-07,0.020572278458385496,0.00018816641679033724,0.8149299746773547,0.020607102421905756
2024-02-08,0.007096534088255391,0.00014355286243481245,0.7599606935051024,0.0071309924177996005
2024-02-09,0.024913697969629833,0.0002765218482607979,0.6639256714614443,0.02500662986411032
2024-02-10,0.006093516956679812,0.0002057779322434952,0.6215416164533526,0.006171395340286256
2024-02-11,0.004750850860741229,4.848268619093369e-05,0.6378483811184266,0.004768408944033003
2024-02-12,0.029686735360616945,-0.0003298610104480701,0.6298493516015911,0.029564637093718236
2024-02-13,-0.0040109712358725735,0.0005287969654757938,0.5363019746547355,-0.00376576912717288
2024-02-14,0.024502792803493545,-6.372820855300303e-05,0.4873267783787153,0.024470121057506525
2024-02-15,0.004947119076282647,0.00028051219944320903,0.46339054096947696,0.0050976445758773295
2024-02-16,-0.0006418899582110171,0.00023027697420027366,0.4735537062246859,-0.0005206614986014895
2024-02-17,-0.00405738599928096,0.00025706828576165555,0.4874952972052564,-0.0039256372938887285
2024-02-18,0.01160976401182201,0.0002125535345639854,0.5070995056931786,0.01171453175407526
2024-02-19,0.003985222668226207,0.00046754245603186845,0.5230736177467459,0.004208206000331287
2024-02-20,0.009035475849020314,0.00036767828145759635,0.5358835855927491,0.009206121374665832
2024-02-21,-0.006445166035817684,0.0004892908727915264,0.49082051602357096,-0.006196029161695318
2024-02-22,-0.0027530529349096833,0.0003354998546305552,0.4762727800654238,-0.0025773425287555682
2024-02-23,-0.006500437350966282,0.00031652419902414655,0.4867811433890599,-0.006337991163453415
2024-02-24,0.009605773056813982,0.00011805059897379787,0.505955507418248,0.009664095305082963
2024-02-25,0.009667146410309746,0.0002932983821819518,0.53169606967846,0.009804499195442504
2024-02-26,0.018943385362003795,0.0007842072628442915,0.531077411664319,0.01931111786148838
2024-02-27,0.01785475521001567,0.0011132176250575239,0.4591644224378374,0.018456822907216036
2024-02-28,0.03357906442229108,0.0006456433188511926,0.4463870335022219,0.033936500935339765
2024-02-29,-0.007381129162502331,0.0017879114619959238,0.39461086949846924,-0.006298746997110898
2024-03-01,0.009876855263770246,0.0016615760247599312,0.3765470339125883,0.010912769764786556
2024-03-02,-0.0021960364070509053,0.0011890614897418729,0.3907551942990094,-0.0014716068707665876
2024-03-03,0.007886987843751303,0.0008937041620228871,0.4104755835293211,0.008413848268365262
2024-03-04,0.027240036725058925,0.0016457703577680031,0.4197346888139566,0.028195020173849943
2024-03-05,-0.019509979741814454,0.0020952051951126627,0.40506141901102377,-0.018263461336153395
2024-03-06,0.0200569299238893,0.000521591916764414,0.29799058564832714,0.020423092359907653
2024-03-07,0.004058265824430363,0.0012162173039916013,0.2945080646997454,0.004916297323969056
2024-03-08,0.004435935913228883,0.0012406351118086256,0.3066129539115297,0.0052961762286795055
2024-03-09,0.0013414658638755128,0.0008236554263091345,0.31905607504057776,0.001902329022680581
2024-03-10,0.000976013477147708,0.0011701875291383927,0.3373780273036956,0.001751405446130004
2024-03-11,0.015926885318869433,0.0009910808381706354,0.33551228607955463,0.016585446359335797
2024-03-12,-0.004797131472083382,0.0015592788926112881,0.3349656047491652,-0.003760157376708243
2024-03-13,0.005660340652253959,0.0012928566110001413,0.3450794232715535,0.006507059049557356
2024-03-14,-0.009233145050233316,0.0009765787353596587,0.35720730247975335,-0.00860540737059057
2024-03-15,-0.010506110869422769,0.0008342662350585636,0.3158374757509922,-0.009935337176149386
2024-03-16,-0.017222808577429638,0.000572720532144006,0.2952771229283914,-0.01681919931625913
2024-03-17,0.011431922802373595,0.0005092731695842106,0.2778363648719564,0.011799701365793709
2024-03-18,-0.006199886690677392,0.0005902570017306965,0.2838345723406172,-0.005777165032603983
2024-03-19,-0.025845348044398087,0.0007263207466696494,0.24993332685344163,-0.02530055905830626
2024-03-20,0.02692191763445284,0.0005661915771808903,0.22207172851430046,0.027362374069418934
2024-03-21,-0.006145333626271565,0.0002807434137845936,0.2139809223315397,-0.005924663947107104
2024-03-22,-0.00953812710681623,0.00043638752559146997,0.20890655569827135,-0.009192903796145764
2024-03-23,0.0001957871674787004,0.0004468738822575684,0.21433371584481253,0.000546880910038007
2024-03-24,0.01197907755188754,0.0001650859578176205,0.220608581091692,0.012107744130792852
2024-03-25,0.010948043345334169,0.0005914482972679273,0.226779393527687,0.011405363356444691
2024-03-26,0.00013248304131474598,0.0005821459488619358,0.2337574453679638,0.0005785480403394064
2024-03-27,-0.004235102184842687,0.0005679673153120994,0.24439112033078483,-0.00380594103803098
2024-03-28,0.005080512234672874,0.0009287278982602434,0.25347845633755095,0.005773827618924493
2024-03-29,-0.0038959126572670755,0.0008790211031026367,0.2750189355802995,-0.0032586390022923467
2024-03-30,-0.0007514522507870991,0.0007033060081400419,0.291722748913795,-0.0002533166046692581
2024-03-31,0.008827558634720178,0.0009625270930509823,0.3221057787250966,0.00948005018891997
2024-04-01,-0.008664413592649356,0.0013397055910242279,0.31790518830907755,-0.007750607359818409
2024-04-02,-0.017486593844703635,0.00045540604896841244,0.2711457078719738,-0.017154669191251942
2024-04-03,0.0023069220862546036,0.0003947883368054153,0.271018692902918,0.0025947154040456984
2024-04-04,0.006383599512774785,0.00033511998937286574,0.2605583689486629,0.006631401184314563
2024-04-05,-0.0018630608172984786,0.00029849669024739124,0.27801771492892313,-0.0016475514947875136
2024-04-06,0.003672328326838059,0.00032247584545630286,0.3082558582596802,0.0038953991037852134
2024-04-07,0.004753460878903937,0.00025823833056664875,0.33341749774285084,0.0049255980314717625
2024-04-08,0.015358332501170358,-2.082077799535322e-05,0.3517302177028462,0.015344835019952053
2024-04-09,-0.013966767333407848,0.0006525730620279666,0.35319282164641996,-0.013544678392487982
2024-04-10,0.005860589775771974,0.000325507991473604,0.340242511049212,0.006075346110860014
2024-04-11,-0.003399273018292237,0.0004009684065553177,0.34745734318906957,-0.003137624028981385
2024-04-12,-0.018121632146918087,0.0006259854308908993,0.3319116373859019,-0.017703418565373906
2024-04-13,-0.01811509279063439,0.0006017213187605728,0.2692765112792666,-0.017675400889352023
2024-04-14,0.009766630899470163,0.0007261757799473171,0.281798302763254,0.010288171577120545
2024-04-15,-0.007834299346532791,-6.3324397383584005e-06,0.29055666499617033,-0.007838791853699484
2024-04-16,0.000330113347340788,0.00020484945950164697,0.2951706745012458,0.0004744972537101182
2024-04-17,-0.010308902625925764,0.00020625894222882246,0.2958095801981434,-0.010163657054809762
2024-04-18,0.008811524758231881,6.963783516933064e-06,0.2718737458483227,0.00881659527183879
2024-04-19,0.0006273156771745558,0.0001561940761154653,0.29681906416544535,0.0007371483737892424
2024-04-20,0.006649727376983439,0.00020082127104454839,0.2831349304862616,0.006793689131410626
2024-04-21,-0.0002972355231898316,4.5771467737178165e-05,0.3083335271239116,-0.0002655769335416959
2024-04-22,0.006873018388391827,8.178584826638014e-05,0.3300850200140324,0.0069278079532963345
2024-04-23,-0.0008412307949069442,-5.3656204457626105e-05,0.33786960817977785,-0.0008767581985880582
2024-04-24,-0.010621389156320604,0.00027095449079081766,0.3363304873286825,-0.010441564921461357
2024-04-25,0.0013236852158857726,-0.00011486463429283763,0.3395774487379665,0.0012478260210563163
2024-04-26,-0.003584540448284268,8.702114738883836e-05,0.36669140024797947,-0.0035294292072826287
2024-04-27,0.0033399089819239336,0.00033830765728439806,0.3950449799424489,0.0035445698975220398
2024-04-28,-0.0007892092939437712,-8.188881262838288e-06,0.46937961335668943,-0.0007935544812856345
2024-04-29,-5.926803977962525e-05,0.00016444836395830746,0.4517071440881532,3.0897823345105946e-05
2024-04-30,-0.02732002149204238,0.00021010005909902495,0.4001780954109768,-0.027193998874439334
2024-05-01,-0.010512470318693734,0.0005123335302005723,0.22202061514270827,-0.010113885394026528
2024-05-02,0.0016265208820898103,-0.0001930466284239478,0.17017177584285323,0.0014663253412452411
2024-05-03,0.011286207462861242,0.0001239963021870002,0.19370790998082607,0.011386184700506247
2024-05-04,0.0034097224038911467,0.00014832511602467737,0.28342782906924746,0.0035160080542845054
2024-05-05,0.0008749805740373429,4.157841020470258e-05,0.2656860362503357,0.0009055121812411675
2024-05-06,-0.005334573376520546,0.00012407219633684446,0.2981232373146544,-0.005247489985016381
2024-05-07,-0.0041195980491975925,0.00011948218876665581,0.290978219076296,-0.004034882574929596
2024-05-08,-0.004228944171278171,0.00035146242694984937,0.27422507570243765,-0.003973861554965206
2024-05-09,0.007392107802881798,0.00013884322311675645,0.2785176630102075,0.0074922807359712705
2024-05-10,-0.01421204474599791,0.0001207719360932843,0.25328892246703477,-0.014121863003461951
2024-05-11,7.381723167587673e-05,0.0001453887016187264,0.16098218094308142,0.00019580094302353767
2024-05-12,0.001139932887599171,0.0002967123387540657,0.18396673504351185,0.0013820600261455268
2024-05-13,0.0031101625631386742,0.00018288054097452788,0.24072877001179738,0.003249018496425312
2024-05-14,-0.006399115469404082,0.00019334074748183103,0.238127113219804,-0.0062518143959878585
2024-05-15,0.02294539815180996,0.00030256432267021727,0.28418554723236433,0.023161978066869152
2024-05-16,-0.008409078055972907,4.692657165113453e-06,0.4368556006336469,-0.008406435412372227
2024-05-17,0.014558529921940622,0.0002713777823035587,0.4639842559762619,0.014703992685833576
2024-05-18,0.00021869382464556608,-2.599803532871961e-07,0.49962777913880047,0.00021856373769881148
2024-05-19,-0.005258729035675591,0.00015696410689663978,0.5063472542062999,-0.005181243273315009
2024-05-20,0.047516146013828475,-0.0008325275691446642,0.5076125925257243,0.047106219922406475
2024-05-21,0.00011821132302292092,0.0002960362800513198,0.6224936255932358,0.00022996690579796014
2024-05-22,-0.00813267562920128,0.00013761397501715601,0.5960785338224491,-0.00807709039064583
2024-05-23,-0.00308048274037942,0.0005529977814181855,0.5905789028165203,-0.002854073781971156
2024-05-24,0.0005853027063900118,0.0002197589203128039,0.6199047724526672,0.0006688320232118632
2024-05-25,0.005695035171006335,0.0002639647860691884,0.6599643610235232,0.0057847926057046604
2024-05-26,0.001204631208357121,0.00040505713467995155,0.6780079571153503,0.0013350563826377213
2024-05-27,0.010453608900529154,0.00011823542642955365,0.7126083452864028,0.010487588775376512
2024-05-28,-0.009630054595321402,0.00011024729848743449,0.693641859341478,-0.009596279437944166
2024-05-29,-0.01009220317658599,0.00035020603233770233,0.7085844792600997,-0.009990147703306043
2024-05-30,0.0026393696816986445,0.00029178569438718336,0.6978623466011147,0.0027275291266961525
2024-05-31,-0.003676553791048476,0.0004293206613674233,0.6950257609960626,-0.003545622049059279
2024-06-01,0.005296424424498847,0.00039770533443407173,0.7401530265754668,0.0053997669519663324
2024-06-02,-0.0025560154984360928,7.364806134029594e-05,0.7983846006854767,-0.0025411669151402284
2024-06-03,0.005685071250681739,0.00043546809820572616,0.8121410257177584,0.0057668778409433056
2024-06-04,0.015191153072372732,0.00018597185826948532,0.7448959471995359,0.015238595247124112
2024-06-05,0.00854961246721353,0.0004773981669822907,0.7261416199326495,0.008680351955870422
2024-06-06,-0.0059604367156491644,0.0003750181712895404,0.6981234565584217,-0.005847227526372496
2024-06-07,-0.016921871813766587,0.00046928653350673203,0.6996986810005043,-0.016780944448765815
2024-06-08,-3.1664194652614164e-05,0.00028261773228569035,0.625355726225679,7.421692041530376e-05
2024-06-09,0.0037036594747033025,0.0002832889601702691,0.6971804558866626,0.003789444908474405
2024-06-10,-0.003332313487259042,0.0001974359923095719,0.6681823983328969,-0.003266800749808115
2024-06-11,-0.024217348022834706,0.00043977646974838295,0.5897500945291575,-0.02403692976769213
2024-06-12,0.009607375121026385,0.000326423545398261,0.657153895658315,0.009719288161931579
2024-06-13,-0.014123931192342787,0.00027785437289741093,0.5890495604505872,-0.01400974681566987
2024-06-14,-0.007933169761590309,0.0005122356544362838,0.5231117506968962,-0.0076888905971155596
2024-06-15,0.006481616805918966,0.00027184920798057976,0.4631635302934416,0.006627555375023785
2024-06-16,0.0055731931781521915,0.00038650629622859125,0.4975313534648414,0.005767400473695489
2024-06-17,-0.010177665284040516,0.0003753826473496068,0.5220835592323039,-0.009998263745293237
2024-06-18,-0.009447791743503853,7.205721789012419e-05,0.44605165633076643,-0.009407875767004206
2024-06-19,0.005810136565052915,0.00036095413250007724,0.5235305213375558,0.005982120192386281
2024-06-20,-0.00438576198348839,1.4691278655569673e-05,0.5549143640567396,-0.004379223106385156
2024-06-21,-0.002398550904834318,0.00010861694733447892,0.532149268963654,-0.0023477343866209455
2024-06-22,-0.002049869461242415,0.00020565858283196772,0.5240490142135029,-0.0019519860560080861
2024-06-23,-0.010333662824907774,0.0001032850153449094,0.5027318928585685,-0.010282302480831137
2024-06-24,-0.011415306276809978,0.00016507071265124367,0.3044259194217281,-0.011300487367627189
2024-06-25,0.0038870544222529,0.0004242862230644528,0.2559645928126588,0.0042027383949946396
2024-06-26,-0.0027216346817262593,-4.8513723937158045e-05,0.2682584200244844,-0.0027571341907305313
2024-06-27,0.00601403982706783,0.0003233980504124145,0.25507238074572486,0.006254947966833024
2024-06-28,-0.006860447930309932,0.00014644739872370004,0.28136440664879203,-0.006755205617033385
2024-06-29,-0.0002908942266078851,0.00037540103459246624,0.24011216933920904,-5.631548803599381e-06
2024-06-30,0.005658734883086991,0.00030182313925663075,0.24204156494436047,0.0058875042773815275
2024-07-01,0.0004265140624584163,0.0003716930576433575,0.33734813563179517,0.0006728171600785058
2024-07-02,-0.003089337463702324,0.00012870099803854624,0.3512979388221615,-0.0030058488609990743
2024-07-03,-0.010224247645446605,0.00016458157893005284,0.17503744794150944,-0.010088474006070653
2024-07-04,-0.007295883868361219,0.0002486057132917137,0.06719949007312578,-0.007063984332231974
2024-07-05,-6.17386986754287e-05,0.0004898534760481587,0.0,0.00042811477737273004
2024-07-06,0.0,7.627477187458184e-05,0.0,7.627477187458184e-05
2024-07-07,0.0,0.0002291352447207007,0.0,0.0002291352447207007
2024-07-08,0.0,0.0003260397457919418,0.0,0.0003260397457919418
2024-07-09,0.0,0.00014736955097224613,0.0,0.00014736955097224613
2024-07-10,0.0,0.00016189722604014622,0.006286721625401177,0.00016087942324810716
2024-07-11,0.0,0.00016828842477217712,0.020437888651186665,0.00016484896468539975
2024-07-12,0.0,1.4210087233725343e-05,0.01032957631444025,1.4063303053209725e-05
2024-07-13,0.0006743238863511358,0.00048463649970550504,0.054769890569495855,0.0011324168980017869
2024-07-14,0.0016150391216587234,0.00012279882606652462,0.10138942469918505,0.0017253874453966279
2024-07-15,0.013679527176816864,0.00019859977141203686,0.1823007207061112,0.013841922066768417
2024-07-16,-0.008101458159898267,-1.1817379604643067e-05,0.5177322114339825,-0.008107157301426844
2024-07-17,-0.01215248156114157,5.225132875181412e-05,0.6255350335871181,-0.012132915269075494
2024-07-18,-0.0036156684698718244,0.0001389687218357872,0.6111911341590097,-0.00356163619874748
2024-07-19,0.010824586328587849,0.00015181267753008415,0.6389087485759438,0.010879404558299223
2024-07-20,0.0059261432216777266,0.00016577193701319148,1.0507514776123643,0.0059261432216777266
2024-07-21,0.012616310432806088,-2.7273310677898034e-05,1.187404581764759,0.012616310432806088
2024-07-22,-0.022425989086656162,0.0001949503409200688,1.251432952770862,-0.022425989086656162
2024-07-23,-0.009133517395363833,9.098137023160543e-05,1.2257115328105121,-0.009133517395363833
2024-07-24,-0.03032077590242499,0.0002848966017586755,1.2598127814321827,-0.03032077590242499
2024-07-25,-0.011990005958188443,0.00024031739998049188,0.4092570963777201,-0.01184804015953301
2024-07-26,0.021204055921691722,0.00012824775181908242,0.7420625939127992,0.021237135814132453
2024-07-27,-0.0009262097630451382,1.4030126258288912e-05,0.7729868293863631,-0.0009230247395991345
2024-07-28,0.004326787471009785,0.0004640941951420749,0.7810670792644092,0.004428392968648673
2024-07-29,-0.01726748263404243,5.106262204748417e-05,0.8943703715793797,-0.017262088908249373
2024-07-30,-0.006805588354481196,0.00019109915620757267,0.750120599945564,-0.006757836611977139
2024-07-31,-0.016677189080757326,0.00021074486026428018,0.7577965265696658,-0.016626145943593726
2024-08-01,-0.006107529263194578,0.0002910953057005813,0.2985793199522935,-0.005903348995911381
2024-08-02,-0.019352325906545453,0.00013839448268787466,0.27393410130851964,-0.01925184239209874
2024-08-03,-0.00192011273004844,0.0002030330475119026,0.09225775960370766,-0.0017358110566254986
2024-08-04,0.0,0.00015329753679278778,0.0,0.00015329753679278778
2024-08-05,0.0,2.51094861608954e-05,0.0,2.51094861608954e-05
2024-08-06,0.0,0.0001598355321163584,0.0,0.0001598355321163584
2024-08-07,0.0,-5.218984863459632e-05,0.0,-5.218984863459632e-05
2024-08-08,0.0,-0.0002046862682497218,0.0,-0.0002046862682497218
2024-08-09,0.0,8.841755324693759e-05,0.0,8.841755324693759e-05
2024-08-10,0.0,4.827652381991083e-05,0.0,4.827652381991083e-05
2024-08-11,0.0,-0.00014307816025063946,0.0,-0.00014307816025063946
2024-08-12,0.0,0.00018329932006028608,0.0,0.00018329932006028608
2024-08-13,0.0,0.0001426574993847938,0.0,0.0001426574993847938
2024-08-14,0.0,5.804755625215841e-07,0.0,5.804755625215841e-07
2024-08-15,0.0,-7.894519153266309e-05,0.0,-7.894519153266309e-05
2024-08-16,0.0,-0.00014162237609134355,0.0,-0.00014162237609134355
2024-08-17,0.0,5.5460108103352714e-05,0.0,5.5460108103352714e-05
2024-08-18,0.0,0.00010968435519027897,0.0,0.00010968435519027897
2024-08-19,0.0,-0.00010473980029766565,0.0,-0.00010473980029766565
2024-08-20,0.0,-4.176326169723584e-05,0.0,-4.176326169723584e-05
2024-08-21,0.0,3.1527096670853036e-05,0.0,3.1527096670853036e-05
2024-08-22,0.0,-0.0001576704979198451,0.0,-0.0001576704979198451
2024-08-23,0.0,-4.624079550220523e-05,0.0,-4.624079550220523e-05
2024-08-24,0.00016943570634353478,0.00028856913039139453,0.1984561301169506,0.00040073652384623945
2024-08-25,0.00019146633152744563,-6.464411907120305e-05,0.22653745623208427,0.00014146652675099688
2024-08-26,-0.0052773660107894305,2.4714956998672186e-05,0.2517312933022321,-0.005258872581879943
2024-08-27,-0.0001169213871843322,0.00022188156371685043,0.0,0.00010496017653251823
2024-08-28,0.0,-0.00014240993970028427,0.0,-0.00014240993970028427
2024-08-29,0.0,0.00012798359905312866,0.0,0.00012798359905312866
2024-08-30,0.0,-3.754801300948493e-05,0.0,-3.754801300948493e-05
2024-08-31,0.0,0.0001738583546771664,0.0,0.0001738583546771664
2024-09-01,0.0,9.972956013292003e-05,0.0,9.972956013292003e-05
2024-09-02,0.0,-8.220117535875845e-05,0.0,-8.220117535875845e-05
2024-09-03,0.0,0.0002628132419712591,0.0,0.0002628132419712591
2024-09-04,0.0,-5.078209699879008e-05,0.0,-5.078209699879008e-05
2024-09-05,0.0,0.0002475497009000016,0.0,0.0002475497009000016
2024-09-06,0.0,0.00012119156042464115,0.0,0.00012119156042464115
2024-09-07,0.0,-0.0001707169355712707,0.0,-0.0001707169355712707
2024-09-08,0.0,4.953435996740935e-05,0.0,4.953435996740935e-05
2024-09-09,0.0,-9.161922564839976e-05,0.0,-9.161922564839976e-05
2024-09-10,0.0,-0.0001750797505521492,0.0,-0.0001750797505521492
2024-09-11,0.0,6.247128020978423e-05,0.0,6.247128020978423e-05
2024-09-12,0.0,-4.395693019884302e-05,0.0,-4.395693019884302e-05
2024-09-13,0.0,9.253814882601599e-05,0.0,9.253814882601599e-05
2024-09-14,0.0,-9.138659052798802e-05,0.0,-9.138659052798802e-05
2024-09-15,0.0,6.295981662356553e-05,0.0,6.295981662356553e-05
2024-09-16,0.0,-2.7123521704227596e-05,0.0,-2.7123521704227596e-05
2024-09-17,0.0,0.00019767279380313057,0.0,0.00019767279380313057
2024-09-18,0.0,-6.350329143840686e-05,0.0,-6.350329143840686e-05
2024-09-19,5.554534282392609e-05,6.017150169946971e-05,0.11116466187069043,0.00010902789988272258
2024-09-20,-5.35262616674359e-06,0.00029178057234165926,0.16782006979932693,0.00023746131015845085
2024-09-21,0.00040432876178475574,0.00017500853925494464,0.23834315022010175,0.0005376252144782585
2024-09-22,0.0009897812530796912,0.00013535349453204162,0.30091268448672576,0.0010844051642174368
2024-09-23,-0.001099182404868837,0.0002546984962323275,0.28801761916688084,-0.0009178415631267292
2024-09-24,0.004252387835847138,-3.897099771469645e-05,0.31137469212497365,0.0042255514205476585
2024-09-25,-0.0080691529243051,0.0001449270709638435,0.46851324108472675,-0.007992126105079444
2024-09-26,0.014057983204406543,0.00020315082824439367,0.5095025193803526,0.014157628173846214
2024-09-27,0.005863810204184583,4.087698780687302e-05,0.6409459364920295,0.005878487252760607
2024-09-28,0.0008612970717720714,0.00033421932153215254,0.6544068524748454,0.0009768009790640897
2024-09-29,-0.0027042882953590697,0.00012478914751796078,0.7001149017525133,-0.002666865889595426
2024-09-30,-0.02516243250786676,1.4231830927936524e-05,0.6638926929251387,-0.025157649085498827
2024-10-01,-0.01903719402588122,0.00037176359556410357,0.495096622587769,-0.01884948933088199
2024-10-02,-0.0028577402895580972,0.00023600814878618206,0.14068379249467103,-0.002654934662202802
2024-10-03,-0.001723393356972025,9.071212100630468e-05,0.04426424428323928,-0.0016366965394493942
2024-10-04,0.0022920800831773835,0.00012532330884801118,0.13156561756832147,0.0024009151535011007
2024-10-05,-7.999578261630447e-05,0.000164165001259335,0.17742750025341197,5.50418328404885e-05
2024-10-06,0.002176945101184602,7.96532861167298e-05,0.1825035933603688,0.002242061376362067
2024-10-07,-0.014452025850999473,6.017420648733601e-05,0.43458254795831425,-0.014418002304488772
2024-10-08,-0.0007298336726466736,0.00015089834929970448,0.17810752665767157,-0.0006058114551174649
2024-10-09,-0.004339736378073611,0.0001871883757729634,0.18060883849328824,-0.004186355877428448
2024-10-10,-0.005422752466530567,0.00027049289188186247,0.04538213066718673,-0.005164535118412633
2024-10-11,0.0023959792352614695,4.481577818101934e-05,0.11961308767062434,0.0024354344598378954
2024-10-12,0.0021571106178293054,0.00017904052107679754,0.26116900615724004,0.002289391303954601
2024-10-13,-0.0032551337156526694,5.50262174340969e-05,0.287718975548583,-0.0032159395851270246
2024-10-14,0.03028413764914073,8.848195683343617e-05,0.6514524198474956,0.03031497782108218
2024-10-15,0.011223748419398216,0.0003273698806051732,0.7458703434971141,0.0113069428147058
2024-10-16,0.005647919515144206,0.00020375058454389023,0.699770156550494,0.0057090915212445635
2024-10-17,-0.002039495229386734,0.00022523957365488213,0.7144004947807666,-0.001975166918595109
2024-10-18,0.010373681362171094,0.0003016244918594519,0.722057182385841,0.01045751572329995
2024-10-19,-0.000510185296514476,0.00021398159403774228,0.737653525752336,-0.00045404797976477936
2024-10-20,0.007138034872535615,6.30332159959743e-05,0.7608044636464764,0.007153112136443859
2024-10-21,-0.020805895018927267,0.00026440491784996805,0.8483621588297474,-0.0207658012279897
2024-10-22,0.0005408263078030551,0.0004878869563405575,0.7834171899319319,0.0006464942358028499
2024-10-23,-0.007750731246298881,0.00023750058381909593,0.7951187352274961,-0.0077020718263018165
2024-10-24,0.017984023359202128,0.0002182647463417316,0.7877981325594208,0.018030339545972288
2024-10-25,-0.01773648731550359,0.0003529773791895764,0.7714362247343108,-0.017655809473132632
2024-10-26,0.004748241045779533,0.0001205986174784931,0.7622140211242766,0.0047769177060877155
2024-10-27,0.011129950368413688,0.0003289847970150905,0.7995963688110903,0.011195880116341459
2024-10-28,0.02459001205563327,0.00027312541009395195,0.8609612241774581,0.024627987078298764
2024-10-29,0.03441584652523799,-0.00015550854666594927,0.907038228838857,0.03440139017530923
2024-10-30,-0.004012183531983848,0.0003053962095697322,0.9563045695162212,-0.003998839113138585
2024-10-31,-0.02850613669649138,0.0001716813915121977,0.9299720926459968,-0.028494114207912157
2024-11-01,-0.00980100848863974,0.0003916032866238948,0.834265089388533,-0.009736106152935972
2024-11-02,-0.0013863036708982035,0.0004296936141770439,0.807569951303471,-0.0013036177077975274
2024-11-03,-0.007494729294271973,0.00026504052836930607,0.7610053177602257,-0.007431386017413689
2024-11-04,-0.011353276415100422,0.00034871464790635516,0.7784100252205336,-0.011276004745065621
2024-11-05,0.017346640416479486,0.00033016889784499403,0.7960374210499135,0.01741398251637306
2024-11-06,0.07608985710442995,-0.0002592831793385232,0.8088337797600426,0.076040290919064
2024-11-07,0.007988081002560987,0.00037811383409890433,0.8665939088345154,0.008038523691183717
2024-11-08,0.010664531538831845,0.0004166562978507712,0.9198317004028501,0.010697934165746985
2024-11-09,0.022417540596695318,5.412068227353507e-05,1.1188380934412958,0.022417540596695318
2024-11-10,0.042512731327306374,1.9238874856768068e-05,1.1669477347786108,0.042512731327306374
2024-11-11,0.10284144163185727,0.00014935104817118288,1.1834660284805563,0.10284144163185727
2024-11-12,-0.022026907878421764,0.001539389262443187,1.0167237033332492,-0.022026907878421764
2024-11-13,0.008375189851854481,0.0004236369710896029,0.935172563161083,0.008402653150840423
2024-11-14,-0.029972926244420717,9.215896634438261e-05,0.7930653893022239,-0.029953855364597933
2024-11-15,0.021296142823893582,0.0004468161727413958,0.7418129463741024,0.021411504975046083
2024-11-16,0.0025503538561946204,0.0002373221372766357,0.7747819329313601,0.002603803089224663
2024-11-17,-0.009605790268435443,0.0003502384754050965,0.783974649071597,-0.00953012987887743
2024-11-18,0.01730910318267087,0.000538149707741501,0.798648467033226,0.017417460451290244
2024-11-19,-0.0021484745997372157,0.0008243771200595225,0.793774847886385,-0.0019784673027539567
2024-11-20,0.005227698071210263,0.0005754132345104606,0.8274193839653002,0.005327003241696597
2024-11-21,0.049437075533300234,-0.0001195515178318277,0.8327553232152117,0.04941708117834132
2024-11-22,-0.0003073241701321283,0.0006343074044812286,0.8264678017394609,-0.00019725141185956377
2024-11-23,0.0006129324320796048,0.0003790966923328425,0.863791139406652,0.0006645687605969683
2024-11-24,-0.002203798296683268,0.0006009861131644164,0.895637917799761,-0.002141078134540001
2024-11-25,-0.01899975614277205,0.0004964999508283759,0.8911031310715307,-0.0189456888527037
2024-11-26,-0.014688323122784563,0.0005180235765900902,0.8313678457491234,-0.014600967691111433
2024-11-27,0.05494545983280563,0.0005916278672762831,0.812551111500389,0.05505635981893197
2024-11-28,-0.00854934879065039,0.0002746513810038355,0.8149556033098095,-0.008498526091552409
2024-11-29,0.010340586119051975,0.0004293447024654812,0.8469321385536701,0.010406304994481677
2024-11-30,0.0057423423632625425,0.0003780532302611645,0.8838497741290775,0.005786253331348609
2024-12-01,0.0046206062584863705,0.0001435352759810691,0.9266195661975873,0.00463113893930381
2024-12-02,-0.013633328624810925,0.0008992789547697803,0.9464699297867212,-0.013585190159220774
2024-12-03,-0.002856191221767057,0.0005422213881421034,0.937026720114382,-0.002822045762531616
2024-12-04,0.03932660210675021,0.0004307201153688887,0.9659868966199319,0.03934125223456213
2024-12-05,-0.01080282781344899,0.0012949381312220855,0.9355591536762631,-0.01071938090433616
2024-12-06,0.033145215267004646,0.00034488497935152555,0.7997229345742222,0.0332142878185786
2024-12-07,0.00013588957238575006,0.0004940405593651002,0.8156092154588453,0.00022698609872223176
2024-12-08,0.0068840269373053875,0.00044709236867039267,0.8634092062022107,0.006945095638843011
2024-12-09,-0.045753180051241404,0.0007807897197631877,0.8666649827573786,-0.04564907344049392
2024-12-10,-0.013003666889284782,0.0005863809907598435,0.8047946734918645,-0.012889202196525342
2024-12-11,0.03525283148971714,0.000531965181484563,0.7404276162394066,0.035390914959952724
2024-12-12,-0.0010197586724276508,0.00027994417286879216,0.7647854094658026,-0.0009539117184338833
2024-12-13,0.008229959095927608,0.0004035081613968829,0.7790198783876762,0.008319126378504656
2024-12-14,-0.003023374056750572,0.00024528719709702036,0.813396913127086,-0.0029776027086018627
2024-12-15,0.021542594600812537,-3.443742718295555e-05,0.8554101450753241,0.021537615298212173
2024-12-16,0.00971732344097509,0.00048122069589874805,0.8680485516111967,0.009780821208793597
2024-12-17,-0.008301881346977291,0.00043093288733349745,0.8528201542977649,-0.008238456711111529
2024-12-18,-0.052780360851603314,4.1173930763246546e-05,0.8508405551421515,-0.052774219370948054
2024-12-19,-0.026112210977306427,0.00012282906300539991,0.6403847203406311,-0.026068039769463442
2024-12-20,0.0027629718133765913,0.0004501957649422119,0.4937042594689008,0.002990904011571973
2024-12-21,-0.00917326649006922,0.00016462227551437397,0.456163426091719,-0.009083738875764498
2024-12-22,-0.009120873770686488,0.00021874257278494625,0.4234531787459199,-0.00899475843567439
2024-12-23,0.007526545001258489,0.00025059484756623533,0.41941402002018996,0.007672036856410623
2024-12-24,0.01452705650707209,0.0002124511469641062,0.47119689417940874,0.014639401333421856
2024-12-25,0.002828176873863164,0.0002506369910207217,0.510179809611313,0.0029509439325233816
2024-12-26,-0.021043957804397384,0.00027861233093064586,0.5047902121063774,-0.020905986251092672
2024-12-27,-0.005027565951925661,0.00017205370254827918,0.4872607610586188,-0.004939347267424009
2024-12-28,0.006949879918957791,0.00022961859626031473,0.45450321752448497,0.007075136124414337
2024-12-29,-0.00707403219484859,0.00014835548132611818,0.47619917779973825,-0.006996323471752054
2024-12-30,-0.0022817088124909013,0.00028023939882996216,0.5160342416307233,-0.0021460825393112086
2024-12-31,0.0007234317761684039,0.0001609455451173947,0.5240795726161577,0.0008000290487861999
2025-01-01,0.004644005399397244,0.00015833774886152204,0.5422151032968984,0.004716490029404018
2025-01-02,0.013574121486431778,0.00026198369387570735,0.5826111472805573,0.013683470559849762
2025-01-03,0.017885951682786505,0.0003199521209676018,0.7287001696829952,0.01797275463891458
2025-01-04,0.004847683495106336,0.0002646617746240377,0.8246992798012022,0.004894078894807022
2025-01-05,-0.0013592730141783749,0.00016471153146971687,0.9095728347722833,-0.0013443786173072524
2025-01-06,0.0267295244527066,0.000479329941330993,0.9476535199141838,0.026754615687935017
2025-01-07,-0.05922751614562327,0.00021239790116203306,0.9062260489956255,-0.05920759875524627
2025-01-08,-0.012123016677896614,0.0003185121201114781,0.6468970796205471,-0.012010549118109
2025-01-09,-0.019175314395358578,8.944549025478651e-05,0.6404074672595479,-0.01914315046497565
2025-01-10,0.013204260953265656,0.00023843202393364712,0.6407784705344785,0.013289910869576661
2025-01-11,2.6688354270776316e-05,1.8805029548676975e-05,0.5914635449586871,3.437089437953995e-05
2025-01-12,-0.0012063888992265293,0.00030375607730436996,0.6226518991144334,-0.0010917671203232759
2025-01-13,-0.010927406083058755,0.00015981359383147647,0.5603741684282433,-0.010857147898974122
2025-01-14,0.011424736842915006,0.00022231032310577914,0.593751950599946,0.011515049978038224
2025-01-15,0.03342245974994129,0.00010241249072002155,0.6818578135900406,0.03345504148365465
2025-01-16,-0.01094608922905238,0.0001458760798466096,0.703969935545131,-0.010902905523732964
2025-01-17,0.03111161330029555,0.00014346325144479522,0.720382828093041,0.031151728088937118
2025-01-18,-0.006984978580458989,0.00021055934353699863,0.753569359898024,-0.006933090306651715
2025-01-19,-0.03166336745346754,0.000214090546943377,0.7519148137012761,-0.031610254760244295
2025-01-20,0.012997918427755994,0.00020139995760528782,0.5700630587414144,0.01308450770949842
2025-01-21,0.012858776362671076,0.0003320148833820811,0.48964909456015104,0.013028220459024627
2025-01-22,-0.011526983011301728,0.00028858123805542335,0.5346145795525232,-0.011392681510496052
2025-01-23,0.0049635487705204095,0.00022886354223124807,0.490014642807151,0.005080265825853633
2025-01-24,0.0025264133382840726,0.0004208483212396536,0.596364518556558,0.0026962826530423046
2025-01-25,-0.0008979414233187821,3.969614682254218e-05,0.608042112820768,-0.0008823822054810619
2025-01-26,-0.014347417045434074,0.00045058319040235215,0.6498864737128248,-0.014189661775756581
2025-01-27,-0.006094903063445178,9.07585738655691e-06,0.5042772360056246,-0.006090403954335895
2025-01-28,-0.005572224617883981,0.000216086956106353,0.5288213600899675,-0.00547040905980349
2025-01-29,0.011488607492559755,8.381562105408039e-05,0.5291508497063271,0.011528072006514406
2025-01-30,0.006789364975429146,0.0002636522008699272,0.5711380674518804,0.006902435367814788
2025-01-31,-0.011221399091475126,0.00022265725363274086,0.6530888501976205,-0.011144156807605552
2025-02-01,-0.015133149557827963,9.563586707587871e-05,0.6089046177540036,-0.015095746811837495
2025-02-02,-0.019105760194157217,0.00020353304512982706,0.49622378218211616,-0.019003225086480755
2025-02-03,0.013279658868145638,-0.0001357176191470165,0.3506436761851548,0.01319152977389943
2025-02-04,-0.015443127230856168,6.786079035652128e-05,0.4107517136525563,-0.015403140376428405
2025-02-05,-0.003989567263797067,4.406435562990567e-05,0.3379368133818859,-0.003960393876092458
2025-02-06,-0.001973775723842497,-4.1263396999486793e-05,0.36700027296735627,-0.0019998954428796117
2025-02-07,-0.00019673338556647213,0.0001779685324138031,0.40893464857116346,-9.154235241203331e-05
2025-02-08,-0.00027523702621690127,-3.166869039281202e-05,0.42510336962599804,-0.00029344324961208643
2025-02-09,8.585644900560574e-05,8.441077085377549e-05,0.4260939273141586,0.00013430030299868052
2025-02-10,0.004614542878309313,0.00020530886526466948,0.4203228431487745,0.004733555737602289
2025-02-11,-0.007841433569267031,9.47421859746778e-05,0.42572138596074705,-0.007787025158014444
2025-02-12,0.005814107681050729,6.75473981501357e-05,0.28410705239340456,0.005862464387015586
2025-02-13,-0.006913042557316729,0.0001690772184314658,0.3115401997295001,-0.00679663968928511
2025-02-14,0.0031053055051035727,0.00015001404653064098,0.34712806625309167,0.003203245465751231
2025-02-15,0.00026127655761731816,-1.7556654830999232e-05,0.3807496292205633,0.0002504045926035753
2025-02-16,-0.004374305438229031,0.00019856860872967521,0.35210901197083533,-0.004245654626127585
2025-02-17,-0.0007929390806109549,1.741367090096448e-05,0.23853806408703446,-0.0007796792330553552
2025-02-18,-0.00025408644155144877,0.0002875168518599896,0.22010508890254368,-2.985351193108166e-05
2025-02-19,0.001473714896023992,0.00015216497082181003,0.1804958559374265,0.001598414720193626
2025-02-20,0.0038067612503873693,8.513205528978734e-05,0.28243586811888854,0.0038678489597366405
2025-02-21,-0.010466926316013314,0.0002472927034363771,0.4618758569634844,-0.01033385214189743
2025-02-22,0.0008935105088041517,-9.212778670457408e-05,0.2574528350133227,0.000825101281970173
2025-02-23,-0.0007088144466570467,4.845025669324161e-05,0.2171007872556896,-0.0006708827788346482
2025-02-24,-0.011390132222921623,0.00011224365741468651,0.23951990541031903,-0.01130477315571381
2025-02-25,-0.006407405930199284,9.254058124730275e-05,0.13768656387185402,-0.006327606943602626
2025-02-26,-0.003420945842696921,0.0001232930213149794,0.06115817431763751,-0.003305193197471671
2025-02-27,0.00035524681728782426,0.00018034161268441892,0.04819510018547546,0.0005268968478813074
2025-02-28,-0.0037292462289908457,0.00015564884583978538,0.01821980185388257,-0.0035764332742810466
2025-03-01,0.0,-2.8772938309268386e-05,0.032080814389423715,-2.7849879015930408e-05
2025-03-02,7.825487300494594e-05,-1.981313368231845e-05,0.04686106263653874,5.937020382114072e-05
2025-03-03,-0.007666546404171304,-6.492594116332758e-05,0.06433964422853783,-0.00772729503337898
2025-03-04,0.0002578187582740199,4.397678621480901e-05,0.025162867256091445,0.00030068896245495614
2025-03-05,0.0009862254540107251,0.00015540519392465236,0.02466359340560999,0.0011377977974193
2025-03-06,-0.00019981145553837898,5.60083367223195e-05,0.05036609000920846,-0.00014662403974468187
2025-03-07,-0.0009279695366660734,6.039150377182668e-05,0.023461095514080828,-0.0008689948837324765
2025-03-08,-0.00017190031981872966,6.573520409069356e-06,0.023144242925064562,-0.00016547893856288067
2025-03-09,-0.001168997308869102,0.0002474955227111787,0.017810941958803943,-0.0009259099145479959
2025-03-10,0.0,-0.00015309341887909496,0.005941893097970161,-0.00015218375415011263
2025-03-11,0.0,0.00018753567571438994,0.0,0.00018753567571438994
2025-03-12,0.0,8.660378101346774e-05,0.0,8.660378101346774e-05
2025-03-13,0.0,-9.550607149581945e-06,0.005808846369017388,-9.495129139919185e-06
2025-03-14,0.0,0.00018371470720208218,0.008661370094277906,0.00018212348613124305
2025-03-15,0.0,-3.1373993058287226e-05,0.02441702977027926,-3.060793333577049e-05
2025-03-16,0.0,1.4145508526492878e-05,0.012488323635358673,1.396885483802731e-05
2025-03-17,0.0,0.00014096132184128205,0.0064292058040036435,0.00014005505249276007
2025-03-18,0.0,7.80782276335725e-05,0.0,7.80782276335725e-05
2025-03-19,0.0,3.829152615254699e-05,0.0,3.829152615254699e-05
2025-03-20,0.0,0.00010187825971810163,0.03134889561647078,9.868448878861115e-05
2025-03-21,0.0,7.18234648273503e-05,0.0,7.18234648273503e-05
2025-03-22,0.0,4.711465408074923e-05,0.0,4.711465408074923e-05
2025-03-23,0.0006738665958609946,3.2083347176195084e-05,0.014617589024421139,0.0007054809618536402
2025-03-24,0.0009729555382316235,-5.68915237265964e-06,0.05915643755710521,0.00096760293584605
2025-03-25,-7.22934274586251e-05,-6.3901050342623594e-06,0.060367953034520284,-7.829777493229346e-05
2025-03-26,-0.00033213846542834435,3.486253307366415e-05,0.061818989466224404,-0.00029943109891952693
2025-03-27,0.00022175565105686523,0.00012047270711861387,0.06302234406189199,0.0003346358857773823
2025-03-28,-0.001416057307378371,8.591710127200876e-05,0.03203156756612818,-0.0013328922655408426
2025-03-29,0.0,9.208839042003535e-05,0.0,9.208839042003535e-05
2025-03-30,0.0,-1.95341496655625e-05,0.0,-1.95341496655625e-05
2025-03-31,0.0,5.9681744667427887e-05,0.0,5.9681744667427887e-05
2025-04-01,0.0,6.417415287540007e-05,0.0,6.417415287540007e-05
2025-04-02,-0.003338063074068809,0.00010557527051329393,0.017268946671803707,-0.0032343109772718704
2025-04-03,-6.602720236592585e-05,5.639571402705687e-06,0.0,-6.0387630963220165e-05
2025-04-04,0.0,0.0001294409632271017,0.0,0.0001294409632271017
2025-04-05,0.0,0.00011277120067893698,0.0,0.00011277120067893698
2025-04-06,0.0,0.00010419628199487964,0.0,0.00010419628199487964
2025-04-07,0.0,-0.00010340509095066705,0.0,-0.00010340509095066705
2025-04-08,0.0,0.00010322573887328604,0.0,0.00010322573887328604
2025-04-09,0.0,1.7306951776036314e-05,0.0,1.7306951776036314e-05
2025-04-10,0.0,0.000212060512432399,0.0,0.000212060512432399
2025-04-11,0.0,6.600786282574096e-06,0.0,6.600786282574096e-06
2025-04-12,0.0,-5.4474764763322006e-05,0.0,-5.4474764763322006e-05
2025-04-13,0.0,0.0002929745531187003,0.0,0.0002929745531187003
2025-04-14,0.0,8.266848754084395e-05,0.0,8.266848754084395e-05
2025-04-15,0.0,5.0607682691153986e-05,0.0,5.0607682691153986e-05
2025-04-16,0.0,1.1051557132979887e-05,0.0,1.1051557132979887e-05
2025-04-17,0.0,9.899757793961541e-05,0.0,9.899757793961541e-05
2025-04-18,0.0,0.00012534992595552118,0.0,0.00012534992595552118
2025-04-19,0.0,1.7604899457520295e-06,0.0,1.7604899457520295e-06
2025-04-20,0.0,6.768207016808047e-05,0.0,6.768207016808047e-05
2025-04-21,0.0,0.0002118172430268185,0.0,0.0002118172430268185
2025-04-22,0.008240139790989254,-0.0001524981778194954,0.10621979529872297,0.008103839938401173
2025-04-23,0.0006036335146892835,0.0002073837753946864,0.39592517070213906,0.0007289088334099746
2025-04-24,-0.0006574304813206089,9.168145730223767e-05,0.3456510197835375,-0.0005974388132301305
2025-04-25,0.0032524976956951335,3.170597611559926e-05,0.5049737910309108,0.003268192984853303
2025-04-26,-0.00014792175460209833,-1.674963484244411e-05,0.595366787887796,-0.00015469921315010299
2025-04-27,-0.0058833685789423384,2.0206572088863454e-05,0.6447651603949459,-0.005876190500547383
2025-04-28,0.00842297814974291,-0.0002332528374313879,0.6668881225123942,0.008345278859136829
2025-04-29,-0.005574533809408422,0.00026765772070404915,0.6746090245774199,-0.005487440402589147
2025-04-30,-0.0006109335899900925,-0.00020743104827291846,0.6873919193878222,-0.0006757782118500615
2025-05-01,0.016705432006853593,0.00013688199322080835,0.6921019864543853,0.016747577700656446
2025-05-02,0.002815840417552673,-0.00019771630827355375,0.703862382897886,0.002757289181158316
2025-05-03,-0.007285938746549703,7.521600293318669e-06,0.7189606921410245,-0.007283824881209277
2025-05-04,-0.013320073390527765,4.9729690686026104e-05,0.766901071956418,-0.013308481452936912
2025-05-05,0.0038073562328224675,-9.578191033070017e-05,0.7505542547447817,0.0037834638428180575
2025-05-06,0.017467902519624046,3.0397771093764497e-05,0.7640997263617906,0.017475073362143056
2025-05-07,0.0016060120077221463,0.0001366248358482247,0.7719475161893058,0.0016371696408875624
2025-05-08,0.05085085236937448,2.5765237823135678e-05,0.8174638476493838,0.05085555545675111
2025-05-09,0.002139695997134261,0.00019034043202639708,0.8777042179244379,0.0021629738291295297
2025-05-10,0.021941356757783304,0.0002810762275459266,0.8885311733900214,0.021972687995055806
2025-05-11,-0.007416229547729025,0.00026078004373386175,0.9284119375037255,-0.007397560809660425
2025-05-12,-0.010744150383639073,0.00024197328424385652,0.9035333207127312,-0.010720808024431833
2025-05-13,0.016071778599012987,3.7834264833349604e-05,0.9076683751752037,0.0160752718981591
2025-05-14,-0.0070181851905881665,0.00028038317450619366,0.970823219258485,-0.00701000451218199
2025-05-15,0.00013753919911074775,0.00014537390961289062,0.9805843709588451,0.000140361725012054
2025-05-16,-0.0028146649380795807,0.0002676980450619636,0.9754268386788513,-0.002808086750832917
2025-05-17,-0.005984411902629216,-4.085005040720167e-05,0.9461114731704345,-0.005986613251666574
2025-05-18,0.027479655259992075,0.00010066196887032151,1.0045312716148946,0.027479655259992075
2025-05-19,-0.008845793579968841,0.00017163129461270378,0.9501697405094757,-0.008837241148021596
2025-05-20,0.010088165463664645,0.00014329083283962882,0.9814737789539251,0.010090820101307707
2025-05-21,0.02151000620078536,1.7011279700475627e-05,0.9587703016066335,0.021510707570716693
2025-05-22,0.02081904235902865,0.00027343044823981643,0.9180620070928454,0.020841446701157125
2025-05-23,-0.037896824285641784,0.0002611611110982934,0.9346984015480106,-0.03787977004763357
2025-05-24,0.003426930394188732,0.00020762156321145963,0.928689907363619,0.003441735907094651
2025-05-25,0.010114327151313773,0.00010651494637957294,0.9368054087705056,0.010121058319810063
2025-05-26,0.003958864779159743,0.0001857152899180326,0.9842613684875711,0.003961787683673987
2025-05-27,0.0037265190328337194,0.00012537641836959446,1.0072222233563803,0.0037265190328337194
2025-05-28,-0.007218522025454144,0.00025495545498745934,1.0200804415647946,-0.007218522025454144
2025-05-29,-0.024521940026263844,0.00014062306481702088,1.1191541524413515,-0.024521940026263844
2025-05-30,-0.01992040415517582,0.0002142957123889719,0.9725968388458516,-0.01991453177523458
2025-05-31,0.004211290738084017,7.483906598232085e-05,0.957226813958536,0.0042144918433764484
2025-06-01,0.008675488653503427,0.0001975847914652778,0.983966379216739,0.008678656653122322
2025-06-02,0.00722098529551185,-3.0461396916038396e-05,0.9838590175179326,0.007220493618637849
2025-06-03,-0.004644530804748581,0.0001909668351827125,1.0224414903133625,-0.004644530804748581
2025-06-04,-0.003771157892728305,0.00011284197163581919,1.0078616460473848,-0.003771157892728305
2025-06-05,-0.03938090083347501,0.00011802430624565388,1.016327593946672,-0.03938090083347501
2025-06-06,0.026524087679815622,-0.00011152376439647252,0.9380363486486293,0.026517177260161166
2025-06-07,0.013454455048893532,0.0001347299430150309,0.9594855234592004,0.013459913562009158
2025-06-08,0.00010234096152816896,0.00023706177137430064,0.9986453893417833,0.00010266208793032833
2025-06-09,0.05196561289000523,-0.00012961261065063442,1.0601887725316828,0.05196561289000523
2025-06-10,0.022361621444556556,0.00018724280594120273,1.3487797631236582,0.022361621444556556
2025-06-11,-0.020964868793353686,0.0003492526261456829,1.4062688935202474,-0.020964868793353686
2025-06-12,-0.048765308777913186,0.00022041361415507714,1.417685542602471,-0.048765308777913186
2025-06-13,-0.006719150766316462,-0.00011215277180969644,0.9246399497368687,-0.00672760260483719
2025-06-14,-0.007940471318084175,0.00012837244603039035,0.9588815960397865,-0.007935192847990937
2025-06-15,0.0024444516650525827,0.0001483364837515553,0.9579594410594273,0.0024506878137407775
2025-06-16,0.007773365343500593,9.567920445748434e-06,1.1122463471991315,0.007773365343500593
2025-06-17,-0.023127405382438404,9.215802102431817e-05,1.012744834345791,-0.023127405382438404
2025-06-18,0.0016862510267481312,0.00024125153114536776,0.9328793215943529,0.0017024439931850094
2025-06-19,-0.0019884193103875125,-2.5317405753016074e-05,0.9518629451521256,-0.0019896380157368512
2025-06-20,-0.020967311328195293,0.00018000676447531551,0.9689331889782582,-0.020961719092060703
2025-06-21,-0.014885931740447278,1.97690855722014e-05,0.7506526951171738,-0.01488100237223985
2025-06-22,-0.008602077993608681,0.0002234340225868709,0.6611950378276304,-0.008526377438038116
2025-06-23,0.03052601497111951,-0.00011334640084577298,0.5985124920027485,0.03048050780710348
2025-06-24,0.004992629278353977,-2.6912986756708037e-05,0.7089278656305411,0.004984795657856445
2025-06-25,0.00726547168637004,0.00011492247199431534,0.7577545124618871,0.007293311136627388
2025-06-26,-0.0032330767494865853,-3.392216931962286e-07,0.8126976154509169,-0.0032331402865186116
2025-06-27,0.0009232560064031947,1.3139149762166143e-05,0.8998240374479316,0.0009245722333777355
2025-06-28,0.0020024326088197153,0.00012088604960105407,0.9613849052634105,0.002007100635077392
2025-06-29,0.010942293372257605,9.976386508057828e-05,1.040898932181153,0.010942293372257605
2025-06-30,-0.010955248734076606,0.00021095314308419705,1.0558794342074642,-0.010955248734076606
2025-07-01,-0.015444533970609964,4.311330201295223e-05,1.0660238997942053,-0.015444533970609964
2025-07-02,0.033346972170175126,3.904805138692382e-05,1.128955790987283,0.033346972170175126
2025-07-03,0.00936247654256106,0.0001277833201311753,1.3264453748019904,0.00936247654256106
2025-07-04,-0.02607708800091324,0.00016034581759180757,1.3178463549487924,-0.02607708800091324
2025-07-05,0.0014204267282171834,6.161034691687893e-05,1.2954751324209657,0.0014204267282171834
2025-07-06,0.018083316930078697,0.000157416537554593,1.461495765349651,0.018083316930078697
2025-07-07,-0.013952131396545386,7.677697699883116e-05,1.5360530064641886,-0.013952131396545386
2025-07-08,0.018737669748732255,0.00013220660826569104,1.577591679880832,0.018737669748732255
2025-07-09,0.051830409539824096,5.015045902127333e-06,1.6303721655346348,0.051830409539824096
2025-07-10,0.07865933269405789,7.089163177646271e-05,1.5896984944408445,0.07865933269405789
2025-07-11,0.012269815599814438,0.00033871485198306444,1.3033953837995564,0.012269815599814438
2025-07-12,-0.0030758294830520727,0.00025525821166274155,1.347249270077678,-0.0030758294830520727
2025-07-13,0.010956569740987465,0.00029760239057546737,0.9468461776131698,0.01097238844559801
2025-07-14,0.008250287071118745,7.84084558839647e-05,0.7355464555892117,0.008271022465189036
2025-07-15,0.001541614822898607,6.172460189602833e-05,0.6513245268315362,0.0015631366776708397
2025-07-16,0.01869918298715989,0.00040536521214986325,0.6609817566492306,0.01883660918929845
2025-07-17,0.009310566840662782,4.0010671465760555e-05,0.6897459504588334,0.009322980313509895
2025-07-18,-0.00019459535211507895,0.0004031248808670083,0.6589274607042274,-5.71005253444626e-05
2025-07-19,0.0026254424003828714,0.0002667627395978128,0.6712640730010866,0.002713136896873328
2025-07-20,0.008555929834553888,0.0003829843277316018,0.7299017865317629,0.008659373217260527
2025-07-21,0.0007982660540055697,0.0003048892929443898,0.7493226760075977,0.000874694886074805
2025-07-22,0.009900102442264691,-0.00020921657571863482,0.7383210121592215,0.009845354860491125
2025-07-23,-0.012590100881717192,0.0006261012908342474,0.710079709723629,-0.012408581413736117
2025-07-24,0.003327948054673513,0.0002675257082298541,0.7287481239126824,0.003400514904932449
2025-07-25,-0.0043163852989324125,0.00020900107780222433,0.6422812825389914,-0.004241621701433032
2025-07-26,0.0019092748885851663,0.000296291212470994,0.6234849829183864,0.0020208329795098146
2025-07-27,0.013949093402699342,4.9984666935838236e-05,0.6943927617233685,0.013964369078717781
2025-07-28,-0.010406541198415553,0.0006327849324104745,0.6807200482574739,-0.01020450565573214
2025-07-29,-0.0007429155797582521,0.0002713860996329173,0.6876259930937322,-0.0006581416163972541
2025-07-30,0.000643773000205794,0.00012209361621900037,0.6829866726372658,0.000682478303733128
2025-07-31,-0.015329778639687541,0.00022695123673168615,0.7090500834871107,-0.01526374719630796
2025-08-01,-0.022861696426471623,-2.4008771654859956e-06,0.6875584808829065,-0.02286244656018042
2025-08-02,-0.009156100189545935,2.1885019164779787e-05,0.6727621367889709,-0.00914893858263812
2025-08-03,0.013549256346102379,0.0002466664112441003,0.7355328171145926,0.01361449151699656
2025-08-04,0.018617275877897743,3.211801170440296e-05,0.7814765443912253,0.018624294416802672
2025-08-05,-0.011053553035157648,0.00017149689098860563,0.8014855055268313,-0.011019508416539325
2025-08-06,0.008701604742909597,0.00016719035511447944,0.8174759568584534,0.008732121002499363
2025-08-07,0.03125567192032608,0.00013172102651700407,0.8493931340441051,0.0312755100113103
2025-08-08,0.0044388483554651526,-2.9010996270136676e-05,0.8755908028465808,0.004435239120710564
2025-08-09,0.019390276871279033,0.0003202318665032109,0.8523620301550681,0.01943755525392922
2025-08-10,0.013525482441689052,0.0002797735951211338,0.9033503221553376,0.013552522469526953
2025-08-11,-0.0028596804745119053,0.00028597275953873237,0.8285788023640388,-0.0028106586815805153
2025-08-12,0.029963185372183565,0.00015994686866394552,0.7502390802422964,0.030003133849213437
2025-08-13,0.021542187771844912,-4.264941886777966e-05,0.7080620456709964,0.02152973678774733
2025-08-14,-0.028086396280212367,0.0005695701008749169,0.6270849927222344,-0.0278739950418994
2025-08-15,-0.007569986768521719,0.00028502307909590303,0.6006258936699778,-0.007456155931024362
2025-08-16,-0.0005607680737641507,9.106609936952693e-05,0.6318331329565192,-0.0005272405532654017
2025-08-17,0.0017579622440013765,9.377774323812936e-05,0.6703666416360115,0.001788874516444757
2025-08-18,-0.011563261117473744,5.3162209296487764e-05,0.6176169718780715,-0.011542932790901302
2025-08-19,-0.02284943200887113,0.00027326941227108264,0.5958254016712137,-0.02273898345393092
2025-08-20,0.018421405040302208,0.0001266284132271946,0.5725493491086951,0.018475532437957506
2025-08-21,-0.011117305744681505,8.705863885236347e-05,0.5912695246428069,-0.011081722225839427
2025-08-22,0.045336642909574065,0.00016708205321406871,0.5732184028976333,0.04540795045509191
2025-08-23,-0.005728011496734853,0.00029627731570709963,0.43204253042362634,-0.005559738582212968
2025-08-24,-0.00407483258181518,0.00027602205451401283,0.4180256946190988,-0.003914194838369578
2025-08-25,-0.022242010487135366,0.00020328082084895046,0.3858756944398778,-0.022117170794197814
2025-08-26,0.009707085305834084,0.0001153385253972479,0.31448749253062347,0.009786151307586971
2025-08-27,-0.005493859833492043,0.00010306116582323216,0.3620881801985299,-0.005428115897650884
2025-08-28,0.0012742092595054988,0.00013525833285218535,0.39825072645807835,0.0013556008630397928
2025-08-29,-0.011688251369012193,-1.4502627236554458e-05,0.34144030002909215,-0.011697802214853888
2025-08-30,0.0010262611161651058,0.00020293583259384246,0.3157946330762079,0.001165110901966961
2025-08-31,-9.308075114144998e-05,4.515420541714707e-05,0.31505031496856706,-6.215239236313047e-05
2025-09-01,-0.0025347601569245537,4.573410120253452e-05,0.31134490379868873,-0.002503265135061242
2025-09-02,0.0031182120672912372,0.00018221936688714774,0.340217210933135,0.003238437269398038
2025-09-03,0.005965240191140753,5.9984060969418106e-05,0.3729679301975435,0.006002852121045564
2025-09-04,-0.008438475797841072,4.633250336164925e-05,0.3459883668753728,-0.008408173801650768
2025-09-05,-0.0022675530568244673,4.527300915702463e-05,0.39581312622447645,-0.002240199698955474
2025-09-06,-0.002175776355150316,8.083531991490667e-05,0.354860521001699,-0.002123626298975752
2025-09-07,0.002658031820510498,0.00025667610003758635,0.3800306300651922,0.002817163140528124
2025-09-08,0.0008852817379498834,0.00012922860663845806,0.4600736871380402,0.0009550556630484746
2025-09-09,-0.0017800560765868223,0.00010249575578412121,0.5155130642650398,-0.0017303982219411345
2025-09-10,0.0079368573859111,0.00023866195884426027,0.5064143394796994,0.008054657506508313
2025-09-11,0.010865866986554451,0.00015611342911452607,0.6064272109927114,0.010927308984252546
2025-09-12,0.016787310629704066,9.019801409567238e-05,0.7380979232719612,0.016810933676912467
2025-09-13,-0.0037689412410368828,0.00020725933556604652,0.816492929309377,-0.003730907687493873
2025-09-14,-0.00746447432983921,0.00020950515336049885,0.909189581777622,-0.0074454490792428
2025-09-15,-0.007003819884723872,0.00011771115282937638,0.9552616282902405,-0.006998553679414207
2025-09-16,0.005283683679581541,5.101919383576335e-05,0.9608180296638251,0.00528568271212099
2025-09-17,0.005658859547426509,0.00019083347384708126,0.9722349464886391,0.0056641580490396325
2025-09-18,0.0031058478997945116,0.0001811720589026542,1.0104674794858084,0.0031058478997945116
2025-09-19,-0.017333460877648976,4.1924452626649276e-05,1.005822974850612,-0.017333460877648976
2025-09-20,0.0011893091162813452,4.606818505387828e-06,1.0636140381686197,0.0011893091162813452
2025-09-21,-0.006330140226021408,-3.4136805849408944e-05,1.1408828878010684,-0.006330140226021408
2025-09-22,-0.03725214361118556,8.084844929798966e-05,0.7495032272381594,-0.037231891335553616
2025-09-23,-0.0039371558957866926,0.0001104396253115389,0.615367474548674,-0.003894677223793217
2025-09-24,0.0018009124948721311,9.849836551345234e-05,0.736561130016365,0.00182686079297823
2025-09-25,-0.031632540238047735,-3.9262790653446744e-05,0.5770093001631142,-0.03164914803334379
2025-09-26,0.012975515187181985,0.0002035410942995454,0.4216142452206344,0.013093240456637045
2025-09-27,-0.0011110677857417706,4.392141770412477e-05,0.4251810001783774,-0.001085820920346338
2025-09-28,0.012890457426917967,0.00021557472031577679,0.4344852272094543,0.01301236811589673
2025-09-29,0.010752575706588274,1.0681902617710028e-05,0.6256544289834488,0.010756574429523245
2025-09-30,-0.009326328636281578,0.00010354352049077138,0.6827113834755755,-0.009293475455914992
2025-10-01,0.041403362727139736,-3.7265585146338464e-05,0.9511824334618437,0.041401543511957274
2025-10-02,0.019968407827912982,0.00021235566440658006,0.97654178000304,0.019973389313806232
2025-10-03,0.011131743838497687,0.00010871098577550003,0.9311557925031979,0.011139227960159597
2025-10-04,-0.0010344608829191415,0.00022456389004708242,0.8980281066855483,-0.0010115616778809823
2025-10-05,0.008360139069305328,0.00022141996258344133,0.8290823248533244,0.008397983654541153
2025-10-06,0.016961868730082763,8.454388544110103e-05,0.7733170195748534,0.016981033390011273
2025-10-07,-0.027797239651967343,0.0003391427401433577,0.7257192610184944,-0.02770421933058061
2025-10-08,0.012285904017732552,0.0001989439928071303,0.712080527489902,0.012343183867200633
2025-10-09,-0.015648246400637777,0.00015694165707065484,0.7077620627149741,-0.015602382094501356
2025-10-10,-0.05121306338838627,0.000733704119362137,0.5975952218223867,-0.05091781734498635
2025-10-11,-0.0039523566162119605,-0.0007774816718828586,0.24176642159119777,-0.004541869326430959
2025-10-12,0.01158484058246545,-7.287473788459706e-05,0.24558872611768323,0.011529863058624091
2025-10-13,0.004334951414932009,-0.00014704663575298345,0.3789595248983211,0.004243629502401872
2025-10-14,-0.01385475230833999,5.780681994034237e-05,0.2966887504604973,-0.013814096121575843
2025-10-15,-0.007630349379831092,9.946764276902667e-05,0.2316239462905891,-0.00755392082500845
2025-10-16,-0.0036935700182583187,5.717678530773446e-05,0.1572376191265124,-0.00364538357454168
2025-10-17,-0.00316492409723379,-9.367643167455553e-05,0.10603058464831543,-0.0032486679620901244
2025-10-18,0.0011832225677064212,9.966096355361367e-05,0.07607351699950864,0.0012753019712549516
2025-10-19,0.0019144157906560988,-1.339266057841578e-05,0.09108393243555929,0.0019022429862689397
2025-10-20,-6.876026804414348e-05,3.272895325518253e-05,0.10670778213870019,-3.952374880254267e-05
2025-10-21,-0.0021728510898280096,-9.745714857857868e-06,0.09221247781245849,-0.0021816981281707706
2025-10-22,-0.001384858064501726,-4.124828885503811e-05,0.08345023892189089,-0.001422664173796692
2025-10-23,0.0010530233495931185,0.0001715896732446664,0.10123133560698995,0.0012072427710388602
2025-10-24,0.0016019811695811015,5.005383830773851e-05,0.11274609527608012,0.0016463916330660621
2025-10-25,0.000371266662502423,0.0001457136467413113,0.15990108993859098,0.0004936805383108718
2025-10-26,0.0072452087863941195,0.00019752617747970428,0.2447049654254057,0.00739439932744304
2025-10-27,-0.008966680794365134,0.00013120664363750557,0.5593957468248674,-0.008908870589133614
2025-10-28,-0.013355911860632563,0.00020345316924122277,0.475018649679172,-0.013249102741117255
2025-10-29,-0.007756482373662998,3.0514856634204692e-05,0.37456632918108995,-0.007737397354863755
2025-10-30,-0.005299997546614699,5.0418583572153184e-05,0.1713392416236315,-0.005258217644915536
2025-10-31,0.0008431394148793458,7.194383013958426e-06,0.1530690809079751,0.0008492325602976577
2025-11-01,0.0011525332569404245,0.00023832564672558287,0.16491384918676283,0.001351555703904567
2025-11-02,0.001435184304708903,0.00017338611597194167,0.1596397923032104,0.0015808910971388235
2025-11-03,-0.010061559614685467,0.00011508391100706594,0.08322567086559103,-0.0099560536393778
2025-11-04,-0.0034603308658101017,0.00025929808729942847,0.025165894124700265,-0.003207558246722388
2025-11-05,-3.60306080368078e-05,1.7120040386901585e-06,0.005933210692234331,-3.432876167878514e-05
2025-11-06,0.0,0.00011891351348225244,0.017368560957914503,0.00011684815687461615
2025-11-07,0.0,0.0001604435680953949,0.0,0.0001604435680953949
2025-11-08,0.0,0.00017467248916800624,0.016795690392525757,0.0001717387441198486
2025-11-09,0.0,0.00021792535507084891,0.017744655994632368,0.0002140583446126086
2025-11-10,0.0,6.634663132172881e-05,0.022900187098231654,6.482728105112383e-05
2025-11-11,0.0,8.286159347145657e-05,0.021931632698810877,8.10443034386024e-05
2025-11-12,0.0,5.4313274741692606e-05,0.011768967690506199,5.367406356609204e-05
2025-11-13,0.0,0.0001240620062271267,0.011816079567399551,0.00012259607969025574
2025-11-14,0.0,0.00020039541854694975,0.0,0.00020039541854694975
2025-11-15,0.0,0.00011959289628503683,0.0,0.00011959289628503683
2025-11-16,0.0,0.0002400257267018788,0.0,0.0002400257267018788
2025-11-17,0.0,0.00028297695829960763,0.0,0.00028297695829960763
2025-11-18,0.0,0.0002083772787314299,0.0,0.0002083772787314299
2025-11-19,0.0,0.00016806151393926615,0.0,0.00016806151393926615
2025-11-20,0.0,0.0001516993355194698,0.0,0.0001516993355194698
2025-11-21,0.0,9.030246991501875e-05,0.0,9.030246991501875e-05
2025-11-22,0.0,0.00017531209503522305,0.0,0.00017531209503522305
2025-11-23,0.0,-6.557503533835802e-05,0.0,-6.557503533835802e-05
2025-11-24,0.0,0.00017801030123956504,0.0,0.00017801030123956504
2025-11-25,0.0,-3.444850471463756e-05,0.0,-3.444850471463756e-05
2025-11-26,0.0,0.00011397738900667545,0.0,0.00011397738900667545
2025-11-27,0.0,4.349618354817034e-06,0.0,4.349618354817034e-06
2025-11-28,0.0,2.7137635190272973e-05,0.0,2.7137635190272973e-05
2025-11-29,0.0,-2.1455533861465384e-05,0.0,-2.1455533861465384e-05
2025-11-30,0.0,0.00014274306018869645,0.0,0.00014274306018869645
2025-12-01,0.0,0.00017848382928066915,0.0,0.00017848382928066915
2025-12-02,0.0,-3.7245439754448066e-05,0.0,-3.7245439754448066e-05
2025-12-03,0.0,0.00013211701484908787,0.0,0.00013211701484908787
2025-12-04,0.0,0.00011556117084182325,0.0,0.00011556117084182325
2025-12-05,0.0,0.00014291213349953578,0.0,0.00014291213349953578
2025-12-06,0.0,6.063043919305223e-05,0.0,6.063043919305223e-05
2025-12-07,0.0,0.00013785442694410455,0.0,0.00013785442694410455
2025-12-08,0.0,-0.0001281956988886157,0.0,-0.0001281956988886157
2025-12-09,0.0,0.0002652536763546532,0.0,0.0002652536763546532
2025-12-10,0.0,8.840755528621495e-05,0.0,8.840755528621495e-05
2025-12-11,0.0,0.00010255030895338879,0.0,0.00010255030895338879
2025-12-12,0.0,9.18131855267994e-05,0.0,9.18131855267994e-05
2025-12-13,0.0,0.00012301361581571038,0.0,0.00012301361581571038
2025-12-14,0.0,0.00017614612164959406,0.0,0.00017614612164959406
2025-12-15,0.0,3.465189283984915e-05,0.0,3.465189283984915e-05
2025-12-16,0.0,5.792055161817657e-06,0.0,5.792055161817657e-06
2025-12-17,0.0,0.0001493109242624879,0.0,0.0001493109242624879
2025-12-18,0.0,5.74941407767807e-05,0.0,5.74941407767807e-05
2025-12-19,0.0,0.00012485024298874078,0.0,0.00012485024298874078
2025-12-20,0.0,0.00014826816457864627,0.0,0.00014826816457864627
2025-12-21,0.0,0.00011231396166644799,0.0,0.00011231396166644799
2025-12-22,0.0,7.67673694191816e-06,0.0,7.67673694191816e-06
2025-12-23,0.0,0.00012971714974888908,0.0,0.00012971714974888908
2025-12-24,0.0,0.00019317701840097993,0.0,0.00019317701840097993
2025-12-25,0.0,0.00023861121539787207,0.0,0.00023861121539787207
2025-12-26,0.0,0.00012416983726812333,0.0,0.00012416983726812333
2025-12-27,0.0,0.00011478363908213315,0.0,0.00011478363908213315
2025-12-28,0.0,5.755716094516449e-05,0.0,5.755716094516449e-05
2025-12-29,0.0,0.0002236471807627613,0.0,0.0002236471807627613
2025-12-30,0.0,0.00013344454962026963,0.0,0.00013344454962026963
2025-12-31,0.0,9.454642378486884e-05,0.0,9.454642378486884e-05
2026-01-01,0.0,0.00023147661360081498,0.0,0.00023147661360081498
2026-01-02,0.0,0.00013280105665049903,0.0,0.00013280105665049903
2026-01-03,0.0,5.3598220096056395e-05,0.0,5.3598220096056395e-05
2026-01-04,0.0,0.00011423455115679328,0.0,0.00011423455115679328
2026-01-05,0.0,0.00015533839744652337,0.0,0.00015533839744652337
2026-01-06,0.0,0.00012344300382222706,0.0,0.00012344300382222706
2026-01-07,0.0,0.00013686550847165965,0.0,0.00013686550847165965
2026-01-08,0.0,0.00019630105445279065,0.0,0.00019630105445279065
2026-01-09,0.0,8.674294479689825e-05,0.0,8.674294479689825e-05
2026-01-10,0.0,0.00017829618198158392,0.0,0.00017829618198158392
2026-01-11,0.0,0.00025554938419660675,0.0,0.00025554938419660675
2026-01-12,0.0,0.0001663770864842833,0.0,0.0001663770864842833
2026-01-13,0.0,-2.2376564835147957e-05,0.0,-2.2376564835147957e-05
2026-01-14,0.0,0.00023933409548636264,0.0,0.00023933409548636264
2026-01-15,-0.002720295265681294,6.267721947875317e-05,0.04302418942718712,-0.002660314682766164
2026-01-16,0.0,0.0001387492702477011,0.0,0.0001387492702477011
2026-01-17,-0.0003390368801948762,0.00011316691963662432,0.023081661554829408,-0.00022848204109650701
2026-01-18,-0.001092841643919984,0.00015479925150418456,0.0704147687177867,-0.000948942545908153
2026-01-19,-9.237404275308503e-05,2.089258942056943e-05,0.0,-7.14814533325156e-05
2026-01-20,0.0,0.00018391585793323822,0.0,0.00018391585793323822
2026-01-21,0.0,0.00011061178457884299,0.0,0.00011061178457884299
2026-01-22,0.0,9.327240506160304e-05,0.0,9.327240506160304e-05
2026-01-23,0.0,8.827816698542786e-05,0.0,8.827816698542786e-05
2026-01-24,0.0,7.562095191035373e-05,0.0,7.562095191035373e-05
2026-01-25,0.0,0.0001650767483389424,0.0,0.0001650767483389424
2026-01-26,0.0,4.956085157424265e-05,0.0,4.956085157424265e-05
2026-01-27,0.0,0.00026609974855727536,0.0,0.00026609974855727536
2026-01-28,0.0,4.121524712555164e-05,0.0,4.121524712555164e-05
2026-01-29,0.0,0.0001895460489682682,0.0,0.0001895460489682682
2026-01-30,0.0,7.851198861847675e-05,0.0,7.851198861847675e-05
2026-01-31,0.0,-3.2755087123409826e-05,0.0,-3.2755087123409826e-05
2026-02-01,0.0,-0.00013221902943313566,0.0,-0.00013221902943313566
2026-02-02,0.0,-7.734198219054366e-05,0.0,-7.734198219054366e-05
2026-02-03,0.0,-0.00010112296067260422,0.0,-0.00010112296067260422
2026-02-04,0.0,-7.432380238570273e-05,0.0,-7.432380238570273e-05
2026-02-05,0.0,0.0002758483228484741,0.0,0.0002758483228484741
2026-02-06,0.0,-0.0006566081562317018,0.0,-0.0006566081562317018
2026-02-07,0.0,-1.264465578482729e-06,0.0,-1.264465578482729e-06
2026-02-08,0.0,-3.762075596902247e-05,0.0,-3.762075596902247e-05
2026-02-09,0.0,-0.00017320703498399333,0.0,-0.00017320703498399333
2026-02-10,0.0,-0.00014461948969203323,0.0,-0.00014461948969203323
2026-02-11,0.0,-0.00022686635835080188,0.0,-0.00022686635835080188
2026-02-12,0.0,-0.00010186741757167862,0.0,-0.00010186741757167862
2026-02-13,0.0,8.315748759396967e-05,0.0,8.315748759396967e-05
2026-02-14,0.0,-2.7094511603036538e-05,0.0,-2.7094511603036538e-05
2026-02-15,0.0,2.8355797734708652e-05,0.0,2.8355797734708652e-05
2026-02-16,0.0,-0.00015390000275471952,0.0,-0.00015390000275471952
2026-02-17,0.0,5.532828145787793e-05,0.0,5.532828145787793e-05
2026-02-18,0.0,0.00012340415673967484,0.0,0.00012340415673967484
2026-02-19,0.0,-0.00021554602986774416,0.0,-0.00021554602986774416
2026-02-20,0.0,4.947067941423274e-05,0.0,4.947067941423274e-05
2026-02-21,0.0,7.089069211410654e-05,0.0,7.089069211410654e-05
2026-02-22,0.0,-5.046889097718961e-05,0.0,-5.046889097718961e-05
2026-02-23,0.0,-0.00014235021249477952,0.0,-0.00014235021249477952
2026-02-24,0.0,-1.7731630121309748e-05,0.0,-1.7731630121309748e-05
2026-02-25,0.0,9.661518683644392e-05,0.0,9.661518683644392e-05
2026-02-26,0.0,5.527349919377589e-05,0.0,5.527349919377589e-05
2026-02-27,0.0,6.5669309859439875e-06,0.0,6.5669309859439875e-06
2026-02-28,0.0,-0.000206967205614398,0.0,-0.000206967205614398
2026-03-01,0.0,2.8032977955193276e-05,0.0,2.8032977955193276e-05
2026-03-02,0.0,-0.00021116966381401025,0.0,-0.00021116966381401025
2026-03-03,0.0,0.00013750919759518936,0.0,0.00013750919759518936
2026-03-04,0.0,-6.190912246770787e-05,0.0,-6.190912246770787e-05
2026-03-05,0.0,-3.1072728745241794e-05,0.0,-3.1072728745241794e-05
2026-03-06,0.0,6.764921716208388e-06,0.0,6.764921716208388e-06
2026-03-07,0.0,5.893357783673158e-06,0.0,5.893357783673158e-06
2026-03-08,0.0,-9.632324082752343e-05,0.0,-9.632324082752343e-05
2026-03-09,0.0,-0.00022830096590504146,0.0,-0.00022830096590504146
2026-03-10,0.0,0.00019277527595335517,0.0,0.00019277527595335517
2026-03-11,0.0,-0.00014825817841775533,0.0,-0.00014825817841775533
2026-03-12,0.0,-1.780354071210705e-05,0.0,-1.780354071210705e-05
2026-03-13,0.0,-8.561197028964337e-05,0.0,-8.561197028964337e-05
2026-03-14,0.0,-0.00010569527733964693,0.0,-0.00010569527733964693
2026-03-15,0.0,-0.00011018189646120678,0.0,-0.00011018189646120678
2026-03-16,0.0,0.00030202312875812634,0.0,0.00030202312875812634
2026-03-17,0.0,-5.842407339486516e-05,0.0,-5.842407339486516e-05
2026-03-18,0.0,0.0001168181400419833,0.0,0.0001168181400419833
2026-03-19,0.0,-4.772333424706567e-05,0.0,-4.772333424706567e-05
2026-03-20,0.0,-0.00010276481698092217,0.0,-0.00010276481698092217
2026-03-21,0.0,9.539063485661862e-05,0.0,9.539063485661862e-05
2026-03-22,0.0,-0.00021700990600205747,0.0,-0.00021700990600205747
2026-03-23,0.0,3.3565282717231666e-05,0.0,3.3565282717231666e-05
2026-03-24,0.0,-4.9096558102318255e-06,0.0,-4.9096558102318255e-06
2026-03-25,0.0,8.573747918514054e-05,0.0,8.573747918514054e-05
2026-03-26,0.0,2.0048407465009065e-05,0.0,2.0048407465009065e-05
2026-03-27,0.0,-7.716109133458097e-05,0.0,-7.716109133458097e-05
2026-03-28,0.0,-0.00011169079211151662,0.0,-0.00011169079211151662
2026-03-29,0.0,-0.00011209432595601331,0.0,-0.00011209432595601331
2026-03-30,0.0,-7.991305514148797e-05,0.0,-7.991305514148797e-05
2026-03-31,0.0,7.067012235253991e-05,0.0,7.067012235253991e-05
2026-04-01,0.0,4.878592855354341e-05,0.0,4.878592855354341e-05
2026-04-02,0.0,-0.0001569203191733835,0.0,-0.0001569203191733835
2026-04-03,0.0,-7.704123073445006e-05,0.0,-7.704123073445006e-05
2026-04-04,0.0,7.00620267557277e-05,0.0,7.00620267557277e-05
2026-04-05,0.0,7.32129366641228e-06,0.0,7.32129366641228e-06
2026-04-06,0.0,0.00014152563540393686,0.0,0.00014152563540393686
2026-04-07,0.0,-4.398748602751921e-05,0.0,-4.398748602751921e-05
2026-04-08,0.0,0.0001920470223891544,0.0,0.0001920470223891544
2026-04-09,0.0,9.27200436043816e-05,0.0,9.27200436043816e-05
2026-04-10,0.0,1.8609416092130817e-05,0.0,1.8609416092130817e-05
2026-04-11,0.0,-0.0002622726016390147,0.0,-0.0002622726016390147
2026-04-12,0.0,-6.192779491445333e-05,0.0,-6.192779491445333e-05
2026-04-13,0.0,-8.379608004050902e-05,0.0,-8.379608004050902e-05
2026-04-14,-0.001239193835802621,0.0001321613380808245,0.061913360207803164,-0.00111521505025194
2026-04-15,0.0003195012484666915,-6.468737788199661e-05,0.02098118968252699,0.00025617108873010234
2026-04-16,-0.002261432823241316,2.7890205973208926e-05,0.09280868137966239,-0.002236131070507888
2026-04-17,0.0021578775344912593,-3.783759421154269e-05,0.15030679222683585,0.002125727187691234
2026-04-18,-0.004605057093372222,-0.00017641416754400082,0.20129674923465216,-0.004745959662470678
2026-04-19,-0.00494709165848739,-0.0003183575239205529,0.18441619292779193,-0.005206738899856596
2026-04-20,0.000924450845774416,9.541946261761007e-06,0.10451881063084971,0.0009329954791617943
2026-04-21,0.0013041936665987297,-0.0001965013603596618,0.2110515645996546,0.0011491642257889351
2026-04-22,0.0047488355759666145,9.70195360183625e-06,0.21007069758589367,0.004756499433407367
2026-04-23,-0.0015504393483056766,-1.2035969316193232e-06,0.21184339589956133,-0.0015513879711760074
2026-04-24,-0.001892341188439839,-0.00019293021715440357,0.21552330658314706,-0.0020436904472533207
2026-04-25,0.0004730891173401197,-8.108869605171913e-05,0.22156430470272961,0.0004099667818483507
2026-04-26,0.0035643130983396,-4.04871670551657e-05,0.22822398082904174,0.0035330660737222545
2026-04-27,-0.004560411357178107,-0.00011978997730607171,0.22385956094145001,-0.004653385202759255
2026-04-28,-0.0021903022784447446,-0.00016300449442146564,0.20165055287848896,-0.002320436826444443
2026-04-29,-0.0023070366407680343,4.7017853486934895e-05,0.21384419147306102,-0.002270073282144812
2026-04-30,0.0010869319017303702,-0.00012697314461611583,0.19347417967628178,0.0009845247821097752
2026-05-01,0.0037496053093568626,-4.1348232243307076e-05,0.23691231881456015,0.0037180529826932006
2026-05-02,0.0019631443467251763,-0.00013102920665190548,0.25087963363273236,0.0018649876994332884
2026-05-03,-0.0013966446313704584,6.715112850074892e-05,0.36447720441218817,-0.001353968558458786
2026-05-04,0.006270164058142624,4.146361102289842e-05,0.4276959834211502,0.0062938938492728925
2026-05-05,0.004799331839282495,-1.478408147982178e-05,0.43527349550266614,0.004790982876626191
2026-05-06,0.001831302098253218,-0.00011363496304248337,0.41472784076557856,0.00176479471806882
2026-05-07,-0.008131365504829069,-0.00025388022821752995,0.4369830501923251,-0.00827430437653658
2026-05-08,0.0013794663954700415,-0.00010350780635782114,0.4573259723410041,0.0013232953972996953
2026-05-09,0.002995345268526517,0.00018559810023075515,0.49627727980030134,0.0030888352484386493
2026-05-10,0.008971597161890665,5.0457562508898315e-05,0.5357973166189243,0.008995019697804165
2026-05-11,-0.0033674558698321144,0.00022724383567266339,0.5408592309617298,-0.0032631189603621615
2026-05-12,-0.008311020796293977,8.784627295282117e-05,0.5375648494091089,-0.008270397591832191
2026-05-13,-0.006287393190965385,-5.216194455334944e-05,0.5170903561603394,-0.006312582697031627
2026-05-14,0.010264514088995202,0.00021112727724835963,0.5198245925902779,0.01036589221536324
2026-05-15,-0.012673868918979814,-5.0275665978852634e-05,0.4564476505518707,-0.012701196375342689
2026-05-16,-0.005266180667332532,0.00016982124672919552,0.3805581928757396,-0.005160986287370504
2026-05-17,-0.004069643493915587,1.5247593200181492e-05,0.3799653387333215,-0.00406018945763058
2026-05-18,-0.0026440007708418145,0.00014393615819292574,0.20732517230199698,-0.0025299062014467245
2026-05-19,-0.00032728412243565597,9.726566650537297e-05,0.1521153843003168,-0.00024481406016997425
2026-05-20,0.0015534530833176685,0.00015929439427272253,0.20830863587776316,0.0016795650796164656
2026-05-21,0.00022641510231635742,6.294818287640359e-05,0.26769131809774527,0.0002725126031467186
2026-05-22,-0.004283934531792766,5.7169811321238715e-05,0.19758512401736925,-0.004238060624731484
2026-05-23,0.0016288716269661219,0.0001672966391446409,0.07407701371896536,0.0017837754306777084
2026-05-24,-0.0005773160508774078,0.00017042105868019376,0.12514179641399453,-0.00042822178962722825
2026-05-25,0.0005678647393376757,0.0002482737213718142,0.21278065186911752,0.0007633106164340236
2026-05-26,-0.003723716233349661,-7.891473133020486e-05,0.17144116836017836,-0.0037891017309397857
2026-05-27,-0.0014272320725519094,0.00031773605983158293,0.07404483438750686,-0.001133022726649495
2026-05-28,-0.0008028946494458289,8.30304794519106e-05,0.07274942602975547,-0.0007259045897170202
2026-05-29,-0.00015140695847715158,0.0002760394946700116,0.07287694036622537,0.00010451562240107058
2026-05-30,0.000409275184815483,3.3953916530159125e-05,0.07343295276472624,0.0004407357649969055
2026-05-31,-0.00020280579751519312,7.939659039177424e-05,0.0756599628914345,-0.00012941635020616694
2026-06-01,-0.0012237855341422632,0.00016841778379325873,0.038220022832086684,-0.0010618046818909122
2026-06-02,0.0,0.0003503196922066981,0.0,0.0003503196922066981
2026-06-03,0.0,8.860375062656948e-05,0.0,8.860375062656948e-05
2026-06-04,0.0,0.00021546388129058204,0.0,0.00021546388129058204
2026-06-05,0.0,5.1002214613024804e-05,0.0,5.1002214613024804e-05
2026-06-06,0.0,-4.178315941242351e-05,0.0,-4.178315941242351e-05
2026-06-07,0.0,-0.00017953412681440283,0.0,-0.00017953412681440283
2026-06-08,0.0,2.10980330557173e-05,0.0,2.10980330557173e-05
2026-06-09,0.0,-7.412754923223778e-05,0.0,-7.412754923223778e-05
2026-06-10,0.0,-0.00010688976644707525,0.0,-0.00010688976644707525
2026-06-11,0.0,-7.04369794738173e-06,0.0,-7.04369794738173e-06
2026-06-12,0.0,8.229231707563095e-06,0.0,8.229231707563095e-06
2026-06-13,0.0,5.144188712304877e-05,0.0,5.144188712304877e-05
2026-06-14,0.0,-2.1425350534389695e-05,0.0,-2.1425350534389695e-05
2026-06-15,0.0,2.8822998121330086e-05,0.0,2.8822998121330086e-05
2026-06-16,0.0,-0.00014029124661695485,0.0,-0.00014029124661695485
2026-06-17,0.0,0.00012720027953337187,0.0,0.00012720027953337187
2026-06-18,0.0,1.0556201414465584e-05,0.0,1.0556201414465584e-05
2026-06-19,0.0,3.366657512225709e-05,0.0,3.366657512225709e-05
2026-06-20,0.0,0.00011447910451333295,0.0,0.00011447910451333295
2026-06-21,0.0,-6.338771883473565e-05,0.0,-6.338771883473565e-05
2026-06-22,0.0,0.0001758655460364945,0.0,0.0001758655460364945
2026-06-23,0.0,4.288507073090955e-05,0.0,4.288507073090955e-05
2026-06-24,0.0,-4.2382386942156175e-05,0.0,-4.2382386942156175e-05
2026-06-25,0.0,1.9066875926164368e-05,0.0,1.9066875926164368e-05
2026-06-26,0.0,7.365314687931342e-05,0.0,7.365314687931342e-05
2026-06-27,0.0,0.00011568861746039157,0.0,0.00011568861746039157
2026-06-28,0.0,-4.317038845936409e-06,0.0,-4.317038845936409e-06
2026-06-29,0.0,0.00017295298152379142,0.0,0.00017295298152379142
2026-06-30,0.0,-8.376230397285654e-05,0.0,-8.376230397285654e-05
2026-07-01,0.0,0.00019961480681720916,0.0,0.00019961480681720916
2026-07-02,0.0,8.020015555846801e-05,0.0,8.020015555846801e-05
2026-07-03,0.0,0.00021713341149293556,0.0,0.00021713341149293556
2026-07-04,0.0,0.0002774458902266777,0.0,0.0002774458902266777
2026-07-05,0.0,0.00019289207883167432,0.0,0.00019289207883167432
2026-07-06,0.0,0.00012306100336057768,0.0,0.00012306100336057768
2026-07-07,0.0,0.0002510698919652322,0.0,0.0002510698919652322
2026-07-08,0.0,0.0001626316324515422,0.0,0.0001626316324515422
2026-07-09,0.0,0.00014007596158259488,0.0,0.00014007596158259488
2026-07-10,0.0,0.0001204532006351032,0.0,0.0001204532006351032
2026-07-11,0.0,0.00021039767595990063,0.0,0.00021039767595990063
2026-07-12,0.0,1.3579610009709923e-05,0.0,1.3579610009709923e-05
2026-07-13,0.0,4.462529411104361e-05,0.0,4.462529411104361e-05
2026-07-14,0.0,0.00012170269036515828,0.0,0.00012170269036515828
2026-07-15,0.0,0.00026468067956491334,0.0,0.00026468067956491334
2026-07-16,0.0,0.00010869606272375482,0.0,0.00010869606272375482
2026-07-17,0.0,4.895986921064992e-05,0.0,4.895986921064992e-05
2026-07-18,0.0,0.0001366476529064804,0.0,0.0001366476529064804
2026-07-19,0.0,7.334694425300315e-05,0.0,7.334694425300315e-05
2026-07-20,0.0,0.00024303177878633067,0.0,0.00024303177878633067
2026-07-21,0.0,2.038449839873122e-05,0.0,2.038449839873122e-05
2026-07-22,0.0,0.00011022534401623475,0.0,0.00011022534401623475
2026-07-23,0.0,3.0769016982822053e-06,0.0,3.0769016982822053e-06
2026-07-24,0.0,3.5977235845649025e-05,0.0,3.5977235845649025e-05
2026-07-25,0.0,0.0002137810695941958,0.0,0.0002137810695941958
2026-07-26,0.0,-2.5742431899731845e-05,0.0,-2.5742431899731845e-05
2026-07-27,-0.00047574901917413204,0.0002766222829580049,0.02360236871548708,-0.00020565567733342173
2026-07-28,0.0,-0.00011307280825829228,0.0,-0.00011307280825829228
2026-07-29,0.0,0.00024996980206194795,0.0,0.00024996980206194795
2026-07-30,0.0,0.0001727140659382532,0.0,0.0001727140659382532
2026-07-31,0.0,0.00011089910092006699,0.0,0.00011089910092006699
2026-08-01,0.0,0.00010200868677990901,0.0,0.00010200868677990901
2026-08-02,0.0,0.00010155758283512976,0.0,0.00010155758283512976
2026-08-03,0.0,9.751341509616198e-05,0.0,9.751341509616198e-05
2026-08-04,0.0,0.00023710638058428734,0.0,0.00023710638058428734
2026-08-05,0.0,7.34624591596174e-05,0.0,7.34624591596174e-05
2026-08-06,0.0,3.2797621294488456e-05,0.0,3.2797621294488456e-05
2026-08-07,-0.0004778999778219939,0.00020919520835807243,0.029700356752290623,-0.000274917941783026
2026-08-08,4.026055648775895e-05,1.1408251618467581e-05,0.12080278457958313,5.029065954353111e-05
2026-08-09,-0.0003796366139949825,0.0002169632263602193,0.1247500967996294,-0.00018973957112516045
2026-08-10,-0.002421099435322649,6.615096588171475e-05,0.08133470715138905,-0.002360328838878705
2026-08-11,0.0,7.805334796214049e-05,0.0,7.805334796214049e-05
2026-08-12,-0.0021318171804589614,0.00024242675665504373,0.0326861989527667,-0.0018973144330034185
2026-08-13,-0.0011394125666136512,0.0001816651215730261,0.028131996670065676,-0.0009628580476357846
2026-08-14,0.0,5.292054681366596e-05,0.0,5.292054681366596e-05
2026-08-15,-0.0002251773189072548,0.00019559659214263682,0.02840711889090371,-3.513706241226947e-05
2026-08-16,-0.0004004600771222444,-2.673405573722815e-05,0.11597930530866274,-0.00042409353564698576
2026-08-17,0.0022685739702636987,0.00020440379941670035,0.13274120008251247,0.002445844964044401
2026-08-18,0.00025584086600760614,9.713534289650516e-05,0.14661073567084193,0.00033873512482241516
2026-08-19,0.04755390242783242,2.3433559320089522e-05,0.2661601495336793,0.04757109890749977
2026-08-20,0.0448377596097147,0.0002549332118570488,0.9925161339557966,0.044839667495722456
2026-08-21,0.07328901573064939,0.00015218762187757485,0.9439847475433502,0.07329754055870964
2026-08-22,-0.023336787677092463,0.0002021697310363722,0.871708706566013,-0.023310851060804605
2026-08-23,0.010720385497657858,0.00032928389450394806,0.9119625478679063,0.010749374812758119
2026-08-24,0.011933997608051028,0.0004768634908435698,0.9866115834731777,0.011940382055092876
2026-08-25,-0.009636091101556943,0.00012280596435756256,0.9808379171808338,-0.009633737883497235
2026-08-26,0.014836172763410316,0.0002133060915522083,1.0191961979200936,0.014836172763410316
2026-08-27,0.009293810536165514,0.00021170326938359165,1.0693000182057857,0.009293810536165514
2026-08-28,-0.03076398941910652,8.708284479076385e-05,1.056493287379094,-0.03076398941910652
2026-08-29,0.006219861949644079,0.0001623282732806932,1.1500999440419213,0.006219861949644079
2026-08-30,-0.013316546363819848,0.00028761678558486103,1.1979921638323976,-0.013316546363819848
2026-08-31,0.018551654620066138,4.376558074781801e-05,1.2318279039328837,0.018551654620066138
2026-09-01,-0.020009074360582746,0.00020858294251210164,1.2418397797735297,-0.020009074360582746
2026-09-02,-0.006919639969384606,0.00012196401032357733,1.2756301381352357,-0.006919639969384606
2026-09-03,0.0633126897771632,0.00020190596726442527,1.254494447942041,0.0633126897771632
2026-09-04,-0.019122447153545497,0.00022278703565336568,0.9522062046842922,-0.019111799315564486
2026-09-05,0.005204564092369468,-2.4821277216848443e-05,0.9631509362027117,0.005203649451541774
2026-09-06,0.00957936491864797,0.00011174859590070198,1.0642082001682487,0.00957936491864797
2026-09-07,-0.013990540500691595,0.00010099746536566997,1.1074387602111084,-0.013990540500691595
2026-09-08,-0.006217134338105557,9.441772888352907e-05,1.1151857113498447,-0.006217134338105557
2026-09-09,-0.005590571156722346,0.00021819043814050372,1.1993639633167967,-0.005590571156722346
2026-09-10,-0.01930023998707575,1.9373806630873484e-05,1.1174364350960038,-0.01930023998707575
2026-09-11,0.020811786329798077,5.8514459100235654e-05,1.0967671315328553,0.020811786329798077
2026-09-12,0.002252588015893675,0.0001362933969386046,1.087274474943551,0.002252588015893675
2026-09-13,-0.013319852463015036,0.00018597120492676376,1.1429175521107877,-0.013319852463015036
2026-09-14,0.017876416698607178,0.00017744409126369844,1.1754568459045491,0.017876416698607178
2026-09-15,-0.043652356441112095,-1.9354700224917456e-05,1.1151294383560169,-0.043652356441112095
2026-09-16,0.00808816374483734,-9.845243792005255e-05,1.0328356405471366,0.00808816374483734
2026-09-17,0.006710108525387337,0.00017260071022903018,1.065776206124318,0.006710108525387337
2026-09-18,0.0680235416699253,0.0001164281922961751,1.0706676970430198,0.0680235416699253
2026-09-19,0.006099932221174997,0.0002617810605364698,0.9847937430395224,0.006103912931248901
2026-09-20,0.0014231860601126023,0.0003134874684002877,0.9812491878130922,0.0014290642047555253
2026-09-21,0.0555098833305272,0.0002429536197225481,0.928918313512174,0.0555271528835554
2026-09-22,-0.0070596069055256505,0.00010853100163464073,0.7777375057081288,-0.00703548453439434
2026-09-23,-0.016839576923018962,0.00011943676854900711,0.796112459766988,-0.016815225254066125
2026-09-24,0.001093144915644162,0.00010536797826419145,0.9226598636608586,0.001101294089448894
2026-09-25,-0.0014581949059015997,2.6559220973512045e-05,1.0190444544376631,-0.0014581949059015997
2026-09-26,0.0033559225919543856,8.115842689724878e-05,1.089459777813097,0.0033559225919543856
2026-09-27,-0.001401306552262005,0.00016023290019399775,1.1633479782137277,-0.001401306552262005
2026-09-28,-0.007725463598542093,3.250319617852572e-05,1.192457572096466,-0.007725463598542093
2026-09-29,-0.000863335900368245,0.00012614928297006626,1.2212903529910804,-0.000863335900368245
2026-09-30,0.0012089480608150627,0.0002145725645183881,1.215199833205952,0.0012089480608150627
2026-10-01,0.013896426055620248,1.907977243724616e-05,1.1824253240028457,0.013896426055620248
2026-10-02,-0.010057250830079023,-8.198866897841276e-05,1.130155078527503,-0.010057250830079023
2026-10-03,0.005277963699093391,2.3217523049437595e-05,1.09650152372949,0.005277963699093391
2026-10-04,0.02086968061371497,1.5840948369367396e-05,1.1592269191397575,0.02086968061371497
2026-10-05,-0.009282909688558494,2.5301342343416216e-05,1.120683155673172,-0.009282909688558494
