,ret,gross
2020-03-01,0.0,0.0
2020-03-02,0.0,0.0
2020-03-03,0.0,0.0
2020-03-04,0.0,0.0
2020-03-05,0.0,0.0
2020-03-06,0.0,0.0
2020-03-07,0.0,0.0
2020-03-08,0.0,0.0
2020-03-09,0.0,0.0
2020-03-10,0.0,0.0
2020-03-11,0.0,0.0
2020-03-12,0.0,0.0
2020-03-13,0.0,0.0
2020-03-14,0.0,0.0
2020-03-15,0.0,0.0
2020-03-16,0.0,0.0
2020-03-17,0.0,0.0
2020-03-18,0.0,0.0
2020-03-19,0.0,0.0
2020-03-20,0.0,0.0
2020-03-21,0.0,0.0
2020-03-22,0.0,0.0
2020-03-23,0.0,0.0
2020-03-24,0.0,0.0
2020-03-25,0.0,0.0
2020-03-26,0.0,0.0
2020-03-27,0.0,0.0
2020-03-28,0.0,0.0
2020-03-29,0.0,0.0
2020-03-30,0.0,0.0
2020-03-31,0.0,0.0
2020-04-01,0.0,0.0
2020-04-02,0.0,0.0
2020-04-03,0.0,0.0
2020-04-04,0.0,0.0
2020-04-05,0.0,0.0
2020-04-06,0.0,0.0
2020-04-07,0.0,0.0
2020-04-08,0.0,0.0
2020-04-09,0.0,0.0
2020-04-10,0.0,0.0
2020-04-11,0.0,0.0
2020-04-12,0.0,0.0
2020-04-13,0.0,0.0
2020-04-14,0.0,0.0
2020-04-15,0.0,0.0
2020-04-16,0.0,0.0
2020-04-17,0.0,0.0
2020-04-18,0.0,0.0
2020-04-19,0.0,0.0
2020-04-20,0.0,0.0
2020-04-21,0.0,0.0
2020-04-22,0.0,0.0
2020-04-23,0.0,0.0
2020-04-24,0.0,0.0
2020-04-25,0.0,0.0
2020-04-26,0.0,0.0
2020-04-27,0.0,0.0
2020-04-28,0.0,0.0
2020-04-29,0.0,0.0
2020-04-30,0.0,0.0
2020-05-01,0.0,0.0
2020-05-02,0.0,0.0
2020-05-03,0.0,0.0
2020-05-04,0.0,0.0
2020-05-05,0.0,0.0
2020-05-06,0.0,0.0
2020-05-07,0.0,0.0
2020-05-08,0.0,0.0
2020-05-09,0.0,0.0
2020-05-10,0.0,0.0
2020-05-11,0.0,0.0
2020-05-12,0.0,0.0
2020-05-13,0.0,0.0
2020-05-14,0.014666252969792959,0.413886516427308
2020-05-15,-0.018922894570229554,0.41927263062979797
2020-05-16,0.006691762050924366,0.4202143426544662
2020-05-17,0.013176290400955804,0.4393949915588595
2020-05-18,0.008379767389259385,0.47241790859421534
2020-05-19,0.0006911780760980868,0.48153227675398846
2020-05-20,-0.011272380492576728,0.5081992334439638
2020-05-21,-0.023482875510458467,0.4758044217732313
2020-05-22,0.012606225230570534,0.4168955089879113
2020-05-23,-0.0006600645619296852,0.44410695912785725
2020-05-24,-0.018883087818665434,0.4832248751423992
2020-05-25,0.009469025399504893,0.46366580361840276
2020-05-26,-0.005266358339271693,0.4903238213129642
2020-05-27,0.01763446552407255,0.520096875768135
2020-05-28,0.02450989592403907,0.5337179983219945
2020-05-29,-0.0038278092310103373,0.5587075837465255
2020-05-30,0.03401286193855069,0.6023612432130994
2020-05-31,-0.02033639961698641,0.5940883959460304
2020-06-01,0.04043875065662195,0.5845208180021708
2020-06-02,-0.03031802043992049,0.5831965183883259
2020-06-03,0.011810385276996183,0.5491880358094952
2020-06-04,0.0020462502453197917,0.5781287385885822
2020-06-05,-0.00823276356955327,0.5804400506386314
2020-06-06,0.0033962286130946318,0.6005452196312635
2020-06-07,0.005176759757036908,0.6017527926999573
2020-06-08,0.003173826996172968,0.6158500359645566
2020-06-09,-0.0031611049925039936,0.6486086038599836
2020-06-10,0.008861585892892432,0.6691081932340923
2020-06-11,-0.042634910501753054,0.6585675908854854
2020-06-12,0.01597928613008226,0.59490892513131
2020-06-13,0.0005850469891282017,0.5793890633357117
2020-06-14,-0.012101579533889906,0.5701011613253907
2020-06-15,0.0011825267231371228,0.5516978119174578
2020-06-16,0.008787584489976297,0.565524900217621
2020-06-17,-0.003676115472028285,0.5733559102097862
2020-06-18,-0.005636714864149406,0.5799233224021051
2020-06-19,-0.005215683277341343,0.5785151212455335
2020-06-20,0.0012527249693348175,0.5861160775289797
2020-06-21,-0.0038673188926785507,0.632853212460454
2020-06-22,0.03548210193292323,0.6862365242957198
2020-06-23,-0.0026077014750279792,0.7608602863121798
2020-06-24,-0.026664825491249378,0.716429231312976
2020-06-25,-0.004415741027882114,0.6410796545541475
2020-06-26,-0.006916809711952632,0.6476725274667887
2020-06-27,-0.01699415789085834,0.6424698283717234
2020-06-28,0.009240566899435088,0.6023287358930196
2020-06-29,0.006801748262167173,0.6212673830426237
2020-06-30,-0.005058401198946072,0.6220590100306198
2020-07-01,0.010215722614638656,0.6524756007418335
2020-07-02,-0.011332319887254583,0.6434495932324744
2020-07-03,-0.0031690965564467044,0.6605464177452582
2020-07-04,0.00862420702026978,0.6571762172170142
2020-07-05,-0.004555146740599536,0.6444758800506427
2020-07-06,0.03017253020214339,0.6713149807487161
2020-07-07,-0.006682172889257765,0.761077553376371
2020-07-08,0.01968838556354746,0.8148513357951109
2020-07-09,-0.019225811407264204,0.8949113075862623
2020-07-10,0.0010873193663243352,0.7991227771437542
2020-07-11,-0.006568680233973612,0.8765851467860524
2020-07-12,0.009983941563267873,0.9358133983562286
2020-07-13,-0.0088950609820313,0.927332433871768
2020-07-14,0.002357026582546773,0.9309470894399192
2020-07-15,-0.006607778711049006,0.9733460495100564
2020-07-16,-0.014599997898022687,0.8714063255476162
2020-07-17,-0.0009046742713727518,0.82539177791453
2020-07-18,0.006000574714539519,0.9012013047867453
2020-07-19,0.00805507551723661,0.9384904264477776
2020-07-20,-0.009169169790570919,0.9975900328258388
2020-07-21,0.030869545717759905,1.0
2020-07-22,0.038341508780136646,1.0
2020-07-23,0.024286852847444917,1.0
2020-07-24,0.0008617808213120526,1.0
2020-07-25,0.04595524401648987,1.0
2020-07-26,0.02130986158855297,1.0
2020-07-27,0.07900745427765887,0.9055558114711783
2020-07-28,-0.010112057185113321,0.7239474904237679
2020-07-29,0.008450316136434877,0.7247203599411164
2020-07-30,0.016979759081152013,0.7405881910951366
2020-07-31,0.020064401068730975,0.7473405186758386
2020-08-01,0.05608389500044608,0.7422783946411732
2020-08-02,-0.03588691613843653,0.5819742817651278
2020-08-03,0.012475131248485871,0.5282115486740634
2020-08-04,0.0014470663732364386,0.536331868539156
2020-08-05,0.022094226412213702,0.5592890462171007
2020-08-06,-0.003042557956311809,0.5805582902370238
2020-08-07,-0.01374732830091463,0.6033283417186039
2020-08-08,0.015450843362300182,0.6133006950044804
2020-08-09,-0.006607769561865706,0.639538255309755
2020-08-10,0.00989632678678909,0.6523753481900729
2020-08-11,-0.025521833029511276,0.6714326505154853
2020-08-12,0.010538346767767326,0.6693288895704012
2020-08-13,0.0335405554063013,0.6933330522649712
2020-08-14,0.009004366778520678,0.668438332829239
2020-08-15,-0.0008699702893864014,0.6993786518736412
2020-08-16,0.0029862558523929827,0.7270723549779907
2020-08-17,0.011144348340288879,0.7352662199605663
2020-08-18,-0.017916742395306495,0.719350067692609
2020-08-19,-0.016981680333992832,0.7259761955960403
2020-08-20,0.00965893269473228,0.738352235065926
2020-08-21,-0.031403631776949825,0.7670943148580656
2020-08-22,0.010195941905370098,0.6746848255208108
2020-08-23,-0.0038316771967762397,0.6927364810283009
2020-08-24,0.015687741776333697,0.7470037100045049
2020-08-25,-0.03408058368845723,0.739017052354915
2020-08-26,0.007578384922745762,0.733299587605995
2020-08-27,-0.006819261931232279,0.7139466058794537
2020-08-28,0.016259138125144457,0.7193828604845293
2020-08-29,0.0003024390126213916,0.7327606224008745
2020-08-30,0.03129275538654275,0.7655249719321773
2020-08-31,0.0006289458058068575,0.8316920892244916
2020-09-01,0.04061225881316788,0.8326641853012543
2020-09-02,-0.04775368260447854,0.7975371651890691
2020-09-03,-0.0802302167436233,0.6890633616137738
2020-09-04,0.008148050057840805,0.419137273141965
2020-09-05,-0.034207244889115085,0.3805356116963525
2020-09-06,0.007987121029909394,0.30657377578892675
2020-09-07,0.0002623428636263636,0.30223257239881474
2020-09-08,-0.011401934045769835,0.2934557579667356
2020-09-09,0.006360185820168063,0.29075990226629117
2020-09-10,0.008038323509315326,0.33958184405313857
2020-09-11,0.002888595380922787,0.3468599557228169
2020-09-12,0.006971304378052601,0.3771055499087552
2020-09-13,-0.011680472293134625,0.3734927717567869
2020-09-14,0.011443417205869277,0.3784713895298236
2020-09-15,-0.003016827431838509,0.3921890516093187
2020-09-16,0.003933503732284072,0.4092477083137868
2020-09-17,0.009734165586318788,0.45436131856298284
2020-09-18,-0.0031731755096628955,0.5327991048381037
2020-09-19,0.004928541354614957,0.5652613585082819
2020-09-20,-0.01386593863327834,0.6025907940953786
2020-09-21,-0.035833091375279236,0.5898915843516657
2020-09-22,0.006250024573132729,0.5266112998156837
2020-09-23,-0.023309468538234235,0.5144668019686977
2020-09-24,0.022564979241016747,0.35727956728413557
2020-09-25,-0.00020815964722942226,0.5030389255034851
2020-09-26,0.0023350810626470153,0.493068254820189
2020-09-27,0.003204256357651314,0.5122896385999222
2020-09-28,-0.004233018903216479,0.5441667726602192
2020-09-29,0.0075221298945638004,0.5282979547353728
2020-09-30,-0.00205556483260938,0.5325287504847874
2020-10-01,-0.013565124615744217,0.5132051270748775
2020-10-02,-0.006678872394896174,0.4012931739676607
2020-10-03,-0.0006470862352666584,0.45406911443364817
2020-10-04,0.0067272942568123995,0.4933348236961329
2020-10-05,0.00511642120866207,0.5387935497823935
2020-10-06,-0.01430515535787269,0.6408831069518154
2020-10-07,0.002659620003107488,0.5283968854876333
2020-10-08,0.013076660268361184,0.5882043121625933
2020-10-09,0.013866657365840362,0.7521334473811659
2020-10-10,0.01473072581642243,0.8291784631795681
2020-10-11,0.006924475531219665,0.8760342340873135
2020-10-12,0.016167376406131195,0.8846475518695993
2020-10-13,-0.009411088017968194,0.8527918168225526
2020-10-14,-0.0018872905449385247,0.8685887678050227
2020-10-15,0.003614139346233003,0.8732683475852214
2020-10-16,-0.01837564418986304,0.8589884892559021
2020-10-17,0.004231702499961187,0.8372448021493589
2020-10-18,0.014680981091726775,0.8781485219454599
2020-10-19,0.013360450584719574,0.9044925346056186
2020-10-20,-0.0014022323386845281,0.9264564075196906
2020-10-21,0.06161657946396537,0.9604144568190147
2020-10-22,0.03007012117624641,0.8736567489806959
2020-10-23,-0.006305896029590197,0.8784245174843476
2020-10-24,0.01031890011799752,0.8925710773701648
2020-10-25,-0.009054670457248726,0.8870024693603529
2020-10-26,-0.011496261435271382,0.889715978008724
2020-10-27,0.03373601537129867,0.8907498548895936
2020-10-28,-0.028227675020484955,0.8581715161588916
2020-10-29,0.006573291851103447,0.8176146505934949
2020-10-30,-0.00013555374124141206,0.7576267831509982
2020-10-31,0.01104113602540635,0.7563369193646851
2020-11-01,0.007051551123353539,0.7675290944762299
2020-11-02,-0.01779101632205049,0.7800127927728107
2020-11-03,0.01719065058385083,0.7131604771258038
2020-11-04,0.014579230649232722,0.75591763389746
2020-11-05,0.05754158679816568,0.7546902661533329
2020-11-06,0.0307629103850644,0.7095083998597054
2020-11-07,-0.03504461377942214,0.6992021776093537
2020-11-08,0.03127814946806806,0.6527623133442433
2020-11-09,-0.009887545876612669,0.6463825883230757
2020-11-10,0.003128957552027911,0.639939866720666
2020-11-11,0.01753156326657801,0.6647284923823358
2020-11-12,0.013955966231976369,0.676096562904761
2020-11-13,0.009425472514906108,0.6895769417573065
2020-11-14,-0.015389800620354555,0.7121406102184075
2020-11-15,-0.010701516286376722,0.7388234752691811
2020-11-16,0.028742288881939526,0.7656776435454551
2020-11-17,0.04048299442986725,0.7647637730549448
2020-11-18,-0.0003905128489205545,0.6871417183849013
2020-11-19,-0.0044502481665001925,0.6806094661072124
2020-11-20,0.045307489783978916,0.6872818452398802
2020-11-21,0.028560347435995226,0.6875901463673679
2020-11-22,-0.0014177461534706781,0.6498847276348163
2020-11-23,0.023067505220107476,0.6025535772357213
2020-11-24,0.013611324975147499,0.6156421090414599
2020-11-25,-0.023794670661427153,0.619906780606832
2020-11-26,-0.052857592485112015,0.5304714847468377
2020-11-27,-0.0007058732503435472,0.4502214858605279
2020-11-28,0.018468793294763808,0.45331000437278723
2020-11-29,0.02549117817884361,0.46912839293207165
2020-11-30,0.04104405521078758,0.48165569344593573
2020-12-01,-0.025010057126027885,0.47344723970021374
2020-12-02,0.010971505431326634,0.4523672466071055
2020-12-03,0.010012025904997834,0.4666886813841314
2020-12-04,-0.02866569564321131,0.47999593042267097
2020-12-05,0.01838722590830333,0.48376310823650637
2020-12-06,0.00493276731741088,0.5145813890887652
2020-12-07,-0.006542391223489874,0.5325456222067304
2020-12-08,-0.02581362190764147,0.5358200888764353
2020-12-09,0.010000835524691443,0.48037327306338073
2020-12-10,-0.009545309408281799,0.5309486078087194
2020-12-11,-0.008715967526663149,0.5483398358167622
2020-12-12,0.022008387508324123,0.5657914190687625
2020-12-13,0.017004050753059108,0.6264321093017536
2020-12-14,-0.0001217075108272958,0.6361857340836117
2020-12-15,0.0038799265276534545,0.626392161736007
2020-12-16,0.0565930293030672,0.6640725449716705
2020-12-17,0.02836687163789553,0.627812054314091
2020-12-18,0.009036857173778667,0.6147003236400435
2020-12-19,0.01201593925801947,0.6292999965891
2020-12-20,-0.013090254264718215,0.6367519003057789
2020-12-21,-0.022933065598667146,0.5955815712480574
2020-12-22,0.02803358533614686,0.5778918202618513
2020-12-23,-0.028650062489304573,0.5766238660777211
2020-12-24,0.018366032676796484,0.5205210016977584
2020-12-25,0.01985140220560999,0.5611408050364319
2020-12-26,0.025925654994559455,0.5631071819575527
2020-12-27,0.01586111535746193,0.5591584112995944
2020-12-28,0.026529834904219562,0.5292909943121397
2020-12-29,0.004072290896159236,0.5284212949355654
2020-12-30,0.02435359836389872,0.5351068076427481
2020-12-31,-0.005128338914175634,0.5483654900147978
2021-01-01,0.0018336777401497528,0.5661621716613625
2021-01-02,0.04990033770284508,0.5542447931866361
2021-01-03,0.06514687916421336,0.43966827703611383
2021-01-04,0.0048905290309666505,0.3761628833500163
2021-01-05,0.018926670526624445,0.3218939509851378
2021-01-06,0.030992889254154443,0.3159543741036954
2021-01-07,0.016534825433252465,0.318286498458585
2021-01-08,0.005884206020090765,0.2954920827424239
2021-01-09,0.00599601438601427,0.28118949333637916
2021-01-10,-0.010436193161600715,0.2882855260664463
2021-01-11,-0.03333749425081145,0.25962320462472177
2021-01-12,-0.008977250252396263,0.23075550620620597
2021-01-13,0.021097431897223684,0.22679243029881935
2021-01-14,0.01647187366076519,0.22961653596106066
2021-01-15,-0.015195852972407109,0.2355050603850976
2021-01-16,0.0024482961487308774,0.23845398945241847
2021-01-17,-0.00024250827380112305,0.24635353844791796
2021-01-18,0.0055951430903580235,0.2563983633348754
2021-01-19,0.006797346791340031,0.26530600747359995
2021-01-20,-0.0006207300394267534,0.2543513086813266
2021-01-21,-0.042361253497175455,0.2395510518258136
2021-01-22,0.02015966926599644,0.22766759860235525
2021-01-23,-0.003420535100259081,0.23825109043540804
2021-01-24,0.015520709041342284,0.24691828062378662
2021-01-25,-0.006858703923019571,0.2604172214741492
2021-01-26,0.0052957330251808266,0.260396360653916
2021-01-27,-0.02006811095727401,0.2653559584822047
2021-01-28,0.020751121753706858,0.26695626434891284
2021-01-29,0.008123570119189072,0.2660936464754522
2021-01-30,-8.947816769966366e-05,0.25084936673588765
2021-01-31,-0.010609462319104201,0.2632617431342077
2021-02-01,0.007407794022738168,0.27243126923210315
2021-02-02,0.02030565191145195,0.29001564816778247
2021-02-03,0.022067952099304344,0.3176581244696022
2021-02-04,-0.008633090208511884,0.33031518334670346
2021-02-05,0.01612790813996745,0.3444432051534294
2021-02-06,-0.0003190447320811085,0.3597172797652649
2021-02-07,-0.006778013283889717,0.36118765692207466
2021-02-08,0.05146622761288766,0.3649198548308872
2021-02-09,0.0018047099100753083,0.35919105198026735
2021-02-10,-0.010303312344971838,0.3741587253798299
2021-02-11,0.01950805856778315,0.38210638489903836
2021-02-12,0.001169032212891663,0.38909365054783895
2021-02-13,-0.0027341500330930746,0.3962636224552331
2021-02-14,0.00576682453945776,0.40515344603003867
2021-02-15,-0.005620011017490323,0.41168621810565365
2021-02-16,0.006281386241518749,0.41776635495106484
2021-02-17,0.02197323010018981,0.42553813945296076
2021-02-18,0.006949075816547801,0.4347338726629769
2021-02-19,0.022204617937250815,0.44580987482189394
2021-02-20,-0.00468600416396403,0.45307571179719447
2021-02-21,0.009430472321199534,0.4551119923297322
2021-02-22,-0.031483940768028296,0.44779365335892707
2021-02-23,-0.04926533166431091,0.37710867435184137
2021-02-24,0.008043250429775162,0.3372441733024287
2021-02-25,-0.025419409652168268,0.3468088077339284
2021-02-26,-0.007272735068707181,0.2997775099931042
2021-02-27,0.0009204262145234843,0.30600714032695964
2021-02-28,-0.008185767195328264,0.2944522434424811
2021-03-01,0.03458906565975606,0.3056924725459239
2021-03-02,-0.013600075474912932,0.32254632881324985
2021-03-03,0.016395733273942614,0.3353298553023222
2021-03-04,-0.010480341132463877,0.33454725063987334
2021-03-05,0.00016607412595370796,0.31078791716556753
2021-03-06,0.014348332655380602,0.3208092115015641
2021-03-07,0.016161694788777936,0.3569533487935703
2021-03-08,0.016864760813235735,0.3861550665781764
2021-03-09,0.012962347242871042,0.4109761989582294
2021-03-10,-0.004673151548577281,0.4203984697007666
2021-03-11,0.010068075992999415,0.42519632364423404
2021-03-12,-0.008275119601480974,0.42928625860509206
2021-03-13,0.03072288080893082,0.4391735680085689
2021-03-14,-0.015308290919602285,0.446773526866179
2021-03-15,-0.017433357849739206,0.4410035520706569
2021-03-16,0.005823352090131184,0.4393630488155012
2021-03-17,0.012662502967518474,0.45315390108414433
2021-03-18,-0.01052718552511378,0.46442830422855086
2021-03-19,0.0052063148124856795,0.4663890671634734
2021-03-20,-2.137571743499045e-06,0.4672660596172983
2021-03-21,-0.005743283640266217,0.47714309975316327
2021-03-22,-0.025293008689443286,0.4865636244265345
2021-03-23,-0.0002484402262374896,0.39640390813934623
2021-03-24,-0.018662483048546674,0.4100239149057093
2021-03-25,-0.004215838992290499,0.3958429970309085
2021-03-26,0.02994942074709206,0.4005148903690656
2021-03-27,0.005056886135149208,0.42102048951616206
2021-03-28,-0.0029530336041103666,0.43561181548977
2021-03-29,0.024023729886653244,0.4779591499156065
2021-03-30,0.008110209690620263,0.5427072613393038
2021-03-31,0.010690304654906724,0.5514125833991692
2021-04-01,0.006454721637048522,0.5402188059430715
2021-04-02,0.023093978677804827,0.5660962156817564
2021-04-03,-0.026004589057323946,0.5691502724120462
2021-04-04,0.01498250375234833,0.573563538005415
2021-04-05,0.008939609247619718,0.586173789638692
2021-04-06,-0.0051536824020789185,0.6002651415859768
2021-04-07,-0.02996623927584885,0.5830423264128365
2021-04-08,0.027042252130327293,0.5898904909339242
2021-04-09,-0.0014606263634898697,0.6220748939278676
2021-04-10,0.01715642908335746,0.6263138506049738
2021-04-11,0.0034998497453448962,0.6290931641048166
2021-04-12,-0.002486707317911341,0.6344879753860776
2021-04-13,0.039697667190144115,0.6329136604660424
2021-04-14,0.01367539828591191,0.6363072660660533
2021-04-15,0.01141965212575502,0.6317860130150675
2021-04-16,-0.021258281679682023,0.6318680036899538
2021-04-17,-0.020606577216210842,0.6343389102706771
2021-04-18,-0.040001825348609854,0.47306980846474656
2021-04-19,-0.009308759363792718,0.42419574265245247
2021-04-20,0.01991699197996044,0.3966566217539196
2021-04-21,-0.006731015088935588,0.3862059235788274
2021-04-22,-0.003456580662663522,0.3785795400568244
2021-04-23,-0.006889540047826159,0.33581178521498184
2021-04-24,-0.017552527418985497,0.3142450608014992
2021-04-25,0.0046963473003789336,0.30318115117170474
2021-04-26,0.02614840878086966,0.30675523050158837
2021-04-27,0.012863809930206305,0.3334497092746791
2021-04-28,0.005656689198148213,0.3475828083571785
2021-04-29,-0.002860661587998359,0.3624183681466666
2021-04-30,0.013409890647814615,0.385151224416043
2021-05-01,0.012999734833697651,0.4584875427880182
2021-05-02,-0.005093315221629147,0.477649849445174
2021-05-03,0.03760192373022542,0.4965584220114244
2021-05-04,-0.031181274356293254,0.4613448146024576
2021-05-05,0.038742102751728735,0.43229361250761744
2021-05-06,-0.006696597805872062,0.47373937158896
2021-05-07,0.002168431021839723,0.47716930723277584
2021-05-08,0.037040549745249285,0.5117421316486738
2021-05-09,-0.00239206001035408,0.5020997643387166
2021-05-10,-0.011055086338557674,0.49727274280815564
2021-05-11,0.015926400076828884,0.4295180456036127
2021-05-12,-0.04788443398177955,0.44453744200209994
2021-05-13,-0.0059718567949432755,0.26498756494717096
2021-05-14,0.019489716944748547,0.25491029644293445
2021-05-15,-0.02397282319926497,0.24195843225171323
2021-05-16,-0.0034480891714010475,0.23585468254275901
2021-05-17,-0.014602608415639429,0.18228823555349938
2021-05-18,0.0037514970495351463,0.17036059774106105
2021-05-19,-0.04320663735452157,0.13206857909934003
2021-05-20,0.015214730295407985,0.09806432962439009
2021-05-21,-0.015347628990446838,0.10060922326846197
2021-05-22,-0.007838526059656847,0.0770004561113051
2021-05-23,-0.004371293992663228,0.052587366898467804
2021-05-24,0.012211426570099215,0.06689294603518456
2021-05-25,0.0012386666964498971,0.08371993124732566
2021-05-26,0.003925085763232916,0.08348358846686976
2021-05-27,-0.0031027022884390076,0.08755990660291364
2021-05-28,-0.00719979735539078,0.07691540332828106
2021-05-29,-0.0029295371570702278,0.06483369019582763
2021-05-30,0.0023626771347708964,0.06292668724711126
2021-05-31,0.007037255540857323,0.06934329186227504
2021-06-01,-0.0015623158617557031,0.06924341541157912
2021-06-02,0.0015662907331561726,0.07274862127654277
2021-06-03,0.0032963984925939993,0.09275194717290974
2021-06-04,-0.003649084077069098,0.08773676950715667
2021-06-05,-0.0013489094922175537,0.0948056184960056
2021-06-06,0.0018406941656656794,0.10219717811406037
2021-06-07,-0.005219944455947756,0.10984385225188088
2021-06-08,-0.0034962781650162977,0.09287146241274062
2021-06-09,0.0042584851358924425,0.0872969296143691
2021-06-10,-0.005729004745947397,0.0900364752142353
2021-06-11,-0.0037849789333015416,0.07548812787499731
2021-06-12,0.00031464609627485096,0.044653468603086735
2021-06-13,0.0026056835677470414,0.04046014109871759
2021-06-14,0.0013396799667511061,0.08183079710200626
2021-06-15,-0.0015097580840639502,0.09670311435839901
2021-06-16,-0.005234972923770065,0.0644638509457655
2021-06-17,0.0001010951375295388,0.044131775919063906
2021-06-18,-0.0026103914254450578,0.04316685958228146
2021-06-19,-0.0013053211339500992,0.03922183798558012
2021-06-20,0.0014836321703777244,0.019583362093162315
2021-06-21,-0.0067299979548705036,0.017247535710852958
2021-06-22,-0.0003864377115572193,0.00909308283784072
2021-06-23,0.0,0.011711155727268215
2021-06-24,0.0,0.011882729975022743
2021-06-25,0.0,0.006051225112019529
2021-06-26,0.0,0.0
2021-06-27,0.0,0.0
2021-06-28,0.0,0.01221619568649461
2021-06-29,0.0,0.013465541428194274
2021-06-30,0.0,0.012429750016607247
2021-07-01,0.0,0.01920873202569206
2021-07-02,0.0,0.009710552703134345
2021-07-03,0.0,0.017519347117505225
2021-07-04,0.0,0.038762791988504144
2021-07-05,0.0,0.03350280500010743
2021-07-06,0.0,0.039006562794068805
2021-07-07,-0.0016430481603340041,0.04794346678550897
2021-07-08,-0.004698104930586311,0.028957867190534618
2021-07-09,0.0007227518222485685,0.020063860236169212
2021-07-10,-0.0008550861971441392,0.01925222605345496
2021-07-11,0.0007016292986252726,0.02111415492148149
2021-07-12,-0.0025649470562936205,0.017617302746919358
2021-07-13,-0.0012339560667095073,0.0026020420213497897
2021-07-14,0.0,0.0
2021-07-15,0.0,0.0
2021-07-16,0.0,0.0
2021-07-17,0.0,0.0
2021-07-18,0.0,0.0
2021-07-19,0.0,0.0
2021-07-20,0.0,0.0
2021-07-21,0.0,0.0
2021-07-22,0.0,0.0
2021-07-23,0.0,0.0
2021-07-24,0.0,0.028729002447852932
2021-07-25,0.0,0.03046570315226201
2021-07-26,-0.0036603616292759655,0.06200725571115305
2021-07-27,0.002148483731833295,0.03452274830127668
2021-07-28,4.233115082308281e-05,0.05753304341545331
2021-07-29,0.0024623078176855273,0.05261107137905604
2021-07-30,0.0023625253802175283,0.09613691611392797
2021-07-31,0.002068648793702721,0.15472128851748498
2021-08-01,-0.0016791389954669,0.2273670859712929
2021-08-02,0.0038710946327764617,0.2065214308821273
2021-08-03,-0.008358158028294982,0.14623899919568303
2021-08-04,0.012407752767135571,0.1518934000255361
2021-08-05,0.008128523618324168,0.24927373873629327
2021-08-06,0.008127178867933349,0.27103544150584685
2021-08-07,0.024544107885671185,0.2847980867894416
2021-08-08,-0.012989656524028836,0.2840063907524104
2021-08-09,0.01646296891433452,0.3698795518002167
2021-08-10,-0.004730013179397696,0.46642183389445585
2021-08-11,0.001158839715528437,0.4764167276889444
2021-08-12,-0.013635799047919117,0.39566014499841284
2021-08-13,0.037595414253442705,0.4193260745758403
2021-08-14,-0.008800692968514046,0.5066249154819429
2021-08-15,0.0029402242120428745,0.5253075272009882
2021-08-16,-0.018814873111358654,0.535481083672914
2021-08-17,-0.01787419744974672,0.5488287466528678
2021-08-18,-0.002848836342181138,0.46766498297084136
2021-08-19,0.02156881441089653,0.4475799395487081
2021-08-20,0.024908022863871837,0.5649169735722755
2021-08-21,-0.008025978750471396,0.5703328566156948
2021-08-22,0.0038458446610281083,0.588765985963497
2021-08-23,0.00817439104713591,0.5963597794880516
2021-08-24,-0.02335640979614184,0.5974458784026055
2021-08-25,0.01298597830257675,0.6071812172847288
2021-08-26,-0.024291189343676356,0.577732744362953
2021-08-27,0.029309821898071187,0.6090390275312725
2021-08-28,-0.003401335187852239,0.623799479140926
2021-08-29,-0.0024811688620983707,0.6199434334279841
2021-08-30,-0.012933046250319769,0.6200446639008658
2021-08-31,0.016913009839128357,0.6112219034184955
2021-09-01,0.032263523059659516,0.4596526301265365
2021-09-02,6.211796520028123e-05,0.40772232320121565
2021-09-03,0.01124371814494829,0.3859203802340803
2021-09-04,-0.002996104675807243,0.3817521060617887
2021-09-05,0.012040543103438717,0.4071878381217721
2021-09-06,0.0031484016308873652,0.39554387069992436
2021-09-07,-0.052170855731403565,0.3606751656912519
2021-09-08,5.843570727082081e-06,0.3461028936259829
2021-09-09,-0.0023909020174003315,0.37806111398177344
2021-09-10,-0.016340327925553844,0.3514564520197191
2021-09-11,0.003885040672689355,0.28655190971852074
2021-09-12,0.009126697512296555,0.32957078791072136
2021-09-13,-0.011207833790381594,0.275719583500204
2021-09-14,0.014883394812109652,0.30911349190382026
2021-09-15,0.013635089607756612,0.35754105405247233
2021-09-16,-0.003950134224848023,0.35949416176999405
2021-09-17,-0.010538095438159534,0.3522414490127458
2021-09-18,0.00607844580496697,0.3636574632390044
2021-09-19,-0.009987904409141435,0.3568476409787458
2021-09-20,-0.03034795993613304,0.24586486037011185
2021-09-21,-0.01608805488092213,0.21053595400868702
2021-09-22,0.015112499638481713,0.17664066042473286
2021-09-23,0.004935653288661079,0.21811815867022943
2021-09-24,-0.012351525030689259,0.19063434659610673
2021-09-25,-0.00032255595674224313,0.18204398490751073
2021-09-26,0.004536122171767021,0.17649719698472835
2021-09-27,-0.004844363979520372,0.16752678436816867
2021-09-28,-0.004567221274739297,0.15805176280166885
2021-09-29,0.00030621810480102596,0.13831488691250649
2021-09-30,0.007401950908680233,0.14663145949923323
2021-10-01,0.015596257751244957,0.19665084454878767
2021-10-02,0.0008546154132746953,0.26510901209445253
2021-10-03,0.002483621001241554,0.3148295695234696
2021-10-04,0.0031645985804789056,0.36111586227498077
2021-10-05,0.015128381757781417,0.37138891561881116
2021-10-06,0.018087038165536917,0.3513704912106068
2021-10-07,-0.005431758297033129,0.35088495662256797
2021-10-08,-0.00044995600311392714,0.3597528002570696
2021-10-09,0.004469714974121297,0.3689148983109406
2021-10-10,-0.008406411609556241,0.37398970278460975
2021-10-11,0.01697431989426157,0.37373335055688145
2021-10-12,-0.008015177811611651,0.3599939115639089
2021-10-13,0.010622968229557328,0.3729264877784233
2021-10-14,0.008131799986667465,0.3888109100235875
2021-10-15,0.0201350444563968,0.39404466473251704
2021-10-16,-0.004708331920709297,0.36496647384654224
2021-10-17,0.003215915785010681,0.36012248554124643
2021-10-18,-0.0026177546702391696,0.35895581253448905
2021-10-19,0.01438342195457154,0.37003630828810685
2021-10-20,0.016813927597537415,0.3518340570155202
2021-10-21,-0.01554364344054382,0.32994556394521
2021-10-22,-0.007876386994523976,0.34961653400548587
2021-10-23,0.010216706597476977,0.3604687067447786
2021-10-24,-0.004907450032485272,0.36941705119650287
2021-10-25,0.012482760337988896,0.3695053921333357
2021-10-26,-0.011748725437546681,0.3741856725510493
2021-10-27,-0.014645283542766618,0.36449277639215133
2021-10-28,0.022357593156057565,0.37760627627669097
2021-10-29,0.010566612484177673,0.3982087004189068
2021-10-30,-0.005209934186663601,0.39178187212608206
2021-10-31,-0.0031284920308439768,0.3935152128914512
2021-11-01,0.00024779578128186763,0.3805661797209465
2021-11-02,0.018246656009956563,0.39017126596409457
2021-11-03,-0.0003575455315087961,0.37980957892974
2021-11-04,-0.007259539984653118,0.37891404655767147
2021-11-05,-0.0037687717122072417,0.38106657535836164
2021-11-06,0.0033936247064403346,0.38188742316767516
2021-11-07,0.009177414902851178,0.4101652949849943
2021-11-08,0.02028767578591628,0.41456397805323286
2021-11-09,-0.004718481074649339,0.37849364284765225
2021-11-10,-0.01006006906326995,0.37495608813057596
2021-11-11,0.0034525773057723086,0.3891974657672893
2021-11-12,-0.004062968555241575,0.4144658474324441
2021-11-13,-0.00015260825065144257,0.41185097691108286
2021-11-14,0.002486710381321089,0.41865157542264264
2021-11-15,-0.008014617611970642,0.41991468361439044
2021-11-16,-0.024953820418537997,0.34740146225467733
2021-11-17,0.004191706905893655,0.3322854131020888
2021-11-18,-0.02250731117423843,0.3319119425227374
2021-11-19,0.016504323162442214,0.3209499463980918
2021-11-20,0.009908413875145072,0.3338825131319707
2021-11-21,-0.00971410640310355,0.3342686831569206
2021-11-22,-0.014381988940794344,0.3457668082438219
2021-11-23,0.014927476845482346,0.3235221301199068
2021-11-24,-0.004198781981690436,0.328593613456975
2021-11-25,0.016409677729681604,0.33489665717719586
2021-11-26,-0.037179062363513316,0.28617420685956907
2021-11-27,0.0034992949296372977,0.2538004652378787
2021-11-28,0.00887366267121159,0.25847578407066074
2021-11-29,0.005178045615437332,0.278483574329951
2021-11-30,0.007151297643402055,0.3052717452898078
2021-12-01,-0.0016069384275736454,0.31885987499072344
2021-12-02,-0.004004925443939933,0.3184816176555132
2021-12-03,-0.02026992220352064,0.32222419637614025
2021-12-04,-0.014057372554631242,0.15601501209795343
2021-12-05,0.0025251340424337076,0.19766973402944846
2021-12-06,0.00813003549144864,0.21339839861274734
2021-12-07,-0.0021882042703034177,0.29935713443482437
2021-12-08,0.0057857740208193675,0.26183887140982137
2021-12-09,-0.022891057343852772,0.25563557291976324
2021-12-10,-0.012680413553769032,0.21606298899807214
2021-12-11,0.00949191099031288,0.1947119842928955
2021-12-12,0.0028723794122289537,0.21587295618867688
2021-12-13,-0.020264295853910985,0.17747983852686852
2021-12-14,0.0018430212952265101,0.09067851063700672
2021-12-15,0.003961714571927288,0.09021124945366962
2021-12-16,-0.0015028582567739868,0.15811825256826356
2021-12-17,-0.00204130543833958,0.1155052834203327
2021-12-18,0.002090501753299945,0.10572384638231397
2021-12-19,-0.0008834809451087056,0.12790191243886698
2021-12-20,0.0005087163498291858,0.063177595506702
2021-12-21,0.0017142852247018503,0.1059260240078824
2021-12-22,-0.0008539500903518293,0.10588230738392113
2021-12-23,0.0016887249297743434,0.09444655065633802
2021-12-24,-0.0016892320973043162,0.1289398841417419
2021-12-25,0.0012608089650960608,0.13898149087528372
2021-12-26,-0.0008123757151375921,0.14448524697697132
2021-12-27,-0.0006845936457996471,0.1600605599325496
2021-12-28,-0.0063609613780745144,0.10589196675386504
2021-12-29,-0.0042566159340367005,0.06202697909385516
2021-12-30,0.00040556634987831686,0.021323624043387494
2021-12-31,-0.00020006339538392037,0.03031229833664714
2022-01-01,0.0005408970103550903,0.017406519868655837
2022-01-02,0.00037971253489832435,0.020191316193506212
2022-01-03,-0.0003774506183967796,0.030270878786524527
2022-01-04,0.00011634081713873812,0.022969169057954666
2022-01-05,-0.0014796927303238894,0.022714692826652255
2022-01-06,-0.0011788741345652998,0.008188008847383275
2022-01-07,0.0,0.00278144407308691
2022-01-08,0.0,0.0
2022-01-09,0.0,0.0
2022-01-10,0.0,0.0
2022-01-11,0.0,0.0
2022-01-12,0.0,0.0
2022-01-13,0.0,0.0
2022-01-14,0.0,0.0
2022-01-15,0.0,0.0
2022-01-16,0.0,0.0
2022-01-17,0.0,0.0
2022-01-18,0.0,0.0
2022-01-19,0.0,0.0
2022-01-20,0.0,0.0
2022-01-21,0.0,0.0
2022-01-22,0.0,0.0
2022-01-23,0.0,0.0
2022-01-24,0.0,0.0
2022-01-25,0.0,0.0
2022-01-26,0.0,0.0
2022-01-27,0.0,0.0
2022-01-28,0.0,0.0
2022-01-29,0.0,0.0
2022-01-30,0.0,0.0
2022-01-31,0.0,0.0
2022-02-01,0.0,0.0
2022-02-02,0.0,0.0
2022-02-03,0.0,0.0
2022-02-04,0.0,0.0
2022-02-05,0.0,0.0
2022-02-06,0.0,0.0
2022-02-07,0.0,0.0
2022-02-08,0.0,0.0
2022-02-09,0.0,0.0
2022-02-10,0.0,0.0
2022-02-11,0.0,0.0
2022-02-12,0.0,0.0
2022-02-13,0.0,0.0
2022-02-14,0.0,0.0
2022-02-15,0.0,0.0
2022-02-16,0.0,0.0
2022-02-17,0.0,0.0
2022-02-18,0.0,0.0
2022-02-19,0.0,0.0
2022-02-20,0.0,0.0
2022-02-21,0.0,0.0
2022-02-22,0.0,0.0
2022-02-23,0.0,0.0
2022-02-24,0.0,0.0
2022-02-25,0.0,0.0
2022-02-26,0.0,0.0
2022-02-27,0.0,0.0
2022-02-28,0.0,0.0
2022-03-01,0.0,0.0
2022-03-02,0.0,0.0
2022-03-03,0.0,0.0
2022-03-04,0.0,0.0
2022-03-05,0.0,0.0
2022-03-06,0.0,0.0
2022-03-07,0.0,0.0
2022-03-08,0.0,0.0
2022-03-09,0.0,0.0
2022-03-10,0.0,0.0
2022-03-11,0.0,0.0
2022-03-12,0.0,0.0
2022-03-13,0.0,0.0
2022-03-14,0.0,0.0
2022-03-15,0.0,0.0
2022-03-16,0.0,0.0
2022-03-17,0.0,0.0
2022-03-18,0.0,0.0
2022-03-19,0.0,0.0
2022-03-20,0.0,0.0
2022-03-21,0.0,0.0
2022-03-22,-0.0006201422020885028,0.037752143348082697
2022-03-23,-0.00045160658726473013,0.012676819090237067
2022-03-24,0.0016286418309319206,0.07282633905245492
2022-03-25,0.0002979481423082131,0.11415783855986816
2022-03-26,0.0009985815159028189,0.11498160459806699
2022-03-27,0.005738958351674928,0.12024935064622772
2022-03-28,0.0010554552472732404,0.16949028933422416
2022-03-29,0.001983210482659592,0.2036415468631046
2022-03-30,-0.0012400941534066456,0.22513414054602288
2022-03-31,-0.005973479484902011,0.2015826201310687
2022-04-01,0.004568950369325808,0.16549261832822643
2022-04-02,-0.0025198138096881317,0.30702557694887767
2022-04-03,0.006116818778926225,0.30056747780873394
2022-04-04,-0.0010760354813086348,0.336833199488412
2022-04-05,-0.01125757058414023,0.4200437425238916
2022-04-06,-0.01062629411244298,0.18250656104921015
2022-04-07,0.002019566864784883,0.17402391819221108
2022-04-08,-0.003268476760492689,0.17348855982568892
2022-04-09,0.0026708726388218196,0.15179448291468167
2022-04-10,-0.0025854599390390254,0.14842681164801272
2022-04-11,-0.007877413939204159,0.09591970772061802
2022-04-12,0.0012092882451386622,0.06070100770870332
2022-04-13,0.002284084727396607,0.060965219906091744
2022-04-14,-0.0024217181959313994,0.05487674495199045
2022-04-15,0.00046837751907080616,0.04834009826308988
2022-04-16,0.0004721897469157632,0.03892891304536275
2022-04-17,-0.001794179358144632,0.03088539619245452
2022-04-18,-0.0005486928343233499,0.011615406381362924
2022-04-19,0.0,0.04574349689312389
2022-04-20,0.0,0.07501846790190546
2022-04-21,0.0,0.08501229517585449
2022-04-22,0.0,0.03956031412528093
2022-04-23,0.0,0.028420407305970032
2022-04-24,0.0,0.02915446698451926
2022-04-25,0.0,0.007146794429837792
2022-04-26,0.0,0.02356899880291706
2022-04-27,0.0,0.0
2022-04-28,0.0,0.013870826514623987
2022-04-29,0.0,0.013867488723033825
2022-04-30,0.0,0.0
2022-05-01,0.0,0.0
2022-05-02,0.0,0.0
2022-05-03,0.0,0.0
2022-05-04,0.0,0.0
2022-05-05,0.0,0.023637081013508716
2022-05-06,0.0,0.0
2022-05-07,0.0,0.0
2022-05-08,0.0,0.0
2022-05-09,0.0,0.0
2022-05-10,0.0,0.0
2022-05-11,0.0,0.0
2022-05-12,0.0,0.0
2022-05-13,0.0,0.0
2022-05-14,0.0,0.0
2022-05-15,0.0,0.0
2022-05-16,0.0,0.0
2022-05-17,0.0,0.0
2022-05-18,0.0,0.0
2022-05-19,0.0,0.0
2022-05-20,0.0,0.0
2022-05-21,0.0,0.0
2022-05-22,0.0,0.0
2022-05-23,0.0,0.0
2022-05-24,0.0,0.0
2022-05-25,0.0,0.0
2022-05-26,0.0,0.0
2022-05-27,0.0,0.0
2022-05-28,0.0,0.0
2022-05-29,0.0,0.0
2022-05-30,0.0,0.0
2022-05-31,0.0,0.0
2022-06-01,0.0,0.0
2022-06-02,0.0,0.0
2022-06-03,0.0,0.0
2022-06-04,0.0,0.0
2022-06-05,0.0,0.0
2022-06-06,0.0,0.0
2022-06-07,0.0,0.0
2022-06-08,0.0,0.0
2022-06-09,0.0,0.0
2022-06-10,0.0,0.0
2022-06-11,0.0,0.0
2022-06-12,0.0,0.0
2022-06-13,0.0,0.0
2022-06-14,0.0,0.0
2022-06-15,0.0,0.0
2022-06-16,0.0,0.0
2022-06-17,0.0,0.0
2022-06-18,0.0,0.0
2022-06-19,0.0,0.0
2022-06-20,0.0,0.0
2022-06-21,0.0,0.0
2022-06-22,0.0,0.0
2022-06-23,0.0,0.0
2022-06-24,0.0,0.0
2022-06-25,0.0,0.0
2022-06-26,0.0,0.0
2022-06-27,0.0,0.0
2022-06-28,0.0,0.0
2022-06-29,0.0,0.0
2022-06-30,0.0,0.0
2022-07-01,0.0,0.0
2022-07-02,0.0,0.0
2022-07-03,0.0,0.0
2022-07-04,0.0,0.0
2022-07-05,0.0,0.0
2022-07-06,0.0,0.0
2022-07-07,0.0,0.0
2022-07-08,0.0,0.0
2022-07-09,0.0,0.0
2022-07-10,0.0,0.0
2022-07-11,0.0,0.0
2022-07-12,0.0,0.0
2022-07-13,0.0,0.0
2022-07-14,0.0,0.0
2022-07-15,0.0,0.0
2022-07-16,0.0,0.0
2022-07-17,0.0,0.0
2022-07-18,0.0,0.0
2022-07-19,0.0,0.0
2022-07-20,0.0,0.0
2022-07-21,0.0,0.0
2022-07-22,0.0,0.0
2022-07-23,0.0,0.0
2022-07-24,0.0,0.0
2022-07-25,0.0,0.0
2022-07-26,0.0,0.0
2022-07-27,0.0,0.0
2022-07-28,0.0,0.0
2022-07-29,0.0,0.0
2022-07-30,0.0,0.0
2022-07-31,0.0,0.0
2022-08-01,0.0,0.0
2022-08-02,0.0,0.0
2022-08-03,0.0,0.0
2022-08-04,0.0,0.0
2022-08-05,0.0,0.00734697469249226
2022-08-06,0.0,0.029788910657036486
2022-08-07,0.0,0.03060460732535635
2022-08-08,0.0,0.03126751205933895
2022-08-09,0.0,0.03306181762109432
2022-08-10,0.0,0.037246751995216244
2022-08-11,0.0,0.03589402491069457
2022-08-12,0.0,0.03656096129062612
2022-08-13,0.0,0.037365123077019856
2022-08-14,0.0,0.0382649071624601
2022-08-15,0.0,0.03835886993466615
2022-08-16,0.0,0.03861241791553703
2022-08-17,0.0,0.03903694716827612
2022-08-18,0.0,0.03934793229749012
2022-08-19,0.0,0.0344954649814907
2022-08-20,0.0,0.026142572502050185
2022-08-21,0.0,0.02313162666986395
2022-08-22,0.0,0.026532268668862997
2022-08-23,0.0,0.024881278353716882
2022-08-24,0.0,0.02649489687376441
2022-08-25,0.0,0.026868893065387027
2022-08-26,0.0,0.02526242035220956
2022-08-27,0.0,0.0
2022-08-28,0.0,0.0
2022-08-29,0.0,0.003378314105443021
2022-08-30,0.0,0.010171437402335497
2022-08-31,0.0,0.013127934952068775
2022-09-01,0.0,0.013202798399197604
2022-09-02,0.0,0.01327940551895536
2022-09-03,0.0,0.013455451436255416
2022-09-04,0.0,0.013829308299006905
2022-09-05,0.0,0.015764337755555684
2022-09-06,0.0,0.025242474963064792
2022-09-07,0.0,0.013793913487653194
2022-09-08,0.0,0.021084938483342253
2022-09-09,0.0,0.03764155866484566
2022-09-10,0.0,0.041849940186919045
2022-09-11,0.0,0.042593031636445504
2022-09-12,0.00016542865364144177,0.07101965828182938
2022-09-13,-0.004504265891239201,0.08674853225887313
2022-09-14,0.0,0.02695287329102597
2022-09-15,0.0,0.027256752793560924
2022-09-16,0.0,0.0031902845631086073
2022-09-17,0.0,0.0
2022-09-18,0.0,0.0
2022-09-19,0.0,0.0
2022-09-20,0.0,0.0
2022-09-21,0.0,0.0
2022-09-22,0.0,0.0
2022-09-23,0.0,0.0
2022-09-24,0.0,0.0
2022-09-25,0.0,0.0
2022-09-26,0.0,0.0
2022-09-27,0.0,0.0
2022-09-28,0.0,0.0
2022-09-29,0.0,0.0
2022-09-30,0.0,0.0
2022-10-01,0.0,0.0
2022-10-02,0.0,0.0
2022-10-03,0.0,0.0
2022-10-04,0.0,0.0
2022-10-05,0.0,0.0
2022-10-06,0.0,0.0
2022-10-07,0.0,0.0
2022-10-08,0.0,0.0
2022-10-09,0.0,0.0
2022-10-10,0.0,0.0
2022-10-11,0.0,0.0
2022-10-12,0.0,0.0
2022-10-13,0.0,0.0
2022-10-14,0.0,0.0
2022-10-15,0.0,0.0
2022-10-16,0.0,0.0
2022-10-17,0.0,0.0
2022-10-18,0.0,0.0
2022-10-19,0.0,0.0
2022-10-20,0.0,0.0
2022-10-21,0.0,0.0
2022-10-22,0.0,0.0
2022-10-23,0.0,0.0
2022-10-24,0.0,0.0
2022-10-25,0.0,0.009434392390861255
2022-10-26,0.0026245968840197254,0.06407282172912511
2022-10-27,-0.003776246047009768,0.10809685973322679
2022-10-28,0.0010950802121523218,0.05873562773034731
2022-10-29,0.004387055252729644,0.10107986414046576
2022-10-30,-0.001951939931042479,0.10573998562386176
2022-10-31,-0.0011925350317735228,0.11351903799879216
2022-11-01,0.0003894660199834643,0.0879731733465595
2022-11-02,-0.004043759538974179,0.10480231369693174
2022-11-03,-0.0005485768937844027,0.0755434511681494
2022-11-04,0.00788209802518991,0.11636506384671262
2022-11-05,3.319698512571634e-05,0.2526904281873328
2022-11-06,-0.0062788553672682434,0.2667116414730244
2022-11-07,-0.0013105182997429354,0.1716698404948213
2022-11-08,-0.007965587627555948,0.03799365623913725
2022-11-09,-2.1992629077982606e-05,0.0
2022-11-10,0.0,0.0
2022-11-11,0.0,0.0
2022-11-12,0.0,0.0
2022-11-13,0.0,0.0
2022-11-14,0.0,0.0
2022-11-15,0.0,0.0
2022-11-16,0.0,0.0
2022-11-17,0.0,0.0
2022-11-18,0.0,0.0
2022-11-19,0.0,0.0
2022-11-20,0.0,0.0
2022-11-21,0.0,0.0
2022-11-22,0.0,0.0
2022-11-23,0.0,0.0
2022-11-24,0.0,0.0
2022-11-25,0.0,0.0
2022-11-26,0.0,0.0
2022-11-27,0.0,0.0
2022-11-28,0.0,0.0
2022-11-29,0.0,0.0
2022-11-30,0.0,0.0
2022-12-01,0.0,0.0
2022-12-02,0.0,0.0
2022-12-03,0.0,0.0
2022-12-04,0.0,0.0
2022-12-05,0.0,0.0
2022-12-06,0.0,0.0
2022-12-07,0.0,0.0
2022-12-08,0.0,0.0
2022-12-09,0.0,0.0
2022-12-10,0.0,0.0
2022-12-11,0.0,0.0
2022-12-12,0.0,0.0
2022-12-13,0.0,0.0
2022-12-14,0.0,0.0
2022-12-15,0.0,0.0
2022-12-16,0.0,0.0
2022-12-17,0.0,0.0
2022-12-18,0.0,0.0
2022-12-19,0.0,0.0
2022-12-20,0.0,0.0
2022-12-21,0.0,0.0
2022-12-22,0.0,0.0
2022-12-23,0.0,0.0
2022-12-24,0.0,0.0
2022-12-25,0.0,0.0
2022-12-26,0.0,0.0
2022-12-27,0.0,0.0
2022-12-28,0.0,0.0
2022-12-29,0.0,0.0
2022-12-30,0.0,0.0
2022-12-31,0.0,0.0
2023-01-01,0.0,0.0
2023-01-02,0.0,0.0
2023-01-03,0.0,0.0
2023-01-04,0.0,0.0
2023-01-05,0.0,0.0
2023-01-06,0.0,0.0
2023-01-07,0.0,0.0
2023-01-08,0.0,0.0
2023-01-09,0.0009577074421693865,0.08501425628958921
2023-01-10,0.0013172984130935816,0.11399733431577246
2023-01-11,0.004644645612556841,0.11589775600102512
2023-01-12,0.011900112396408424,0.4484988803925517
2023-01-13,0.019661574034659512,0.5211772206137898
2023-01-14,0.04165831264186326,0.5944731630918099
2023-01-15,-0.0007502108515318184,0.5425595788103021
2023-01-16,0.008879448824702596,0.5837674807585321
2023-01-17,-0.00272221759523561,0.6054316422131759
2023-01-18,-0.01610922108320867,0.5964830200866051
2023-01-19,0.0135878874011921,0.6199391462133494
2023-01-20,0.04583703855802068,0.6527281917757726
2023-01-21,-0.004601276761855511,0.7136758088138685
2023-01-22,-0.0010784293669140466,0.7325556387275327
2023-01-23,0.003178949820713095,0.7587921344331818
2023-01-24,-0.018873721170240332,0.7265270362849661
2023-01-25,0.018675216864598942,0.7210546647797222
2023-01-26,-0.0030367399357212888,0.7216853484976327
2023-01-27,0.0003503375938684883,0.7334594744394348
2023-01-28,-0.005991821695024768,0.7585383918512524
2023-01-29,0.030750157646321385,0.8340337742721767
2023-01-30,-0.03717977561860508,0.8464671462811059
2023-01-31,0.010518858239651374,0.8163080780126138
2023-02-01,0.025878008437458133,0.8459218477320557
2023-02-02,-0.0046163890846285804,0.8593493328922199
2023-02-03,0.003527489929383343,0.8255296651264499
2023-02-04,-0.0014791362461503699,0.8416067698145864
2023-02-05,-0.016587306155513626,0.847919302058364
2023-02-06,-0.006962098480534529,0.8378704485119226
2023-02-07,0.022820749873248225,0.8401173448654683
2023-02-08,-0.01065962134725873,0.8772807766224382
2023-02-09,-0.045745760317166595,0.8083557591289847
2023-02-10,-0.009926039618112337,0.7300941798433622
2023-02-11,0.009830904188876666,0.7413288118918798
2023-02-12,-0.006347638681829637,0.7567954487436236
2023-02-13,-0.0021557938965156564,0.7207021940749643
2023-02-14,0.01679664110538792,0.6822720866757528
2023-02-15,0.06504067731086449,0.7202066786568823
2023-02-16,-0.024833662996944228,0.863052423698931
2023-02-17,0.030701862722636752,0.7580479557747555
2023-02-18,0.0005673992769983371,0.7912583879259409
2023-02-19,-0.008651036487380415,0.8341468405587575
2023-02-20,0.014842817836091093,0.8587384496449553
2023-02-21,-0.017245232308199854,0.8687448723479444
2023-02-22,-0.008302781507269708,0.8272212645958087
2023-02-23,-0.003088613884420055,0.856783245434756
2023-02-24,-0.02587179281260199,0.8560568190115774
2023-02-25,-0.0033827519285160035,0.7593847343159645
2023-02-26,0.018298203692441062,0.8305954175490321
2023-02-27,-0.003293992646406285,0.9340589251022046
2023-02-28,-0.015041659544662966,0.9325553733951601
2023-03-01,0.023228045942375042,0.9054647325847814
2023-03-02,-0.008719120864461694,0.8842038723161189
2023-03-03,-0.04252605619808869,0.6439173359652445
2023-03-04,-0.0005403574648428222,0.5232498231914653
2023-03-05,0.0006965762061106329,0.5051320827661783
2023-03-06,-4.7850525237813635e-05,0.5303467866391839
2023-03-07,-0.0032839115512494077,0.49334485116307253
2023-03-08,-0.01101470086640266,0.4753649433673035
2023-03-09,-0.029212888234348422,0.43670910875198443
2023-03-10,-0.004395397451229077,0.1265460761646511
2023-03-11,0.002285557066738164,0.1677489563216122
2023-03-12,0.01935757157137208,0.2552267746741518
2023-03-13,0.023591831931492724,0.37881944775627086
2023-03-14,0.009512003043396389,0.5096704043571697
2023-03-15,-0.010989143332119089,0.5664983522758541
2023-03-16,0.012926985316223938,0.6205711547194429
2023-03-17,0.051037580537030225,0.6327002417976941
2023-03-18,-0.009751977415657032,0.563789818381804
2023-03-19,0.014427645423802149,0.5667249804435144
2023-03-20,-0.009963710291556627,0.5130225693772938
2023-03-21,0.013525986589261185,0.5029197464151903
2023-03-22,-0.01769085571805895,0.5064879414255248
2023-03-23,0.021684681385560678,0.5488423746073431
2023-03-24,-0.01712267079278662,0.532244765772224
2023-03-25,-0.0011385155279680648,0.5876052488537518
2023-03-26,0.010656740618435245,0.622728544969816
2023-03-27,-0.01851559131824787,0.5813415579946324
2023-03-28,0.011626773933864909,0.609145264775487
2023-03-29,0.014292155628194081,0.6038202412972992
2023-03-30,-0.002972742125393668,0.5217181896812947
2023-03-31,0.008187066179106584,0.5619101606793845
2023-04-01,-0.00022409285233937482,0.5416795304199268
2023-04-02,-0.00638107672118482,0.5468010953731834
2023-04-03,-0.0013960340797961601,0.5798870800092085
2023-04-04,0.016008156268091822,0.6733183622728811
2023-04-05,0.007467206305086904,0.6700262025544733
2023-04-06,-0.008630158645609565,0.6790999185112446
2023-04-07,-0.0034334302604159816,0.657465603964185
2023-04-08,-0.0025599024741702614,0.6609367418956918
2023-04-09,0.006544003856433278,0.663824543714319
2023-04-10,0.025964530449297696,0.6682973363649268
2023-04-11,0.002876412035075493,0.5032774741337704
2023-04-12,0.0009247633852100812,0.47298102050958885
2023-04-13,0.014805847634486335,0.4948042682759995
2023-04-14,0.01093039281935404,0.48605162962298337
2023-04-15,-0.002894588280384691,0.5843593564012806
2023-04-16,0.0039706497406846175,0.6257779814693578
2023-04-17,-0.015591566347629371,0.6394271358882331
2023-04-18,0.014517448192656213,0.6735970415423151
2023-04-19,-0.04063836004496901,0.6505202323238922
2023-04-20,-0.005181177830175243,0.6679536498750315
2023-04-21,-0.027255349650487704,0.641210034009709
2023-04-22,0.010902060617102416,0.5979313644667008
2023-04-23,-0.004718472955219877,0.5872526853934421
2023-04-24,-0.0044619942059653805,0.602508000301827
2023-04-25,0.01341106206486642,0.6005736896246322
2023-04-26,0.001289610024133081,0.6362681343395018
2023-04-27,0.01496047927493227,0.5428550720257976
2023-04-28,-0.003630086598236937,0.5077825348351404
2023-04-29,0.0013657627095455815,0.4888285139836927
2023-04-30,-0.004614864232073579,0.5039264869665555
2023-05-01,-0.015093994880644002,0.46897946214408187
2023-05-02,0.01030139781429007,0.45330340472494957
2023-05-03,0.007496326068578751,0.5068091908173392
2023-05-04,-0.005991694169376505,0.5733057158524546
2023-05-05,0.021809728308508802,0.566978145241694
2023-05-06,-0.02146116144086041,0.5450719729394651
2023-05-07,-0.008547628642406102,0.6002549787898462
2023-05-08,-0.012290884124723567,0.5066358958183741
2023-05-09,-0.000496829186999892,0.48398515227239286
2023-05-10,-0.0009459904164305089,0.42110856388404777
2023-05-11,-0.011342732284453927,0.45160292204846125
2023-05-12,-0.0010942064493224546,0.41985604035240304
2023-05-13,-0.0016522444536766212,0.4395224790846831
2023-05-14,0.0018212766253218327,0.43664509192749157
2023-05-15,0.004305954309780091,0.42683382799914615
2023-05-16,-0.0002454726217849812,0.4271539790665917
2023-05-17,0.0023910024875093416,0.3946082537623447
2023-05-18,-0.006772263747919838,0.40661189234693634
2023-05-19,0.001828412772570509,0.41096518466637477
2023-05-20,0.0024574107122570243,0.4314847899698876
2023-05-21,-0.0042894149843435425,0.43144483756566177
2023-05-22,0.0022187894823870735,0.426869566869517
2023-05-23,0.006763015194316768,0.49518739518634125
2023-05-24,-0.015653382120670467,0.4484827968888354
2023-05-25,0.0013279424810213047,0.3299945277825001
2023-05-26,0.0039117466663427525,0.39391203121798624
2023-05-27,0.0012691892000660232,0.5136000631034043
2023-05-28,0.02498837741700788,0.5844376958625317
2023-05-29,-0.006573149963942648,0.6172654061734598
2023-05-30,0.00040230016348785647,0.6423783385684841
2023-05-31,-0.010247255610754236,0.6505597946203705
2023-06-01,-0.006551627854600506,0.6155815839529419
2023-06-02,0.010970277519978477,0.6496147900109126
2023-06-03,-0.0050339050338070734,0.6988939106609094
2023-06-04,4.4681196752494046e-05,0.6709587583482259
2023-06-05,-0.025146577758166644,0.539206775101155
2023-06-06,0.017782582708534944,0.39795684989503416
2023-06-07,-0.017158403266654076,0.5600737676951946
2023-06-08,0.003084495355312189,0.4873395892696064
2023-06-09,-0.0010961915774390096,0.4931336772150978
2023-06-10,-0.021050106908083177,0.31124194378325043
2023-06-11,0.0003002951585140412,0.2536676462903936
2023-06-12,-0.0015473344955716506,0.17358750587615163
2023-06-13,-3.7150422029896824e-05,0.15772726117493469
2023-06-14,-0.005257665875475381,0.1323552434421541
2023-06-15,0.0016342781501488268,0.050833683840828654
2023-06-16,0.0036174916867288687,0.05171989649796531
2023-06-17,0.0007543564793066615,0.07756038416584195
2023-06-18,-0.0006431352948557123,0.09320350078866385
2023-06-19,0.0017038385383618682,0.09785034692996791
2023-06-20,0.010634723133317037,0.17328897982589
2023-06-21,0.020677344082210336,0.37022236960925303
2023-06-22,-0.0023717446012412324,0.44621648195878394
2023-06-23,0.008364361142618293,0.4653922904346942
2023-06-24,-0.0033616430512825035,0.4820032955388643
2023-06-25,0.0021853781505676295,0.5270090596049932
2023-06-26,-0.00837189414967121,0.5205633991145016
2023-06-27,0.007569878857069945,0.5417252675785277
2023-06-28,-0.012183554731848067,0.47903411055755496
2023-06-29,0.004017789009131301,0.5128772076351209
2023-06-30,0.011748597119033866,0.5428173123296984
2023-07-01,1.289956066852227e-05,0.6216131971460466
2023-07-02,0.002456658700584091,0.643761167134803
2023-07-03,0.009038080692845174,0.6530816076857687
2023-07-04,-0.006729402745986213,0.5730282447012833
2023-07-05,-0.005873281785561901,0.583112426228064
2023-07-06,-0.017964320612279372,0.6274971402990661
2023-07-07,0.0069566261825850795,0.5634632619150645
2023-07-08,-0.002392054445459646,0.6506472914147032
2023-07-09,-0.0022592627225590522,0.7278497738312195
2023-07-10,0.006162602077832258,0.6566936823207028
2023-07-11,0.001964466138597576,0.7174323606406711
2023-07-12,-0.004612394980691548,0.709731059417484
2023-07-13,0.035452480176450196,0.6747075303454928
2023-07-14,-0.025358930005337954,0.6583308624259606
2023-07-15,-0.0013627432333832568,0.6927540013513354
2023-07-16,-0.002505901312587877,0.7795555766700215
2023-07-17,-0.0033388301352971217,0.761814409145446
2023-07-18,-0.006532638112807021,0.7123525923510564
2023-07-19,-0.0007575465743943077,0.7264086013814761
2023-07-20,-0.0027503540849450614,0.7617285007617192
2023-07-21,0.001330209767046675,0.7421174596519856
2023-07-22,-0.0060425193836571855,0.7385134045915268
2023-07-23,0.006853074866943976,0.7271125224913375
2023-07-24,-0.019836958864101195,0.7040170921422862
2023-07-25,0.0012995032584104393,0.5357988693705781
2023-07-26,0.0030376151078095326,0.5703630260991843
2023-07-27,-0.0035798586175631586,0.7300020876858662
2023-07-28,0.0034107631305657637,0.6754537547529886
2023-07-29,0.0014898381675971795,0.7633827811746059
2023-07-30,-0.0050183627069674275,0.8214808093033823
2023-07-31,-0.0018966928437045283,0.8137918576386666
2023-08-01,0.005462766626118443,0.5572003575986957
2023-08-02,-0.014641894218924367,0.6297199210362784
2023-08-03,-0.0002817553284512053,0.4725780248178789
2023-08-04,-0.0018431047194199524,0.4313780892918654
2023-08-05,-0.0003524938376101572,0.4285334163290024
2023-08-06,-3.979021620492684e-05,0.42805435784058593
2023-08-07,0.0014863722909095323,0.4373178151372867
2023-08-08,0.009735676286387829,0.5538957820254368
2023-08-09,-0.0036517873822694558,0.6275089065667409
2023-08-10,-0.002415164765745992,0.5701277183016566
2023-08-11,-0.0009204808626548378,0.5448495126126621
2023-08-12,0.00010575914318189383,0.5397808211781118
2023-08-13,-0.0032085557454560876,0.5982378772452603
2023-08-14,0.0017495593008693966,0.6272257704486879
2023-08-15,-0.005346208163710342,0.6891823493687064
2023-08-16,-0.009060046238106523,0.5623148879887806
2023-08-17,-0.012493018705307501,0.3141920894341085
2023-08-18,-0.00011434461987736011,0.0
2023-08-19,0.0,0.0
2023-08-20,0.0,0.0
2023-08-21,0.0,0.0
2023-08-22,0.0,0.0
2023-08-23,0.0,0.0
2023-08-24,0.0,0.0
2023-08-25,0.0,0.0
2023-08-26,0.0,0.0
2023-08-27,0.0,0.0
2023-08-28,0.0,0.0
2023-08-29,-0.00039289716882828785,0.013454724401633762
2023-08-30,-0.0007820966076440561,0.02694422618026384
2023-08-31,0.0,0.0
2023-09-01,0.0,0.0
2023-09-02,0.0,0.0
2023-09-03,0.0,0.0
2023-09-04,0.0,0.0
2023-09-05,0.0,0.0
2023-09-06,0.0,0.0
2023-09-07,0.0,0.0
2023-09-08,0.0,0.0
2023-09-09,0.0,0.0
2023-09-10,0.0,0.0
2023-09-11,0.0,0.0
2023-09-12,0.0,0.0
2023-09-13,0.0,0.0
2023-09-14,0.0,0.0
2023-09-15,0.0,0.0
2023-09-16,0.0,0.0
2023-09-17,0.0,0.0
2023-09-18,0.0,0.0
2023-09-19,0.0,0.0
2023-09-20,0.0,0.0
2023-09-21,0.0,0.0
2023-09-22,0.0,0.0
2023-09-23,0.0,0.0
2023-09-24,0.0,0.0
2023-09-25,0.0,0.0
2023-09-26,0.0,0.0
2023-09-27,0.0,0.0
2023-09-28,0.0,0.0
2023-09-29,0.0,0.0
2023-09-30,0.0,0.0
2023-10-01,0.0,0.0
2023-10-02,-0.003991034859320397,0.1268140213763304
2023-10-03,-0.0001692961740260568,0.0
2023-10-04,0.0,0.0
2023-10-05,0.0,0.0
2023-10-06,-0.00020905985338670607,0.026381839107231696
2023-10-07,9.656999832219348e-05,0.09442194072207347
2023-10-08,-0.0006118673151734866,0.07839912423970112
2023-10-09,-0.0018639578537250623,0.05599555500527197
2023-10-10,0.0,0.0
2023-10-11,0.0,0.0
2023-10-12,0.0,0.0
2023-10-13,0.0,0.0
2023-10-14,0.0,0.0
2023-10-15,0.0,0.0
2023-10-16,0.0021506774709434406,0.1373239138620275
2023-10-17,-0.0011968122213991128,0.45650004706228436
2023-10-18,-0.0015665734822895017,0.560305741687063
2023-10-19,0.00838642358287478,0.6070295398459088
2023-10-20,0.020259874526076915,0.5904447262255048
2023-10-21,0.005004455861986834,0.5947091952009556
2023-10-22,0.0017096213875027466,0.5762422045915889
2023-10-23,0.06354260149474422,0.5814020159151263
2023-10-24,0.011261096485068567,0.6081540172431863
2023-10-25,0.007089212507845,0.5898945864775862
2023-10-26,-0.003353277134660493,0.6150184377779784
2023-10-27,-0.006172202157963769,0.5900055040297314
2023-10-28,0.001213566108374975,0.6480806864576673
2023-10-29,0.00723291958329586,0.6494658145692895
2023-10-30,-0.0008789029971814077,0.6614041668322033
2023-10-31,0.002827046974318126,0.7173305025278464
2023-11-01,0.014190512063720462,0.7301035754903585
2023-11-02,-0.014156223891571562,0.7266257089385582
2023-11-03,0.003185408506277243,0.7926493436962153
2023-11-04,0.009494364649667242,0.8694292436709732
2023-11-05,0.007415922086500215,0.89575145608666
2023-11-06,0.0025051672331068975,0.8638424428121717
2023-11-07,0.0012054997528243572,0.8676882178956757
2023-11-08,0.003019239418234232,0.8305121416543894
2023-11-09,0.06016304901442693,0.7830372632155002
2023-11-10,-0.0008301276659024026,0.7945313403078655
2023-11-11,-0.0061029167466279954,0.8177464107967943
2023-11-12,-0.0021959710816831235,0.8267003945113095
2023-11-13,-0.005151701299215383,0.8378435389843563
2023-11-14,-0.024814650151009143,0.8538588336057314
2023-11-15,0.04636041767771104,0.876801469558804
2023-11-16,-0.03496677960065897,0.7744168663496391
2023-11-17,0.00470643293633799,0.7948221978963618
2023-11-18,0.001110258201360237,0.8530078128902998
2023-11-19,0.019998566228668357,0.8649627812344164
2023-11-20,0.0030975897067981872,0.8266099842137002
2023-11-21,-0.03666417215191975,0.7827099617432257
2023-11-22,0.04343938770696698,0.8148263263354546
2023-11-23,-0.001587336700208164,0.8081868138065944
2023-11-24,0.00844532386095187,0.7795642928638029
2023-11-25,0.0012135577694794009,0.818333508189697
2023-11-26,-0.007673846294174558,0.8445416778291454
2023-11-27,-0.008590108934189433,0.8564259662596767
2023-11-28,0.010810750706715666,0.863381764438594
2023-11-29,-0.0034575547077075885,0.8513124265025287
2023-11-30,0.002362689989907185,0.8051614131183694
2023-12-01,0.018493869677598918,0.8476583046295281
2023-12-02,0.020171272207475166,0.7570043689396357
2023-12-03,0.010224616819161758,0.7943898742383051
2023-12-04,0.03026294507429106,0.818810246972712
2023-12-05,0.025600139614734285,0.7065157397180779
2023-12-06,-0.010685000570018643,0.5974024761497718
2023-12-07,0.01103223043723145,0.5662256584230765
2023-12-08,0.006751696486636316,0.5818038417499071
2023-12-09,-0.005359081326438253,0.608114550695557
2023-12-10,0.0017465467905544152,0.6642699283064701
2023-12-11,-0.03498189828088538,0.5658089947399532
2023-12-12,-0.0012044321806874425,0.6500311295553967
2023-12-13,0.019613811636712164,0.6452848178057322
2023-12-14,0.007695945176176888,0.5853351564422317
2023-12-15,-0.019579080490202183,0.601379580538191
2023-12-16,0.00369294356210359,0.648614486238033
2023-12-17,-0.011524851845426176,0.6904312451021718
2023-12-18,0.013567292096093864,0.6081518644564713
2023-12-19,-0.010196789230330516,0.6304621746984475
2023-12-20,0.013810742728493475,0.5532414424013831
2023-12-21,0.004998876895950799,0.5123690598381048
2023-12-22,0.010011065572662847,0.5054967815857653
2023-12-23,-0.0034065904004152436,0.5424102880581306
2023-12-24,-0.00997156933154375,0.5728304584916388
2023-12-25,0.005062741008117433,0.6573173628479112
2023-12-26,-0.014488435513121845,0.6303685667565532
2023-12-27,0.027968282047686976,0.6325448645026278
2023-12-28,-0.011777272819095908,0.6654154858921203
2023-12-29,-0.011954606977744642,0.6843334466769638
2023-12-30,-0.0004390330599833847,0.6679860998136335
2023-12-31,-0.000527677651184888,0.7101969480383089
2024-01-01,0.029899648311904947,0.7857743900459984
2024-01-02,0.00945783759387453,0.6851338410810257
2024-01-03,-0.031388266163867584,0.5393764003064394
2024-01-04,0.016548475338927338,0.6003793393271002
2024-01-05,-0.0013503114289377116,0.5737661726554857
2024-01-06,-0.003776207536942411,0.6483856356274622
2024-01-07,-0.0030874434175217624,0.6901252933976949
2024-01-08,0.042767150541532795,0.6621425483550631
2024-01-09,-0.004660973467040086,0.5499863420680549
2024-01-10,0.029261295823462152,0.5689374320763031
2024-01-11,0.0012247911648179954,0.5487685937938073
2024-01-12,-0.029812911298193856,0.4992097214360259
2024-01-13,0.006131411731860936,0.4651496709634723
2024-01-14,-0.01725119007794007,0.5061356033743754
2024-01-15,0.008635056332633395,0.49840138571672
2024-01-16,0.011483183550815124,0.5330136348374189
2024-01-17,-0.007942877511556645,0.5436477521324358
2024-01-18,-0.014527552403293509,0.5273272355757526
2024-01-19,0.004711903377862203,0.5414483992666511
2024-01-20,-0.0023006518073754867,0.5792324913027045
2024-01-21,-0.002566889238325487,0.6046599873783939
2024-01-22,-0.02991003795075675,0.6041300553509465
2024-01-23,-0.008308818597636325,0.5213214105673976
2024-01-24,0.0002720453971229997,0.5091588985560142
2024-01-25,-0.0029925663259424695,0.5026933642110574
2024-01-26,0.018813535091916522,0.4781435709754294
2024-01-27,0.0016394632371403706,0.42931027615903145
2024-01-28,-0.0016587715163606243,0.44224945712304464
2024-01-29,0.015231743990760105,0.5412817287854081
2024-01-30,-0.00047807092494889236,0.6188616896783716
2024-01-31,-0.014288040372396837,0.641986540557663
2024-02-01,0.006009824371225214,0.6011835786628145
2024-02-02,0.0015864924393216295,0.6489629885983884
2024-02-03,-0.0030847200003517594,0.6471062942342737
2024-02-04,-0.004114129535304878,0.6065363097739661
2024-02-05,0.0014716534947969429,0.5916257915830989
2024-02-06,0.011124565882775217,0.5690076975793079
2024-02-07,0.016362977187533545,0.6314471956682055
2024-02-08,0.005761802268178462,0.5936646428042894
2024-02-09,0.01947223494807737,0.5250988945416797
2024-02-10,0.004704122800484267,0.4977600422279233
2024-02-11,0.0037235329665328276,0.5037988334581645
2024-02-12,0.0231348235543698,0.5096185923973355
2024-02-13,-0.0029926129882879016,0.4997865507330225
2024-02-14,0.023674179252398453,0.4763194305650098
2024-02-15,0.004676619857155728,0.4633931622284764
2024-02-16,-0.0005289539422733691,0.47355645321023276
2024-02-17,-0.003962020659062926,0.48482235666026924
2024-02-18,0.011066489887289865,0.4924353714934878
2024-02-19,0.0036383449196326634,0.49837048756646
2024-02-20,0.008648351846572977,0.4981329522308314
2024-02-21,-0.006189691694915012,0.4828442270320492
2024-02-22,-0.0026459329621202343,0.47600633508837076
2024-02-23,-0.007151713471304388,0.47871999650607294
2024-02-24,0.010550777170582837,0.4865236432750544
2024-02-25,0.011259208166147117,0.4975861142408001
2024-02-26,0.019215332249416628,0.4984078135663225
2024-02-27,0.017555712707918447,0.4591665475721154
2024-02-28,0.03302811733646016,0.44638903899355487
2024-02-29,-0.007886201091376277,0.3946127791107442
2024-03-01,0.011042399023546423,0.3765484891134462
2024-03-02,-0.0023428490278872838,0.39075664224140527
2024-03-03,0.008701937936713255,0.41047699876931953
2024-03-04,0.02891859444053968,0.4197362424471629
2024-03-05,-0.020354682705042815,0.40506305116091623
2024-03-06,0.018288180702863865,0.29799147625251765
2024-03-07,0.004337186246618829,0.2945088561171302
2024-03-08,0.004526361629136444,0.306613769925407
2024-03-09,0.0014600114310614476,0.31905686736005323
2024-03-10,0.0008387673102816517,0.3373788351425112
2024-03-11,0.01694913226893746,0.3355130147472046
2024-03-12,-0.005243042551909549,0.33496629003985184
2024-03-13,0.005802436273698364,0.34508007320970285
2024-03-14,-0.009887072551558074,0.3572078958485922
2024-03-15,-0.011261483065079791,0.31583777527248336
2024-03-16,-0.01840319467200613,0.2952773445694953
2024-03-17,0.012112738428725622,0.27783649763261414
2024-03-18,-0.006876499831051874,0.2838347135330649
2024-03-19,-0.02785098999020319,0.2499333806595083
2024-03-20,0.02901897713500423,0.22207173426040666
2024-03-21,-0.005972760799274335,0.21398097112945275
2024-03-22,-0.007991825761315519,0.2089065845010838
2024-03-23,0.00026406057622807566,0.21433373459852206
2024-03-24,0.010714925767995709,0.22060859871729926
2024-03-25,0.009612430415735895,0.22677943351606838
2024-03-26,0.00016309806189118703,0.23375749631470272
2024-03-27,-0.003397542561290434,0.24439116506983885
2024-03-28,0.0045019329985172,0.25347849803505873
2024-03-29,-0.0034047305653231996,0.27501897654862545
2024-03-30,-0.0007120079743964114,0.29172278762175746
2024-03-31,0.008046817435473086,0.3221058235358287
2024-04-01,-0.009487160764497071,0.317905219752147
2024-04-02,-0.01882808001501468,0.27114570875112737
2024-04-03,0.002503272972135262,0.2710186846760044
2024-04-04,0.006505720712029817,0.2605583659658041
2024-04-05,-0.001925671128436779,0.2780177106107015
2024-04-06,0.0038829801925166496,0.3082558574720301
2024-04-07,0.005365780228031802,0.33252607758048125
2024-04-08,0.015161426261239619,0.3480233090754833
2024-04-09,-0.013267476239531839,0.35319284384168254
2024-04-10,0.004997982985710969,0.34024251789727245
2024-04-11,-0.0031958585655413874,0.3439380397645994
2024-04-12,-0.01755957490341853,0.3233311750193943
2024-04-13,-0.01710052751166735,0.2692765003132539
2024-04-14,0.010446865403240357,0.2817982821497723
2024-04-15,-0.0074573270518107915,0.2905566508631753
2024-04-16,0.00010789184468773527,0.29517065584684465
2024-04-17,-0.009841352662825376,0.2957816954817527
2024-04-18,0.007026774446510897,0.26695560037444244
2024-04-19,0.0008760180842952714,0.2868274092492435
2024-04-20,0.005920918355148963,0.26827838770827916
2024-04-21,-0.00018678986255127317,0.28422669140192397
2024-04-22,0.007209698594356606,0.29662768316911436
2024-04-23,-0.0008391572136021708,0.29513659982305307
2024-04-24,-0.008547509522985441,0.28608916637461157
2024-04-25,0.0010164023204719541,0.2830728184230331
2024-04-26,-0.00289529024052837,0.29679209844580456
2024-04-27,0.0017821892455676114,0.31039005740007586
2024-04-28,-0.0007263994878473623,0.3611742357777599
2024-04-29,0.00019138916520833327,0.34085907186924
2024-04-30,-0.02000966201822596,0.30131675729104157
2024-05-01,-0.009402828635521332,0.1678465127190473
2024-05-02,0.0012379897371768145,0.12591766654933004
2024-05-03,0.007657244372021088,0.13935947038427993
2024-05-04,0.001625616659602036,0.199360443346404
2024-05-05,0.0006813450771800955,0.1813771329330874
2024-05-06,-0.003519971020307322,0.19896843178211354
2024-05-07,-0.0031928971388298644,0.19398547938419736
2024-05-08,-0.0032937466796952863,0.18281671713495845
2024-05-09,0.005746800150520537,0.18567844200680497
2024-05-10,-0.008505268931134013,0.16885928164468983
2024-05-11,8.485711733352552e-05,0.10732145396205428
2024-05-12,0.0010039703596853577,0.1226444900290079
2024-05-13,0.002387440305972044,0.16048584667453158
2024-05-14,-0.005265460149922574,0.15875140881320268
2024-05-15,0.01690041474152615,0.1894570314882429
2024-05-16,-0.005789385072526576,0.2912370670890979
2024-05-17,0.00934483455841506,0.3093228373175079
2024-05-18,0.0002654870278790966,0.3330851860925336
2024-05-19,-0.0032958836818369752,0.3375648361375333
2024-05-20,0.033585571254200364,0.33840839501714953
2024-05-21,-0.00011883513284693947,0.4309505063583914
2024-05-22,-0.005679289391145814,0.4106094770541238
2024-05-23,-0.002106018582865521,0.41546294828065355
2024-05-24,0.000829054572828003,0.46803588011033814
2024-05-25,0.004226954194702204,0.48831379500742345
2024-05-26,0.0008107952329425849,0.4861489206392123
2024-05-27,0.007804144114063272,0.5013871848250366
2024-05-28,-0.007225265240795142,0.4991812431341228
2024-05-29,-0.007520870665955415,0.5098722589585406
2024-05-30,0.00201231858573947,0.4977372262734451
2024-05-31,-0.0027884141658047756,0.506015238508707
2024-06-01,0.003971315406827047,0.5274802432764714
2024-06-02,-0.0019331001021017924,0.5524776284566768
2024-06-03,0.003844764372239462,0.5538251007769643
2024-06-04,0.009979913852994349,0.5021342902393295
2024-06-05,0.005525990542957437,0.490173756829722
2024-06-06,-0.004188918792341401,0.46541563770561445
2024-06-07,-0.013643235590605207,0.472878014375281
2024-06-08,-0.00011382536450577074,0.4361309512572228
2024-06-09,0.0025231334575284148,0.4710216541715673
2024-06-10,-0.0017185112371651545,0.44545493222193133
2024-06-11,-0.015057275077971721,0.40576087887538476
2024-06-12,0.00554191896000078,0.4627612899417781
2024-06-13,-0.011056207072986268,0.4502075181703318
2024-06-14,-0.005753758257477037,0.3961468451277659
2024-06-15,0.005103465811687968,0.3611079029979145
2024-06-16,0.00396474957622428,0.3762434560024597
2024-06-17,-0.006549615026329669,0.38563173688823427
2024-06-18,-0.005596165080887006,0.3245904416651418
2024-06-19,0.004261984836648969,0.37466068162821403
2024-06-20,-0.00312077640375219,0.3883382198317379
2024-06-21,-0.0011226727499504818,0.3666687184271948
2024-06-22,-0.0011650114646221121,0.35221131677903017
2024-06-23,-0.0067341371333641264,0.33515459523904567
2024-06-24,-0.008464685394251048,0.20295061294781874
2024-06-25,0.002589731966158304,0.17064306187510586
2024-06-26,-0.001815763649392621,0.1788389466829896
2024-06-27,0.004007846084214561,0.17004825383048322
2024-06-28,-0.004581068703004898,0.1875762710991947
2024-06-29,-0.00019331179690929012,0.1600747795594727
2024-06-30,0.003772167349027633,0.16136104329624032
2024-07-01,0.0002848348015649371,0.22489875708786347
2024-07-02,-0.0015400459764391972,0.23419862588144097
2024-07-03,-0.006101494222939818,0.11669163196100629
2024-07-04,-0.004857413727634929,0.044799660048750516
2024-07-05,-4.1051216275178604e-05,0.0
2024-07-06,0.0,0.0
2024-07-07,0.0,0.0
2024-07-08,0.0,0.0
2024-07-09,0.0,0.0
2024-07-10,0.0,0.0041911477502674516
2024-07-11,0.0,0.01362525910079111
2024-07-12,0.0,0.006886384209626833
2024-07-13,0.0,0.0365132603796639
2024-07-14,0.0,0.0675929497994567
2024-07-15,0.005157410856109879,0.12153381380407413
2024-07-16,-0.005422429592691458,0.34515480762265505
2024-07-17,-0.008078647882971413,0.4170233557247454
2024-07-18,-0.0024145022841349784,0.4074607561060064
2024-07-19,0.007228432108043359,0.42593916571729584
2024-07-20,0.00340945587489494,0.7005009850749097
2024-07-21,0.00800592363422381,0.7916030545098393
2024-07-22,-0.01377429069504077,0.8342886351805747
2024-07-23,-0.005687407742562045,0.8171410218736748
2024-07-24,-0.019382250328812356,0.8398751876214551
2024-07-25,-0.008218419150849865,0.27283806425181345
2024-07-26,0.014136348434787616,0.4947083959418661
2024-07-27,-0.0006197693892578959,0.5153245529242421
2024-07-28,0.002803391222159224,0.5207113861762729
2024-07-29,-0.010912740816635513,0.5962469143862532
2024-07-30,-0.004590192059429898,0.5000803999637093
2024-07-31,-0.011233626777907735,0.5051976843797772
2024-08-01,-0.004057460315644579,0.19905287996819562
2024-08-02,-0.012923611334790364,0.1826227342056798
2024-08-03,-0.0012786270391973442,0.06150517306913844
2024-08-04,0.0,0.0
2024-08-05,0.0,0.0
2024-08-06,0.0,0.0
2024-08-07,0.0,0.0
2024-08-08,0.0,0.0
2024-08-09,0.0,0.0
2024-08-10,0.0,0.0
2024-08-11,0.0,0.0
2024-08-12,0.0,0.0
2024-08-13,0.0,0.0
2024-08-14,0.0,0.0
2024-08-15,0.0,0.0
2024-08-16,0.0,0.0
2024-08-17,0.0,0.0
2024-08-18,0.0,0.0
2024-08-19,0.0,0.0
2024-08-20,0.0,0.0
2024-08-21,0.0,0.0
2024-08-22,0.0,0.0
2024-08-23,0.0,0.0
2024-08-24,0.00011295713756220849,0.13230408674463373
2024-08-25,0.00012765142936710383,0.1510249708213895
2024-08-26,-0.003519929551493939,0.16782086220148806
2024-08-27,-7.791785502198056e-05,0.0
2024-08-28,0.0,0.0
2024-08-29,0.0,0.0
2024-08-30,0.0,0.0
2024-08-31,0.0,0.0
2024-09-01,0.0,0.0
2024-09-02,0.0,0.0
2024-09-03,0.0,0.0
2024-09-04,0.0,0.0
2024-09-05,0.0,0.0
2024-09-06,0.0,0.0
2024-09-07,0.0,0.0
2024-09-08,0.0,0.0
2024-09-09,0.0,0.0
2024-09-10,0.0,0.0
2024-09-11,0.0,0.0
2024-09-12,0.0,0.0
2024-09-13,0.0,0.0
2024-09-14,0.0,0.0
2024-09-15,0.0,0.0
2024-09-16,0.0,0.0
2024-09-17,0.0,0.0
2024-09-18,0.0,0.0
2024-09-19,3.845237638344656e-05,0.07410977458046028
2024-09-20,-2.8924370059080218e-06,0.11188004653288461
2024-09-21,0.0002695701810082607,0.15889543348006782
2024-09-22,0.0010061032298054329,0.20060845632448385
2024-09-23,-0.0007523398082434074,0.1920117461112539
2024-09-24,0.0029095536522856236,0.20758312808331575
2024-09-25,-0.005377073780878705,0.3123421607231512
2024-09-26,0.009355622755112813,0.3396683462535684
2024-09-27,0.003918842864063299,0.4272972909946863
2024-09-28,0.0005767286055304854,0.43627123498323034
2024-09-29,-0.0018065451005419009,0.46674326783500886
2024-09-30,-0.0159814569713862,0.44259512861675915
2024-10-01,-0.012693656507068662,0.33006441505851264
2024-10-02,-0.0019050854185957977,0.09378919499644735
2024-10-03,-0.0011488833945731969,0.029509496188826187
2024-10-04,0.0015280533887851444,0.08771041171221432
2024-10-05,-5.337120551973662e-05,0.11828500016894132
2024-10-06,0.0014523652001010579,0.12166906224024587
2024-10-07,-0.009616130737427397,0.28972169863887615
2024-10-08,-0.00048351687196945825,0.11873835110511438
2024-10-09,-0.002892444607325184,0.12040589232885882
2024-10-10,-0.003615175069097476,0.030254753778124484
2024-10-11,0.0015995150178507167,0.0797420584470829
2024-10-12,0.001416486115313198,0.17411267077149337
2024-10-13,-0.0017868378761248804,0.191812650365722
2024-10-14,0.019470765613804675,0.4343016132316637
2024-10-15,0.0072689559708609686,0.4972468956647428
2024-10-16,0.0039784584266866485,0.4665134377003294
2024-10-17,-0.0014390324377806518,0.4762669965205111
2024-10-18,0.007315088115783297,0.481371454923894
2024-10-19,-0.0003608537990293925,0.491769017168224
2024-10-20,0.00472159932759908,0.5072029757643175
2024-10-21,-0.01371571360793522,0.565574772553165
2024-10-22,0.0003533555431325386,0.5222781266212879
2024-10-23,-0.005515861673548339,0.5300791568183307
2024-10-24,0.011202250208764086,0.5251987550396138
2024-10-25,-0.010863196389591212,0.5142908164895406
2024-10-26,0.002887981633246328,0.5081426807495177
2024-10-27,0.006996761865430967,0.5330642458740602
2024-10-28,0.016199209051720675,0.5739741494516388
2024-10-29,0.022891906700198694,0.6046921525592379
2024-10-30,-0.0027005415947172207,0.6375363796774808
2024-10-31,-0.019139774007561283,0.6199813950973312
2024-11-01,-0.006535061670549958,0.556176726259022
2024-11-02,-0.0010021609028865175,0.5383799675356473
2024-11-03,-0.005680308747542107,0.5073368785068172
2024-11-04,-0.00751591441888666,0.5189400168136891
2024-11-05,0.011083382671579267,0.5306916140332757
2024-11-06,0.04780729547207607,0.5392225198400283
2024-11-07,0.005496856800014438,0.5777292725563435
2024-11-08,0.007492406093806858,0.6132211336019001
2024-11-09,0.015063490681707314,0.7458920622941971
2024-11-10,0.02959042331654338,0.7779651565190738
2024-11-11,0.07081494327135074,0.79682416048888
2024-11-12,-0.015637916144090158,0.7872341958463153
2024-11-13,0.009535497858500497,0.7650570281988223
2024-11-14,-0.026362772446179128,0.7259933126365278
2024-11-15,0.020970661625372866,0.6960275456743478
2024-11-16,0.001900007865829334,0.7206595075002113
2024-11-17,-0.008786115476695389,0.7114194655004457
2024-11-18,0.015345617330341454,0.7146491727176677
2024-11-19,-0.0006206028906767802,0.7044011954073303
2024-11-20,0.0058353096068481936,0.7133060553743813
2024-11-21,0.04532439343418626,0.7151081101232383
2024-11-22,0.00010019022715113124,0.7085028020489544
2024-11-23,0.0003767930527398544,0.7200454934365492
2024-11-24,-0.0018705359028362567,0.7345589397135502
2024-11-25,-0.017248602188078,0.7391282597264118
2024-11-26,-0.012864567588178888,0.7210530902876275
2024-11-27,0.04804227007224893,0.7188310596316986
2024-11-28,-0.007456350134981138,0.7300762527081314
2024-11-29,0.009262044824320803,0.7431321430378541
2024-11-30,0.0050450618375790235,0.7569243587052777
2024-12-01,0.003757774432567418,0.7729743912454928
2024-12-02,-0.011411272434780684,0.7790219299444627
2024-12-03,-0.0024803789280801736,0.7728503040894231
2024-12-04,0.031653691558248154,0.7794229271751185
2024-12-05,-0.01151172684551438,0.7681837750887202
2024-12-06,0.030465652736095583,0.726972340950654
2024-12-07,0.00016417537978741237,0.7512999392910079
2024-12-08,0.006049025065590463,0.7712895793049492
2024-12-09,-0.040221491713969604,0.7698750633427756
2024-12-10,-0.011344749035628765,0.7308004284121807
2024-12-11,0.03537506371209176,0.7249235359789612
2024-12-12,-2.3915878119007417e-05,0.7377895153198553
2024-12-13,0.007458486018863564,0.742634442493678
2024-12-14,-0.003064936325065215,0.755352035220306
2024-12-15,0.019449228440732602,0.7719364456729424
2024-12-16,0.008890465360736455,0.7779336230854905
2024-12-17,-0.007282606217373533,0.7798109364235731
2024-12-18,-0.046566270901971296,0.7831314390598902
2024-12-19,-0.025954603318713243,0.6403847203406318
2024-12-20,0.003812681949960206,0.49370425946889973
2024-12-21,-0.008209670029823646,0.45616342609171867
2024-12-22,-0.008697413578014235,0.42345317874591926
2024-12-23,0.006480739222899601,0.4194140200201892
2024-12-24,0.014008536176085995,0.47119689417940824
2024-12-25,0.002800351225231923,0.5101798096113126
2024-12-26,-0.019881964480465752,0.5047902121063769
2024-12-27,-0.005010207582946791,0.48726076105861815
2024-12-28,0.006425666638145033,0.4545032175244842
2024-12-29,-0.006726264701191087,0.4761991777997375
2024-12-30,-0.0023216055257493373,0.5160342416307225
2024-12-31,0.0009025843178696036,0.5173910079825715
2025-01-01,0.003976817461841531,0.5201256712241642
2025-01-02,0.011641063234158366,0.544265580944881
2025-01-03,0.015831777127266466,0.663470667614603
2025-01-04,0.004347579810747515,0.7353842150472363
2025-01-05,-0.0012360584821637932,0.7871238875314446
2025-01-06,0.02294396573005031,0.8058784758532742
2025-01-07,-0.04980443748699326,0.779768227857305
2025-01-08,-0.011307872801764707,0.5957264916406368
2025-01-09,-0.017871232141743354,0.5814737236585447
2025-01-10,0.012289920030038592,0.5712580375151879
2025-01-11,-0.0002999212068919288,0.5166083866859315
2025-01-12,-0.0010395349645734298,0.5270835533382661
2025-01-13,-0.009624707866298987,0.46992511162270634
2025-01-14,0.009240082494399005,0.5035305150861351
2025-01-15,0.027540750852161233,0.565124922039368
2025-01-16,-0.009107970366291518,0.5901187844316184
2025-01-17,0.02466253014396491,0.5910551250821792
2025-01-18,-0.006188212312349006,0.6138997278351115
2025-01-19,-0.025430211906931732,0.6046751170949356
2025-01-20,0.0048512899168218215,0.5151406721160836
2025-01-21,0.0122197733862357,0.4647884652073092
2025-01-22,-0.010939555506038867,0.4962902411469752
2025-01-23,0.003940321304030325,0.44385953460864486
2025-01-24,0.001996124272006128,0.5329805543200394
2025-01-25,-0.0006825800138899885,0.5309653885659155
2025-01-26,-0.010981068132129734,0.5500793986214191
2025-01-27,-0.005083877012323379,0.42486128828908826
2025-01-28,-0.005064265772759979,0.44080160114460787
2025-01-29,0.009742288942754085,0.4294341325216068
2025-01-30,0.006059429647152337,0.4525775411413084
2025-01-31,-0.008378410664275804,0.5020166777420831
2025-02-01,-0.010811926515555847,0.4609341556435017
2025-02-02,-0.012956758383962375,0.3685056962794572
2025-02-03,0.009721863973811473,0.2571422367743473
2025-02-04,-0.011350504446143161,0.2999749536566518
2025-02-05,-0.0028721575852814762,0.23982007587499257
2025-02-06,-0.00014154762184148684,0.2528479742392654
2025-02-07,-0.0007815570065857758,0.2742838338449015
2025-02-08,-0.0001917052993245516,0.283402246417332
2025-02-09,5.5644125875664585e-05,0.2840626182094391
2025-02-10,0.002990805757826953,0.28021522876584964
2025-02-11,-0.005090465502738506,0.2838142573071647
2025-02-12,0.0038834278412116507,0.18940470159560305
2025-02-13,-0.004609431661087071,0.20769346648633338
2025-02-14,0.0020702121899458525,0.23141871083539445
2025-02-15,0.00017435475697125113,0.25383308614704225
2025-02-16,-0.002918919443331225,0.23473934131389024
2025-02-17,-0.0005282442626642903,0.15902537605802297
2025-02-18,-0.00016922379311867797,0.14673672593502912
2025-02-19,0.001520598517652516,0.120330570624951
2025-02-20,0.003058552817056137,0.1882905787459257
2025-02-21,-0.00697635337776914,0.30791723797565623
2025-02-22,0.0005952249892502426,0.17163522334221518
2025-02-23,-0.0004723277904905565,0.14473385817045972
2025-02-24,-0.007588168019885599,0.15967993694021268
2025-02-25,-0.006346607613217925,0.09179104258123602
2025-02-26,-0.002281482563536663,0.040772116211758344
2025-02-27,0.00023664910871712408,0.03213006679031698
2025-02-28,-0.002484547063456799,0.012146534569255045
2025-03-01,0.0,0.021387209592949142
2025-03-02,5.2169915336630623e-05,0.031240708424359158
2025-03-03,-0.005111164250184985,0.042893096152358555
2025-03-04,0.0006774061235179651,0.016775244837394298
2025-03-05,0.002120084401834532,0.016442395603739994
2025-03-06,-0.000429047782681824,0.03357739333947231
2025-03-07,-0.001993051795286638,0.015640730342720552
2025-03-08,-0.0003695938929318965,0.015429495283376374
2025-03-09,-0.002513897080585026,0.011873961305869294
2025-03-10,0.0,0.0039612620653134405
2025-03-11,0.0,0.0
2025-03-12,0.0,0.0
2025-03-13,0.0,0.003872564246011592
2025-03-14,0.0,0.005774246729518604
2025-03-15,0.0,0.01627801984685284
2025-03-16,0.0,0.008325549090239116
2025-03-17,0.0,0.004286137202669096
2025-03-18,0.0,0.0
2025-03-19,0.0,0.0
2025-03-20,0.0,0.020899263744313855
2025-03-21,0.0,0.0
2025-03-22,0.0,0.0
2025-03-23,0.0,0.009745059349614093
2025-03-24,0.0,0.03943762503807014
2025-03-25,0.0,0.040245302023013525
2025-03-26,0.0,0.0412126596441496
2025-03-27,0.0,0.042014896041261324
2025-03-28,0.0,0.021354378377418784
2025-03-29,0.0,0.0
2025-03-30,0.0,0.0
2025-03-31,0.0,0.0
2025-04-01,0.0,0.0
2025-04-02,0.0,0.011512631114535805
2025-04-03,0.0,0.0
2025-04-04,0.0,0.0
2025-04-05,0.0,0.0
2025-04-06,0.0,0.0
2025-04-07,0.0,0.0
2025-04-08,0.0,0.0
2025-04-09,0.0,0.0
2025-04-10,0.0,0.0
2025-04-11,0.0,0.0
2025-04-12,0.0,0.0
2025-04-13,0.0,0.0
2025-04-14,0.0,0.0
2025-04-15,0.0,0.0
2025-04-16,0.0,0.0
2025-04-17,0.0,0.0
2025-04-18,0.0,0.0
2025-04-19,0.0,0.0
2025-04-20,0.0,0.0
2025-04-21,0.0,0.0
2025-04-22,0.005489924750270214,0.0708131968658153
2025-04-23,0.000553017769533648,0.2639501138014261
2025-04-24,-0.0006236156592717146,0.230434013189025
2025-04-25,0.002168640535288313,0.3366491940206072
2025-04-26,-9.825955237341422e-05,0.3969111919251973
2025-04-27,-0.003709621593376067,0.4298434402632973
2025-04-28,0.00584304515500178,0.4445920816749294
2025-04-29,-0.003472718813985809,0.4497393497182799
2025-04-30,-0.0003918321287683657,0.45826127959188145
2025-05-01,0.010711950287863425,0.4614013243029235
2025-05-02,0.0018162959686569558,0.46924158859859066
2025-05-03,-0.004704323619349582,0.4793071280940163
2025-05-04,-0.008920805571396073,0.5112673813042786
2025-05-05,0.0025257787691497224,0.5003695031631877
2025-05-06,0.011602922195718568,0.509399817574527
2025-05-07,0.0010729662238402327,0.5146316774595372
2025-05-08,0.0339912150430588,0.5449758984329226
2025-05-09,-0.0015279131639925891,0.5851361452829585
2025-05-10,0.009709256901234697,0.5923541155933476
2025-05-11,-0.00602142867018185,0.6189412916691504
2025-05-12,-0.007632645595657017,0.6023555471418208
2025-05-13,0.013261670796378855,0.6051122501168025
2025-05-14,-0.005480943499363566,0.6472154795056566
2025-05-15,-0.0007241436152333192,0.6537229139725633
2025-05-16,-0.001972368288994275,0.6502845591192341
2025-05-17,-0.0038908870028733222,0.6307409821136231
2025-05-18,0.018409889505134114,0.6696875144099297
2025-05-19,-0.003563818154085019,0.6334464936729838
2025-05-20,0.0065320198232041715,0.65431585263595
2025-05-21,0.015392517896674063,0.639180201071089
2025-05-22,0.01378689808906941,0.6120413380618969
2025-05-23,-0.024472642738051387,0.6231322676986737
2025-05-24,0.0022051745545736967,0.6191266049090793
2025-05-25,0.0064906208658932485,0.624536939180337
2025-05-26,0.002409016149599541,0.6561742456583807
2025-05-27,0.0009001351432522675,0.671481482237587
2025-05-28,-0.0042186038275827675,0.6800536277098631
2025-05-29,-0.016323124782793963,0.7461027682942343
2025-05-30,-0.01381485243296765,0.6483978925639011
2025-05-31,0.003016143797922588,0.6381512093056907
2025-06-01,0.00614275168288092,0.6559775861444926
2025-06-02,0.0046886735022877435,0.6559060116786217
2025-06-03,-0.0030061230984325116,0.6816276602089083
2025-06-04,-0.0027180395518151546,0.6719077640315899
2025-06-05,-0.02712310589820377,0.6775517292977813
2025-06-06,0.01827130570277591,0.6253575657657529
2025-06-07,0.009284590839952367,0.6396570156394669
2025-06-08,0.00012541461231285744,0.6657635928945221
2025-06-09,0.03276537173580962,0.7067925150211217
2025-06-10,0.014913264276090965,0.8991865087491054
2025-06-11,-0.01386956196765421,0.9375125956801649
2025-06-12,-0.030884950586994364,0.9451236950683141
2025-06-13,-0.003763186225328341,0.69505878970257
2025-06-14,-0.006415825247465645,0.7155881528471467
2025-06-15,0.0020979688310049927,0.7033394379863598
2025-06-16,0.005684698115510534,0.8059640565046519
2025-06-17,-0.0167231674578443,0.7427945221236854
2025-06-18,0.0015181401427806218,0.6949126929034914
2025-06-19,-0.001391727059784742,0.6911798834861715
2025-06-20,-0.0165333315921925,0.6982895636044284
2025-06-21,-0.010069092787900025,0.5646745778531245
2025-06-22,-0.0065066274839091776,0.49214171763091386
2025-06-23,0.023159710716026405,0.44756240985889106
2025-06-24,0.003976300003409428,0.5334283477878548
2025-06-25,0.004974656504276309,0.5536722934723932
2025-06-26,-0.0021883704880752974,0.5757117618287003
2025-06-27,0.000659213372733003,0.6176062050541349
2025-06-28,0.0013521950024328877,0.6425350192720175
2025-06-29,0.0074270004758749675,0.693932621454102
2025-06-30,-0.007353491959161795,0.7039196228049762
2025-07-01,-0.010108443361820818,0.7106825998628036
2025-07-02,0.021989867967451282,0.752637193991522
2025-07-03,0.00606958563629445,0.8842969165346604
2025-07-04,-0.016874857711334124,0.8785642366325283
2025-07-05,0.0009033859685181334,0.8636500882806437
2025-07-06,0.011597349794697287,0.9723831913790904
2025-07-07,-0.008665140408385397,1.0
2025-07-08,0.011339969740429723,1.0
2025-07-09,0.03226276331606881,1.0
2025-07-10,0.04987706646684331,1.0
2025-07-11,0.00957560162872051,0.9781904141337652
2025-07-12,-0.002219655776413587,0.9919602878273607
2025-07-13,0.007971577036008703,0.6778071368271926
2025-07-14,0.005046763535563548,0.5486266227969768
2025-07-15,0.0009608249805523883,0.5118871546886983
2025-07-16,0.017070635650856536,0.5227031881145663
2025-07-17,0.007998703179521893,0.5431150926077231
2025-07-18,0.0009407429348631258,0.5395288058708347
2025-07-19,0.0023201508332686416,0.5578398726827791
2025-07-20,0.008275665163471446,0.5934328765577099
2025-07-21,0.000697577423180773,0.5978441300874223
2025-07-22,0.006963226919805887,0.5832701273225587
2025-07-23,-0.010764413110799564,0.5623539960903865
2025-07-24,0.003497592802350402,0.5920918803589641
2025-07-25,-0.0011503573746221019,0.5515378123678246
2025-07-26,0.0019234891029535905,0.551376263527765
2025-07-27,0.01254341628390887,0.5961941444376866
2025-07-28,-0.008492171011219907,0.577271187942934
2025-07-29,-0.0006568529271621104,0.5838196832109777
2025-07-30,0.0006388408166031478,0.5698957960459865
2025-07-31,-0.013303383236008992,0.5798976660299047
2025-08-01,-0.020267099534728383,0.5764254209457337
2025-08-02,-0.008188736508194405,0.5709050678725535
2025-08-03,0.011898144590152038,0.6200105149751242
2025-08-04,0.017029337840299252,0.6448878474878672
2025-08-05,-0.009982494427669075,0.6589394816900092
2025-08-06,0.007529215114846499,0.664120687185092
2025-08-07,0.02283189541334374,0.698730995660862
2025-08-08,0.0026062090025327223,0.7359973222282719
2025-08-09,0.014137445034621887,0.7142680125367586
2025-08-10,0.010824279468316433,0.7389620641261154
2025-08-11,-0.004019310572235701,0.7015962937971488
2025-08-12,0.026473392200140777,0.6593344985113305
2025-08-13,0.01812198460649328,0.6379661621982007
2025-08-14,-0.026023541525993954,0.5762730396616113
2025-08-15,-0.008259959434592345,0.5871753993752297
2025-08-16,-0.0006785628954874001,0.623377332911063
2025-08-17,0.002429644435309797,0.6441256091378709
2025-08-18,-0.012141180692705311,0.6046833055223885
2025-08-19,-0.02148608768416338,0.5901876672663735
2025-08-20,0.016921095697198574,0.5725801204566464
2025-08-21,-0.010716960818752397,0.5895765970806078
2025-08-22,0.042371492849364145,0.564380285011462
2025-08-23,-0.005930971116260064,0.43207452315258127
2025-08-24,-0.00407521079053097,0.4180558114825225
2025-08-25,-0.022246366417827734,0.38590062832865696
2025-08-26,0.009709300336760096,0.3145045827455949
2025-08-27,-0.005494859196897739,0.3621085891851944
2025-08-28,0.001274308223362386,0.3982720782570009
2025-08-29,-0.011690000543316148,0.3414574258401898
2025-08-30,0.0010264186069646186,0.3158097829937423
2025-08-31,-9.294678916693666e-05,0.3150656937957701
2025-09-01,-0.00253481598974703,0.3113597028477159
2025-09-02,0.0031183723532615115,0.3350148308194847
2025-09-03,0.006039414029364698,0.35640815250191377
2025-09-04,-0.008371136315170613,0.32338679364396505
2025-09-05,-0.0019579615278479956,0.362332193616056
2025-09-06,-0.002132041271614815,0.319410141557967
2025-09-07,0.0025704617665600615,0.33128055541275475
2025-09-08,0.0008362894739339932,0.388168526481938
2025-09-09,-0.0014659080464847207,0.4228397825070709
2025-09-10,0.006356430134419666,0.4049929313884268
2025-09-11,0.008709496657280935,0.4735240213431646
2025-09-12,0.01346906842649842,0.5662970403066045
2025-09-13,-0.0023909704262635723,0.6225821059717211
2025-09-14,-0.005092240071734699,0.6781431598159213
2025-09-15,-0.005055942495131971,0.7163946988944749
2025-09-16,0.0042874423714300836,0.7198465584684581
2025-09-17,0.0038472208455990753,0.7151357995889497
2025-09-18,0.0019676884419761453,0.7709236848473326
2025-09-19,-0.013044625188318504,0.7550359865089392
2025-09-20,0.0009218474781871322,0.7829125268016278
2025-09-21,-0.004036931292776713,0.813393391149575
2025-09-22,-0.02468131066010082,0.5675740607796396
2025-09-23,-0.003451050552858881,0.4727879755645773
2025-09-24,0.0008845844955176485,0.5499112747379185
2025-09-25,-0.02698101665279029,0.4310263895285844
2025-09-26,0.01037014929465574,0.32161542935385024
2025-09-27,-0.0008551719862173179,0.3188250700941735
2025-09-28,0.009931456748029754,0.31564726731711534
2025-09-29,0.00805550510315478,0.4483903132935926
2025-09-30,-0.0065231923020919735,0.4820733635797838
2025-10-01,0.02823988054725257,0.6840933586091335
2025-10-02,0.014676092531273,0.7355335418388984
2025-10-03,0.007432874614641927,0.6980076136592889
2025-10-04,-0.0005556100175353462,0.6623264828125522
2025-10-05,0.006063605985405118,0.6406445928884731
2025-10-06,0.011466865725707542,0.6077519975482851
2025-10-07,-0.021285917712930202,0.5976315178774504
2025-10-08,0.011045463275817236,0.6652628132766837
2025-10-09,-0.014227708296303154,0.6658604166761599
2025-10-10,-0.05087990928865149,0.5670442395165661
2025-10-11,-0.003952715974230192,0.24178667863674663
2025-10-12,0.011585844171423831,0.24561040702028464
2025-10-13,0.004335356632110043,0.3789961182177992
2025-10-14,-0.01385608394911153,0.2967162265052924
2025-10-15,-0.007631027612764685,0.23164465902867465
2025-10-16,-0.003693896921458384,0.15725138829472454
2025-10-17,-0.0031652063992489987,0.10603970361654576
2025-10-18,0.0011833257873223868,0.07467857368265038
2025-10-19,0.001914582599262804,0.08643118655467698
2025-10-20,-6.876624787710561e-05,0.09818491528136844
2025-10-21,-0.002173040067858456,0.08217921537447279
2025-10-22,-0.0013849787712039152,0.07215586526848869
2025-10-23,0.0010531152602830662,0.08449889160461124
2025-10-24,0.0016021208476786342,0.09129606460597846
2025-10-25,0.00046029804034897204,0.12525311282892437
2025-10-26,0.006532503800988021,0.1854575322483239
2025-10-27,-0.0069494089421878735,0.4130514504709977
2025-10-28,-0.00963075002136382,0.34462660022681646
2025-10-29,-0.005150328284137751,0.27047877935684694
2025-10-30,-0.004557747485421704,0.1202797596727152
2025-10-31,0.0006447040965469331,0.10410958108003655
2025-11-01,0.0008242305745285172,0.10995832879128556
2025-11-02,0.0010281470134572146,0.10642652820214028
2025-11-03,-0.007143681043317307,0.05548378057706069
2025-11-04,-0.002305933173643915,0.016777262749800178
2025-11-05,-2.3982689430379622e-05,0.003955473794822887
2025-11-06,0.0,0.011579040638609669
2025-11-07,0.0,0.0
2025-11-08,0.0,0.011197126928350504
2025-11-09,0.0,0.011829770663088246
2025-11-10,0.0,0.015266791398821103
2025-11-11,0.0,0.014621088465873917
2025-11-12,0.0,0.007845978460337466
2025-11-13,0.0,0.007877386378266366
2025-11-14,0.0,0.0
2025-11-15,0.0,0.0
2025-11-16,0.0,0.0
2025-11-17,0.0,0.0
2025-11-18,0.0,0.0
2025-11-19,0.0,0.0
2025-11-20,0.0,0.0
2025-11-21,0.0,0.0
2025-11-22,0.0,0.0
2025-11-23,0.0,0.0
2025-11-24,0.0,0.0
2025-11-25,0.0,0.0
2025-11-26,0.0,0.0
2025-11-27,0.0,0.0
2025-11-28,0.0,0.0
2025-11-29,0.0,0.0
2025-11-30,0.0,0.0
2025-12-01,0.0,0.0
2025-12-02,0.0,0.0
2025-12-03,0.0,0.0
2025-12-04,0.0,0.0
2025-12-05,0.0,0.0
2025-12-06,0.0,0.0
2025-12-07,0.0,0.0
2025-12-08,0.0,0.0
2025-12-09,0.0,0.0
2025-12-10,0.0,0.0
2025-12-11,0.0,0.0
2025-12-12,0.0,0.0
2025-12-13,0.0,0.0
2025-12-14,0.0,0.0
2025-12-15,0.0,0.0
2025-12-16,0.0,0.0
2025-12-17,0.0,0.0
2025-12-18,0.0,0.0
2025-12-19,0.0,0.0
2025-12-20,0.0,0.0
2025-12-21,0.0,0.0
2025-12-22,0.0,0.0
2025-12-23,0.0,0.0
2025-12-24,0.0,0.0
2025-12-25,0.0,0.0
2025-12-26,0.0,0.0
2025-12-27,0.0,0.0
2025-12-28,0.0,0.0
2025-12-29,0.0,0.0
2025-12-30,0.0,0.0
2025-12-31,0.0,0.0
2026-01-01,0.0,0.0
2026-01-02,0.0,0.0
2026-01-03,0.0,0.0
2026-01-04,0.0,0.0
2026-01-05,0.0,0.0
2026-01-06,0.0,0.0
2026-01-07,0.0,0.0
2026-01-08,0.0,0.0
2026-01-09,0.0,0.0
2026-01-10,0.0,0.0
2026-01-11,0.0,0.0
2026-01-12,0.0,0.0
2026-01-13,0.0,0.0
2026-01-14,0.0,0.0
2026-01-15,-0.0018139417240927713,0.028682792951458085
2026-01-16,0.0,0.0
2026-01-17,-0.00022602458679654713,0.01538777436988627
2026-01-18,-0.0007285746451999309,0.046943179145191125
2026-01-19,-6.156213699959334e-05,0.0
2026-01-20,0.0,0.0
2026-01-21,0.0,0.0
2026-01-22,0.0,0.0
2026-01-23,0.0,0.0
2026-01-24,0.0,0.0
2026-01-25,0.0,0.0
2026-01-26,0.0,0.0
2026-01-27,0.0,0.0
2026-01-28,0.0,0.0
2026-01-29,0.0,0.0
2026-01-30,0.0,0.0
2026-01-31,0.0,0.0
2026-02-01,0.0,0.0
2026-02-02,0.0,0.0
2026-02-03,0.0,0.0
2026-02-04,0.0,0.0
2026-02-05,0.0,0.0
2026-02-06,0.0,0.0
2026-02-07,0.0,0.0
2026-02-08,0.0,0.0
2026-02-09,0.0,0.0
2026-02-10,0.0,0.0
2026-02-11,0.0,0.0
2026-02-12,0.0,0.0
2026-02-13,0.0,0.0
2026-02-14,0.0,0.0
2026-02-15,0.0,0.0
2026-02-16,0.0,0.0
2026-02-17,0.0,0.0
2026-02-18,0.0,0.0
2026-02-19,0.0,0.0
2026-02-20,0.0,0.0
2026-02-21,0.0,0.0
2026-02-22,0.0,0.0
2026-02-23,0.0,0.0
2026-02-24,0.0,0.0
2026-02-25,0.0,0.0
2026-02-26,0.0,0.0
2026-02-27,0.0,0.0
2026-02-28,0.0,0.0
2026-03-01,0.0,0.0
2026-03-02,0.0,0.0
2026-03-03,0.0,0.0
2026-03-04,0.0,0.0
2026-03-05,0.0,0.0
2026-03-06,0.0,0.0
2026-03-07,0.0,0.0
2026-03-08,0.0,0.0
2026-03-09,0.0,0.0
2026-03-10,0.0,0.0
2026-03-11,0.0,0.0
2026-03-12,0.0,0.0
2026-03-13,0.0,0.0
2026-03-14,0.0,0.0
2026-03-15,0.0,0.0
2026-03-16,0.0,0.0
2026-03-17,0.0,0.0
2026-03-18,0.0,0.0
2026-03-19,0.0,0.0
2026-03-20,0.0,0.0
2026-03-21,0.0,0.0
2026-03-22,0.0,0.0
2026-03-23,0.0,0.0
2026-03-24,0.0,0.0
2026-03-25,0.0,0.0
2026-03-26,0.0,0.0
2026-03-27,0.0,0.0
2026-03-28,0.0,0.0
2026-03-29,0.0,0.0
2026-03-30,0.0,0.0
2026-03-31,0.0,0.0
2026-04-01,0.0,0.0
2026-04-02,0.0,0.0
2026-04-03,0.0,0.0
2026-04-04,0.0,0.0
2026-04-05,0.0,0.0
2026-04-06,0.0,0.0
2026-04-07,0.0,0.0
2026-04-08,0.0,0.0
2026-04-09,0.0,0.0
2026-04-10,0.0,0.0
2026-04-11,0.0,0.0
2026-04-12,0.0,0.0
2026-04-13,0.0,0.0
2026-04-14,-0.000826129223868266,0.041275573471868776
2026-04-15,0.00021300083231112765,0.013987459788351328
2026-04-16,-0.0015077378980757894,0.06187245425310826
2026-04-17,0.0014407818348189938,0.10020452815122388
2026-04-18,-0.0030745373896478023,0.13419783282310144
2026-04-19,-0.0032978238792361614,0.12294412861852796
2026-04-20,0.0006164580107619333,0.06967920708723314
2026-04-21,0.0008697631999317057,0.1407010430664364
2026-04-22,0.00316836013568933,0.1400471317239291
2026-04-23,-0.0010360623089967769,0.14122893059970756
2026-04-24,-0.0012638829492039871,0.1436822043887647
2026-04-25,0.00031577446149788635,0.14770953646848642
2026-04-26,0.0023794587800187728,0.15214932055269448
2026-04-27,-0.0030480312044699476,0.1492397072943
2026-04-28,-0.001461706298957366,0.13443370191899265
2026-04-29,-0.0015384860106388842,0.14256279431537403
2026-04-30,0.0007242808035414772,0.1289827864508545
2026-05-01,0.0025010876166879914,0.15794154587637343
2026-05-02,0.0013093923664422302,0.16725308908848824
2026-05-03,-0.0009310590873784497,0.2429848029414588
2026-05-04,0.004180457272784599,0.28513065561410017
2026-05-05,0.0032062836442978693,0.29018233033511076
2026-05-06,0.0012248165319330706,0.2764852271770524
2026-05-07,-0.005445588193701778,0.29132203346155006
2026-05-08,0.0009215573360046303,0.3048839815606694
2026-05-09,0.001822898349719937,0.33085151986686756
2026-05-10,0.0062375941004841895,0.35719821107928285
2026-05-11,-0.002350193245372445,0.36057282064115326
2026-05-12,-0.0058134297146800185,0.3583765662727393
2026-05-13,-0.0044370222789357205,0.3447269041068929
2026-05-14,0.006655048630067828,0.34654972839351866
2026-05-15,-0.008151880056251004,0.30429843370124715
2026-05-16,-0.004405312076519063,0.2537054619171597
2026-05-17,-0.0036390069746002895,0.25331022582221435
2026-05-18,-0.0019289704562259757,0.13821678153466466
2026-05-19,-0.00021818708190679548,0.10141025620021119
2026-05-20,0.0010354590244916473,0.1388724239185088
2026-05-21,0.0001509676236217672,0.1784608787318302
2026-05-22,-0.003258812710515313,0.1317234160115795
2026-05-23,0.0010853319200261335,0.04938467581264357
2026-05-24,-0.0003844039184422998,0.08342786427599637
2026-05-25,0.0003785852131334977,0.141853767912745
2026-05-26,-0.002482901237052637,0.11429411224011891
2026-05-27,-0.0009514469285535343,0.04936322292500458
2026-05-28,-0.0005349850657775379,0.048499617353170314
2026-05-29,-0.00010085849903196387,0.048584626910816914
2026-05-30,0.0002726215125945508,0.04895530184315083
2026-05-31,-0.0001351090384890119,0.05043997526095634
2026-06-01,-0.0008152296140531146,0.025480015221391122
2026-06-02,0.0,0.0
2026-06-03,0.0,0.0
2026-06-04,0.0,0.0
2026-06-05,0.0,0.0
2026-06-06,0.0,0.0
2026-06-07,0.0,0.0
2026-06-08,0.0,0.0
2026-06-09,0.0,0.0
2026-06-10,0.0,0.0
2026-06-11,0.0,0.0
2026-06-12,0.0,0.0
2026-06-13,0.0,0.0
2026-06-14,0.0,0.0
2026-06-15,0.0,0.0
2026-06-16,0.0,0.0
2026-06-17,0.0,0.0
2026-06-18,0.0,0.0
2026-06-19,0.0,0.0
2026-06-20,0.0,0.0
2026-06-21,0.0,0.0
2026-06-22,0.0,0.0
2026-06-23,0.0,0.0
2026-06-24,0.0,0.0
2026-06-25,0.0,0.0
2026-06-26,0.0,0.0
2026-06-27,0.0,0.0
2026-06-28,0.0,0.0
2026-06-29,0.0,0.0
2026-06-30,0.0,0.0
2026-07-01,0.0,0.0
2026-07-02,0.0,0.0
2026-07-03,0.0,0.0
2026-07-04,0.0,0.0
2026-07-05,0.0,0.0
2026-07-06,0.0,0.0
2026-07-07,0.0,0.0
2026-07-08,0.0,0.0
2026-07-09,0.0,0.0
2026-07-10,0.0,0.0
2026-07-11,0.0,0.0
2026-07-12,0.0,0.0
2026-07-13,0.0,0.0
2026-07-14,0.0,0.0
2026-07-15,0.0,0.0
2026-07-16,0.0,0.0
2026-07-17,0.0,0.0
2026-07-18,0.0,0.0
2026-07-19,0.0,0.0
2026-07-20,0.0,0.0
2026-07-21,0.0,0.0
2026-07-22,0.0,0.0
2026-07-23,0.0,0.0
2026-07-24,0.0,0.0
2026-07-25,0.0,0.0
2026-07-26,0.0,0.0
2026-07-27,-0.0003171660127827547,0.015734912476991388
2026-07-28,0.0,0.0
2026-07-29,0.0,0.0
2026-07-30,0.0,0.0
2026-07-31,0.0,0.0
2026-08-01,0.0,0.0
2026-08-02,0.0,0.0
2026-08-03,0.0,0.0
2026-08-04,0.0,0.0
2026-08-05,0.0,0.0
2026-08-06,0.0,0.0
2026-08-07,-0.0003185999852146626,0.019800237834860415
2026-08-08,2.6840370991765283e-05,0.0805351897197221
2026-08-09,-0.0002530944724344897,0.08316673119975293
2026-08-10,-0.0016138836488489572,0.05422313810092603
2026-08-11,0.0,0.0
2026-08-12,-0.0014212114536394926,0.021790799301844466
2026-08-13,-0.0007596083777424711,0.01875466444671045
2026-08-14,0.0,0.0
2026-08-15,-0.00015011821260479952,0.018938079260602474
2026-08-16,-0.0002669533429557891,0.07731953687244182
2026-08-17,0.0015120671596868807,0.08849413338834165
2026-08-18,0.0001706538064909502,0.09774049044722796
2026-08-19,0.03162233079129839,0.17744009968911953
2026-08-20,0.03114536915019328,0.6616774226371978
2026-08-21,0.0522371828156849,0.6293231650289001
2026-08-22,-0.01751384490315544,0.5811391377106753
2026-08-23,0.008050966157332029,0.6079750319119375
2026-08-24,0.007765275041233588,0.6577410556487852
2026-08-25,-0.006967275214521118,0.6538919447872226
2026-08-26,0.010615811736069958,0.679464131946729
2026-08-27,0.006453361100896782,0.712866678803857
2026-08-28,-0.020146592071789593,0.7043288582527293
2026-08-29,0.004139334084510171,0.7667332960279475
2026-08-30,-0.0082666512505154,0.7986614425549317
2026-08-31,0.01158692618879864,0.8212186026219225
2026-09-01,-0.013719672373571967,0.8280065450013376
2026-09-02,-0.004315544352528566,0.8519884232256758
2026-09-03,0.04239609625951757,0.8718828412596165
2026-09-04,-0.01641426634618781,0.7622646659712883
2026-09-05,0.004117678014115667,0.7944904177860528
2026-09-06,0.007260571262730053,0.8572244854045842
2026-09-07,-0.010658674905866028,0.8763486794811638
2026-09-08,-0.004581944131078153,0.8616293229052254
2026-09-09,-0.004274457493026906,0.902077947906492
2026-09-10,-0.014465106722464927,0.8297483770798038
2026-09-11,0.015658866888491385,0.8247719555578037
2026-09-12,0.0017208430885164994,0.8457948973638119
2026-09-13,-0.009765110191112703,0.8704522903892115
2026-09-14,0.01220817867329238,0.9007645866235204
2026-09-15,-0.03339805379863425,0.8600794553160962
2026-09-16,0.0066936000674235885,0.8092665270835723
2026-09-17,0.0057843251788451955,0.8217407602548363
2026-09-18,0.0534636874158545,0.8498758273823677
2026-09-19,0.005174546946979719,0.8545933829774761
2026-09-20,0.0013636685374693869,0.8439526287389312
2026-09-21,0.05141713037204987,0.8298141099660156
2026-09-22,-0.007017961515099258,0.7311941902814413
2026-09-23,-0.015987554421607486,0.7421822791829487
2026-09-24,0.0010066190431061717,0.8652573662058514
2026-09-25,-0.0013670222666465337,0.9394968471186882
2026-09-26,0.002724090870828366,0.9846342281815422
2026-09-27,-0.0009424828835116195,1.0
2026-09-28,-0.006491249418658085,1.0
2026-09-29,-0.0004815109757250191,1.0
2026-09-30,0.0009154985695178919,1.0
2026-10-01,0.011463440751219967,1.0
2026-10-02,-0.007923837624315144,0.9744089068525549
2026-10-03,0.00431877221377297,0.9657962803616209
2026-10-04,0.018097284197401642,0.9896490367731511
2026-10-05,-0.008090596327563926,0.9552725638990085
