,S0 baseline,S1 crypto x0 when s=1 (cash),S2 idle -> GLD when s=1,"S3 crypto x0, 100% GLD when s=1"
2018-03-01,0.0,0.0,0.0,0.0
2018-03-02,0.0,0.0,0.0,0.0
2018-03-03,0.0,0.0,0.0,0.0
2018-03-04,0.0,0.0,0.0,0.0
2018-03-05,0.0,0.0,0.0,0.0
2018-03-06,0.0,0.0,0.0,0.0
2018-03-07,0.0,0.0,0.0,0.0
2018-03-08,0.0,0.0,0.0,0.0
2018-03-09,0.0,0.0,0.0,0.0
2018-03-10,0.0,0.0,0.0,0.0
2018-03-11,0.0,0.0,0.0,0.0
2018-03-12,0.0,0.0,0.0,0.0
2018-03-13,0.0,0.0,0.0,0.0
2018-03-14,0.0,0.0,0.0,0.0
2018-03-15,0.0,0.0,0.0,0.0
2018-03-16,0.0,0.0,0.0,0.0
2018-03-17,0.0,0.0,0.0,0.0
2018-03-18,0.0,0.0,0.0,0.0
2018-03-19,0.0,0.0,0.0,0.0
2018-03-20,0.0,0.0,0.0,0.0
2018-03-21,0.0,0.0,0.0,0.0
2018-03-22,0.0,0.0,0.0,0.0
2018-03-23,0.0,0.0,0.0,0.0
2018-03-24,0.0,0.0,-0.0005,-0.0005
2018-03-25,0.0,0.0,0.0,0.0
2018-03-26,0.0,0.0,0.005250357853935794,0.005250357853935794
2018-03-27,0.0,0.0,-0.0005026251789269679,-0.0005026251789269679
2018-03-28,0.0,0.0,0.0,0.0
2018-03-29,0.0,0.0,0.0,0.0
2018-03-30,0.0,0.0,0.0,0.0
2018-03-31,0.0,0.0,0.0,0.0
2018-04-01,0.0,0.0,0.0,0.0
2018-04-02,0.0,0.0,0.0,0.0
2018-04-03,0.0,0.0,-0.008043604183229414,-0.008043604183229414
2018-04-04,0.0,0.0,-0.0004962281979083854,-0.0004962281979083854
2018-04-05,0.0,0.0,0.0,0.0
2018-04-06,0.0,0.0,0.0,0.0
2018-04-07,0.0,0.0,0.0,0.0
2018-04-08,0.0,0.0,0.0,0.0
2018-04-09,0.0,0.0,0.0,0.0
2018-04-10,0.0,0.0,0.0,0.0
2018-04-11,0.0,0.0,0.0,0.0
2018-04-12,0.0,0.0,0.0,0.0
2018-04-13,0.0,0.0,0.0,0.0
2018-04-14,0.0,0.0,0.0,0.0
2018-04-15,0.0,0.0,0.0,0.0
2018-04-16,0.0,0.0,0.0,0.0
2018-04-17,0.0,0.0,0.0,0.0
2018-04-18,0.0,0.0,0.0,0.0
2018-04-19,0.0,0.0,0.0,0.0
2018-04-20,0.0,0.0,0.0,0.0
2018-04-21,0.0,0.0,0.0,0.0
2018-04-22,0.0,0.0,0.0,0.0
2018-04-23,0.0,0.0,0.0,0.0
2018-04-24,0.0,0.0,0.0,0.0
2018-04-25,0.0,0.0,0.0,0.0
2018-04-26,0.0,0.0,0.0,0.0
2018-04-27,0.0,0.0,0.0,0.0
2018-04-28,0.0,0.0,0.0,0.0
2018-04-29,0.0,0.0,0.0,0.0
2018-04-30,0.0,0.0,0.0,0.0
2018-05-01,0.0,0.0,0.0,0.0
2018-05-02,0.0,0.0,0.0,0.0
2018-05-03,0.007434514235075351,0.007434514235075351,0.007434514235075351,0.007434514235075351
2018-05-04,0.0010106442349626654,0.0010106442349626654,0.0010106442349626654,0.0010106442349626654
2018-05-05,0.006908505553105293,0.006908505553105293,0.006908505553105293,0.006908505553105293
2018-05-06,-0.005629733888221522,-0.005629733888221522,-0.005629733888221522,-0.005629733888221522
2018-05-07,-0.009156930578356093,-0.009156930578356093,-0.009156930578356093,-0.009156930578356093
2018-05-08,-0.0015646481865165818,-0.0015646481865165818,-0.0015646481865165818,-0.0015646481865165818
2018-05-09,0.0011451328652272164,0.0011451328652272164,0.0011451328652272164,0.0011451328652272164
2018-05-10,-0.008155735538162512,-0.008155735538162512,-0.008155735538162512,-0.008155735538162512
2018-05-11,-0.01051154588370129,-0.01051154588370129,-0.01051154588370129,-0.01051154588370129
2018-05-12,-0.0038292358169859098,-0.0038292358169859098,-0.0038292358169859098,-0.0038292358169859098
2018-05-13,0.006845757512330408,0.006845757512330408,0.006845757512330408,0.006845757512330408
2018-05-14,-0.00024256859987881185,-0.00024256859987881185,-0.00024256859987881185,-0.00024256859987881185
2018-05-15,-0.0034456150340294034,-0.0034456150340294034,-0.0034456150340294034,-0.0034456150340294034
2018-05-16,0.0002113104126233445,0.0002113104126233445,0.0002113104126233445,0.0002113104126233445
2018-05-17,-0.005920034293186882,-0.005920034293186882,-0.005920034293186882,-0.005920034293186882
2018-05-18,0.0031586227339019946,0.0031586227339019946,0.0031586227339019946,0.0031586227339019946
2018-05-19,0.0007163814639576938,0.0007163814639576938,0.0007163814639576938,0.0007163814639576938
2018-05-20,0.0031172824842080615,0.0031172824842080615,0.0031172824842080615,0.0031172824842080615
2018-05-21,-0.003156252777409607,-0.003156252777409607,-0.003156252777409607,-0.003156252777409607
2018-05-22,-0.005553499921044591,-0.005553499921044591,-0.005553499921044591,-0.005553499921044591
2018-05-23,-5.0990101755576944e-05,-5.0990101755576944e-05,-5.0990101755576944e-05,-5.0990101755576944e-05
2018-05-24,0.0,0.0,0.0,0.0
2018-05-25,0.0,0.0,0.0,0.0
2018-05-26,0.0,0.0,0.0,0.0
2018-05-27,0.0,0.0,0.0,0.0
2018-05-28,0.0,0.0,0.0,0.0
2018-05-29,0.0,0.0,0.0,0.0
2018-05-30,0.0,0.0,0.0,0.0
2018-05-31,0.0,0.0,0.0,0.0
2018-06-01,0.0,0.0,0.0,0.0
2018-06-02,0.0,0.0,0.0,0.0
2018-06-03,0.0,0.0,0.0,0.0
2018-06-04,0.0,0.0,0.0,0.0
2018-06-05,0.0,0.0,0.0,0.0
2018-06-06,0.0,0.0,0.0,0.0
2018-06-07,0.0,0.0,0.0,0.0
2018-06-08,0.0,0.0,0.0,0.0
2018-06-09,0.0,0.0,0.0,0.0
2018-06-10,0.0,0.0,0.0,0.0
2018-06-11,0.0,0.0,0.0,0.0
2018-06-12,0.0,0.0,0.0,0.0
2018-06-13,0.0,0.0,0.0,0.0
2018-06-14,0.0,0.0,0.0,0.0
2018-06-15,0.0,0.0,0.0,0.0
2018-06-16,0.0,0.0,0.0,0.0
2018-06-17,0.0,0.0,0.0,0.0
2018-06-18,0.0,0.0,0.0,0.0
2018-06-19,0.0,0.0,0.0,0.0
2018-06-20,0.0,0.0,0.0,0.0
2018-06-21,0.0,0.0,0.0,0.0
2018-06-22,0.0,0.0,0.0,0.0
2018-06-23,0.0,0.0,0.0,0.0
2018-06-24,0.0,0.0,0.0,0.0
2018-06-25,0.0,0.0,0.0,0.0
2018-06-26,0.0,0.0,0.0,0.0
2018-06-27,0.0,0.0,0.0,0.0
2018-06-28,0.0,0.0,0.0,0.0
2018-06-29,0.0,0.0,0.0,0.0
2018-06-30,0.0,0.0,0.0,0.0
2018-07-01,0.0,0.0,0.0,0.0
2018-07-02,0.0,0.0,0.0,0.0
2018-07-03,0.0,0.0,0.0,0.0
2018-07-04,0.0,0.0,0.0,0.0
2018-07-05,0.0,0.0,0.0,0.0
2018-07-06,0.0,0.0,0.0,0.0
2018-07-07,0.0,0.0,0.0,0.0
2018-07-08,0.0,0.0,0.0,0.0
2018-07-09,0.0,0.0,0.0,0.0
2018-07-10,0.0,0.0,0.0,0.0
2018-07-11,0.0,0.0,0.0,0.0
2018-07-12,0.0,0.0,0.0,0.0
2018-07-13,0.0,0.0,0.0,0.0
2018-07-14,0.0,0.0,0.0,0.0
2018-07-15,0.0,0.0,0.0,0.0
2018-07-16,0.0,0.0,0.0,0.0
2018-07-17,0.0,0.0,0.0,0.0
2018-07-18,0.0,0.0,0.0,0.0
2018-07-19,0.0,0.0,0.0,0.0
2018-07-20,0.0,0.0,0.0,0.0
2018-07-21,0.0,0.0,0.0,0.0
2018-07-22,0.0,0.0,0.0,0.0
2018-07-23,0.00042596803226446767,0.00042596803226446767,0.00042596803226446767,0.00042596803226446767
2018-07-24,0.007622700981931629,0.007622700981931629,0.007622700981931629,0.007622700981931629
2018-07-25,-0.0030821674783922948,-0.0030821674783922948,-0.0030821674783922948,-0.0030821674783922948
2018-07-26,-0.003566612455475404,-0.003566612455475404,-0.003566612455475404,-0.003566612455475404
2018-07-27,0.0037604198901906027,0.0037604198901906027,0.0037604198901906027,0.0037604198901906027
2018-07-28,0.0005087267080983171,0.0005087267080983171,0.0005087267080983171,0.0005087267080983171
2018-07-29,-0.00019574694919277658,-0.00019574694919277658,-0.00019574694919277658,-0.00019574694919277658
2018-07-30,-0.0005170739276144642,-0.0005170739276144642,-0.0005170739276144642,-0.0005170739276144642
2018-07-31,-0.006180611669015179,-0.006180611669015179,-0.006180611669015179,-0.006180611669015179
2018-08-01,-0.0029413950553609514,-0.0029413950553609514,-0.0029413950553609514,-0.0029413950553609514
2018-08-02,-0.0004093084027347871,-0.0004093084027347871,-0.0004093084027347871,-0.0004093084027347871
2018-08-03,0.0,0.0,0.0,0.0
2018-08-04,0.0,0.0,0.0,0.0
2018-08-05,0.0,0.0,0.0,0.0
2018-08-06,0.0,0.0,0.0,0.0
2018-08-07,0.0,0.0,0.0,0.0
2018-08-08,0.0,0.0,0.0,0.0
2018-08-09,0.0,0.0,0.0,0.0
2018-08-10,0.0,0.0,0.0,0.0
2018-08-11,0.0,0.0,0.0,0.0
2018-08-12,0.0,0.0,0.0,0.0
2018-08-13,0.0,0.0,0.0,0.0
2018-08-14,0.0,0.0,0.0,0.0
2018-08-15,0.0,0.0,0.0,0.0
2018-08-16,0.0,0.0,0.0,0.0
2018-08-17,0.0,0.0,0.0,0.0
2018-08-18,0.0,0.0,0.0,0.0
2018-08-19,0.0,0.0,0.0,0.0
2018-08-20,0.0,0.0,0.0,0.0
2018-08-21,0.0,0.0,0.0,0.0
2018-08-22,0.0,0.0,0.0,0.0
2018-08-23,0.0,0.0,0.0,0.0
2018-08-24,0.0,0.0,0.0,0.0
2018-08-25,0.0,0.0,0.0,0.0
2018-08-26,0.0,0.0,0.0,0.0
2018-08-27,0.0,0.0,0.0,0.0
2018-08-28,0.0,0.0,0.0,0.0
2018-08-29,0.0,0.0,0.0,0.0
2018-08-30,0.0,0.0,0.0,0.0
2018-08-31,0.0,0.0,0.0,0.0
2018-09-01,0.0,0.0,0.0,0.0
2018-09-02,0.0,0.0,0.0,0.0
2018-09-03,-0.0003176146310477357,-0.0003176146310477357,-0.0003176146310477357,-0.0003176146310477357
2018-09-04,0.0006591504812234472,0.0006591504812234472,0.0006591504812234472,0.0006591504812234472
2018-09-05,-0.004520341074679801,-0.004520341074679801,-0.004520341074679801,-0.004520341074679801
2018-09-06,-4.616243013355614e-05,-4.616243013355614e-05,-4.616243013355614e-05,-4.616243013355614e-05
2018-09-07,0.0,0.0,0.0,0.0
2018-09-08,0.0,0.0,0.0,0.0
2018-09-09,0.0,0.0,0.0,0.0
2018-09-10,0.0,0.0,0.0,0.0
2018-09-11,0.0,0.0,0.0,0.0
2018-09-12,0.0,0.0,0.0,0.0
2018-09-13,0.0,0.0,0.0,0.0
2018-09-14,0.0,0.0,0.0,0.0
2018-09-15,0.0,0.0,0.0,0.0
2018-09-16,0.0,0.0,0.0,0.0
2018-09-17,0.0,0.0,0.0,0.0
2018-09-18,0.0,0.0,0.0,0.0
2018-09-19,0.0,0.0,0.0,0.0
2018-09-20,0.0,0.0,0.0,0.0
2018-09-21,-0.0004751070767057275,-0.0004751070767057275,-0.0004751070767057275,-0.0004751070767057275
2018-09-22,-0.00027543404643326497,-0.00027543404643326497,-0.00027543404643326497,-0.00027543404643326497
2018-09-23,-0.0006801076720511778,-0.0006801076720511778,-0.0006801076720511778,-0.0006801076720511778
2018-09-24,0.0,0.0,0.0,0.0
2018-09-25,0.0,0.0,0.0,0.0
2018-09-26,0.0,0.0,0.0,0.0
2018-09-27,0.0,0.0,0.0,0.0
2018-09-28,0.0,0.0,0.0,0.0
2018-09-29,0.0,0.0,0.0,0.0
2018-09-30,0.0,0.0,0.0,0.0
2018-10-01,0.0,0.0,0.0,0.0
2018-10-02,0.0,0.0,0.0,0.0
2018-10-03,0.0,0.0,0.0,0.0
2018-10-04,0.0,0.0,0.0,0.0
2018-10-05,0.0,0.0,0.0,0.0
2018-10-06,0.0,0.0,0.0,0.0
2018-10-07,0.0,0.0,0.0,0.0
2018-10-08,0.0,0.0,0.0,0.0
2018-10-09,0.0,0.0,0.0,0.0
2018-10-10,0.0,0.0,0.0,0.0
2018-10-11,0.0,0.0,0.0,0.0
2018-10-12,0.0,0.0,-0.005250349180877911,-0.005250349180877911
2018-10-13,0.0,0.0,-0.000497624825409561,-0.000497624825409561
2018-10-14,0.0,0.0,0.0,0.0
2018-10-15,-0.0034887836765385982,-0.0034887836765385982,-0.0034887836765385982,-0.0034887836765385982
2018-10-16,-0.00225465402013858,-9.984904827575747e-05,-0.004379327885608711,-0.002323960671053282
2018-10-17,0.0,0.0,-0.000476821996891346,-0.0004991379441886112
2018-10-18,0.0,0.0,0.0,0.0
2018-10-19,0.0,0.0,0.0,0.0
2018-10-20,0.0,0.0,0.0,0.0
2018-10-21,0.0,0.0,0.0,0.0
2018-10-22,0.0,0.0,0.0,0.0
2018-10-23,0.0,0.0,0.005376763551604158,0.005376763551604158
2018-10-24,0.0,0.0,0.00233345669861962,0.00233345669861962
2018-10-25,0.0,0.0,-0.0022470152820644137,-0.0022470152820644137
2018-10-26,0.0,0.0,0.0031976071222452017,0.0031976071222452017
2018-10-27,0.0,0.0,0.0,0.0
2018-10-28,0.0,0.0,0.0,0.0
2018-10-29,0.0,0.0,-0.003975448000279019,-0.003975448000279019
2018-10-30,0.0,0.0,-0.004407523212091819,-0.004407523212091819
2018-10-31,0.0,0.0,-0.005617505237420161,-0.005617505237420161
2018-11-01,0.0,0.0,0.012790560359944528,0.012790560359944528
2018-11-02,0.0,0.0,0.00017288283311056138,0.00017288283311056138
2018-11-03,0.0,0.0,0.0,0.0
2018-11-04,0.0,0.0,0.0,0.0
2018-11-05,0.0,0.0,-0.002419832179693209,-0.002419832179693209
2018-11-06,0.0,0.0,-0.0028519733269876738,-0.0028519733269876738
2018-11-07,0.0,0.0,-0.0005014259866634941,-0.0005014259866634941
2018-11-08,0.0,0.0,0.0,0.0
2018-11-09,0.0,0.0,0.0,0.0
2018-11-10,0.0,0.0,0.0,0.0
2018-11-11,0.0,0.0,0.0,0.0
2018-11-12,0.0,0.0,0.0,0.0
2018-11-13,0.0,0.0,-0.0001481322818560056,-0.0001481322818560056
2018-11-14,0.0,0.0,0.008270300995244692,0.008270300995244692
2018-11-15,0.0,0.0,0.0011437378957370962,0.0011437378957370962
2018-11-16,0.0,0.0,0.007478497942359249,0.007478497942359249
2018-11-17,0.0,0.0,0.0,0.0
2018-11-18,0.0,0.0,0.0,0.0
2018-11-19,0.0,0.0,0.0004398682100337339,0.0004398682100337339
2018-11-20,0.0,0.0,0.0,0.0
2018-11-21,0.0,0.0,0.0016716737223685222,0.0016716737223685222
2018-11-22,0.0,0.0,0.0,0.0
2018-11-23,0.0,0.0,-0.000791870177593147,-0.000791870177593147
2018-11-24,0.0,0.0,0.0,0.0
2018-11-25,0.0,0.0,0.0,0.0
2018-11-26,0.0,0.0,-0.0011437378957370368,-0.0011437378957370368
2018-11-27,0.0,0.0,-0.006070758570952522,-0.006070758570952522
2018-11-28,0.0,0.0,0.0037832156547706317,0.0037832156547706317
2018-11-29,0.0,0.0,0.003167346460957191,0.003167346460957191
2018-11-30,0.0,0.0,-0.0017596070895505315,-0.0017596070895505315
2018-12-01,0.0,0.0,-0.000508270267432891,-0.000508270267432891
2018-12-02,0.0,0.0,0.0,0.0
2018-12-03,0.0,0.0,0.0,0.0
2018-12-04,0.0,0.0,0.0,0.0
2018-12-05,0.0,0.0,-0.0005,-0.0005
2018-12-06,0.0,0.0,0.0001707363609755319,0.0001707363609755319
2018-12-07,0.0,0.0,0.008111312550920513,0.008111312550920513
2018-12-08,0.0,0.0,0.0,0.0
2018-12-09,0.0,0.0,0.0,0.0
2018-12-10,0.0,0.0,-0.0035006491043376264,-0.0035006491043376264
2018-12-11,0.0,0.0,-0.0011953499518896446,-0.0011953499518896446
2018-12-12,0.0,0.0,0.002134562791472364,0.002134562791472364
2018-12-13,0.0,0.0,-0.00221996354280362,-0.00221996354280362
2018-12-14,0.0,0.0,-0.004012988470638028,-0.004012988470638028
2018-12-15,0.0,0.0,0.0,0.0
2018-12-16,0.0,0.0,0.0,0.0
2018-12-17,0.0,0.0,0.006916027740717586,0.006916027740717586
2018-12-18,0.0,0.0,0.002390699903779219,0.002390699903779219
2018-12-19,0.0,0.0,-0.006147551262110374,-0.006147551262110374
2018-12-20,0.0,0.0,0.015454213764920436,0.015454213764920436
2018-12-21,0.0,0.0,-0.004439861943920431,-0.004439861943920431
2018-12-22,0.0,0.0,0.0,0.0
2018-12-23,0.0,0.0,0.0,0.0
2018-12-24,0.0,0.0,0.01109968743064435,0.01109968743064435
2018-12-25,0.0,0.0,0.0,0.0
2018-12-26,0.0,0.0,-0.0030737104893684493,-0.0030737104893684493
2018-12-27,0.0,0.0,0.007769774687282554,0.007769774687282554
2018-12-28,0.0,0.0,0.00418372483161361,0.00418372483161361
2018-12-29,0.0,0.0,0.0,0.0
2018-12-30,0.0,0.0,0.0,0.0
2018-12-31,0.0,0.0,0.0016222885668587496,0.0016222885668587496
2019-01-01,0.0,0.0,0.0,0.0
2019-01-02,0.0,0.0,0.0006830757272759229,0.0006830757272759229
2019-01-03,0.0,0.0,0.009392063254141174,0.009392063254141174
2019-01-04,0.0,0.0,-0.00845285041455846,-0.00845285041455846
2019-01-05,0.0,0.0,0.0,0.0
2019-01-06,0.0,0.0,0.0,0.0
2019-01-07,0.0,0.0,0.0035860498556688743,0.0035860498556688743
2019-01-08,0.0,0.0,-0.002817638518748367,-0.002817638518748367
2019-01-09,0.0,0.0,0.006659825486724113,0.006659825486724113
2019-01-10,0.0,0.0,-0.006147551262110413,-0.006147551262110413
2019-01-11,0.0,0.0,0.0017930900695212167,0.0017930900695212167
2019-01-12,0.0,0.0,0.0,0.0
2019-01-13,0.0,0.0,0.0,0.0
2019-01-14,0.0,0.0,0.002476035513423715,0.002476035513423715
2019-01-15,0.0,0.0,-0.0017930249278343758,-0.0017930249278343758
2019-01-16,0.0,0.0,0.0033299127433620845,0.0033299127433620845
2019-01-17,0.0,0.0,-0.0013660863128652783,-0.0013660863128652783
2019-01-18,0.0,0.0,-0.009306727644496816,-0.009306727644496816
2019-01-19,0.0,0.0,0.0,0.0
2019-01-20,0.0,0.0,0.0,0.0
2019-01-21,0.0,0.0,0.0,0.0
2019-01-22,0.0,0.0,0.003671450607000104,0.003671450607000104
2019-01-23,0.0,0.0,-0.001451487064196423,-0.001451487064196423
2019-01-24,0.0,0.0,-0.0016222885668587578,-0.0016222885668587578
2019-01-25,0.0,0.0,0.015112741042969243,0.015112741042969243
2019-01-26,0.0,0.0,0.0,0.0
2019-01-27,0.0,0.0,0.0,0.0
2019-01-28,0.0,0.0,0.003671450607000117,0.003671450607000117
2019-01-29,0.0,0.0,0.0055702402174031525,0.0055702402174031525
2019-01-30,0.0,0.0,0.005758772643364024,0.005758772643364024
2019-01-31,0.0,0.0,0.00048663766849060965,0.00048663766849060965
2019-02-01,0.0,0.0,-0.0005059209955131438,-0.0005059209955131438
2019-02-02,0.0,0.0,0.0,0.0
2019-02-03,0.0,0.0,0.0,0.0
2019-02-04,0.0,0.0,0.0,0.0
2019-02-05,0.0,0.0,0.0,0.0
2019-02-06,0.0,0.0,0.0,0.0
2019-02-07,0.0,0.0,0.0,0.0
2019-02-08,0.0,0.0,0.0,0.0
2019-02-09,0.0,0.0,0.0,0.0
2019-02-10,0.0,0.0,0.0,0.0
2019-02-11,0.0,0.0,0.0,0.0
2019-02-12,0.0,0.0,0.0,0.0
2019-02-13,0.0,0.0,0.0,0.0
2019-02-14,0.0,0.0,0.0,0.0
2019-02-15,0.0,0.0,0.0,0.0
2019-02-16,0.0,0.0,0.0,0.0
2019-02-17,0.0,0.0,0.0,0.0
2019-02-18,0.001906202516298361,0.001906202516298361,0.001906202516298361,0.001906202516298361
2019-02-19,-0.0007469382500645549,-0.0007469382500645549,-0.0007469382500645549,-0.0007469382500645549
2019-02-20,0.0029309905691881077,0.0029309905691881077,0.0029309905691881077,0.0029309905691881077
2019-02-21,-0.0015789128297297728,-0.0015789128297297728,-0.0015789128297297728,-0.0015789128297297728
2019-02-22,0.001046934230690022,0.001046934230690022,0.001046934230690022,0.001046934230690022
2019-02-23,0.006558778568647394,0.006558778568647394,0.006558778568647394,0.006558778568647394
2019-02-24,-0.01541944464073508,-0.01541944464073508,-0.01541944464073508,-0.01541944464073508
2019-02-25,0.0023692657489966518,0.0023692657489966518,0.0023692657489966518,0.0023692657489966518
2019-02-26,-0.0008961932717905796,-0.0008961932717905796,-0.0008961932717905796,-0.0008961932717905796
2019-02-27,-0.00031461725119508177,-0.00031461725119508177,-0.00031461725119508177,-0.00031461725119508177
2019-02-28,5.3461739115245877e-05,5.3461739115245877e-05,5.3461739115245877e-05,5.3461739115245877e-05
2019-03-01,0.00013274300298626862,0.00013274300298626862,0.00013274300298626862,0.00013274300298626862
2019-03-02,-0.0010760954811418477,-0.0010760954811418477,-0.0010760954811418477,-0.0010760954811418477
2019-03-03,-0.0009157450784113008,-0.0009157450784113008,-0.0009157450784113008,-0.0009157450784113008
2019-03-04,-0.00324560179663802,-0.00324560179663802,-0.00324560179663802,-0.00324560179663802
2019-03-05,0.006308342508739129,0.006308342508739129,0.006308342508739129,0.006308342508739129
2019-03-06,0.0003152935954799929,0.0003152935954799929,0.0003152935954799929,0.0003152935954799929
2019-03-07,-4.2413081546732734e-05,-4.2413081546732734e-05,-4.2413081546732734e-05,-4.2413081546732734e-05
2019-03-08,-0.0013575983391799218,-0.0013575983391799218,-0.0013575983391799218,-0.0013575983391799218
2019-03-09,0.0025761502304728623,0.0025761502304728623,0.0025761502304728623,0.0025761502304728623
2019-03-10,-0.001100991650538341,-0.001100991650538341,-0.001100991650538341,-0.001100991650538341
2019-03-11,-0.001685830028064883,-0.001685830028064883,-0.001685830028064883,-0.001685830028064883
2019-03-12,0.0005033986585092354,0.0005033986585092354,0.0005033986585092354,0.0005033986585092354
2019-03-13,-0.0009681085056125749,-0.0009681085056125749,-0.0009681085056125749,-0.0009681085056125749
2019-03-14,0.00037293939013061106,0.00037293939013061106,0.00037293939013061106,0.00037293939013061106
2019-03-15,0.002330002926626884,0.002330002926626884,0.002330002926626884,0.002330002926626884
2019-03-16,0.0023881423063927265,0.0023881423063927265,0.0023881423063927265,0.0023881423063927265
2019-03-17,-0.0022659505627027343,-0.0022659505627027343,-0.0022659505627027343,-0.0022659505627027343
2019-03-18,-0.0003188387796968506,-0.0003188387796968506,-0.0003188387796968506,-0.0003188387796968506
2019-03-19,0.0007769527372969431,0.0007769527372969431,0.0007769527372969431,0.0007769527372969431
2019-03-20,0.00028352391091224227,0.00028352391091224227,0.00028352391091224227,0.00028352391091224227
2019-03-21,-0.0026741283826950957,-0.0026741283826950957,-0.0026741283826950957,-0.0026741283826950957
2019-03-22,0.0005678426572588435,0.0005678426572588435,0.0005678426572588435,0.0005678426572588435
2019-03-23,0.0008311105685396836,0.0008311105685396836,0.0008311105685396836,0.0008311105685396836
2019-03-24,-0.0007054959678751693,-0.0007054959678751693,-0.0007054959678751693,-0.0007054959678751693
2019-03-25,-0.0027048460301996036,-0.0027048460301996036,-0.0027048460301996036,-0.0027048460301996036
2019-03-26,0.00025516630398914053,0.00025516630398914053,0.00025516630398914053,0.00025516630398914053
2019-03-27,0.00494814837017854,0.00494814837017854,0.00494814837017854,0.00494814837017854
2019-03-28,-0.0015985520479969706,-0.0015985520479969706,-0.0015985520479969706,-0.0015985520479969706
2019-03-29,0.005443207373874603,0.005443207373874603,0.005443207373874603,0.005443207373874603
2019-03-30,-0.0014455852755794751,-0.0014455852755794751,-0.0014455852755794751,-0.0014455852755794751
2019-03-31,-0.0011789203114371816,-0.0011789203114371816,-0.0011789203114371816,-0.0011789203114371816
2019-04-01,0.0021966837271916173,0.0021966837271916173,0.0021966837271916173,0.0021966837271916173
2019-04-02,0.062181446710395605,0.062181446710395605,0.062181446710395605,0.062181446710395605
2019-04-03,0.002838192156692454,0.002838192156692454,0.002838192156692454,0.002838192156692454
2019-04-04,-0.004777030124097359,-0.004777030124097359,-0.004777030124097359,-0.004777030124097359
2019-04-05,0.014202827138000806,0.014202827138000806,0.014202827138000806,0.014202827138000806
2019-04-06,0.0029149085984283563,0.0029149085984283563,0.0029149085984283563,0.0029149085984283563
2019-04-07,0.016490493788906768,0.016490493788906768,0.016490493788906768,0.016490493788906768
2019-04-08,0.008463186154553437,0.008463186154553437,0.008463186154553437,0.008463186154553437
2019-04-09,-0.009031986458837182,-0.009031986458837182,-0.009031986458837182,-0.009031986458837182
2019-04-10,0.012029533426520578,0.012029533426520578,0.012029533426520578,0.012029533426520578
2019-04-11,-0.03221395258112847,-0.03221395258112847,-0.03221395258112847,-0.03221395258112847
2019-04-12,0.0009839272218046258,0.0009839272218046258,0.0009839272218046258,0.0009839272218046258
2019-04-13,-0.0004025851463066443,-0.0004025851463066443,-0.0004025851463066443,-0.0004025851463066443
2019-04-14,0.010267425478764691,0.010267425478764691,0.010267425478764691,0.010267425478764691
2019-04-15,-0.01567936070047593,-0.01567936070047593,-0.01567936070047593,-0.01567936070047593
2019-04-16,0.017244373136546587,0.017244373136546587,0.017244373136546587,0.017244373136546587
2019-04-17,0.0026419816629652537,0.0026419816629652537,0.0026419816629652537,0.0026419816629652537
2019-04-18,0.01475494582646597,0.01475494582646597,0.01475494582646597,0.01475494582646597
2019-04-19,-0.0009395642968194062,-0.0009395642968194062,-0.0009395642968194062,-0.0009395642968194062
2019-04-20,0.0027288244357452918,0.0027288244357452918,0.0027288244357452918,0.0027288244357452918
2019-04-21,-0.008904894484550563,-0.008904894484550563,-0.008904894484550563,-0.008904894484550563
2019-04-22,0.011042439023513761,0.011042439023513761,0.011042439023513761,0.011042439023513761
2019-04-23,0.009251088415657138,0.009251088415657138,0.009251088415657138,0.009251088415657138
2019-04-24,-0.012337980952487282,-0.012337980952487282,-0.012337980952487282,-0.012337980952487282
2019-04-25,-0.02994136200012354,-0.02994136200012354,-0.02994136200012354,-0.02994136200012354
2019-04-26,0.012577739735043059,0.012577739735043059,0.012577739735043059,0.012577739735043059
2019-04-27,0.0003821705304722922,0.0003821705304722922,0.0003821705304722922,0.0003821705304722922
2019-04-28,-0.001072163464560849,-0.001072163464560849,-0.001072163464560849,-0.001072163464560849
2019-04-29,-0.009664791972157083,-0.009664791972157083,-0.009664791972157083,-0.009664791972157083
2019-04-30,0.016554881560999712,0.016554881560999712,0.016554881560999712,0.016554881560999712
2019-05-01,0.002876815145699707,0.002876815145699707,0.002876815145699707,0.002876815145699707
2019-05-02,0.01133988415178222,0.01133988415178222,0.01133988415178222,0.01133988415178222
2019-05-03,0.031536014632307374,0.031536014632307374,0.031536014632307374,0.031536014632307374
2019-05-04,-0.0013432942485217536,-0.0013432942485217536,-0.0013432942485217536,-0.0013432942485217536
2019-05-05,-0.00514767832137164,-0.00514767832137164,-0.00514767832137164,-0.00514767832137164
2019-05-06,0.011204436954082242,0.011204436954082242,0.011204436954082242,0.011204436954082242
2019-05-07,0.002682617019655442,0.002682617019655442,0.002682617019655442,0.002682617019655442
2019-05-08,0.013320043858720876,0.013320043858720876,0.013320043858720876,0.013320043858720876
2019-05-09,0.01730629563760555,0.01730629563760555,0.01730629563760555,0.01730629563760555
2019-05-10,0.01513222239848444,0.01513222239848444,0.01513222239848444,0.01513222239848444
2019-05-11,0.08236331443662626,0.08236331443662626,0.08236331443662626,0.08236331443662626
2019-05-12,-0.00930271423600848,-0.00930271423600848,-0.00930271423600848,-0.00930271423600848
2019-05-13,0.05520248815137485,0.05520248815137485,0.05520248815137485,0.05520248815137485
2019-05-14,0.03177117310269906,0.03177117310269906,0.03177117310269906,0.03177117310269906
2019-05-15,0.04463950700365915,0.04463950700365915,0.04463950700365915,0.04463950700365915
2019-05-16,0.0014927686684078623,0.0014927686684078623,0.0014927686684078623,0.0014927686684078623
2019-05-17,-0.03948609006202486,-0.03948609006202486,-0.03948609006202486,-0.03948609006202486
2019-05-18,-0.010075113966837246,-0.010075113966837246,-0.010075113966837246,-0.010075113966837246
2019-05-19,0.046361149303169036,0.046361149303169036,0.046361149303169036,0.046361149303169036
2019-05-20,-0.012330686391017198,-0.012330686391017198,-0.012330686391017198,-0.012330686391017198
2019-05-21,0.0008489247141663103,0.0008489247141663103,0.0008489247141663103,0.0008489247141663103
2019-05-22,-0.015002802753502076,-0.015002802753502076,-0.015002802753502076,-0.015002802753502076
2019-05-23,0.0078534030781372,0.0078534030781372,0.0078534030781372,0.0078534030781372
2019-05-24,0.006383597472645386,0.006383597472645386,0.006383597472645386,0.006383597472645386
2019-05-25,0.0027909607659026836,0.0027909607659026836,0.0027909607659026836,0.0027909607659026836
2019-05-26,0.027763515366594937,0.027763515366594937,0.027763515366594937,0.027763515366594937
2019-05-27,0.008120315960996605,0.008120315960996605,0.008120315960996605,0.008120315960996605
2019-05-28,-0.0009560860867476872,-0.0009560860867476872,-0.0009560860867476872,-0.0009560860867476872
2019-05-29,-0.0034935769521626803,-0.0034935769521626803,-0.0034935769521626803,-0.0034935769521626803
2019-05-30,-0.02032869963133843,-0.02032869963133843,-0.02032869963133843,-0.02032869963133843
2019-05-31,0.01730069974768611,0.01730069974768611,0.01730069974768611,0.01730069974768611
2019-06-01,-0.0025112889132145044,-0.0004294765267132128,-0.002796929509829031,-0.0009294765267132128
2019-06-02,0.008456322617376832,0.0,0.008456322617376832,0.0
2019-06-03,-0.03298024938846267,0.0,-0.02473505510089615,0.014432812396575123
2019-06-04,-0.020802188784908138,0.0,-0.020616899152106367,0.00032434050866344584
2019-06-05,0.006518246358196755,0.005392604941936163,0.0062283905196220445,0.004885226365483544
2019-06-06,0.0029654633124907015,0.002581657513364144,0.0029654633124907015,0.002581657513364144
2019-06-07,0.00628976696354866,0.005815651423173973,0.00628976696354866,0.005815651423173973
2019-06-08,-0.007401324528852338,-0.006568366059898634,-0.007401324528852338,-0.006568366059898634
2019-06-09,-0.018920382298927785,-0.016865286143968428,-0.018920382298927785,-0.016865286143968428
2019-06-10,0.025023989801331803,0.022279539485215105,0.025023989801331803,0.022279539485215105
2019-06-11,-0.005011245902935668,-0.00452259922418996,-0.005011245902935668,-0.00452259922418996
2019-06-12,0.022024856162167428,0.020605030692373294,0.022024856162167428,0.020605030692373294
2019-06-13,-0.002204597205270775,-0.0030545531473404886,-0.002204597205270775,-0.0030545531473404886
2019-06-14,0.024516216892709553,0.02385854886674066,0.024516216892709553,0.02385854886674066
2019-06-15,0.01130785722572547,0.010837515252768215,0.01130785722572547,0.010837515252768215
2019-06-16,0.005267229311010313,0.005283381396424591,0.005267229311010313,0.005283381396424591
2019-06-17,0.018641133606424942,0.018187648421514213,0.018641133606424942,0.018187648421514213
2019-06-18,-0.016634808896018205,-0.015926685784125816,-0.016634808896018205,-0.015926685784125816
2019-06-19,0.009823470163558667,0.009646023976270568,0.009823470163558667,0.009646023976270568
2019-06-20,0.01253172086147969,0.012879240054495256,0.01253172086147969,0.012879240054495256
2019-06-21,0.045390916742727994,0.04788410331237358,0.045390916742727994,0.04788410331237358
2019-06-22,0.03474285463736293,0.036355481192849926,0.03474285463736293,0.036355481192849926
2019-06-23,0.00385094333133873,0.003619091082556425,0.00385094333133873,0.003619091082556425
2019-06-24,0.007752674019131378,0.008034821613625454,0.007752674019131378,0.008034821613625454
2019-06-25,0.02910955911941082,0.03149415004802636,0.02910955911941082,0.03149415004802636
2019-06-26,0.05568908063226763,0.056386900919115135,0.05568908063226763,0.056386900919115135
2019-06-27,-0.06672039951791409,-0.06338462434229797,-0.06672039951791409,-0.06338462434229797
2019-06-28,0.027685188614638534,0.029111280726918487,0.027685188614638534,0.029111280726918487
2019-06-29,-0.004306154016207819,-0.0035453285997520956,-0.004306154016207819,-0.0035453285997520956
2019-06-30,-0.03476047483819622,-0.03745273114702785,-0.03476047483819622,-0.03745273114702785
2019-07-01,-0.0025136547579633906,-0.004479825156556094,-0.0025136547579633906,-0.004479825156556094
2019-07-02,0.0010810246867229978,0.0013705151451350872,0.0010810246867229978,0.0013705151451350872
2019-07-03,0.021105846154920727,0.02033099631320434,0.021105846154920727,0.02033099631320434
2019-07-04,-0.022635521452315066,-0.021204836119355752,-0.022635521452315066,-0.021204836119355752
2019-07-05,0.0009455330334522394,0.0005638320081802206,0.0009455330334522394,0.0005638320081802206
2019-07-06,0.004338125887900279,0.004270995440651459,0.004338125887900279,0.004270995440651459
2019-07-07,0.013205682218484283,0.01188825616546385,0.013205682218484283,0.01188825616546385
2019-07-08,0.015698822208997987,0.015142564717206763,0.015698822208997987,0.015142564717206763
2019-07-09,0.0008987520425458584,0.0012514919680963743,0.0008987520425458584,0.0012514919680963743
2019-07-10,-0.017658673643488276,-0.016263107191982984,-0.017658673643488276,-0.016263107191982984
2019-07-11,-0.023873306959809604,-0.02224091197463518,-0.023873306959809604,-0.02224091197463518
2019-07-12,0.009665054008976215,0.00916309368974555,0.009665054008976215,0.00916309368974555
2019-07-13,-0.00929306379963335,-0.008813612947954685,-0.00929306379963335,-0.008813612947954685
2019-07-14,-0.045453624752638144,-0.041899999435413116,-0.045453624752638144,-0.041899999435413116
2019-07-15,0.009895498153031035,0.009864469947491683,0.009895498153031035,0.009864469947491683
2019-07-16,-0.02823631520746639,-0.028130879456330193,-0.02823631520746639,-0.028130879456330193
2019-07-17,0.006977231291457331,0.006958838466546657,0.006977231291457331,0.006958838466546657
2019-07-18,0.01817336746856535,0.018097813525082218,0.01817336746856535,0.018097813525082218
2019-07-19,-0.00322881624258331,-0.003219494024191527,-0.00322881624258331,-0.003219494024191527
2019-07-20,0.0055677806057430335,0.005549760217406163,0.0055677806057430335,0.005549760217406163
2019-07-21,-0.002943664558039072,-0.002932261563211136,-0.002943664558039072,-0.002932261563211136
2019-07-22,-0.005858514987889918,-0.005839573750853755,-0.005858514987889918,-0.005839573750853755
2019-07-23,-0.008177552282343514,-0.008141004885481085,-0.008177552282343514,-0.008141004885481085
2019-07-24,-0.00024363124584303453,-0.00023575607646486585,-0.00024363124584303453,-0.00023575607646486585
2019-07-25,0.0025170019530755816,0.002507847009115105,0.0025170019530755816,0.002507847009115105
2019-07-26,-0.0008860902506235835,-0.0008817387288189149,-0.0008860902506235835,-0.0008817387288189149
2019-07-27,-0.008440430612872474,-0.008413180752647187,-0.008440430612872474,-0.008413180752647187
2019-07-28,0.002268380001883008,0.002263143582521554,0.002268380001883008,0.002263143582521554
2019-07-29,-0.0007063183783698745,-0.0007036334371138819,-0.0007063183783698745,-0.0007036334371138819
2019-07-30,0.0005337272203653765,0.0005285089113935548,0.0005337272203653765,0.0005285089113935548
2019-07-31,0.009909137497205123,0.009869098626716255,0.009909137497205123,0.009869098626716255
2019-08-01,0.00363516642879258,0.003612391294168793,0.00363516642879258,0.003612391294168793
2019-08-02,0.0025997613439394662,0.0025918708526559975,0.0025997613439394662,0.0025918708526559975
2019-08-03,0.00729364562257051,0.007293654960469187,0.00729364562257051,0.007293654960469187
2019-08-04,0.002141526124594728,0.0021415275543257284,0.002141526124594728,0.0021415275543257284
2019-08-05,0.02152189960790718,0.021521925601445613,0.02152189960790718,0.021521925601445613
2019-08-06,-0.008939138905674993,-0.008939151173735005,-0.008939138905674993,-0.008939151173735005
2019-08-07,0.009673592684072307,0.009673600075489341,0.009673592684072307,0.009673600075489341
2019-08-08,-0.0009147492852524808,-0.0009147535063496193,-0.0009147492852524808,-0.0009147535063496193
2019-08-09,-0.005567415284076893,-0.005567427713311979,-0.005567415284076893,-0.005567427713311979
2019-08-10,-0.012427190584588743,-0.0124272034141647,-0.012427190584588743,-0.0124272034141647
2019-08-11,0.007796676650206447,0.007796690454032085,0.007796676650206447,0.007796690454032085
2019-08-12,-0.0042658443383335465,-0.004265852589240504,-0.0042658443383335465,-0.004265852589240504
2019-08-13,-0.013088938146905038,-0.013088940243899616,-0.013088938146905038,-0.013088940243899616
2019-08-14,-0.027278460993184428,-0.02727848143953815,-0.027278460993184428,-0.02727848143953815
2019-08-15,0.004883070697714986,-0.00025899970464127176,0.009780624557654986,0.005895970160452901
2019-08-16,0.0007588550245400949,0.0005934681843220435,0.0003583537189812949,9.014069938949646e-05
2019-08-17,-0.0023290736352425956,-0.002508295743955502,-0.0023290736352425956,-0.002508295743955502
2019-08-18,0.0018341430725441477,0.0019756352014101974,0.0018341430725441477,0.0019756352014101974
2019-08-19,0.012279735217114895,0.013225168555300204,0.012279735217114895,0.013225168555300204
2019-08-20,-0.004019487290109924,-0.0033240296222519783,-0.004019487290109924,-0.0033240296222519783
2019-08-21,-0.01512215168587161,-0.01329356487099298,-0.01512215168587161,-0.01329356487099298
2019-08-22,-0.000793074053731968,-0.0009307506429202528,-0.000793074053731968,-0.0009307506429202528
2019-08-23,0.005385619547070952,0.006321426861028989,0.005385619547070952,0.006321426861028989
2019-08-24,-0.004719327888791147,-0.005534208898466453,-0.004719327888791147,-0.005534208898466453
2019-08-25,0.00015496012658311464,0.000181865818120297,0.00015496012658311464,0.000181865818120297
2019-08-26,0.004264644504877957,0.005004979118816699,0.004264644504877957,0.005004979118816699
2019-08-27,-0.003462934599937517,-0.004061100011264029,-0.003462934599937517,-0.004061100011264029
2019-08-28,-0.008614097154984068,-0.010108109124489006,-0.008614097154984068,-0.010108109124489006
2019-08-29,-0.002584221776495421,-0.0026161128939738987,-0.002584221776495421,-0.0026161128939738987
2019-08-30,0.0009742841554176707,0.0009743153079262434,0.0009742841554176707,0.0009743153079262434
2019-08-31,3.3122811145869235e-05,3.312386920950594e-05,3.3122811145869235e-05,3.312386920950594e-05
2019-09-01,0.0015544596930539,0.0015545093465156867,0.0015544596930539,0.0015545093465156867
2019-09-02,0.006941604293916548,0.006941825682556857,0.006941604293916548,0.006941825682556857
2019-09-03,0.004601734993751716,0.00460173866469793,0.004601734993751716,0.00460173866469793
2019-09-04,-0.0008445220867402403,-0.0008445220840475054,-0.0008445220867402403,-0.0008445220840475054
2019-09-05,-6.008488635955711e-05,-6.008488635955711e-05,-6.008488635955711e-05,-6.008488635955711e-05
2019-09-06,-0.008280569589514952,-0.008280569589512732,-0.008280569589514952,-0.008280569589512732
2019-09-07,0.004541803690264912,0.004541803690264912,0.004541803690264912,0.004541803690264912
2019-09-08,-0.0021491491719329847,-0.0021491491719329847,-0.0021491491719329847,-0.0021491491719329847
2019-09-09,-0.002250654721795864,-0.002250654721795864,-0.002250654721795864,-0.002250654721795864
2019-09-10,-0.004223409225743713,-0.004223409225743713,-0.004223409225743713,-0.004223409225743713
2019-09-11,0.0010329684511274362,0.0010329684511274362,0.0010329684511274362,0.0010329684511274362
2019-09-12,0.0044012751907989145,0.0044012751907989145,0.0044012751907989145,0.0044012751907989145
2019-09-13,-0.003621449864901649,-0.003621449864901649,-0.003621449864901649,-0.003621449864901649
2019-09-14,-0.0020130716822108763,-0.0020130716822108763,-0.0020130716822108763,-0.0020130716822108763
2019-09-15,-0.000879138263342627,-0.000879138263342627,-0.000879138263342627,-0.000879138263342627
2019-09-16,-0.0011287685823626603,-0.0011287685823626603,-0.0011287685823626603,-0.0011287685823626603
2019-09-17,-0.0022316083536464415,-0.0022316083536464415,-0.0022316083536464415,-0.0022316083536464415
2019-09-18,0.00010371029296329937,0.00010371029296329937,0.00010371029296329937,0.00010371029296329937
2019-09-19,0.0038565776017298603,0.0038565776017298603,0.0038565776017298603,0.0038565776017298603
2019-09-20,-0.001729227240140907,-0.001729227240140907,-0.001729227240140907,-0.001729227240140907
2019-09-21,-0.0035905610601403293,-0.0035905610601403293,-0.0035905610601403293,-0.0035905610601403293
2019-09-22,-0.0002881948978862292,-0.0002881948978862292,-0.0002881948978862292,-0.0002881948978862292
2019-09-23,-0.007596080786025805,-0.007596080786025805,-0.007596080786025805,-0.007596080786025805
2019-09-24,-0.0068377881317597256,-0.0068377881317597256,-0.0068377881317597256,-0.0068377881317597256
2019-09-25,-0.00028304842723936297,-0.00028304842723936297,-0.00028304842723936297,-0.00028304842723936297
2019-09-26,-0.0023058851630617383,-0.0023058851630617383,-0.0023058851630617383,-0.0023058851630617383
2019-09-27,0.0,0.0,0.0,0.0
2019-09-28,0.0,0.0,0.0,0.0
2019-09-29,0.0,0.0,0.0,0.0
2019-09-30,0.0,0.0,0.0,0.0
2019-10-01,0.0,0.0,0.0,0.0
2019-10-02,0.0,0.0,0.0,0.0
2019-10-03,0.0,0.0,0.0,0.0
2019-10-04,0.0,0.0,0.0,0.0
2019-10-05,0.0,0.0,0.0,0.0
2019-10-06,0.0,0.0,0.0,0.0
2019-10-07,0.0,0.0,0.0,0.0
2019-10-08,0.0,0.0,0.0,0.0
2019-10-09,0.0,0.0,0.0,0.0
2019-10-10,0.0,0.0,0.0,0.0
2019-10-11,0.0,0.0,0.0,0.0
2019-10-12,0.0,0.0,0.0,0.0
2019-10-13,0.0,0.0,0.0,0.0
2019-10-14,0.0,0.0,0.0,0.0
2019-10-15,0.0,0.0,0.0,0.0
2019-10-16,0.0,0.0,0.0,0.0
2019-10-17,0.0,0.0,0.0,0.0
2019-10-18,0.0,0.0,0.0,0.0
2019-10-19,0.0,0.0,0.0,0.0
2019-10-20,0.0,0.0,0.0,0.0
2019-10-21,0.0,0.0,0.0,0.0
2019-10-22,0.0,0.0,0.0,0.0
2019-10-23,0.0,0.0,0.0,0.0
2019-10-24,0.0,0.0,0.0,0.0
2019-10-25,0.0,0.0,0.0,0.0
2019-10-26,0.0,0.0,0.0,0.0
2019-10-27,-0.0015400616117371424,-0.0015400616117371424,-0.0015400616117371424,-0.0015400616117371424
2019-10-28,-0.001627409822807846,-0.001627409822807846,-0.001627409822807846,-0.001627409822807846
2019-10-29,0.0009792545648064088,0.0009792545648064088,0.0009792545648064088,0.0009792545648064088
2019-10-30,-0.0024571046567437582,-0.0024571046567437582,-0.0024571046567437582,-0.0024571046567437582
2019-10-31,-6.717896011931845e-05,-6.717896011931845e-05,-6.717896011931845e-05,-6.717896011931845e-05
2019-11-01,0.00043962307490819086,0.00043962307490819086,0.00043962307490819086,0.00043962307490819086
2019-11-02,0.0002803810600517931,0.0002803810600517931,0.0002803810600517931,0.0002803810600517931
2019-11-03,-0.00045890998174902276,-0.00045890998174902276,-0.00045890998174902276,-0.00045890998174902276
2019-11-04,0.0009619210129900857,0.0009619210129900857,0.0009619210129900857,0.0009619210129900857
2019-11-05,-0.0008744553765455132,-0.0008744553765455132,-0.0008744553765455132,-0.0008744553765455132
2019-11-06,0.0009161917890678772,0.0009161917890678772,0.0009161917890678772,0.0009161917890678772
2019-11-07,-0.0020493920340257654,-0.0020493920340257654,-0.0020493920340257654,-0.0020493920340257654
2019-11-08,-0.0009644638515500237,-0.0009644638515500237,-0.0009644638515500237,-0.0009644638515500237
2019-11-09,0.0,0.0,0.0,0.0
2019-11-10,-0.00029474758754399755,-0.00029474758754399755,-0.00029474758754399755,-0.00029474758754399755
2019-11-11,-0.0007913280719330507,-0.0007913280719330507,-0.0007913280719330507,-0.0007913280719330507
2019-11-12,0.0,0.0,0.0,0.0
2019-11-13,-0.0002466023145075713,-0.0002466023145075713,-0.0002466023145075713,-0.0002466023145075713
2019-11-14,-0.0011736407235087842,-0.0011736407235087842,-0.0011736407235087842,-0.0011736407235087842
2019-11-15,0.0,0.0,0.0,0.0
2019-11-16,0.0,0.0,0.0,0.0
2019-11-17,-0.0003810785647402337,-0.0003810785647402337,-0.0003810785647402337,-0.0003810785647402337
2019-11-18,-5.496589284570419e-05,-5.496589284570419e-05,-5.496589284570419e-05,-5.496589284570419e-05
2019-11-19,0.0,0.0,0.0,0.0
2019-11-20,0.0,0.0,0.0,0.0
2019-11-21,0.0,0.0,0.0,0.0
2019-11-22,0.0,0.0,0.0,0.0
2019-11-23,0.0,0.0,0.0,0.0
2019-11-24,0.0,0.0,0.0,0.0
2019-11-25,0.0,0.0,0.0,0.0
2019-11-26,0.0,0.0,0.0,0.0
2019-11-27,0.0,0.0,0.0,0.0
2019-11-28,0.0,0.0,0.0,0.0
2019-11-29,0.0,0.0,0.0,0.0
2019-11-30,0.0,0.0,0.0,0.0
2019-12-01,0.0,0.0,0.0,0.0
2019-12-02,0.0,0.0,0.0,0.0
2019-12-03,0.0,0.0,0.0,0.0
2019-12-04,0.0,0.0,0.0,0.0
2019-12-05,0.0,0.0,0.0,0.0
2019-12-06,0.0,0.0,0.0,0.0
2019-12-07,0.0,0.0,0.0,0.0
2019-12-08,0.0,0.0,0.0,0.0
2019-12-09,0.0,0.0,0.0,0.0
2019-12-10,0.0,0.0,0.0,0.0
2019-12-11,0.0,0.0,0.0,0.0
2019-12-12,0.0,0.0,0.0,0.0
2019-12-13,0.0,0.0,0.0,0.0
2019-12-14,0.0,0.0,0.0,0.0
2019-12-15,0.0,0.0,0.0,0.0
2019-12-16,0.0,0.0,0.0,0.0
2019-12-17,0.0,0.0,0.0,0.0
2019-12-18,0.0,0.0,0.0,0.0
2019-12-19,0.0,0.0,0.0,0.0
2019-12-20,0.0,0.0,0.0,0.0
2019-12-21,0.0,0.0,0.0,0.0
2019-12-22,0.0,0.0,0.0,0.0
2019-12-23,0.0,0.0,0.0,0.0
2019-12-24,0.0,0.0,0.0,0.0
2019-12-25,0.0,0.0,0.0,0.0
2019-12-26,0.0,0.0,0.0,0.0
2019-12-27,0.0,0.0,0.0,0.0
2019-12-28,0.0,0.0,0.0,0.0
2019-12-29,0.0,0.0,0.0,0.0
2019-12-30,0.0,0.0,0.0,0.0
2019-12-31,0.0,0.0,0.0,0.0
2020-01-01,0.0,0.0,0.0,0.0
2020-01-02,0.0,0.0,0.0,0.0
2020-01-03,0.0,0.0,0.0,0.0
2020-01-04,0.0,0.0,0.0,0.0
2020-01-05,0.0,0.0,0.0,0.0
2020-01-06,0.0,0.0,0.0,0.0
2020-01-07,0.0014501857426447717,0.0014501857426447717,0.0014501857426447717,0.0014501857426447717
2020-01-08,-0.000649781278735162,-0.000649781278735162,-0.000649781278735162,-0.000649781278735162
2020-01-09,-0.0013491805386001143,-0.0013491805386001143,-0.0013491805386001143,-0.0013491805386001143
2020-01-10,0.001441748849590585,0.001441748849590585,0.001441748849590585,0.001441748849590585
2020-01-11,-0.001144028375547057,-0.001144028375547057,-0.001144028375547057,-0.001144028375547057
2020-01-12,0.0010674341635832363,0.0010674341635832363,0.0010674341635832363,0.0010674341635832363
2020-01-13,-0.00048244123578011777,-0.00048244123578011777,-0.00048244123578011777,-0.00048244123578011777
2020-01-14,0.006794308855484932,0.006794308855484932,0.006794308855484932,0.006794308855484932
2020-01-15,0.0001668112331159044,0.0001668112331159044,0.0001668112331159044,0.0001668112331159044
2020-01-16,-0.0014834945573162228,-0.0014834945573162228,-0.0014834945573162228,-0.0014834945573162228
2020-01-17,0.0027067409279639687,0.0027067409279639687,0.0027067409279639687,0.0027067409279639687
2020-01-18,0.002198920508116986,0.002198920508116986,0.002198920508116986,0.002198920508116986
2020-01-19,-0.0160747173271365,-0.0160747173271365,-0.0160747173271365,-0.0160747173271365
2020-01-20,-0.0012941637929271277,-0.0012941637929271277,-0.0012941637929271277,-0.0012941637929271277
2020-01-21,0.0034394220373716866,0.0034394220373716866,0.0034394220373716866,0.0034394220373716866
2020-01-22,-0.0019227331580440321,-0.0019227331580440321,-0.0019227331580440321,-0.0019227331580440321
2020-01-23,-0.00881987585269639,-0.00881987585269639,-0.00881987585269639,-0.00881987585269639
2020-01-24,-0.0001562683499183315,-0.0001562683499183315,-0.0001562683499183315,-0.0001562683499183315
2020-01-25,-0.0038148738067966814,-0.0038148738067966814,-0.0038148738067966814,-0.0038148738067966814
2020-01-26,0.008821714294844574,0.008821714294844574,0.008821714294844574,0.008821714294844574
2020-01-27,0.008683195150324785,0.008683195150324785,0.008683195150324785,0.008683195150324785
2020-01-28,0.022731506180471595,0.022731506180471595,0.022731506180471595,0.022731506180471595
2020-01-29,-0.006230072052064384,-0.006230072052064384,-0.006230072052064384,-0.006230072052064384
2020-01-30,0.02151393613653374,0.02151393613653374,0.02151393613653374,0.02151393613653374
2020-01-31,-0.012330581697273413,-0.012330581697273413,-0.012330581697273413,-0.012330581697273413
2020-02-01,0.005752509419380436,0.005752509419380436,0.005752509419380436,0.005752509419380436
2020-02-02,0.003077167181343432,0.003077167181343432,0.003077167181343432,0.003077167181343432
2020-02-03,-0.0003326479537030247,-0.0003326479537030247,-0.0003326479537030247,-0.0003326479537030247
2020-02-04,-0.005434854667300648,-0.005434854667300648,-0.005434854667300648,-0.005434854667300648
2020-02-05,0.041257406078606396,0.041257406078606396,0.041257406078606396,0.041257406078606396
2020-02-06,0.020815404157457973,0.020815404157457973,0.020815404157457973,0.020815404157457973
2020-02-07,0.01614880188670975,0.01614880188670975,0.01614880188670975,0.01614880188670975
2020-02-08,0.003179429980630477,0.003179429980630477,0.003179429980630477,0.003179429980630477
2020-02-09,0.018746238557573625,0.018746238557573625,0.018746238557573625,0.018746238557573625
2020-02-10,-0.02047376490036512,-0.02047376490036512,-0.02047376490036512,-0.02047376490036512
2020-02-11,0.03538687474620228,0.03538687474620228,0.03538687474620228,0.03538687474620228
2020-02-12,0.043224734780044294,0.043224734780044294,0.043224734780044294,0.043224734780044294
2020-02-13,-0.0010954326409384763,-0.0010954326409384763,-0.0010954326409384763,-0.0010954326409384763
2020-02-14,0.026831788432117865,0.026831788432117865,0.026831788432117865,0.026831788432117865
2020-02-15,-0.0411496843204231,-0.0411496843204231,-0.0411496843204231,-0.0411496843204231
2020-02-16,-0.006121519735019176,-0.006121519735019176,-0.006121519735019176,-0.006121519735019176
2020-02-17,-0.0003896042289297519,-0.0003896042289297519,-0.0003896042289297519,-0.0003896042289297519
2020-02-18,0.034681082939069796,0.034681082939069796,0.034681082939069796,0.034681082939069796
2020-02-19,-0.04700159507750501,-0.04700159507750501,-0.04700159507750501,-0.04700159507750501
2020-02-20,-0.0014827127270791163,-0.0014827127270791163,-0.0014827127270791163,-0.0014827127270791163
2020-02-21,0.010037376829935551,0.010037376829935551,0.010037376829935551,0.010037376829935551
2020-02-22,-0.004148463572852701,-0.004148463572852701,-0.004148463572852701,-0.004148463572852701
2020-02-23,0.020529550892486315,0.020529550892486315,0.020529550892486315,0.020529550892486315
2020-02-24,-0.018071228179027177,-0.018071228179027177,-0.018071228179027177,-0.018071228179027177
2020-02-25,-0.029692469265027888,-0.029692469265027888,-0.029692469265027888,-0.029692469265027888
2020-02-26,-0.04022631208204219,-0.04022631208204219,-0.04022631208204219,-0.04022631208204219
2020-02-27,0.004079696313904035,0.004079696313904035,0.004079696313904035,0.004079696313904035
2020-02-28,-0.005926056136348223,-0.00046909995300936647,-0.02750862767378591,-0.037462574739941135
2020-02-29,-0.01333152748616706,0.0,-0.01333152748616706,0.0
2020-03-01,0.0007417632007227226,0.0,0.000704583060619705,0.0
2020-03-02,0.02213560268116832,0.0,0.025653008489114035,0.0053246238014914606
2020-03-03,-0.011989249775993471,-0.011656761625761902,-0.012309251004015252,-0.012141177200269183
2020-03-04,0.00010381929599234674,-0.00043212545946669234,0.0007871059885563044,0.0008224022780849998
2020-03-05,0.012161389423350988,0.011636464831318749,0.011888583363536565,0.011135587567449973
2020-03-06,0.01823433318039447,-0.0004590633058092486,0.018170743480122417,-0.0005781022511322505
2020-03-07,-0.013696814213626674,0.0,-0.013696814213626674,0.0
2020-03-08,-0.052254694672798974,0.0,-0.052287550969123554,0.0
2020-03-09,0.003488649009711464,0.0,0.00470183620141254,0.0016508635327162641
2020-03-10,-0.0021702540148564875,0.0,-0.018949542529118315,-0.021144210520706534
2020-03-11,-0.006277532347113701,0.0,-0.009048900159318706,-0.0034923044801193973
2020-03-12,-0.04465089537941003,0.0,-0.08172306033482209,-0.03898659708863205
2020-03-13,0.0,0.0,-0.03057098705851498,-0.03054703295153844
2020-03-14,0.0,0.0,0.0,0.0
2020-03-15,0.0,0.0,0.0,0.0
2020-03-16,0.0,0.0,-0.01109682295250714,-0.01109682295250714
2020-03-17,0.0,0.0,0.012991394926367267,0.012991394926367267
2020-03-18,0.0,0.0,-0.019351787944224184,-0.019351787944224184
2020-03-19,0.0,0.0,-0.01799853699809975,-0.01799853699809975
2020-03-20,0.0,0.0,0.01496272122666664,0.01496272122666664
2020-03-21,0.0,0.0,0.0,0.0
2020-03-22,0.0,0.0,0.0,0.0
2020-03-23,0.0,0.0,0.044842094628152175,0.044842094628152175
2020-03-24,0.0,0.0,0.048500434459455496,0.048500434459455496
2020-03-25,0.0,0.0,-0.01435400410746154,-0.01435400410746154
2020-03-26,0.0,0.0,0.013260440197803152,0.013260440197803152
2020-03-27,0.0,0.0,-0.006766954699336696,-0.006766954699336696
2020-03-28,0.0,0.0,0.0,0.0
2020-03-29,0.0,0.0,0.0,0.0
2020-03-30,0.0,0.0,0.004579618284138321,0.004579618284138321
2020-03-31,0.0,0.0,-0.03328773079700205,-0.03328773079700205
2020-04-01,0.0,0.0,0.009569336071641081,0.009569336071641081
2020-04-02,0.0,0.0,0.01674639027434224,0.01674639027434224
2020-04-03,0.0,0.0,0.005126452387937894,0.005126452387937894
2020-04-04,0.0,0.0,0.0,0.0
2020-04-05,0.0,0.0,0.0,0.0
2020-04-06,0.0,0.0,0.02891326656248683,0.02891326656248683
2020-04-07,0.0,0.0,-0.005390643352601842,-0.005390643352601842
2020-04-08,0.0,0.0,-0.008860271203374508,-0.008860271203374508
2020-04-09,0.0,0.0,0.02575222092796158,0.02575222092796158
2020-04-10,0.0,0.0,0.0,0.0
2020-04-11,0.0,0.0,0.0,0.0
2020-04-12,0.0,0.0,0.0,0.0
2020-04-13,0.0,0.0,0.01733810005127771,0.01733810005127771
2020-04-14,0.0,0.0,0.008095289228353605,0.008095289228353605
2020-04-15,0.0,0.0,-0.005290582269458862,-0.005290582269458862
2020-04-16,0.0,0.0,-0.0008923979174593541,-0.0008923979174593541
2020-04-17,-0.0006716383803836434,0.0,-0.018880247696048576,-0.020015293803655784
2020-04-18,0.006336784754079172,0.0,0.006336784754079172,0.0
2020-04-19,-0.002777260680200788,0.0,-0.002777260680200788,0.0
2020-04-20,-0.007580747276251132,0.0,-0.0010452107768729882,0.007202891310894131
2020-04-21,-0.0010026923879630223,0.0,-0.007306919169363026,-0.0069479621619392366
2020-04-22,0.0047730459252850466,0.0,0.022818204511482334,0.019887780597139103
2020-04-23,-4.444040812567884e-06,0.0,0.009307338589109619,0.010262624682821877
2020-04-24,0.0014074844533753517,0.0,-0.0023729805475633213,-0.004461989587296826
2020-04-25,0.004473293851402493,0.0,0.004473293851402493,0.0
2020-04-26,0.0021325062182038224,0.0,0.0021325062182038224,0.0
2020-04-27,-0.0006981347145258443,0.0,-0.00647624918503597,-0.006884254190720055
2020-04-28,-6.717523529908842e-05,0.0,-0.003919251548972498,-0.00458950279381336
2020-04-29,0.02864630527856149,0.0,0.032692190499850164,0.005673121889008414
2020-04-30,-0.010993474060100428,0.0,-0.022988852532915348,-0.018676648295427607
2020-05-01,0.008881356422916209,0.0,0.012879030780747244,0.006246785422215666
2020-05-02,0.004107459451277995,0.0,0.004107459451277995,0.0
2020-05-03,-0.004923374151510007,0.0,-0.004923374151510007,0.0
2020-05-04,-0.003425554602519143,0.0,-0.0011411692551872217,0.00356959166983737
2020-05-05,0.0014188327198376705,0.0,0.004192773673620981,0.0043345736448583945
2020-05-06,-0.002978862785108616,0.0,-0.0114229967420312,-0.013194844848233073
2020-05-07,0.03162650295278535,0.0,0.04072161040615917,0.01555330421635899
2020-05-08,-0.005656949549696977,0.0,-0.008954096746622384,-0.006183077450996409
2020-05-09,-0.008198403385071829,0.0,-0.008198403385071829,0.0
2020-05-10,-0.04264067525443127,0.0,-0.042686142362818584,0.0
2020-05-11,-0.005527228704628961,0.0,-0.009462392016963724,-0.006374298628732156
2020-05-12,0.009208322938185631,0.0,0.011648104977168613,0.003952034025308979
2020-05-13,0.02294766992585684,0.0,0.029007855052515415,0.009816474356131269
2020-05-14,0.016937257579619613,0.0,0.02177113766181876,0.009115200352329485
2020-05-15,-0.020777673697620624,0.0,-0.017640459844630994,0.005864343066744182
2020-05-16,0.007040239672728266,0.0,0.007040239672728266,0.0
2020-05-17,0.014400081753595195,0.0,0.014400081753595195,0.0
2020-05-18,0.008711559339754427,0.0,0.004483165553587714,-0.007904068050617817
2020-05-19,0.0008338998712000834,0.0001993156995503398,0.0005565116400978352,-0.00031920163018500083
2020-05-20,-0.012107298056278748,-0.00047972464196932574,-0.01113986676269199,0.001394556392310176
2020-05-21,-0.025224596093411544,-0.02512495757087496,-0.025483289488271582,-0.0256261447113921
2020-05-22,0.013113704560543171,0.013011659600107084,0.013113704560543171,0.013011659600107084
2020-05-23,-0.0006367707791162802,-0.0006553664846435936,-0.0006367707791162802,-0.0006553664846435936
2020-05-24,-0.020674209879914196,-0.020021923283102816,-0.020674209879914196,-0.020021923283102816
2020-05-25,0.010226874902841354,0.009969308961120138,0.010226874902841354,0.009969308961120138
2020-05-26,-0.005539105441509595,-0.005467037929430596,-0.005539105441509595,-0.005467037929430596
2020-05-27,0.019127829117564277,0.018607860180229308,0.019127829117564277,0.018607860180229308
2020-05-28,0.024311574910059752,0.023825663916332784,0.024311574910059752,0.023825663916332784
2020-05-29,-0.0035182142408395345,-0.0038987738445965814,-0.0035182142408395345,-0.0038987738445965814
2020-05-30,0.03446670213443381,0.03512671910706788,0.03446670213443381,0.03512671910706788
2020-05-31,-0.021301382389602663,-0.021126562690574446,-0.021301382389602663,-0.021126562690574446
2020-06-01,0.043202659156679424,0.04253061220170684,0.043202659156679424,0.04253061220170684
2020-06-02,-0.03258096691827428,-0.03199005882213357,-0.03258096691827428,-0.03199005882213357
2020-06-03,0.012394054551279066,0.012284780500218195,0.012394054551279066,0.012284780500218195
2020-06-04,0.0024317643637810082,0.002300534184574987,0.0024317643637810082,0.002300534184574987
2020-06-05,-0.008817158987735385,-0.008669898765615303,-0.008817158987735385,-0.008669898765615303
2020-06-06,0.0035695348993129983,0.0035357669764821686,0.0035695348993129983,0.0035357669764821686
2020-06-07,0.005474447831049556,0.005409588627694362,0.005474447831049556,0.005409588627694362
2020-06-08,0.0031407397408163007,0.0031172788567936927,0.0031407397408163007,0.0031172788567936927
2020-06-09,-0.0031690706720063355,-0.0031757846365026987,-0.0031690706720063355,-0.0031757846365026987
2020-06-10,0.008990953732620932,0.00929103869761816,0.008990953732620932,0.00929103869761816
2020-06-11,-0.04389463772753299,-0.04347935621023191,-0.04389463772753299,-0.04347935621023191
2020-06-12,0.014961385896340218,0.015023584139438162,0.014961385896340218,0.015023584139438162
2020-06-13,0.0005416058266745072,0.0005464031306634531,0.0005416058266745072,0.0005464031306634531
2020-06-14,-0.012220118725485674,-0.012274543619958389,-0.012220118725485674,-0.012274543619958389
2020-06-15,0.0011653544919936198,0.0011574576440520623,0.0011653544919936198,0.0011574576440520623
2020-06-16,0.008872727146194137,0.008911825781626082,0.008872727146194137,0.008911825781626082
2020-06-17,-0.003704018985287716,-0.003716828142885986,-0.003704018985287716,-0.003716828142885986
2020-06-18,-0.0056851123522122515,-0.005707332942377796,-0.0056851123522122515,-0.005707332942377796
2020-06-19,-0.005259275272069486,-0.0052792903099517785,-0.005259275272069486,-0.0052792903099517785
2020-06-20,0.001250805576650471,0.0012499185312044858,0.001250805576650471,0.0012499185312044858
2020-06-21,-0.0038836427008768215,-0.003891148603716088,-0.0038836427008768215,-0.003891148603716088
2020-06-22,0.03577572683988195,0.0359106241567797,0.03577572683988195,0.0359106241567797
2020-06-23,-0.0027131193376089824,-0.002505323323302777,-0.0027131193376089824,-0.002505323323302777
2020-06-24,-0.02675400436630493,-0.02488547403731156,-0.02675400436630493,-0.02488547403731156
2020-06-25,-0.004415809269126547,-0.004532628625408819,-0.004415809269126547,-0.004532628625408819
2020-06-26,-0.006916935842375516,-0.0070783833952338115,-0.006916935842375516,-0.0070783833952338115
2020-06-27,-0.016994385165828407,-0.01749497528717192,-0.016994385165828407,-0.01749497528717192
2020-06-28,0.009240725687535312,0.008246205003708207,0.009240725687535312,0.008246205003708207
2020-06-29,0.0068018622890226865,0.006977884966316683,0.0068018622890226865,0.006977884966316683
2020-06-30,-0.00505848129822839,-0.005193192307271999,-0.00505848129822839,-0.005193192307271999
2020-07-01,0.010215872256115421,0.010922648047484662,0.010215872256115421,0.010922648047484662
2020-07-02,-0.01133251192891438,-0.011505437813105979,-0.01133251192891438,-0.011505437813105979
2020-07-03,-0.0031691332647457715,-0.003250503383054326,-0.0031691332647457715,-0.003250503383054326
2020-07-04,0.008624307950154009,0.00884579587341916,0.008624307950154009,0.00884579587341916
2020-07-05,-0.004555236146576269,-0.004636993340604079,-0.004555236146576269,-0.004636993340604079
2020-07-06,0.030172884899558383,0.029594832689989303,0.030172884899558383,0.029594832689989303
2020-07-07,-0.006682118352944855,-0.006514758091599182,-0.006682118352944855,-0.006514758091599182
2020-07-08,0.01968786063020156,0.01999304635795851,0.01968786063020156,0.01999304635795851
2020-07-09,-0.019225758980832786,-0.01869237888740216,-0.019225758980832786,-0.01869237888740216
2020-07-10,0.0010873136084121882,0.0011670847584588362,0.0010873136084121882,0.0011670847584588362
2020-07-11,-0.00656866277305812,-0.0063405802884639595,-0.00656866277305812,-0.0063405802884639595
2020-07-12,0.009983916264246107,0.009582508047382143,0.009983916264246107,0.009582508047382143
2020-07-13,-0.008895038809660916,-0.00964041201767385,-0.008895038809660916,-0.00964041201767385
2020-07-14,0.002357020873634541,0.0024504960278075583,0.002357020873634541,0.0024504960278075583
2020-07-15,-0.006607770239541955,-0.006787777780056903,-0.006607770239541955,-0.006787777780056903
2020-07-16,-0.014599955865272407,-0.01375401911845997,-0.014599955865272407,-0.01375401911845997
2020-07-17,-0.0009046725556618451,-0.0009046462660616816,-0.0009046725556618451,-0.0009046462660616816
2020-07-18,0.006000558013390833,0.006000530388590608,0.006000558013390833,0.006000530388590608
2020-07-19,0.008055052088310033,0.00805505214529667,0.008055052088310033,0.00805505214529667
2020-07-20,-0.009169315866453087,-0.009169315862818439,-0.009169315866453087,-0.009169315862818439
2020-07-21,0.030869329234625376,0.030869329234565868,0.030869329234625376,0.030869329234565868
2020-07-22,0.038341525843225144,0.038341525843225144,0.038341525843225144,0.038341525843225144
2020-07-23,0.024286862540940923,0.024286862540940923,0.024286862540940923,0.024286862540940923
2020-07-24,0.000861789148077996,0.000861789148077996,0.000861789148077996,0.000861789148077996
2020-07-25,0.04595527526201382,0.04595527526201382,0.04595527526201382,0.04595527526201382
2020-07-26,0.021309860348037946,0.021309860348037946,0.021309860348037946,0.021309860348037946
2020-07-27,0.07898692450122802,0.07898692450122802,0.07898692450122802,0.07898692450122802
2020-07-28,-0.010099282384895547,-0.010099282384895547,-0.010099282384895547,-0.010099282384895547
2020-07-29,0.008431137013650059,0.008431137013650059,0.008431137013650059,0.008431137013650059
2020-07-30,0.01698030062877498,0.01698030062877498,0.01698030062877498,0.01698030062877498
2020-07-31,0.02004214292049933,0.02004214292049933,0.02004214292049933,0.02004214292049933
2020-08-01,0.056042480390075644,0.056042480390075644,0.056042480390075644,0.056042480390075644
2020-08-02,-0.03580697777646358,-0.03580697777646358,-0.03580697777646358,-0.03580697777646358
2020-08-03,0.012454121262968076,0.012454121262968076,0.012454121262968076,0.012454121262968076
2020-08-04,0.0014446615192500456,0.0014446615192500456,0.0014446615192500456,0.0014446615192500456
2020-08-05,0.02205751294827807,0.02205751294827807,0.02205751294827807,0.02205751294827807
2020-08-06,-0.003037615936807181,-0.003037615936807181,-0.003037615936807181,-0.003037615936807181
2020-08-07,-0.013724918503329353,-0.013724918503329353,-0.013724918503329353,-0.013724918503329353
2020-08-08,0.015425798754861164,0.015425798754861164,0.015425798754861164,0.015425798754861164
2020-08-09,-0.006597968197155413,-0.006597968197155413,-0.006597968197155413,-0.006597968197155413
2020-08-10,0.009882664807249864,0.009882664807249864,0.009882664807249864,0.009882664807249864
2020-08-11,-0.02548635680150868,-0.02548635680150868,-0.02548635680150868,-0.02548635680150868
2020-08-12,0.010522956929160276,0.010522956929160276,0.010522956929160276,0.010522956929160276
2020-08-13,0.03350187180217601,0.03350187180217601,0.03350187180217601,0.03350187180217601
2020-08-14,0.008995366347485767,0.008995366347485767,0.008995366347485767,0.008995366347485767
2020-08-15,-0.0008688974250554704,-0.0008688974250554704,-0.0008688974250554704,-0.0008688974250554704
2020-08-16,0.002983453548914383,0.002983453548914383,0.002983453548914383,0.002983453548914383
2020-08-17,0.01113444112185924,0.01113444112185924,0.01113444112185924,0.01113444112185924
2020-08-18,-0.017900085052531156,-0.017900085052531156,-0.017900085052531156,-0.017900085052531156
2020-08-19,-0.016965179714185652,-0.016965179714185652,-0.016965179714185652,-0.016965179714185652
2020-08-20,0.009649358908421224,0.009649358908421224,0.009649358908421224,0.009649358908421224
2020-08-21,-0.03137279322606856,-0.03137279322606856,-0.03137279322606856,-0.03137279322606856
2020-08-22,0.010185714460519746,0.010185714460519746,0.010185714460519746,0.010185714460519746
2020-08-23,-0.0038277469024302624,-0.0038277469024302624,-0.0038277469024302624,-0.0038277469024302624
2020-08-24,0.015669437077804105,0.015669437077804105,0.015669437077804105,0.015669437077804105
2020-08-25,-0.03406241572569979,-0.03406241572569979,-0.03406241572569979,-0.03406241572569979
2020-08-26,0.007576069678767228,0.007576069678767228,0.007576069678767228,0.007576069678767228
2020-08-27,-0.006817248278409793,-0.006817248278409793,-0.006817248278409793,-0.006817248278409793
2020-08-28,0.016249851889206024,0.016249851889206024,0.016249851889206024,0.016249851889206024
2020-08-29,0.0002997750401083632,0.0002997750401083632,0.0002997750401083632,0.0002997750401083632
2020-08-30,0.031269895099130585,0.031269895099130585,0.031269895099130585,0.031269895099130585
2020-08-31,0.0006254892495303199,0.0006254892495303199,0.0006254892495303199,0.0006254892495303199
2020-09-01,0.04058251752295505,0.04058251752295505,0.04058251752295505,0.04058251752295505
2020-09-02,-0.04773002163367179,-0.04773002163367179,-0.04773002163367179,-0.04773002163367179
2020-09-03,-0.08018981430891536,-0.08018981430891536,-0.08018981430891536,-0.08018981430891536
2020-09-04,0.008146398774969033,0.008146398774969033,0.008146398774969033,0.008146398774969033
2020-09-05,-0.03419987788633572,-0.03419987788633572,-0.03419987788633572,-0.03419987788633572
2020-09-06,0.007985674126650188,0.007985674126650188,0.007985674126650188,0.007985674126650188
2020-09-07,0.00026230856822828663,0.00026230856822828663,0.00026230856822828663,0.00026230856822828663
2020-09-08,-0.011399964152151276,-0.011399964152151276,-0.011399964152151276,-0.011399964152151276
2020-09-09,0.0063590445080683455,0.0063590445080683455,0.0063590445080683455,0.0063590445080683455
2020-09-10,0.008036899680186504,0.008036899680186504,0.008036899680186504,0.008036899680186504
2020-09-11,0.0028883677333533253,0.0028883677333533253,0.0028883677333533253,0.0028883677333533253
2020-09-12,0.006970268347478603,0.006970268347478603,0.006970268347478603,0.006970268347478603
2020-09-13,-0.011678934721753409,-0.011678934721753409,-0.011678934721753409,-0.011678934721753409
2020-09-14,0.011442645967558729,0.011442645967558729,0.011442645967558729,0.011442645967558729
2020-09-15,-0.003015866091513386,-0.003015866091513386,-0.003015866091513386,-0.003015866091513386
2020-09-16,0.0039334364311200964,0.0039334364311200964,0.0039334364311200964,0.0039334364311200964
2020-09-17,0.009732388456931584,0.009732388456931584,0.009732388456931584,0.009732388456931584
2020-09-18,-0.0031732039183470784,-0.0031732039183470784,-0.0031732039183470784,-0.0031732039183470784
2020-09-19,0.00492854914783325,0.00492854914783325,0.00492854914783325,0.00492854914783325
2020-09-20,-0.013865947442770032,-0.013865947442770032,-0.013865947442770032,-0.013865947442770032
2020-09-21,-0.035833118840604694,-0.035833118840604694,-0.035833118840604694,-0.035833118840604694
2020-09-22,0.006250030936832074,0.006250030936832074,0.006250030936832074,0.006250030936832074
2020-09-23,-0.023309486075875796,-0.023309486075875796,-0.023309486075875796,-0.023309486075875796
2020-09-24,0.022565140971871456,0.022565140971871456,0.022565140971871456,0.022565140971871456
2020-09-25,-0.0002081469378449885,-0.0002081469378449885,-0.0002081469378449885,-0.0002081469378449885
2020-09-26,0.0023350930356029753,0.0023350930356029753,0.0023350930356029753,0.0023350930356029753
2020-09-27,0.003204276349386026,0.003204276349386026,0.003204276349386026,0.003204276349386026
2020-09-28,-0.004233039965885754,-0.004233039965885754,-0.004233039965885754,-0.004233039965885754
2020-09-29,0.007522165650602597,0.007522165650602597,0.007522165650602597,0.007522165650602597
2020-09-30,-0.002055567346184284,-0.002055567346184284,-0.002055567346184284,-0.002055567346184284
2020-10-01,-0.013565169323235926,-0.013565169323235926,-0.013565169323235926,-0.013565169323235926
2020-10-02,-0.0066789130101848615,-0.0066789130101848615,-0.0066789130101848615,-0.0066789130101848615
2020-10-03,-0.0006470855902327433,-0.0006470855902327433,-0.0006470855902327433,-0.0006470855902327433
2020-10-04,0.006727332401674557,0.006727332401674557,0.006727332401674557,0.006727332401674557
2020-10-05,0.005116432422338946,0.005116432422338946,0.005116432422338946,0.005116432422338946
2020-10-06,-0.014305227349158955,-0.014305227349158955,-0.014305227349158955,-0.014305227349158955
2020-10-07,0.0026596215925955846,0.0026596215925955846,0.0026596215925955846,0.0026596215925955846
2020-10-08,0.013078194691431344,0.013078194691431344,0.013078194691431344,0.013078194691431344
2020-10-09,0.013872067732969784,0.013872067732969784,0.013872067732969784,0.013872067732969784
2020-10-10,0.014731172455126007,0.014731172455126007,0.014731172455126007,0.014731172455126007
2020-10-11,0.006924485359204979,0.006924485359204979,0.006924485359204979,0.006924485359204979
2020-10-12,0.016167337718028918,0.016167337718028918,0.016167337718028918,0.016167337718028918
2020-10-13,-0.009411083139559406,-0.009411083139559406,-0.009411083139559406,-0.009411083139559406
2020-10-14,-0.0018872903662399132,-0.0018872903662399132,-0.0018872903662399132,-0.0018872903662399132
2020-10-15,0.003614135448441358,0.003614135448441358,0.003614135448441358,0.003614135448441358
2020-10-16,-0.0183756356276098,-0.0183756356276098,-0.0183756356276098,-0.0183756356276098
2020-10-17,0.004231700540531014,0.004231700540531014,0.004231700540531014,0.004231700540531014
2020-10-18,0.014680974299997596,0.014680974299997596,0.014680974299997596,0.014680974299997596
2020-10-19,0.013360439476922892,0.013360439476922892,0.013360439476922892,0.013360439476922892
2020-10-20,-0.0014022387529473157,-0.0014022387529473157,-0.0014022387529473157,-0.0014022387529473157
2020-10-21,0.06161654112721404,0.06161654112721404,0.06161654112721404,0.06161654112721404
2020-10-22,0.030070117776493932,0.030070117776493932,0.030070117776493932,0.030070117776493932
2020-10-23,-0.006305895215593438,-0.006305895215593438,-0.006305895215593438,-0.006305895215593438
2020-10-24,0.010318897508098557,0.010318897508098557,0.010318897508098557,0.010318897508098557
2020-10-25,-0.009054669114099023,-0.009054669114099023,-0.009054669114099023,-0.009054669114099023
2020-10-26,-0.01149626112490354,-0.01149626112490354,-0.01149626112490354,-0.01149626112490354
2020-10-27,0.033736007164980375,0.033736007164980375,0.033736007164980375,0.033736007164980375
2020-10-28,-0.028227669841611847,-0.028227669841611847,-0.028227669841611847,-0.028227669841611847
2020-10-29,0.00657328819458991,0.00657328819458991,0.00657328819458991,0.00657328819458991
2020-10-30,-0.00013554820077277263,-0.00013554820077277263,-0.00013554820077277263,-0.00013554820077277263
2020-10-31,0.011041015700915757,0.011041015700915757,0.011041015700915757,0.011041015700915757
2020-11-01,0.0070514684205458256,0.0070514684205458256,0.0070514684205458256,0.0070514684205458256
2020-11-02,-0.017790819811572822,-0.017790819811572822,-0.017790819811572822,-0.017790819811572822
2020-11-03,0.017190498354854755,0.017190498354854755,0.017190498354854755,0.017190498354854755
2020-11-04,0.014579106918202411,0.014579106918202411,0.014579106918202411,0.014579106918202411
2020-11-05,0.057541095350745364,0.057541095350745364,0.057541095350745364,0.057541095350745364
2020-11-06,0.030762717614644997,0.030762717614644997,0.030762717614644997,0.030762717614644997
2020-11-07,-0.03504440833960121,-0.03504440833960121,-0.03504440833960121,-0.03504440833960121
2020-11-08,0.031277962878485166,0.031277962878485166,0.031277962878485166,0.031277962878485166
2020-11-09,-0.009887497024589464,-0.009887497024589464,-0.009887497024589464,-0.009887497024589464
2020-11-10,0.003128941117527706,0.003128941117527706,0.003128941117527706,0.003128941117527706
2020-11-11,0.0175314774340658,0.0175314774340658,0.0175314774340658,0.0175314774340658
2020-11-12,0.013955902147178234,0.013955902147178234,0.013955902147178234,0.013955902147178234
2020-11-13,0.0094254258498494,0.0094254258498494,0.0094254258498494,0.0094254258498494
2020-11-14,-0.01538972720143661,-0.01538972720143661,-0.01538972720143661,-0.01538972720143661
2020-11-15,-0.010701463836984448,-0.010701463836984448,-0.010701463836984448,-0.010701463836984448
2020-11-16,0.028742178139248287,0.028742178139248287,0.028742178139248287,0.028742178139248287
2020-11-17,0.04048285398639351,0.04048285398639351,0.04048285398639351,0.04048285398639351
2020-11-18,-0.0003905097481218256,-0.0003905097481218256,-0.0003905097481218256,-0.0003905097481218256
2020-11-19,-0.004450233224986833,-0.004450233224986833,-0.004450233224986833,-0.004450233224986833
2020-11-20,0.04530734841755368,0.04530734841755368,0.04530734841755368,0.04530734841755368
2020-11-21,0.028560261584980262,0.028560261584980262,0.028560261584980262,0.028560261584980262
2020-11-22,-0.0014177403551894896,-0.0014177403551894896,-0.0014177403551894896,-0.0014177403551894896
2020-11-23,0.02306746229562817,0.02306746229562817,0.02306746229562817,0.02306746229562817
2020-11-24,0.013611288460432025,0.013611288460432025,0.013611288460432025,0.013611288460432025
2020-11-25,-0.02379462456420256,-0.02379462456420256,-0.02379462456420256,-0.02379462456420256
2020-11-26,-0.05285747475225633,-0.05285747475225633,-0.05285747475225633,-0.05285747475225633
2020-11-27,-0.0007058720888456493,-0.0007058720888456493,-0.0007058720888456493,-0.0007058720888456493
2020-11-28,0.018468766029142936,0.018468766029142936,0.018468766029142936,0.018468766029142936
2020-11-29,0.02549113784578494,0.02549113784578494,0.02549113784578494,0.02549113784578494
2020-11-30,0.04104400233184902,0.04104400233184902,0.04104400233184902,0.04104400233184902
2020-12-01,-0.02501003268012214,-0.02501003268012214,-0.02501003268012214,-0.02501003268012214
2020-12-02,0.010971494290805017,0.010971494290805017,0.010971494290805017,0.010971494290805017
2020-12-03,0.010012016488605724,0.010012016488605724,0.010012016488605724,0.010012016488605724
2020-12-04,-0.02866566847174845,-0.02866566847174845,-0.02866566847174845,-0.02866566847174845
2020-12-05,0.01838720790764592,0.01838720790764592,0.01838720790764592,0.01838720790764592
2020-12-06,0.00493276231609574,0.00493276231609574,0.00493276231609574,0.00493276231609574
2020-12-07,-0.00654238492783854,-0.00654238492783854,-0.00654238492783854,-0.00654238492783854
2020-12-08,-0.02581359660195337,-0.02581359660195337,-0.02581359660195337,-0.02581359660195337
2020-12-09,0.010000825815455583,0.010000825815455583,0.010000825815455583,0.010000825815455583
2020-12-10,-0.00954529996413589,-0.00954529996413589,-0.00954529996413589,-0.00954529996413589
2020-12-11,-0.008715958964483295,-0.008715958964483295,-0.008715958964483295,-0.008715958964483295
2020-12-12,0.022008366445685157,0.022008366445685157,0.022008366445685157,0.022008366445685157
2020-12-13,0.01700404062816996,0.01700404062816996,0.01700404062816996,0.01700404062816996
2020-12-14,-0.00012170746391770848,-0.00012170746391770848,-0.00012170746391770848,-0.00012170746391770848
2020-12-15,0.0038799242741547335,0.0038799242741547335,0.0038799242741547335,0.0038799242741547335
2020-12-16,0.0565929966375045,0.0565929966375045,0.0565929966375045,0.0565929966375045
2020-12-17,0.028366855629597953,0.028366855629597953,0.028366855629597953,0.028366855629597953
2020-12-18,0.009036852994728228,0.009036852994728228,0.009036852994728228,0.009036852994728228
2020-12-19,0.012015934271645268,0.012015934271645268,0.012015934271645268,0.012015934271645268
2020-12-20,-0.013090248169715046,-0.013090248169715046,-0.013090248169715046,-0.013090248169715046
2020-12-21,-0.022933054958970245,-0.022933054958970245,-0.022933054958970245,-0.022933054958970245
2020-12-22,0.028033572404768003,0.028033572404768003,0.028033572404768003,0.028033572404768003
2020-12-23,-0.028650048644335624,-0.028650048644335624,-0.028650048644335624,-0.028650048644335624
2020-12-24,0.0183660237844685,0.0183660237844685,0.0183660237844685,0.0183660237844685
2020-12-25,0.019851393837273967,0.019851393837273967,0.019851393837273967,0.019851393837273967
2020-12-26,0.02592564792913077,0.02592564792913077,0.02592564792913077,0.02592564792913077
2020-12-27,0.015861106556687155,0.015861106556687155,0.015861106556687155,0.015861106556687155
2020-12-28,0.026529824345131292,0.026529824345131292,0.026529824345131292,0.026529824345131292
2020-12-29,0.004072289912449012,0.004072289912449012,0.004072289912449012,0.004072289912449012
2020-12-30,0.024353591369850713,0.024353591369850713,0.024353591369850713,0.024353591369850713
2020-12-31,-0.005128336287364088,-0.005128336287364088,-0.005128336287364088,-0.005128336287364088
2021-01-01,0.0018336781708816474,0.0018336781708816474,0.0018336781708816474,0.0018336781708816474
2021-01-02,0.0499003227792405,0.0499003227792405,0.0499003227792405,0.0499003227792405
2021-01-03,0.06514686572214767,0.06514686572214767,0.06514686572214767,0.06514686572214767
2021-01-04,0.004890528693452856,0.004890528693452856,0.004890528693452856,0.004890528693452856
2021-01-05,0.018926669480834546,0.018926669480834546,0.018926669480834546,0.018926669480834546
2021-01-06,0.030992887464734054,0.030992887464734054,0.030992887464734054,0.030992887464734054
2021-01-07,0.016534824520691993,0.016534824520691993,0.016534824520691993,0.016534824520691993
2021-01-08,0.005884205675365406,0.005884205675365406,0.005884205675365406,0.005884205675365406
2021-01-09,0.005996014024668428,0.005996014024668428,0.005996014024668428,0.005996014024668428
2021-01-10,-0.010436192684202483,-0.010436192684202483,-0.010436192684202483,-0.010436192684202483
2021-01-11,-0.033337492529649126,-0.033337492529649126,-0.033337492529649126,-0.033337492529649126
2021-01-12,-0.008977249909216112,-0.008977249909216112,-0.008977249909216112,-0.008977249909216112
2021-01-13,0.021097431082613305,0.021097431082613305,0.021097431082613305,0.021097431082613305
2021-01-14,0.016471873096955747,0.016471873096955747,0.016471873096955747,0.016471873096955747
2021-01-15,-0.015195852411525101,-0.015195852411525101,-0.015195852411525101,-0.015195852411525101
2021-01-16,0.0024482961331606656,0.0024482961331606656,0.0024482961331606656,0.0024482961331606656
2021-01-17,-0.00024250825605898196,-0.00024250825605898196,-0.00024250825605898196,-0.00024250825605898196
2021-01-18,0.005595142885379989,0.005595142885379989,0.005595142885379989,0.005595142885379989
2021-01-19,0.006797346658965253,0.006797346658965253,0.006797346658965253,0.006797346658965253
2021-01-20,-0.0006207299947279532,-0.0006207299947279532,-0.0006207299947279532,-0.0006207299947279532
2021-01-21,-0.042361252059502696,-0.042361252059502696,-0.042361252059502696,-0.042361252059502696
2021-01-22,0.02015966855221274,0.02015966855221274,0.02015966855221274,0.02015966855221274
2021-01-23,-0.003420534947154996,-0.003420534947154996,-0.003420534947154996,-0.003420534947154996
2021-01-24,0.015520708599994215,0.015520708599994215,0.015520708599994215,0.015520708599994215
2021-01-25,-0.00685870373607933,-0.00685870373607933,-0.00685870373607933,-0.00685870373607933
2021-01-26,0.005295732865658209,0.005295732865658209,0.005295732865658209,0.005295732865658209
2021-01-27,-0.020068110269065853,-0.020068110269065853,-0.020068110269065853,-0.020068110269065853
2021-01-28,0.020751120967672065,0.020751120967672065,0.020751120967672065,0.020751120967672065
2021-01-29,0.008123569838699884,0.008123569838699884,0.008123569838699884,0.008123569838699884
2021-01-30,-8.947816600879399e-05,-8.947816600879399e-05,-8.947816600879399e-05,-8.947816600879399e-05
2021-01-31,-0.010609461955601418,-0.010609461955601418,-0.010609461955601418,-0.010609461955601418
2021-02-01,0.0074077937915524306,0.0074077937915524306,0.0074077937915524306,0.0074077937915524306
2021-02-02,0.020305651232527255,0.020305651232527255,0.020305651232527255,0.020305651232527255
2021-02-03,0.02206795137603601,0.02206795137603601,0.02206795137603601,0.02206795137603601
2021-02-04,-0.008633089943163585,-0.008633089943163585,-0.008633089943163585,-0.008633089943163585
2021-02-05,0.016127907634089667,0.016127907634089667,0.016127907634089667,0.016127907634089667
2021-02-06,-0.0003190447812640995,-0.0003190447812640995,-0.0003190447812640995,-0.0003190447812640995
2021-02-07,-0.006778013057213039,-0.006778013057213039,-0.006778013057213039,-0.006778013057213039
2021-02-08,0.05146622672856083,0.05146622672856083,0.05146622672856083,0.05146622672856083
2021-02-09,0.001804709867870402,0.001804709867870402,0.001804709867870402,0.001804709867870402
2021-02-10,-0.010303312177822765,-0.010303312177822765,-0.010303312177822765,-0.010303312177822765
2021-02-11,0.01950805825566926,0.01950805825566926,0.01950805825566926,0.01950805825566926
2021-02-12,0.0011690321474919774,0.0011690321474919774,0.0011690321474919774,0.0011690321474919774
2021-02-13,-0.0027341499732627117,-0.0027341499732627117,-0.0027341499732627117,-0.0027341499732627117
2021-02-14,0.005766824474443988,0.005766824474443988,0.005766824474443988,0.005766824474443988
2021-02-15,-0.005620010981629786,-0.005620010981629786,-0.005620010981629786,-0.005620010981629786
2021-02-16,0.006281386161106184,0.006281386161106184,0.006281386161106184,0.006281386161106184
2021-02-17,0.021973229917898296,0.021973229917898296,0.021973229917898296,0.021973229917898296
2021-02-18,0.006949075870885446,0.006949075870885446,0.006949075870885446,0.006949075870885446
2021-02-19,0.022204617666226056,0.022204617666226056,0.022204617666226056,0.022204617666226056
2021-02-20,-0.004686004169404012,-0.004686004169404012,-0.004686004169404012,-0.004686004169404012
2021-02-21,0.00943047223077964,0.00943047223077964,0.00943047223077964,0.00943047223077964
2021-02-22,-0.031483940606047645,-0.031483940606047645,-0.031483940606047645,-0.031483940606047645
2021-02-23,-0.04926533128302968,-0.04926533128302968,-0.04926533128302968,-0.04926533128302968
2021-02-24,0.00804325041817422,0.00804325041817422,0.00804325041817422,0.00804325041817422
2021-02-25,-0.025419409612614352,-0.025419409612614352,-0.025419409612614352,-0.025419409612614352
2021-02-26,-0.007272735054793422,-0.007272735054793422,-0.007272735054793422,-0.007272735054793422
2021-02-27,0.0009204262215625203,0.0009204262215625203,0.0009204262215625203,0.0009204262215625203
2021-02-28,-0.008185767176905334,-0.008185767176905334,-0.008185767176905334,-0.008185767176905334
2021-03-01,0.03458906556870289,0.03458906556870289,0.03458906556870289,0.03458906556870289
2021-03-02,-0.013600075461379757,-0.013600075461379757,-0.013600075461379757,-0.013600075461379757
2021-03-03,0.016395733239864096,0.016395733239864096,0.016395733239864096,0.016395733239864096
2021-03-04,-0.010480341087775513,-0.010480341087775513,-0.010480341087775513,-0.010480341087775513
2021-03-05,0.00016607411415625606,0.00016607411415625606,0.00016607411415625606,0.00016607411415625606
2021-03-06,0.014348332675094388,0.014348332675094388,0.014348332675094388,0.014348332675094388
2021-03-07,0.016161694749524003,0.016161694749524003,0.016161694749524003,0.016161694749524003
2021-03-08,0.01686476079811383,0.01686476079811383,0.01686476079811383,0.01686476079811383
2021-03-09,0.012962347188367529,0.012962347188367529,0.012962347188367529,0.012962347188367529
2021-03-10,-0.004673151585881441,-0.004673151585881441,-0.004673151585881441,-0.004673151585881441
2021-03-11,0.010068075952900601,0.010068075952900601,0.010068075952900601,0.010068075952900601
2021-03-12,-0.008275119600109182,-0.008275119600109182,-0.008275119600109182,-0.008275119600109182
2021-03-13,0.030722880745329473,0.030722880745329473,0.030722880745329473,0.030722880745329473
2021-03-14,-0.015308290883498388,-0.015308290883498388,-0.015308290883498388,-0.015308290883498388
2021-03-15,-0.017433357781996395,-0.017433357781996395,-0.017433357781996395,-0.017433357781996395
2021-03-16,0.005823352061295806,0.005823352061295806,0.005823352061295806,0.005823352061295806
2021-03-17,0.012662503027013106,0.012662503027013106,0.012662503027013106,0.012662503027013106
2021-03-18,-0.010527185536169492,-0.010527185536169492,-0.010527185536169492,-0.010527185536169492
2021-03-19,0.005206314819415692,0.005206314819415692,0.005206314819415692,0.005206314819415692
2021-03-20,-2.1375721731553554e-06,-2.1375721731553554e-06,-2.1375721731553554e-06,-2.1375721731553554e-06
2021-03-21,-0.005743283645945341,-0.005743283645945341,-0.005743283645945341,-0.005743283645945341
2021-03-22,-0.025293008714709964,-0.025293008714709964,-0.025293008714709964,-0.025293008714709964
2021-03-23,-0.00024844022824865863,-0.00024844022824865863,-0.00024844022824865863,-0.00024844022824865863
2021-03-24,-0.018662483069612934,-0.018662483069612934,-0.018662483069612934,-0.018662483069612934
2021-03-25,-0.0042158389936803875,-0.0042158389936803875,-0.0042158389936803875,-0.0042158389936803875
2021-03-26,0.029949420778241587,0.029949420778241587,0.029949420778241587,0.029949420778241587
2021-03-27,0.005056886139394257,0.005056886139394257,0.005056886139394257,0.005056886139394257
2021-03-28,-0.0029530336091323495,-0.0029530336091323495,-0.0029530336091323495,-0.0029530336091323495
2021-03-29,0.024023729907505897,0.024023729907505897,0.024023729907505897,0.024023729907505897
2021-03-30,0.008110209693437787,0.008110209693437787,0.008110209693437787,0.008110209693437787
2021-03-31,0.010690304657419603,0.010690304657419603,0.010690304657419603,0.010690304657419603
2021-04-01,0.006454721638537109,0.006454721638537109,0.006454721638537109,0.006454721638537109
2021-04-02,0.023093978683330407,0.023093978683330407,0.023093978683330407,0.023093978683330407
2021-04-03,-0.02600458906213532,-0.02600458906213532,-0.02600458906213532,-0.02600458906213532
2021-04-04,0.014982503755192056,0.014982503755192056,0.014982503755192056,0.014982503755192056
2021-04-05,0.008939609249169145,0.008939609249169145,0.008939609249169145,0.008939609249169145
2021-04-06,-0.005153682402649462,-0.005153682402649462,-0.005153682402649462,-0.005153682402649462
2021-04-07,-0.029966239281585705,-0.029966239281585705,-0.029966239281585705,-0.029966239281585705
2021-04-08,0.027042252135478284,0.027042252135478284,0.027042252135478284,0.027042252135478284
2021-04-09,-0.0014606263638573536,-0.0014606263638573536,-0.0014606263638573536,-0.0014606263638573536
2021-04-10,0.017156429086416347,0.017156429086416347,0.017156429086416347,0.017156429086416347
2021-04-11,0.0034998497460128064,0.0034998497460128064,0.0034998497460128064,0.0034998497460128064
2021-04-12,-0.0024867073183966193,-0.0024867073183966193,-0.0024867073183966193,-0.0024867073183966193
2021-04-13,0.039697667197156505,0.039697667197156505,0.039697667197156505,0.039697667197156505
2021-04-14,0.01367539828921105,0.01367539828921105,0.01367539828921105,0.01367539828921105
2021-04-15,0.011419652127729663,0.011419652127729663,0.011419652127729663,0.011419652127729663
2021-04-16,-0.021258281681976632,-0.021258281681976632,-0.021258281681976632,-0.021258281681976632
2021-04-17,-0.020606577218990063,-0.020606577218990063,-0.020606577218990063,-0.020606577218990063
2021-04-18,-0.04000182536902752,-0.04000182536902752,-0.04000182536902752,-0.04000182536902752
2021-04-19,-0.009308759357805951,-0.009308759357805951,-0.009308759357805951,-0.009308759357805951
2021-04-20,0.01991699196716845,0.01991699196716845,0.01991699196716845,0.01991699196716845
2021-04-21,-0.006731015083642822,-0.006731015083642822,-0.006731015083642822,-0.006731015083642822
2021-04-22,-0.0034565806595900916,-0.0034565806595900916,-0.0034565806595900916,-0.0034565806595900916
2021-04-23,-0.006889540041730147,-0.006889540041730147,-0.006889540041730147,-0.006889540041730147
2021-04-24,-0.01755252742032365,-0.01755252742032365,-0.01755252742032365,-0.01755252742032365
2021-04-25,0.0046963471990209005,0.0046963471990209005,0.0046963471990209005,0.0046963471990209005
2021-04-26,0.026148409083544433,0.026148409083544433,0.026148409083544433,0.026148409083544433
2021-04-27,0.012863809991330966,0.012863809991330966,0.012863809991330966,0.012863809991330966
2021-04-28,0.005656689183716868,0.005656689183716868,0.005656689183716868,0.005656689183716868
2021-04-29,-0.002860661671730047,-0.002860661671730047,-0.002860661671730047,-0.002860661671730047
2021-04-30,0.013409890912033262,0.013409890912033262,0.013409890912033262,0.013409890912033262
2021-05-01,0.012999734830359655,0.012999734830359655,0.012999734830359655,0.012999734830359655
2021-05-02,-0.005093315218590466,-0.005093315218590466,-0.005093315218590466,-0.005093315218590466
2021-05-03,0.037601923703530105,0.037601923703530105,0.037601923703530105,0.037601923703530105
2021-05-04,-0.03118127434650475,-0.03118127434650475,-0.03118127434650475,-0.03118127434650475
2021-05-05,0.03874210273626222,0.03874210273626222,0.03874210273626222,0.03874210273626222
2021-05-06,-0.006696597804165427,-0.006696597804165427,-0.006696597804165427,-0.006696597804165427
2021-05-07,0.0021684310224305836,0.0021684310224305836,0.0021684310224305836,0.0021684310224305836
2021-05-08,0.037040549727584304,0.037040549727584304,0.037040549727584304,0.037040549727584304
2021-05-09,-0.002392060010352748,-0.002392060010352748,-0.002392060010352748,-0.002392060010352748
2021-05-10,-0.011055086338701448,-0.011055086338701448,-0.011055086338701448,-0.011055086338701448
2021-05-11,0.015926400077936664,0.015926400077936664,0.015926400077936664,0.015926400077936664
2021-05-12,-0.04788443398351894,-0.04788443398351894,-0.04788443398351894,-0.04788443398351894
2021-05-13,-0.0059718567956150714,-0.0059718567956150714,-0.0059718567956150714,-0.0059718567956150714
2021-05-14,0.019489716943472235,0.019489716943472235,0.019489716943472235,0.019489716943472235
2021-05-15,-0.023972823181636405,-0.023972823181636405,-0.023972823181636405,-0.023972823181636405
2021-05-16,-0.0034480891688285498,-0.0034480891688285498,-0.0034480891688285498,-0.0034480891688285498
2021-05-17,-0.014602608452230714,-0.014602608452230714,-0.014602608452230714,-0.014602608452230714
2021-05-18,0.003751497035381801,0.003751497035381801,0.003751497035381801,0.003751497035381801
2021-05-19,-0.043206637387243174,-0.043206637387243174,-0.043206637387243174,-0.043206637387243174
2021-05-20,0.015214730285686207,0.015214730285686207,0.015214730285686207,0.015214730285686207
2021-05-21,-0.01534762898078701,-0.01534762898078701,-0.01534762898078701,-0.01534762898078701
2021-05-22,-0.00783852605358537,-0.00783852605358537,-0.00783852605358537,-0.00783852605358537
2021-05-23,-0.0043712939931602746,-0.0043712939931602746,-0.0043712939931602746,-0.0043712939931602746
2021-05-24,0.012211426571493433,0.012211426571493433,0.012211426571493433,0.012211426571493433
2021-05-25,0.0012386666965895632,0.0012386666965895632,0.0012386666965895632,0.0012386666965895632
2021-05-26,0.003925085763675451,0.003925085763675451,0.003925085763675451,0.003925085763675451
2021-05-27,-0.0031027022887871736,-0.0031027022887871736,-0.0031027022887871736,-0.0031027022887871736
2021-05-28,-0.007199797356201243,-0.007199797356201243,-0.007199797356201243,-0.007199797356201243
2021-05-29,-0.0029295371574026285,-0.0029295371574026285,-0.0029295371574026285,-0.0029295371574026285
2021-05-30,0.0023626771350402365,0.0023626771350402365,0.0023626771350402365,0.0023626771350402365
2021-05-31,0.007037255541655796,0.007037255541655796,0.007037255541655796,0.007037255541655796
2021-06-01,-0.0015623158619320066,-0.0015623158619320066,-0.0015623158619320066,-0.0015623158619320066
2021-06-02,0.0015662907333329201,0.0015662907333329201,0.0015662907333329201,0.0015662907333329201
2021-06-03,0.003296398492965258,0.003296398492965258,0.003296398492965258,0.003296398492965258
2021-06-04,-0.0036490840774789923,-0.0036490840774789923,-0.0036490840774789923,-0.0036490840774789923
2021-06-05,-0.0013489094923695433,-0.0013489094923695433,-0.0013489094923695433,-0.0013489094923695433
2021-06-06,0.0018406941658735132,0.0018406941658735132,0.0018406941658735132,0.0018406941658735132
2021-06-07,-0.00521994447284313,-0.00521994447284313,-0.00521994447284313,-0.00521994447284313
2021-06-08,-0.0034962781757121864,-0.0034962781757121864,-0.0034962781757121864,-0.0034962781757121864
2021-06-09,0.004258485148965319,0.004258485148965319,0.004258485148965319,0.004258485148965319
2021-06-10,-0.005729004763460388,-0.005729004763460388,-0.005729004763460388,-0.005729004763460388
2021-06-11,-0.0037849789471788853,-0.0037849789471788853,-0.0037849789471788853,-0.0037849789471788853
2021-06-12,0.0003146460980483212,0.0003146460980483212,0.0003146460980483212,0.0003146460980483212
2021-06-13,0.0026056835824270763,0.0026056835824270763,0.0026056835824270763,0.0026056835824270763
2021-06-14,0.0013396799742788623,0.0013396799742788623,0.0013396799742788623,0.0013396799742788623
2021-06-15,-0.0015097580893085327,-0.0015097580893085327,-0.0015097580893085327,-0.0015097580893085327
2021-06-16,-0.005234972945398653,-0.005234972945398653,-0.005234972945398653,-0.005234972945398653
2021-06-17,0.0001010951380975289,0.0001010951380975289,0.0001010951380975289,0.0001010951380975289
2021-06-18,-0.0026103914401127692,-0.0026103914401127692,-0.0026103914401127692,-0.0026103914401127692
2021-06-19,-0.0013053211413035504,-0.0013053211413035504,-0.0013053211413035504,-0.0013053211413035504
2021-06-20,0.0014836321787468076,0.0014836321787468076,0.0014836321787468076,0.0014836321787468076
2021-06-21,-0.006729997992778403,-0.006729997992778403,-0.006729997992778403,-0.006729997992778403
2021-06-22,-0.00038643771374846647,-0.00038643771374846647,-0.00038643771374846647,-0.00038643771374846647
2021-06-23,0.0,0.0,0.0,0.0
2021-06-24,0.0,0.0,0.0,0.0
2021-06-25,0.0,0.0,0.0,0.0
2021-06-26,0.0,0.0,0.0,0.0
2021-06-27,0.0,0.0,0.0,0.0
2021-06-28,0.0,0.0,0.0,0.0
2021-06-29,0.0,0.0,0.0,0.0
2021-06-30,0.0,0.0,0.0,0.0
2021-07-01,0.0,0.0,0.0,0.0
2021-07-02,0.0,0.0,0.0,0.0
2021-07-03,0.0,0.0,0.0,0.0
2021-07-04,0.0,0.0,0.0,0.0
2021-07-05,0.0,0.0,0.0,0.0
2021-07-06,0.0,0.0,0.0,0.0
2021-07-07,-0.0016430481603603164,-0.0016430481603603164,-0.0016430481603603164,-0.0016430481603603164
2021-07-08,-0.004698104930661806,-0.004698104930661806,-0.004698104930661806,-0.004698104930661806
2021-07-09,0.0007227518222601148,0.0007227518222601148,0.0007227518222601148,0.0007227518222601148
2021-07-10,-0.000855086197157795,-0.000855086197157795,-0.000855086197157795,-0.000855086197157795
2021-07-11,0.0007016292986365968,0.0007016292986365968,0.0007016292986365968,0.0007016292986365968
2021-07-12,-0.002564947056335365,-0.002564947056335365,-0.002564947056335365,-0.002564947056335365
2021-07-13,-0.0012339560667294913,-0.0012339560667294913,-0.0012339560667294913,-0.0012339560667294913
2021-07-14,0.0,0.0,0.0,0.0
2021-07-15,0.0,0.0,0.0,0.0
2021-07-16,0.0,0.0,0.0,0.0
2021-07-17,0.0,0.0,0.0,0.0
2021-07-18,0.0,0.0,0.0,0.0
2021-07-19,0.0,0.0,0.0,0.0
2021-07-20,0.0,0.0,0.0,0.0
2021-07-21,0.0,0.0,0.0,0.0
2021-07-22,0.0,0.0,0.0,0.0
2021-07-23,0.0,0.0,0.0,0.0
2021-07-24,0.0,0.0,0.0,0.0
2021-07-25,0.0,0.0,0.0,0.0
2021-07-26,-0.003660361629298503,-0.003660361629298503,-0.003660361629298503,-0.003660361629298503
2021-07-27,0.0021484837318463956,0.0021484837318463956,0.0021484837318463956,0.0021484837318463956
2021-07-28,4.23311508235269e-05,4.23311508235269e-05,4.23311508235269e-05,4.23311508235269e-05
2021-07-29,0.0024623078177008484,0.0024623078177008484,0.0024623078177008484,0.0024623078177008484
2021-07-30,0.0023625253802319612,0.0023625253802319612,0.0023625253802319612,0.0023625253802319612
2021-07-31,0.0020686487937153775,0.0020686487937153775,0.0020686487937153775,0.0020686487937153775
2021-08-01,-0.001679257694763181,-0.001679257694763181,-0.001679257694763181,-0.001679257694763181
2021-08-02,0.003871210204374087,0.003871210204374087,0.003871210204374087,0.003871210204374087
2021-08-03,-0.008358465636563284,-0.008358465636563284,-0.008358465636563284,-0.008358465636563284
2021-08-04,0.012407752816073092,0.012407752816073092,0.012407752816073092,0.012407752816073092
2021-08-05,0.008124930125151142,0.008124930125151142,0.008124930125151142,0.008124930125151142
2021-08-06,0.008145999176022212,0.008145999176022212,0.008145999176022212,0.008145999176022212
2021-08-07,0.024560122843199084,0.024560122843199084,0.024560122843199084,0.024560122843199084
2021-08-08,-0.012996427536981159,-0.012996427536981159,-0.012996427536981159,-0.012996427536981159
2021-08-09,0.016489168753698324,0.016489168753698324,0.016489168753698324,0.016489168753698324
2021-08-10,-0.004744535306166364,-0.004744535306166364,-0.004744535306166364,-0.004744535306166364
2021-08-11,0.0011571577711442238,0.0011571577711442238,0.0011571577711442238,0.0011571577711442238
2021-08-12,-0.013653149588065405,-0.013653149588065405,-0.013653149588065405,-0.013653149588065405
2021-08-13,0.037595057083857686,0.037595057083857686,0.037595057083857686,0.037595057083857686
2021-08-14,-0.008800621728713987,-0.008800621728713987,-0.008800621728713987,-0.008800621728713987
2021-08-15,0.0029401701453926066,0.0029401701453926066,0.0029401701453926066,0.0029401701453926066
2021-08-16,-0.018814677591144524,-0.018814677591144524,-0.018814677591144524,-0.018814677591144524
2021-08-17,-0.017874026780591024,-0.017874026780591024,-0.017874026780591024,-0.017874026780591024
2021-08-18,-0.0028488390027647803,-0.0028488390027647803,-0.0028488390027647803,-0.0028488390027647803
2021-08-19,0.02156859349225604,0.02156859349225604,0.02156859349225604,0.02156859349225604
2021-08-20,0.02490789910891711,0.02490789910891711,0.02490789910891711,0.02490789910891711
2021-08-21,-0.008025904949691243,-0.008025904949691243,-0.008025904949691243,-0.008025904949691243
2021-08-22,0.0038458272786985326,0.0038458272786985326,0.0038458272786985326,0.0038458272786985326
2021-08-23,0.008174289237055765,0.008174289237055765,0.008174289237055765,0.008174289237055765
2021-08-24,-0.023356231501151847,-0.023356231501151847,-0.023356231501151847,-0.023356231501151847
2021-08-25,0.0129859091323683,0.0129859091323683,0.0129859091323683,0.0129859091323683
2021-08-26,-0.02429102779401382,-0.02429102779401382,-0.02429102779401382,-0.02429102779401382
2021-08-27,0.029309592835166765,0.029309592835166765,0.029309592835166765,0.029309592835166765
2021-08-28,-0.00340130011271611,-0.00340130011271611,-0.00340130011271611,-0.00340130011271611
2021-08-29,-0.0024811432519762366,-0.0024811432519762366,-0.0024811432519762366,-0.0024811432519762366
2021-08-30,-0.012933053792830718,-0.012933053792830718,-0.012933053792830718,-0.012933053792830718
2021-08-31,0.01691276058143254,0.01691276058143254,0.01691276058143254,0.01691276058143254
2021-09-01,0.032263408380127645,0.032263408380127645,0.032263408380127645,0.032263408380127645
2021-09-02,6.211796495048105e-05,6.211796495048105e-05,6.211796495048105e-05,6.211796495048105e-05
2021-09-03,0.011243718100290234,0.011243718100290234,0.011243718100290234,0.011243718100290234
2021-09-04,-0.0029961046640406552,-0.0029961046640406552,-0.0029961046640406552,-0.0029961046640406552
2021-09-05,0.012040543055997555,0.012040543055997555,0.012040543055997555,0.012040543055997555
2021-09-06,0.0031484016186265062,0.0031484016186265062,0.0031484016186265062,0.0031484016186265062
2021-09-07,-0.052170894655708344,-0.052170894655708344,-0.052170894655708344,-0.052170894655708344
2021-09-08,5.843533640303988e-06,5.843533640303988e-06,5.843533640303988e-06,5.843533640303988e-06
2021-09-09,-0.002390835157397908,-0.002390835157397908,-0.002390835157397908,-0.002390835157397908
2021-09-10,-0.016339925078910245,-0.016339925078910245,-0.016339925078910245,-0.016339925078910245
2021-09-11,0.003884952387396501,0.003884952387396501,0.003884952387396501,0.003884952387396501
2021-09-12,0.009126491890516064,0.009126491890516064,0.009126491890516064,0.009126491890516064
2021-09-13,-0.01120765802334589,-0.01120765802334589,-0.01120765802334589,-0.01120765802334589
2021-09-14,0.014883170713199778,0.014883170713199778,0.014883170713199778,0.014883170713199778
2021-09-15,0.013634827180315279,0.013634827180315279,0.013634827180315279,0.013634827180315279
2021-09-16,-0.003950069484878194,-0.003950069484878194,-0.003950069484878194,-0.003950069484878194
2021-09-17,-0.010537853199573677,-0.010537853199573677,-0.010537853199573677,-0.010537853199573677
2021-09-18,0.0060783934817649765,0.0060783934817649765,0.0060783934817649765,0.0060783934817649765
2021-09-19,-0.009987748758404247,-0.009987748758404247,-0.009987748758404247,-0.009987748758404247
2021-09-20,-0.030347439588998215,-0.030347439588998215,-0.030347439588998215,-0.030347439588998215
2021-09-21,-0.016087723657081776,-0.016087723657081776,-0.016087723657081776,-0.016087723657081776
2021-09-22,0.015112500096153836,0.015112500096153836,0.015112500096153836,0.015112500096153836
2021-09-23,0.0049356514432365994,0.0049356514432365994,0.0049356514432365994,0.0049356514432365994
2021-09-24,-0.012351484018650827,-0.012351484018650827,-0.012351484018650827,-0.012351484018650827
2021-09-25,-0.00032255983069318095,-0.00032255983069318095,-0.00032255983069318095,-0.00032255983069318095
2021-09-26,0.0045361356298365685,0.0045361356298365685,0.0045361356298365685,0.0045361356298365685
2021-09-27,-0.0048443917746864296,-0.0048443917746864296,-0.0048443917746864296,-0.0048443917746864296
2021-09-28,-0.004567252329065519,-0.004567252329065519,-0.004567252329065519,-0.004567252329065519
2021-09-29,0.0003061697802537733,0.0003061697802537733,0.0003061697802537733,0.0003061697802537733
2021-09-30,0.00740208388339858,0.00740208388339858,0.00740208388339858,0.00740208388339858
2021-10-01,0.01560466160700047,0.01560466160700047,0.01560466160700047,0.01560466160700047
2021-10-02,0.0008478636487343483,0.0008478636487343483,0.0008478636487343483,0.0008478636487343483
2021-10-03,0.002491132737508117,0.002491132737508117,0.002491132737508117,0.002491132737508117
2021-10-04,0.003179077427932997,0.003179077427932997,0.003179077427932997,0.003179077427932997
2021-10-05,0.015159249377087125,0.015159249377087125,0.015159249377087125,0.015159249377087125
2021-10-06,0.018138619999742644,0.018138619999742644,0.018138619999742644,0.018138619999742644
2021-10-07,-0.0054517288217129645,-0.0054517288217129645,-0.0054517288217129645,-0.0054517288217129645
2021-10-08,-0.00044768060269884113,-0.00044768060269884113,-0.00044768060269884113,-0.00044768060269884113
2021-10-09,0.004482814998118423,0.004482814998118423,0.004482814998118423,0.004482814998118423
2021-10-10,-0.008409526242368348,-0.008409526242368348,-0.008409526242368348,-0.008409526242368348
2021-10-11,0.017010854173755696,0.017010854173755696,0.017010854173755696,0.017010854173755696
2021-10-12,-0.008033789802742719,-0.008033789802742719,-0.008033789802742719,-0.008033789802742719
2021-10-13,0.010640208328450917,0.010640208328450917,0.010640208328450917,0.010640208328450917
2021-10-14,0.008130532100742105,0.008130532100742105,0.008130532100742105,0.008130532100742105
2021-10-15,0.02018951205111108,0.02018951205111108,0.02018951205111108,0.02018951205111108
2021-10-16,-0.0047177860407823236,-0.0047177860407823236,-0.0047177860407823236,-0.0047177860407823236
2021-10-17,0.0032238442689309643,0.0032238442689309643,0.0032238442689309643,0.0032238442689309643
2021-10-18,-0.0026110701450390295,-0.0026110701450390295,-0.0026110701450390295,-0.0026110701450390295
2021-10-19,0.014410239742006503,0.014410239742006503,0.014410239742006503,0.014410239742006503
2021-10-20,0.016804559483442283,0.016804559483442283,0.016804559483442283,0.016804559483442283
2021-10-21,-0.015542769057960593,-0.015542769057960593,-0.015542769057960593,-0.015542769057960593
2021-10-22,-0.00787570285283501,-0.00787570285283501,-0.00787570285283501,-0.00787570285283501
2021-10-23,0.01021501248411627,0.01021501248411627,0.01021501248411627,0.01021501248411627
2021-10-24,-0.00490672975373585,-0.00490672975373585,-0.00490672975373585,-0.00490672975373585
2021-10-25,0.01248158892692719,0.01248158892692719,0.01248158892692719,0.01248158892692719
2021-10-26,-0.011748005311207343,-0.011748005311207343,-0.011748005311207343,-0.011748005311207343
2021-10-27,-0.01464350052446528,-0.01464350052446528,-0.01464350052446528,-0.01464350052446528
2021-10-28,0.022354397394461767,0.022354397394461767,0.022354397394461767,0.022354397394461767
2021-10-29,0.010565508407958335,0.010565508407958335,0.010565508407958335,0.010565508407958335
2021-10-30,-0.005209137873016134,-0.005209137873016134,-0.005209137873016134,-0.005209137873016134
2021-10-31,-0.0031282012534383785,-0.0031282012534383785,-0.0031282012534383785,-0.0031282012534383785
2021-11-01,0.00024751795645938657,0.00024751795645938657,0.00024751795645938657,0.00024751795645938657
2021-11-02,0.01824440426675622,0.01824440426675622,0.01824440426675622,0.01824440426675622
2021-11-03,-0.0003576624980754506,-0.0003576624980754506,-0.0003576624980754506,-0.0003576624980754506
2021-11-04,-0.007258988409843847,-0.007258988409843847,-0.007258988409843847,-0.007258988409843847
2021-11-05,-0.003768299329141689,-0.003768299329141689,-0.003768299329141689,-0.003768299329141689
2021-11-06,0.003393269462249826,0.003393269462249826,0.003393269462249826,0.003393269462249826
2021-11-07,0.009176664435996074,0.009176664435996074,0.009176664435996074,0.009176664435996074
2021-11-08,0.02028616461189192,0.02028616461189192,0.02028616461189192,0.02028616461189192
2021-11-09,-0.004717892865871431,-0.004717892865871431,-0.004717892865871431,-0.004717892865871431
2021-11-10,-0.010059285499116832,-0.010059285499116832,-0.010059285499116832,-0.010059285499116832
2021-11-11,0.003451840723627031,0.003451840723627031,0.003451840723627031,0.003451840723627031
2021-11-12,-0.004062550870215453,-0.004062550870215453,-0.004062550870215453,-0.004062550870215453
2021-11-13,-0.000152430402323267,-0.000152430402323267,-0.000152430402323267,-0.000152430402323267
2021-11-14,0.002486879418127197,0.002486879418127197,0.002486879418127197,0.002486879418127197
2021-11-15,-0.008014147710926345,-0.008014147710926345,-0.008014147710926345,-0.008014147710926345
2021-11-16,-0.024950982802084076,-0.024950982802084076,-0.024950982802084076,-0.024950982802084076
2021-11-17,0.0041910431895269,0.0041910431895269,0.0041910431895269,0.0041910431895269
2021-11-18,-0.022504889964604757,-0.022504889964604757,-0.022504889964604757,-0.022504889964604757
2021-11-19,0.016501713254689854,0.016501713254689854,0.016501713254689854,0.016501713254689854
2021-11-20,0.009907434833878792,0.009907434833878792,0.009907434833878792,0.009907434833878792
2021-11-21,-0.009712830554906238,-0.009712830554906238,-0.009712830554906238,-0.009712830554906238
2021-11-22,-0.014380546652089099,-0.014380546652089099,-0.014380546652089099,-0.014380546652089099
2021-11-23,0.014925273977158371,0.014925273977158371,0.014925273977158371,0.014925273977158371
2021-11-24,-0.004198191387280503,-0.004198191387280503,-0.004198191387280503,-0.004198191387280503
2021-11-25,0.01640751110663774,0.01640751110663774,0.01640751110663774,0.01640751110663774
2021-11-26,-0.03717464951325222,-0.03717464951325222,-0.03717464951325222,-0.03717464951325222
2021-11-27,0.003499223863661527,0.003499223863661527,0.003499223863661527,0.003499223863661527
2021-11-28,0.0088735868959402,0.0088735868959402,0.0088735868959402,0.0088735868959402
2021-11-29,0.005177955724784411,0.005177955724784411,0.005177955724784411,0.005177955724784411
2021-11-30,0.007151161379175486,0.007151161379175486,0.007151161379175486,0.007151161379175486
2021-12-01,-0.0016069056329028886,-0.0016069056329028886,-0.0016069056329028886,-0.0016069056329028886
2021-12-02,-0.004004876095337506,-0.004004876095337506,-0.004004876095337506,-0.004004876095337506
2021-12-03,-0.02026971555268553,-0.02026971555268553,-0.02026971555268553,-0.02026971555268553
2021-12-04,-0.014057200920957635,-0.014057200920957635,-0.014057200920957635,-0.014057200920957635
2021-12-05,0.002525106588182391,0.002525106588182391,0.002525106588182391,0.002525106588182391
2021-12-06,0.008129954303370823,0.008129954303370823,0.008129954303370823,0.008129954303370823
2021-12-07,-0.00218820657869101,-0.00218820657869101,-0.00218820657869101,-0.00218820657869101
2021-12-08,0.005785774026181301,0.005785774026181301,0.005785774026181301,0.005785774026181301
2021-12-09,-0.02289105708790573,-0.02289105708790573,-0.02289105708790573,-0.02289105708790573
2021-12-10,-0.012680413514352451,-0.012680413514352451,-0.012680413514352451,-0.012680413514352451
2021-12-11,0.009491910784868773,0.009491910784868773,0.009491910784868773,0.009491910784868773
2021-12-12,0.00287237935260376,0.00287237935260376,0.00287237935260376,0.00287237935260376
2021-12-13,-0.020264295555670775,-0.020264295555670775,-0.020264295555670775,-0.020264295555670775
2021-12-14,0.0018430212994264838,0.0018430212994264838,0.0018430212994264838,0.0018430212994264838
2021-12-15,0.00396171457170591,0.00396171457170591,0.00396171457170591,0.00396171457170591
2021-12-16,-0.001502858256690387,-0.001502858256690387,-0.001502858256690387,-0.001502858256690387
2021-12-17,-0.0020413054382257823,-0.0020413054382257823,-0.0020413054382257823,-0.0020413054382257823
2021-12-18,0.0020905017531831493,0.0020905017531831493,0.0020905017531831493,0.0020905017531831493
2021-12-19,-0.0008834809450595227,-0.0008834809450595227,-0.0008834809450595227,-0.0008834809450595227
2021-12-20,0.0005087163498012082,0.0005087163498012082,0.0005087163498012082,0.0005087163498012082
2021-12-21,0.001714285224606149,0.001714285224606149,0.001714285224606149,0.001714285224606149
2021-12-22,-0.0008539500903044228,-0.0008539500903044228,-0.0008539500903044228,-0.0008539500903044228
2021-12-23,0.001688734407959691,0.001688734407959691,0.001688734407959691,0.001688734407959691
2021-12-24,-0.0016892418179584867,-0.0016892418179584867,-0.0016892418179584867,-0.0016892418179584867
2021-12-25,0.0012608162326739336,0.0012608162326739336,0.0012608162326739336,0.0012608162326739336
2021-12-26,-0.0008123803919517503,-0.0008123803919517503,-0.0008123803919517503,-0.0008123803919517503
2021-12-27,-0.0006845975901822454,-0.0006845975901822454,-0.0006845975901822454,-0.0006845975901822454
2021-12-28,-0.006360998052753919,-0.006360998052753919,-0.006360998052753919,-0.006360998052753919
2021-12-29,-0.004256640633038433,-0.004256640633038433,-0.004256640633038433,-0.004256640633038433
2021-12-30,0.00040557183158518306,0.00040557183158518306,0.00040557183158518306,0.00040557183158518306
2021-12-31,-0.00020006580529052798,-0.00020006580529052798,-0.00020006580529052798,-0.00020006580529052798
2022-01-01,0.0005409035271497498,0.0005409035271497498,0.0005409035271497498,0.0005409035271497498
2022-01-02,0.0003797171072490446,0.0003797171072490446,0.0003797171072490446,0.0003797171072490446
2022-01-03,-0.0003774551617850008,-0.0003774551617850008,-0.0003774551617850008,-0.0003774551617850008
2022-01-04,0.00011634221806677836,0.00011634221806677836,0.00011634221806677836,0.00011634221806677836
2022-01-05,-0.0014797105460980786,-0.0014797105460980786,-0.0014797105460980786,-0.0014797105460980786
2022-01-06,-0.001178888349461782,-0.001178888349461782,-0.001178888349461782,-0.001178888349461782
2022-01-07,0.0,0.0,0.0,0.0
2022-01-08,0.0,0.0,0.0,0.0
2022-01-09,0.0,0.0,0.0,0.0
2022-01-10,0.0,0.0,0.0,0.0
2022-01-11,0.0,0.0,0.0,0.0
2022-01-12,0.0,0.0,0.0,0.0
2022-01-13,0.0,0.0,0.0,0.0
2022-01-14,0.0,0.0,0.0,0.0
2022-01-15,0.0,0.0,0.0,0.0
2022-01-16,0.0,0.0,0.0,0.0
2022-01-17,0.0,0.0,0.0,0.0
2022-01-18,0.0,0.0,0.0,0.0
2022-01-19,0.0,0.0,0.0,0.0
2022-01-20,0.0,0.0,0.0,0.0
2022-01-21,0.0,0.0,0.0,0.0
2022-01-22,0.0,0.0,-0.0005,-0.0005
2022-01-23,0.0,0.0,0.0,0.0
2022-01-24,0.0,0.0,0.005494198734739664,0.005494198734739664
2022-01-25,0.0,0.0,-0.0005027470993673698,-0.0005027470993673698
2022-01-26,0.0,0.0,-0.016666464916677393,-0.016666464916677393
2022-01-27,0.0,0.0,-0.012689692660688711,-0.012689692660688711
2022-01-28,0.0,0.0,-0.0028972070616239236,-0.0028972070616239236
2022-01-29,0.0,0.0,-0.00048412331768050494,-0.00048412331768050494
2022-01-30,0.0,0.0,0.0,0.0
2022-01-31,0.0,0.0,0.0,0.0
2022-02-01,0.0,0.0,0.0,0.0
2022-02-02,0.0,0.0,0.0,0.0
2022-02-03,0.0,0.0,0.0,0.0
2022-02-04,0.0,0.0,0.0,0.0
2022-02-05,0.0,0.0,0.0,0.0
2022-02-06,0.0,0.0,0.0,0.0
2022-02-07,0.0,0.0,0.0,0.0
2022-02-08,0.0,0.0,0.0,0.0
2022-02-09,0.0,0.0,0.0,0.0
2022-02-10,0.0,0.0,0.0,0.0
2022-02-11,0.0,0.0,0.0,0.0
2022-02-12,0.0,0.0,0.0,0.0
2022-02-13,0.0,0.0,0.0,0.0
2022-02-14,0.0,0.0,0.0,0.0
2022-02-15,0.0,0.0,-0.009999848975192516,-0.009999848975192516
2022-02-16,0.0,0.0,-0.0004952500755124038,-0.0004952500755124038
2022-02-17,0.0,0.0,0.0,0.0
2022-02-18,0.0,0.0,-0.0012334549100845855,-0.0012334549100845855
2022-02-19,0.0,0.0,0.0,0.0
2022-02-20,0.0,0.0,0.0,0.0
2022-02-21,0.0,0.0,0.0,0.0
2022-02-22,0.0,0.0,0.0020875056472584577,0.0020875056472584577
2022-02-23,0.0,0.0,0.004513330284731925,0.004513330284731925
2022-02-24,0.0,0.0,-0.006487976848995037,-0.006487976848995037
2022-02-25,0.0,0.0,-0.0033286112151798006,-0.0033286112151798006
2022-02-26,0.0,0.0,0.0,0.0
2022-02-27,0.0,0.0,0.0,0.0
2022-02-28,0.0,0.0,0.010324410894525632,0.010324410894525632
2022-03-01,0.0,0.0,0.01827921147743297,0.01827921147743297
2022-03-02,0.0,0.0,-0.010662902057254951,-0.010662902057254951
2022-03-03,0.0,0.0,0.006036712689527483,0.006036712689527483
2022-03-04,0.0,0.0,0.016248178414800793,0.016248178414800793
2022-03-05,0.0,0.0,0.0,0.0
2022-03-06,0.0,0.0,0.0,0.0
2022-03-07,0.0,0.0,0.015402036594234829,0.015402036594234829
2022-03-08,0.0,0.0,0.027333158389808647,0.027333158389808647
2022-03-09,0.0,0.0,-0.03052404415447021,-0.03052404415447021
2022-03-10,0.0,0.0,0.0031113489666409356,0.0031113489666409356
2022-03-11,0.0,0.0,-0.007027506747804589,-0.007027506747804589
2022-03-12,0.0,0.0,0.0,0.0
2022-03-13,0.0,0.0,0.0,0.0
2022-03-14,0.0,0.0,-0.014966971897012675,-0.014966971897012675
2022-03-15,0.0,0.0,-0.018293029317731337,-0.018293029317731337
2022-03-16,0.0,0.0,0.0060082350473938655,0.0060082350473938655
2022-03-17,0.0,0.0,0.004720802883560017,0.004720802883560017
2022-03-18,0.0,0.0,-0.00048519391619543503,-0.00048519391619543503
2022-03-19,0.0,0.0,0.0,0.0
2022-03-20,0.0,0.0,0.0,0.0
2022-03-21,0.0,0.0,0.0,0.0
2022-03-22,-0.0006201422020885028,-0.0006201422020885028,-0.0006201422020885028,-0.0006201422020885028
2022-03-23,-0.00045160658726473013,-0.00045160658726473013,-0.00045160658726473013,-0.00045160658726473013
2022-03-24,0.0016286418309319206,0.0016286418309319206,0.0016286418309319206,0.0016286418309319206
2022-03-25,0.0002979481423082131,0.0002979481423082131,0.0002979481423082131,0.0002979481423082131
2022-03-26,0.0009985815159028189,0.0009985815159028189,0.0009985815159028189,0.0009985815159028189
2022-03-27,0.005738958351674928,0.005738958351674928,0.005738958351674928,0.005738958351674928
2022-03-28,0.0010554552472732404,0.0010554552472732404,0.0010554552472732404,0.0010554552472732404
2022-03-29,0.001983210482659592,0.001983210482659592,0.001983210482659592,0.001983210482659592
2022-03-30,-0.0012400941534066456,-0.0012400941534066456,-0.0012400941534066456,-0.0012400941534066456
2022-03-31,-0.005973479484902011,-0.005973479484902011,-0.005973479484902011,-0.005973479484902011
2022-04-01,0.004567931490093491,0.004567931490093491,0.004567931490093491,0.004567931490093491
2022-04-02,-0.002521099797553661,-0.002521099797553661,-0.002521099797553661,-0.002521099797553661
2022-04-03,0.0061222139401035935,0.0061222139401035935,0.0061222139401035935,0.0061222139401035935
2022-04-04,-0.0010774946136489216,-0.0010774946136489216,-0.0010774946136489216,-0.0010774946136489216
2022-04-05,-0.011272166408163309,-0.011272166408163309,-0.011272166408163309,-0.011272166408163309
2022-04-06,-0.010641475583377469,-0.010641475583377469,-0.010641475583377469,-0.010641475583377469
2022-04-07,0.0020224153012009527,0.0020224153012009527,0.0020224153012009527,0.0020224153012009527
2022-04-08,-0.0032733878410587947,-0.0032733878410587947,-0.0032733878410587947,-0.0032733878410587947
2022-04-09,0.0026747037154888353,0.0026747037154888353,0.0026747037154888353,0.0026747037154888353
2022-04-10,-0.002589203407694085,-0.002589203407694085,-0.002589203407694085,-0.002589203407694085
2022-04-11,-0.007888567730444995,-0.007888567730444995,-0.007888567730444995,-0.007888567730444995
2022-04-12,0.0012109417667156563,-7.529823914764755e-05,0.007840855866997745,0.007101453379855405
2022-04-13,0.0022872040957209183,0.0,0.0067448354605035,0.004825298281430376
2022-04-14,-0.002425017982625066,-0.0017980569829659787,-0.0028926948630276722,-0.002304308007916195
2022-04-15,0.00046901727269510474,-5.475331024118457e-05,7.251020541823995e-06,-0.0005547533102411846
2022-04-16,0.0004728344052795652,0.0,0.0004728344052795652,0.0
2022-04-17,-0.0017966277088342641,0.0,-0.0017966277088342641,0.0
2022-04-18,-0.0005487958966390316,0.0,0.00249759888756404,0.0030971927027434454
2022-04-19,0.0,0.0,-0.015086375381833222,-0.015159711953450953
2022-04-20,0.0,0.0,-0.0004915791188556728,-0.0004939687403746463
2022-04-21,0.0,0.0,0.0,0.0
2022-04-22,0.0,0.0,-0.0102220932450649,-0.0102220932450649
2022-04-23,0.0,0.0,0.0,0.0
2022-04-24,0.0,0.0,0.0,0.0
2022-04-25,0.0,0.0,-0.017796277478979158,-0.017796277478979158
2022-04-26,0.0,0.0,0.0014830510605387036,0.0014830510605387036
2022-04-27,0.0,0.0,-0.007360274715198831,-0.007360274715198831
2022-04-28,0.0,0.0,0.005218043287825722,0.005218043287825722
2022-04-29,0.0,0.0,-0.00010979355124644093,-0.00010979355124644093
2022-04-30,0.0,0.0,0.0,0.0
2022-05-01,0.0,0.0,0.0,0.0
2022-05-02,0.0,0.0,-0.018016032205214392,-0.018016032205214392
2022-05-03,0.0,0.0,0.002526592668606927,0.002526592668606927
2022-05-04,0.0,0.0,0.00939254496758335,0.00939254496758335
2022-05-05,0.0,0.0,-0.0036800954516638252,-0.0036800954516638252
2022-05-06,0.0,0.0,0.001592844611785132,0.001592844611785132
2022-05-07,0.0,0.0,0.0,0.0
2022-05-08,0.0,0.0,0.0,0.0
2022-05-09,0.0,0.0,-0.013951407888574466,-0.013951407888574466
2022-05-10,0.0,0.0,-0.008470414321660928,-0.008470414321660928
2022-05-11,0.0,0.0,0.008098155458882766,0.008098155458882766
2022-05-12,0.0,0.0,-0.015328604120932038,-0.015328604120932038
2022-05-13,0.0,0.0,-0.00798244356684244,-0.00798244356684244
2022-05-14,0.0,0.0,0.0,0.0
2022-05-15,0.0,0.0,0.0,0.0
2022-05-16,0.0,0.0,0.009312821407212022,0.009312821407212022
2022-05-17,0.0,0.0,-0.006189218158311546,-0.006189218158311546
2022-05-18,0.0,0.0,0.000520571120712474,0.000520571120712474
2022-05-19,0.0,0.0,0.014403085509234729,0.014403085509234729
2022-05-20,0.0,0.0,0.0006940948276165349,0.0006940948276165349
2022-05-21,0.0,0.0,0.0,0.0
2022-05-22,0.0,0.0,0.0,0.0
2022-05-23,0.0,0.0,0.004627504796173992,0.004627504796173992
2022-05-24,0.0,0.0,0.007519684260993731,0.007519684260993731
2022-05-25,0.0,0.0,-0.006073594528583882,-0.006073594528583882
2022-05-26,0.0,0.0,-0.0018510372233947207,-0.0018510372233947207
2022-05-27,0.0,0.0,0.0005206593830252041,0.0005206593830252041
2022-05-28,0.0,0.0,0.0,0.0
2022-05-29,0.0,0.0,0.0,0.0
2022-05-30,0.0,0.0,0.0,0.0
2022-05-31,0.0,0.0,-0.009891292605100943,-0.009891292605100943
2022-06-01,0.0,0.0,0.006304930050351978,0.006304930050351978
2022-06-02,0.0,0.0,0.01226290094920812,0.01226290094920812
2022-06-03,0.0,0.0,-0.010238340018909336,-0.010238340018909336
2022-06-04,0.0,0.0,0.0,0.0
2022-06-05,0.0,0.0,0.0,0.0
2022-06-06,0.0,0.0,-0.00439608101209335,-0.00439608101209335
2022-06-07,0.0,0.0,0.006478453757256113,0.006478453757256113
2022-06-08,0.0,0.0,-0.0009255186116973893,-0.0009255186116973893
2022-06-09,0.0,0.0,-0.003181415063764234,-0.003181415063764234
2022-06-10,0.0,0.0,0.013361855005497,0.013361855005497
2022-06-11,0.0,0.0,0.0,0.0
2022-06-12,0.0,0.0,0.0,0.0
2022-06-13,0.0,0.0,-0.02666589819613018,-0.02666589819613018
2022-06-14,0.0,0.0,-0.007866643412489285,-0.007866643412489285
2022-06-15,0.0,0.0,0.01272557199274417,0.01272557199274417
2022-06-16,0.0,0.0,0.011105958553430122,0.011105958553430122
2022-06-17,0.0,0.0,-0.008213779088610401,-0.008213779088610401
2022-06-18,0.0,0.0,0.0,0.0
2022-06-19,0.0,0.0,0.0,0.0
2022-06-20,0.0,0.0,0.0,0.0
2022-06-21,0.0,0.0,-0.003701986184476689,-0.003701986184476689
2022-06-22,0.0,0.0,0.003933321706244661,0.003933321706244661
2022-06-23,0.0,0.0,-0.006073594528583957,-0.006073594528583957
2022-06-24,0.0,0.0,-0.0009833304265611145,-0.0009833304265611145
2022-06-25,0.0,0.0,0.0,0.0
2022-06-26,0.0,0.0,0.0,0.0
2022-06-27,0.0,0.0,-0.0010990423186015797,-0.0010990423186015797
2022-06-28,0.0,0.0,-0.001619613439314033,-0.001619613439314033
2022-06-29,0.0,0.0,-0.000751906642480488,-0.000751906642480488
2022-06-30,0.0,0.0,-0.0059578826365435595,-0.0059578826365435595
2022-07-01,0.0,0.0,-0.000809806719656957,-0.000809806719656957
2022-07-02,0.0,0.0,0.0,0.0
2022-07-03,0.0,0.0,0.0,0.0
2022-07-04,0.0,0.0,0.0,0.0
2022-07-05,0.0,0.0,-0.020650203744722765,-0.020650203744722765
2022-07-06,0.0,0.0,-0.015097180336851382,-0.015097180336851382
2022-07-07,0.0,0.0,0.000523991253023136,0.000523991253023136
2022-07-08,0.0,0.0,0.0004317708429892799,0.0004317708429892799
2022-07-09,0.0,0.0,0.0,0.0
2022-07-10,0.0,0.0,0.0,0.0
2022-07-11,0.0,0.0,-0.00536579733102001,-0.00536579733102001
2022-07-12,0.0,0.0,-0.0037004492844772362,-0.0037004492844772362
2022-07-13,0.0,0.0,0.0047490087292432264,0.0047490087292432264
2022-07-14,0.0,0.0,-0.014000273103527966,-0.014000273103527966
2022-07-15,0.0,0.0,-0.001973648238703384,-0.001973648238703384
2022-07-16,0.0,0.0,0.0,0.0
2022-07-17,0.0,0.0,0.0,0.0
2022-07-18,0.0,0.0,0.0009251829026651327,0.0009251829026651327
2022-07-19,0.0,0.0,0.002343589647550652,0.002343589647550652
2022-07-20,0.0,0.0,-0.009251264374284699,-0.009251264374284699
2022-07-21,0.0,0.0,0.013753614128053909,0.013753614128053909
2022-07-22,0.0,0.0,0.0024669661896514162,0.0024669661896514162
2022-07-23,0.0,0.0,0.0,0.0
2022-07-24,0.0,0.0,0.0,0.0
2022-07-25,0.0,0.0,-0.0027137192738532464,-0.0027137192738532464
2022-07-26,0.0,0.0,-0.0011718418781391216,-0.0011718418781391216
2022-07-27,0.0,0.0,0.010053070734849031,0.010053070734849031
2022-07-28,0.0,0.0,0.012150001406925482,0.012150001406925482
2022-07-29,0.0,0.0,0.0028370958159541194,0.0028370958159541194
2022-07-30,0.0,0.0,0.0,0.0
2022-07-31,0.0,0.0,0.0,0.0
2022-08-01,0.0,0.0,0.005735738739867197,0.005735738739867197
2022-08-02,0.0,0.0,-0.006044133040755561,-0.006044133040755561
2022-08-03,0.0,0.0,0.0024669661896514895,0.0024669661896514895
2022-08-04,0.0,0.0,0.016775633594067887,0.016775633594067887
2022-08-05,0.0,0.0,-0.011594948130563117,-0.011594948130563117
2022-08-06,0.0,0.0,0.0,0.0
2022-08-07,0.0,0.0,0.0,0.0
2022-08-08,0.0,0.0,0.0086345698812358,0.0086345698812358
2022-08-09,0.0,0.0,0.0031453960081148312,0.0031453960081148312
2022-08-10,0.0,0.0,-0.0025903427317523543,-0.0025903427317523543
2022-08-11,0.0,0.0,-0.0005143086203500527,-0.0005143086203500527
2022-08-12,0.0,0.0,0.0,0.0
2022-08-13,0.0,0.0,0.0,0.0
2022-08-14,0.0,0.0,0.0,0.0
2022-08-15,0.0,0.0,0.0,0.0
2022-08-16,0.0,0.0,0.0,0.0
2022-08-17,0.0,0.0,0.0,0.0
2022-08-18,0.0,0.0,0.0,0.0
2022-08-19,0.0,0.0,0.0,0.0
2022-08-20,0.0,0.0,0.0,0.0
2022-08-21,0.0,0.0,0.0,0.0
2022-08-22,0.0,0.0,0.0,0.0
2022-08-23,0.0,0.0,0.006490874084876308,0.006490874084876308
2022-08-24,0.0,0.0,0.0029695355688661405,0.0029695355688661405
2022-08-25,0.0,0.0,0.003093293750853744,0.003093293750853744
2022-08-26,0.0,0.0,-0.0005065268517022981,-0.0005065268517022981
2022-08-27,0.0,0.0,-0.0005,-0.0005
2022-08-28,0.0,0.0,0.0,0.0
2022-08-29,0.0,0.0,0.0006182375550920494,0.0006182375550920494
2022-08-30,0.0,0.0,-0.008345735344708975,-0.008345735344708975
2022-08-31,0.0,0.0,-0.007665617436223435,-0.007665617436223435
2022-09-01,0.0,0.0,-0.008654854122254996,-0.008654854122254996
2022-09-02,0.0,0.0,0.008592973768861645,0.008592973768861645
2022-09-03,0.0,0.0,0.0,0.0
2022-09-04,0.0,0.0,0.0,0.0
2022-09-05,0.0,0.0,0.0,0.0
2022-09-06,0.0,0.0,-0.005749213077167548,-0.005749213077167548
2022-09-07,0.0,0.0,0.009953020926218678,0.009953020926218678
2022-09-08,0.0,0.0,-0.005934759807540744,-0.005934759807540744
2022-09-09,0.0,0.0,0.005192950205275866,0.005192950205275866
2022-09-10,0.0,0.0,0.0,0.0
2022-09-11,0.0,0.0,0.0,0.0
2022-09-12,0.00016542865364144177,0.0,0.005172832128544042,0.0050074034749026
2022-09-13,-0.004504265891239201,0.0,-0.01742471388613183,-0.01292044799489263
2022-09-14,0.0,0.0,-0.0037710226945253055,-0.0037710226945253055
2022-09-15,0.0,0.0,-0.018236875917534215,-0.018236875917534215
2022-09-16,0.0,0.0,0.005316522252448573,0.005316522252448573
2022-09-17,0.0,0.0,0.0,0.0
2022-09-18,0.0,0.0,0.0,0.0
2022-09-19,0.0,0.0,0.0007419039320719279,0.0007419039320719279
2022-09-20,0.0,0.0,-0.005501974653014834,-0.005501974653014834
2022-09-21,0.0,0.0,0.004450951943396743,0.004450951943396743
2022-09-22,0.0,0.0,-0.0005563572016986759,-0.0005563572016986759
2022-09-23,0.0,0.0,-0.016629590336024482,-0.016629590336024482
2022-09-24,0.0,0.0,-2.7046242263658927e-05,-2.7046242263658927e-05
2022-09-25,0.0,0.0,0.0,0.0
2022-09-26,0.0,0.0,-0.011633219026207842,-0.011633219026207842
2022-09-27,0.0,0.0,0.0020259954886795903,0.0020259954886795903
2022-09-28,0.0,0.0,0.020586950319331696,0.020586950319331696
2022-09-29,0.0,0.0,-0.0001960576457345502,-0.0001960576457345502
2022-09-30,0.0,0.0,6.531930720052984e-05,6.531930720052984e-05
2022-10-01,0.0,0.0,0.0,0.0
2022-10-02,0.0,0.0,0.0,0.0
2022-10-03,0.0,0.0,0.02457352226535724,0.02457352226535724
2022-10-04,0.0,0.0,0.014835660113428142,0.014835660113428142
2022-10-05,0.0,0.0,-0.005563395460954804,-0.005563395460954804
2022-10-06,0.0,0.0,-0.0011200540087080103,-0.0011200540087080103
2022-10-07,0.0,0.0,-0.010889857082969506,-0.010889857082969506
2022-10-08,0.0,0.0,0.0,0.0
2022-10-09,0.0,0.0,0.0,0.0
2022-10-10,0.0,0.0,-0.014934718113569273,-0.014934718113569273
2022-10-11,0.0,0.0,-0.0019912387772648412,-0.0019912387772648412
2022-10-12,0.0,0.0,0.0051649150393077185,0.0051649150393077185
2022-10-13,0.0,0.0,-0.006720608908303419,-0.006720608908303419
2022-10-14,0.0,0.0,-0.012010006043695978,-0.012010006043695978
2022-10-15,0.0,0.0,0.0,0.0
2022-10-16,0.0,0.0,0.0,0.0
2022-10-17,0.0,0.0,0.0027380364017552247,0.0027380364017552247
2022-10-18,0.0,0.0,0.0020535273013163936,0.0020535273013163936
2022-10-19,0.0,0.0,-0.012818902288201239,-0.012818902288201239
2022-10-20,0.0,0.0,-0.001610243945062311,-0.001610243945062311
2022-10-21,0.0,0.0,0.0177994390189632,0.0177994390189632
2022-10-22,0.0,0.0,0.0,0.0
2022-10-23,0.0,0.0,0.0,0.0
2022-10-24,0.0,0.0,-0.003296196136545924,-0.003296196136545924
2022-10-25,0.0,0.0,0.0023073775323513147,0.0023073775323513147
2022-10-26,0.0026245968840197254,0.0,0.008595284493385801,0.006460516261891494
2022-10-27,-0.003776246047009768,0.0,-0.005181124027675687,-0.0015821097667112758
2022-10-28,0.0010950802121523218,0.0,-0.008544583854057897,-0.010415991862515822
2022-10-29,0.004387055252729644,0.0,0.004387055252729644,0.0
2022-10-30,-0.001951939931042479,0.0,-0.001951939931042479,0.0
2022-10-31,-0.0011925350317735228,0.0,-0.008796766357493612,-0.008240490341364742
2022-11-01,0.0003894660199834643,0.0,0.00981873142889421,0.010218228141676848
2022-11-02,-0.004043759538974179,0.0,-0.010553026109833444,-0.007053908016331253
2022-11-03,-0.0005485768937844027,0.0,-0.004076951367929284,-0.0038235995894240456
2022-11-04,0.00788209802518991,0.0,0.036230694685495723,0.03072057213466916
2022-11-05,3.319698512571634e-05,0.0,-6.888410104746567e-05,0.0
2022-11-06,-0.0062788553672682434,0.0,-0.0062788553672682434,0.0
2022-11-07,-0.0013105182997429354,0.0,-0.004633606504695593,-0.0040872510199015475
2022-11-08,-0.007965587627555948,0.0,0.014129367137975302,0.023732551827976487
2022-11-09,-2.1992629077982606e-05,0.0,-0.00494693077868563,-0.005042844485043779
2022-11-10,0.0,0.0,0.02973421192352813,0.030291639532752882
2022-11-11,0.0,0.0,0.006648652411663078,0.0067732947740680866
2022-11-12,0.0,0.0,0.0,0.0
2022-11-13,0.0,0.0,0.0,0.0
2022-11-14,0.0,0.0,0.00221621747055439,0.0022577649246893934
2022-11-15,0.0,0.0,0.0035705778100809217,0.003637515472909961
2022-11-16,0.0,0.0,-0.002339366756524597,-0.0023832228917247873
2022-11-17,0.0,0.0,-0.007387360256720433,-0.007525851183501213
2022-11-18,0.0,0.0,-0.0069564786588976225,-0.00708689184346176
2022-11-19,0.0,0.0,0.0,0.0
2022-11-20,0.0,0.0,0.0,0.0
2022-11-21,0.0,0.0,-0.005602024383988882,-0.0057070455988513045
2022-11-22,0.0,0.0,0.0011696833782624135,0.0011916114458625107
2022-11-23,0.0,0.0,0.00621767687845812,0.006334239737638806
2022-11-24,0.0,0.0,-0.0005019724116621171,-0.0005113828941746261
2022-11-25,0.0,0.0,0.0,0.0
2022-11-26,0.0,0.0,0.0,0.0
2022-11-27,0.0,0.0,0.0,0.0
2022-11-28,0.0,0.0,0.0,0.0
2022-11-29,0.0,0.0,0.004440425418036076,0.004440425418036076
2022-11-30,0.0,0.0,0.012845068394582607,0.012845068394582607
2022-12-01,0.0,0.0,-0.0005088927469063094,-0.0005088927469063094
2022-12-02,0.0,0.0,0.0,0.0
2022-12-03,0.0,0.0,0.0,0.0
2022-12-04,0.0,0.0,0.0,0.0
2022-12-05,0.0,0.0,0.0,0.0
2022-12-06,0.0,0.0,0.0022373742314797944,0.0022373742314797944
2022-12-07,0.0,0.0,0.009063845116468147,0.009063845116468147
2022-12-08,0.0,0.0,0.0008516296013639506,0.0008516296013639506
2022-12-09,0.0,0.0,0.0035890038328436646,0.0035890038328436646
2022-12-10,0.0,0.0,0.0,0.0
2022-12-11,0.0,0.0,0.0,0.0
2022-12-12,0.0,0.0,-0.008394700942491782,-0.008394700942491782
2022-12-13,0.0,0.0,0.01721517027533309,0.01721517027533309
2022-12-14,0.0,0.0,-0.0005125311610574984,-0.0005125311610574984
2022-12-15,0.0,0.0,-0.01685930934057528,-0.01685930934057528
2022-12-16,0.0,0.0,0.008566253006144628,0.008566253006144628
2022-12-17,0.0,0.0,0.0,0.0
2022-12-18,0.0,0.0,0.0,0.0
2022-12-19,0.0,0.0,-0.002795871176974573,-0.002795871176974573
2022-12-20,0.0,0.0,0.016418765060224556,0.016418765060224556
2022-12-21,0.0,0.0,-0.0016656678710913059,-0.0016656678710913059
2022-12-22,0.0,0.0,-0.012135683943197704,-0.012135683943197704
2022-12-23,0.0,0.0,0.002974419880104689,0.002974419880104689
2022-12-24,0.0,0.0,0.0,0.0
2022-12-25,0.0,0.0,0.0,0.0
2022-12-26,0.0,0.0,0.0,0.0
2022-12-27,0.0,0.0,0.008387885847196762,0.008387885847196762
2022-12-28,0.0,0.0,-0.004521085539806243,-0.004521085539806243
2022-12-29,0.0,0.0,0.0055919238981311445,0.0055919238981311445
2022-12-30,0.0,0.0,0.00469954347084508,0.00469954347084508
2022-12-31,0.0,0.0,0.0,0.0
2023-01-01,0.0,0.0,0.0,0.0
2023-01-02,0.0,0.0,0.0,0.0
2023-01-03,0.0,0.0,0.00844734156684618,0.00844734156684618
2023-01-04,0.0,0.0,0.009577635644820401,0.009577635644820401
2023-01-05,0.0,0.0,-0.012789969175613265,-0.012789969175613265
2023-01-06,0.0,0.0,0.018976813358601942,0.018976813358601942
2023-01-07,0.0,0.0,0.0,0.0
2023-01-08,0.0,0.0,0.0,0.0
2023-01-09,0.0009577074421693865,0.0,0.0029506684858393644,0.0023200438755979747
2023-01-10,0.0013172984130935816,0.0,0.00468556536845904,0.0038072538156501573
2023-01-11,0.004644645612556841,0.0,0.0040130403481754475,-0.0007139224962469992
2023-01-12,0.011900112396408424,0.0,0.017971468887551734,0.012016681731808143
2023-01-13,0.019661574034659512,0.0,0.025087196606388126,0.011976382467133152
2023-01-14,0.04165831264186326,0.03901437892219839,0.04142763592960468,0.03850837803020192
2023-01-15,-0.0007502108515318184,-0.0007501870691698498,-0.0007502108515318184,-0.0007501870691698498
2023-01-16,0.008879448824702596,0.008879167126825127,0.008879448824702596,0.008879167126825127
2023-01-17,-0.00272221759523561,-0.0027221319937604793,-0.00272221759523561,-0.0027221319937604793
2023-01-18,-0.01610922108320867,-0.0005801516787640182,-0.017524327021952966,-0.003951904127396266
2023-01-19,0.013587887457467307,0.0,0.02022869228084276,0.015822949583530078
2023-01-20,0.045837038850889966,0.0,0.044586954074281634,-0.0033786030513454817
2023-01-21,-0.004601276831455392,0.0,-0.004635857211437277,0.0
2023-01-22,-0.0010784293748140605,0.0,-0.0010784293748140605,0.0
2023-01-23,0.0031789498451264553,0.0,0.003739411610139742,0.0019145875538662137
2023-01-24,-0.018873721388593667,-0.01989180400139423,-0.01902176891192684,-0.02039754759221294
2023-01-25,0.01867521707281461,0.018972112361202553,0.01867521707281461,0.018972112361202553
2023-01-26,-0.0030367399704703812,-0.003087265926283167,-0.0030367399704703812,-0.003087265926283167
2023-01-27,0.0003503375933573416,0.00034675089457314456,0.0003503375933573416,0.00034675089457314456
2023-01-28,-0.005991821768183803,-0.006210596563492654,-0.005991821768183803,-0.006210596563492654
2023-01-29,0.030750157912137865,0.03138622867008345,0.030750157912137865,0.03138622867008345
2023-01-30,-0.03717977589538801,-0.036629877335249694,-0.03717977589538801,-0.036629877335249694
2023-01-31,0.010518858321707736,0.010330173756862848,0.010518858321707736,0.010330173756862848
2023-02-01,0.02587800863851175,0.025502615681133767,0.02587800863851175,0.025502615681133767
2023-02-02,-0.004616389112465424,-0.004470336131517927,-0.004616389112465424,-0.004470336131517927
2023-02-03,0.0035274899638439994,0.003563745026472498,0.0035274899638439994,0.003563745026472498
2023-02-04,-0.0014791362536041852,-0.001415577828693948,-0.0014791362536041852,-0.001415577828693948
2023-02-05,-0.016587306281396597,-0.01767454850670558,-0.016587306281396597,-0.01767454850670558
2023-02-06,-0.006962098533835337,-0.006743075278423327,-0.006962098533835337,-0.006743075278423327
2023-02-07,0.022820749991148137,0.02323543114277804,0.022820749991148137,0.02323543114277804
2023-02-08,-0.010659621389171203,-0.010663009245945099,-0.010659621389171203,-0.010663009245945099
2023-02-09,-0.04574576053620283,-0.04576442753026699,-0.04574576053620283,-0.04576442753026699
2023-02-10,-0.009926039622325078,-0.009926398896323851,-0.009926039622325078,-0.009926398896323851
2023-02-11,0.009830904189969125,0.009830997359575377,0.009830904189969125,0.009830997359575377
2023-02-12,-0.006347638682196344,-0.006347669935466982,-0.006347638682196344,-0.006347669935466982
2023-02-13,-0.0021557938965653944,-0.002155798148068988,-0.0021557938965653944,-0.002155798148068988
2023-02-14,0.01679664110730017,0.016796804088380135,0.01679664110730017,0.016796804088380135
2023-02-15,0.06504067731366736,0.06504091619895558,0.06504067731366736,0.06504091619895558
2023-02-16,-0.024834492648380446,-0.024834492712842993,-0.024834492648380446,-0.024834492712842993
2023-02-17,0.030702907108688837,0.03070290711059398,0.030702907108688837,0.03070290711059398
2023-02-18,0.0005673394257186271,0.0005673394256859865,0.0005673394257186271,0.0005673394256859865
2023-02-19,-0.008651219525629972,-0.008651219525782627,-0.008651219525629972,-0.008651219525782627
2023-02-20,0.014843214259961712,0.014843214260274129,0.014843214259961712,0.014843214260274129
2023-02-21,-0.017244998921605914,-0.01724499892156961,-0.017244998921605914,-0.01724499892156961
2023-02-22,-0.008302687883598114,-0.000831400770550994,-0.009498136743669647,-0.006957889356597302
2023-02-23,-0.003088582357487324,0.0,-0.003191505795764947,-0.0005274665365499346
2023-02-24,-0.02587153264275721,-0.026301457062303246,-0.025968496189228293,-0.02679838008474195
2023-02-25,-0.0033827242952400027,-0.0008177072864656854,-0.0035098211936867916,-0.0013177072864656854
2023-02-26,0.01829805728656475,0.0,0.01829805728656475,0.0
2023-02-27,-0.003293967131249298,0.0,-0.002906344434535134,0.003920334893926292
2023-02-28,-0.015041606646314487,0.0,-0.014766687970974643,0.004573829786424067
2023-03-01,0.023229618075874425,0.0,0.023611942673741924,0.0058211802317160825
2023-03-02,-0.008719487889794375,0.0,-0.008758497202208946,-0.0005939461900885537
2023-03-03,-0.042527751673906655,0.0,-0.03862414045845478,0.010870221352587698
2023-03-04,-0.0005404012319727425,-0.0010058444895363339,-0.000731724255931203,-0.0015181402995736166
2023-03-05,0.0006965187201193324,0.0007549722048709739,0.0006965187201193324,0.0007549722048709739
2023-03-06,-4.782418383819653e-05,-7.516540867003041e-05,-4.782418383819653e-05,-7.516540867003041e-05
2023-03-07,-0.0032839230113167472,-0.003265235823120327,-0.0032839230113167472,-0.003265235823120327
2023-03-08,-0.011015074979555006,-0.0005111605220793347,-0.011470506566911952,-0.001485610963138206
2023-03-09,-0.029215459541740763,0.0,-0.02461434159890467,0.009844643044590831
2023-03-10,-0.004396473328468153,0.0,0.014145303127272829,0.02176490496512441
2023-03-11,0.002285912468385609,0.0,0.0022567877249630853,0.0
2023-03-12,0.019357980902195315,0.0,0.01933266675696461,0.0
2023-03-13,0.023591827049466163,0.0,0.03862777853163397,0.023662706729359575
2023-03-14,0.009512003044195527,0.0,0.006501676809709698,-0.005818463648366719
2023-03-15,-0.01098915575473458,0.0,-0.007068157262211408,0.007758938929926928
2023-03-16,0.01292757752272844,0.0,0.013734770467175443,0.0020240672951544513
2023-03-17,0.05104050949671457,0.0,0.0633180268478589,0.029236460870334303
2023-03-18,-0.009752256630229383,0.0,-0.009752256630229383,0.0
2023-03-19,0.014427914477553427,0.0,0.014427914477553427,0.0
2023-03-20,-0.009963984556570993,0.0,-0.009798728921556457,0.0003935233621359439
2023-03-21,0.013525989370567704,0.0,0.005333099909339046,-0.019509733547707884
2023-03-22,-0.017690861475679,0.0,-0.010442382569556301,0.017260808015762893
2023-03-23,0.021684688671264052,0.0,0.027115139430506748,0.012931536286208427
2023-03-24,-0.017122676413094062,0.0,-0.022057324240339803,-0.011750880408790751
2023-03-25,-0.0011385154827161514,0.0,-0.0011385154827161514,0.0
2023-03-26,0.010656743999374552,0.0,0.010656743999374552,0.0
2023-03-27,-0.01851559684041426,0.0,-0.02252939574004466,-0.009558062197281085
2023-03-28,0.01162677487889674,0.0,0.01514477084653021,0.008377406319863471
2023-03-29,0.014292162902004302,0.0,0.012143587458141876,-0.005116404244836206
2023-03-30,-0.002972744214941203,-0.0027211943310166964,-0.003188226574779388,-0.003234322628983973
2023-03-31,0.008187069059592433,0.00763516905979178,0.008187069059592433,0.00763516905979178
2023-04-01,-0.0002240929342651743,-0.00020838689546665012,-0.0002240929342651743,-0.00020838689546665012
2023-04-02,-0.006381078545280139,-0.006031452247513003,-0.006381078545280139,-0.006031452247513003
2023-04-03,-0.0013960365056464585,-0.0009308939037910857,-0.0013960365056464585,-0.0009308939037910857
2023-04-04,0.016008157051971894,0.015857958062376998,0.016008157051971894,0.015857958062376998
2023-04-05,0.007467206303731988,0.007467465895414804,0.007467206303731988,0.007467465895414804
2023-04-06,-0.008630158644055252,-0.008630456441092393,-0.008630158644055252,-0.008630456441092393
2023-04-07,-0.0034334302596142896,-0.003433583848603483,-0.0034334302596142896,-0.003433583848603483
2023-04-08,-0.0025599024736416842,-0.0025600037222009986,-0.0025599024736416842,-0.0025600037222009986
2023-04-09,0.006544003856073122,0.006544072871104811,0.006544003856073122,0.006544072871104811
2023-04-10,0.025964530447490253,0.025964876712097462,0.025964530447490253,0.025964876712097462
2023-04-11,0.0028764120350237565,0.0028764219551857817,0.0028764120350237565,0.0028764219551857817
2023-04-12,0.0009247633852098591,0.0009247633966005253,0.0009247633852098591,0.0009247633966005253
2023-04-13,0.014805847634485447,0.014805847816685036,0.014805847634485447,0.014805847816685036
2023-04-14,0.010930392819353596,0.01093039295189957,0.010930392819353596,0.01093039295189957
2023-04-15,-0.00289458828038458,-0.002894588294153233,-0.00289458828038458,-0.002894588294153233
2023-04-16,0.0039706497406846175,0.003970649743584742,0.0039706497406846175,0.003970649743584742
2023-04-17,-0.015591566347629371,-0.015591566347544994,-0.015591566347629371,-0.015591566347544994
2023-04-18,0.014517448192656213,0.014517448192569393,0.014517448192656213,0.014517448192569393
2023-04-19,-0.04063836004496901,-0.04063836004478072,-0.04063836004496901,-0.04063836004478072
2023-04-20,-0.005181177830175243,-0.005181177830139716,-0.005181177830175243,-0.005181177830139716
2023-04-21,-0.027255349650487704,-0.027255349650406435,-0.027255349650487704,-0.027255349650406435
2023-04-22,0.010902060617102416,0.010902060617054232,0.010902060617102416,0.010902060617054232
2023-04-23,-0.004718472955219877,-0.004718472955200559,-0.004718472955219877,-0.004718472955200559
2023-04-24,-0.0044619942059653805,-0.004461994205958053,-0.0044619942059653805,-0.004461994205958053
2023-04-25,0.01341106206486642,0.013411062064798918,0.01341106206486642,0.013411062064798918
2023-04-26,0.001289610024133081,0.001289610024123533,0.001289610024133081,0.001289610024123533
2023-04-27,0.014960416563039702,0.014960416563042145,0.014960416563039702,0.014960416563042145
2023-04-28,-0.0036300767896225716,-0.0036300767896225716,-0.0036300767896225716,-0.0036300767896225716
2023-04-29,0.0013657544404770405,0.0013657544404770405,0.0013657544404770405,0.0013657544404770405
2023-04-30,-0.0046148457802511755,-0.0046148457802511755,-0.0046148457802511755,-0.0046148457802511755
2023-05-01,-0.015093975205254684,-0.015093975205254684,-0.015093975205254684,-0.015093975205254684
2023-05-02,0.01030137775277673,0.01030137775277673,0.01030137775277673,0.01030137775277673
2023-05-03,0.007496308603654578,0.007496308603654578,0.007496308603654578,0.007496308603654578
2023-05-04,-0.005991680425680546,-0.005991680425680546,-0.005991680425680546,-0.005991680425680546
2023-05-05,0.021809670750680965,0.021809670750680965,0.021809670750680965,0.021809670750680965
2023-05-06,-0.021461161764218417,-0.021461161764218417,-0.021461161764218417,-0.021461161764218417
2023-05-07,-0.008547628850364308,-0.008547628850364308,-0.008547628850364308,-0.008547628850364308
2023-05-08,-0.01229088439291881,-0.01229088439291881,-0.01229088439291881,-0.01229088439291881
2023-05-09,-0.0004968291870092179,-0.0004968291870092179,-0.0004968291870092179,-0.0004968291870092179
2023-05-10,-0.0009459904164371702,-0.0009459904164371702,-0.0009459904164371702,-0.0009459904164371702
2023-05-11,-0.011342732284596813,-0.011342732284596813,-0.011342732284596813,-0.011342732284596813
2023-05-12,-0.0010942064493660864,-0.0010942064493660864,-0.0010942064493660864,-0.0010942064493660864
2023-05-13,-0.0016522444536811731,-0.0016522444536811731,-0.0016522444536811731,-0.0016522444536811731
2023-05-14,0.0018212766253542512,0.0018212766253542512,0.0018212766253542512,0.0018212766253542512
2023-05-15,0.004305954309835158,0.004305954309835158,0.004305954309835158,0.004305954309835158
2023-05-16,-0.000245472621813847,-0.000245472621813847,-0.000245472621813847,-0.000245472621813847
2023-05-17,0.0023910024875029023,0.0023910024875029023,0.0023910024875029023,0.0023910024875029023
2023-05-18,-0.006772263747919394,-0.006772263747919394,-0.006772263747919394,-0.006772263747919394
2023-05-19,0.001828412772570065,0.001828412772570065,0.001828412772570065,0.001828412772570065
2023-05-20,0.0024574107122565803,0.0024574107122565803,0.0024574107122565803,0.0024574107122565803
2023-05-21,-0.0042894149843432094,-0.0042894149843432094,-0.0042894149843432094,-0.0042894149843432094
2023-05-22,0.0022187894823866294,0.0022187894823866294,0.0022187894823866294,0.0022187894823866294
2023-05-23,0.00676301519431588,0.00676301519431588,0.00676301519431588,0.00676301519431588
2023-05-24,-0.015653382120670467,-0.015653382120670467,-0.015653382120670467,-0.015653382120670467
2023-05-25,0.0013279424810213047,0.0013279424810213047,0.0013279424810213047,0.0013279424810213047
2023-05-26,0.0039117466663427525,0.0039117466663427525,0.0039117466663427525,0.0039117466663427525
2023-05-27,0.0012691892000660232,0.0012691892000660232,0.0012691892000660232,0.0012691892000660232
2023-05-28,0.02498837741700788,0.02498837741700788,0.02498837741700788,0.02498837741700788
2023-05-29,-0.006573403259345301,-0.006573403259345301,-0.006573403259345301,-0.006573403259345301
2023-05-30,0.00040230093105741993,0.00040230093105741993,0.00040230093105741993,0.00040230093105741993
2023-05-31,-0.01024725571761087,-0.01024725571761087,-0.01024725571761087,-0.01024725571761087
2023-06-01,-0.006551627902740997,-0.006551627902740997,-0.006551627902740997,-0.006551627902740997
2023-06-02,0.010970277656412897,0.010970277656412897,0.010970277656412897,0.010970277656412897
2023-06-03,-0.005033905033769215,-0.005033905033769215,-0.005033905033769215,-0.005033905033769215
2023-06-04,4.4681196752272e-05,4.4681196752272e-05,4.4681196752272e-05,4.4681196752272e-05
2023-06-05,-0.02514657775814033,-0.02514657775814033,-0.02514657775814033,-0.02514657775814033
2023-06-06,0.017782582708534944,0.017782582708534944,0.017782582708534944,0.017782582708534944
2023-06-07,-0.017158403266654076,-0.017158403266654076,-0.017158403266654076,-0.017158403266654076
2023-06-08,0.003084495355312189,0.003084495355312189,0.003084495355312189,0.003084495355312189
2023-06-09,-0.0010961915774390096,-0.0010961915774390096,-0.0010961915774390096,-0.0010961915774390096
2023-06-10,-0.02105010690563902,-0.02105010690563902,-0.02105010690563902,-0.02105010690563902
2023-06-11,0.00030029515911711435,0.00030029515911711435,0.00030029515911711435,0.00030029515911711435
2023-06-12,-0.0015472936903910828,-0.0015472936903910828,-0.0015472936903910828,-0.0015472936903910828
2023-06-13,-3.716306848833284e-05,-3.716306848833284e-05,-3.716306848833284e-05,-3.716306848833284e-05
2023-06-14,-0.005258126092270832,-0.005258126092270832,-0.005258126092270832,-0.005258126092270832
2023-06-15,0.0016343619555032607,0.0016343619555032607,0.0016343619555032607,0.0016343619555032607
2023-06-16,0.003617757012110756,0.003617757012110756,0.003617757012110756,0.003617757012110756
2023-06-17,0.0007544073482443903,0.0007544073482443903,0.0007544073482443903,0.0007544073482443903
2023-06-18,-0.000643170451561037,-0.000643170451561037,-0.000643170451561037,-0.000643170451561037
2023-06-19,0.0017039220850716408,0.0017039220850716408,0.0017039220850716408,0.0017039220850716408
2023-06-20,0.010635668460640346,0.010635668460640346,0.010635668460640346,0.010635668460640346
2023-06-21,0.02067839772477109,0.02067839772477109,0.02067839772477109,0.02067839772477109
2023-06-22,-0.0023717773186684443,-0.0023717773186684443,-0.0023717773186684443,-0.0023717773186684443
2023-06-23,0.008364603106472135,0.008364603106472135,0.008364603106472135,0.008364603106472135
2023-06-24,-0.0033617947582293972,-0.0033617947582293972,-0.0033617947582293972,-0.0033617947582293972
2023-06-25,0.0021854862676247144,0.0021854862676247144,0.0021854862676247144,0.0021854862676247144
2023-06-26,-0.008371942030226731,-0.008371942030226731,-0.008371942030226731,-0.008371942030226731
2023-06-27,0.007570006255936956,0.007570006255936956,0.007570006255936956,0.007570006255936956
2023-06-28,-0.012183736371778608,-0.012183736371778608,-0.012183736371778608,-0.012183736371778608
2023-06-29,0.004017830061767924,0.004017830061767924,0.004017830061767924,0.004017830061767924
2023-06-30,0.011748597120897042,0.011748597120897042,0.011748597120897042,0.011748597120897042
2023-07-01,1.2899560695389667e-05,1.2899560695389667e-05,1.2899560695389667e-05,1.2899560695389667e-05
2023-07-02,0.00245665870057854,0.00245665870057854,0.00245665870057854,0.00245665870057854
2023-07-03,0.009038080692845618,0.009038080692845618,0.009038080692845618,0.009038080692845618
2023-07-04,-0.006729402745986324,-0.006729402745986324,-0.006729402745986324,-0.006729402745986324
2023-07-05,-0.005873281785561901,-0.005873281785561901,-0.005873281785561901,-0.005873281785561901
2023-07-06,-0.017964320612279372,-0.017964320612279372,-0.017964320612279372,-0.017964320612279372
2023-07-07,0.0069566261825850795,0.0069566261825850795,0.0069566261825850795,0.0069566261825850795
2023-07-08,-0.002392054445459646,-0.002392054445459646,-0.002392054445459646,-0.002392054445459646
2023-07-09,-0.0022592627225590522,-0.0022592627225590522,-0.0022592627225590522,-0.0022592627225590522
2023-07-10,0.006162602077832258,0.006162602077832258,0.006162602077832258,0.006162602077832258
2023-07-11,0.001964466138597576,0.001964466138597576,0.001964466138597576,0.001964466138597576
2023-07-12,-0.004612394980691548,-0.004612394980691548,-0.004612394980691548,-0.004612394980691548
2023-07-13,0.035452480176450196,0.035452480176450196,0.035452480176450196,0.035452480176450196
2023-07-14,-0.025358930005337954,-0.025358930005337954,-0.025358930005337954,-0.025358930005337954
2023-07-15,-0.0013627432333832568,-0.0013627432333832568,-0.0013627432333832568,-0.0013627432333832568
2023-07-16,-0.002505901312587877,-0.002505901312587877,-0.002505901312587877,-0.002505901312587877
2023-07-17,-0.0033388301352971217,-0.0033388301352971217,-0.0033388301352971217,-0.0033388301352971217
2023-07-18,-0.006532638112807021,-0.006532638112807021,-0.006532638112807021,-0.006532638112807021
2023-07-19,-0.0007575465743943077,-0.0007575465743943077,-0.0007575465743943077,-0.0007575465743943077
2023-07-20,-0.0027503540849450614,-0.0027503540849450614,-0.0027503540849450614,-0.0027503540849450614
2023-07-21,0.001330209767046675,0.001330209767046675,0.001330209767046675,0.001330209767046675
2023-07-22,-0.0060425193836571855,-0.0060425193836571855,-0.0060425193836571855,-0.0060425193836571855
2023-07-23,0.006853074866943976,0.006853074866943976,0.006853074866943976,0.006853074866943976
2023-07-24,-0.019836958864101195,-0.019836958864101195,-0.019836958864101195,-0.019836958864101195
2023-07-25,0.0012995032584104393,0.0012995032584104393,0.0012995032584104393,0.0012995032584104393
2023-07-26,0.0030376151078095326,0.0030376151078095326,0.0030376151078095326,0.0030376151078095326
2023-07-27,-0.0035798586175631586,-0.0035798586175631586,-0.0035798586175631586,-0.0035798586175631586
2023-07-28,0.0034107631305657637,0.0034107631305657637,0.0034107631305657637,0.0034107631305657637
2023-07-29,0.0014898381675971795,0.0014898381675971795,0.0014898381675971795,0.0014898381675971795
2023-07-30,-0.0050183627069674275,-0.0050183627069674275,-0.0050183627069674275,-0.0050183627069674275
2023-07-31,-0.0018966928437045283,-0.0018966928437045283,-0.0018966928437045283,-0.0018966928437045283
2023-08-01,0.005462766626118443,0.005462766626118443,0.005462766626118443,0.005462766626118443
2023-08-02,-0.014641894229570407,-0.014641894229570407,-0.014641894229570407,-0.014641894229570407
2023-08-03,-0.0002817553292865371,-0.0002817553292865371,-0.0002817553292865371,-0.0002817553292865371
2023-08-04,-0.0018431047212217333,-0.0018431047212217333,-0.0018431047212217333,-0.0018431047212217333
2023-08-05,-0.0003524938372150288,-0.0003524938372150288,-0.0003524938372150288,-0.0003524938372150288
2023-08-06,-3.9790216756707686e-05,-3.9790216756707686e-05,-3.9790216756707686e-05,-3.9790216756707686e-05
2023-08-07,0.0014863722908078358,0.0014863722908078358,0.0014863722908078358,0.0014863722908078358
2023-08-08,0.009735676289001738,0.009735676289001738,0.009735676289001738,0.009735676289001738
2023-08-09,-0.003651787384176597,-0.003651787384176597,-0.003651787384176597,-0.003651787384176597
2023-08-10,-0.0024151647671684096,-0.0024151647671684096,-0.0024151647671684096,-0.0024151647671684096
2023-08-11,-0.0009204808635202566,-0.0009204808635202566,-0.0009204808635202566,-0.0009204808635202566
2023-08-12,0.00010575914328114777,0.00010575914328114777,0.00010575914328114777,0.00010575914328114777
2023-08-13,-0.003208555747629238,-0.003208555747629238,-0.003208555747629238,-0.003208555747629238
2023-08-14,0.00174955930042886,0.00174955930042886,0.00174955930042886,0.00174955930042886
2023-08-15,-0.005346208165561528,-0.005346208165561528,-0.005346208165561528,-0.005346208165561528
2023-08-16,-0.009060046240494501,-0.009060046240494501,-0.009060046240494501,-0.009060046240494501
2023-08-17,-0.01249301870776165,-0.01249301870776165,-0.01249301870776165,-0.01249301870776165
2023-08-18,-0.00011434461987747113,-0.00011434461987747113,-0.00011434461987747113,-0.00011434461987747113
2023-08-19,0.0,0.0,0.0,0.0
2023-08-20,0.0,0.0,0.0,0.0
2023-08-21,0.0,0.0,0.0,0.0
2023-08-22,0.0,0.0,0.0,0.0
2023-08-23,0.0,0.0,0.0,0.0
2023-08-24,0.0,0.0,0.0,0.0
2023-08-25,0.0,0.0,0.0,0.0
2023-08-26,0.0,0.0,0.0,0.0
2023-08-27,0.0,0.0,0.0,0.0
2023-08-28,0.0,0.0,0.0,0.0
2023-08-29,-0.00039289716882828785,-0.00039289716882828785,-0.00039289716882828785,-0.00039289716882828785
2023-08-30,-0.0007820966076440561,-0.0007820966076440561,-0.0007820966076440561,-0.0007820966076440561
2023-08-31,0.0,0.0,0.0,0.0
2023-09-01,0.0,0.0,0.0,0.0
2023-09-02,0.0,0.0,0.0,0.0
2023-09-03,0.0,0.0,0.0,0.0
2023-09-04,0.0,0.0,0.0,0.0
2023-09-05,0.0,0.0,0.0,0.0
2023-09-06,0.0,0.0,0.0,0.0
2023-09-07,0.0,0.0,0.0,0.0
2023-09-08,0.0,0.0,0.0,0.0
2023-09-09,0.0,0.0,0.0,0.0
2023-09-10,0.0,0.0,0.0,0.0
2023-09-11,0.0,0.0,0.0,0.0
2023-09-12,0.0,0.0,0.0,0.0
2023-09-13,0.0,0.0,0.0,0.0
2023-09-14,0.0,0.0,0.0,0.0
2023-09-15,0.0,0.0,0.0,0.0
2023-09-16,0.0,0.0,0.0,0.0
2023-09-17,0.0,0.0,0.0,0.0
2023-09-18,0.0,0.0,0.0,0.0
2023-09-19,0.0,0.0,0.0,0.0
2023-09-20,0.0,0.0,0.0,0.0
2023-09-21,0.0,0.0,0.0,0.0
2023-09-22,0.0,0.0,0.0,0.0
2023-09-23,0.0,0.0,0.0,0.0
2023-09-24,0.0,0.0,0.0,0.0
2023-09-25,0.0,0.0,0.0,0.0
2023-09-26,0.0,0.0,0.0,0.0
2023-09-27,0.0,0.0,0.0,0.0
2023-09-28,0.0,0.0,0.0,0.0
2023-09-29,0.0,0.0,0.0,0.0
2023-09-30,0.0,0.0,0.0,0.0
2023-10-01,0.0,0.0,0.0,0.0
2023-10-02,-0.003991034859320397,-0.003991034859320397,-0.003991034859320397,-0.003991034859320397
2023-10-03,-0.0001692961740260568,-0.0001692961740260568,-0.0001692961740260568,-0.0001692961740260568
2023-10-04,0.0,0.0,-0.0006182565147072046,-0.0006182565147072046
2023-10-05,0.0,0.0,-0.0018325700631513044,-0.0018325700631513044
2023-10-06,-0.0002090684827251721,0.0,0.004933962365898396,0.005143030848623568
2023-10-07,9.657398526408123e-05,-7.875305119142695e-06,-0.00040502211687130126,-0.0005094714072545252
2023-10-08,-0.0006118924532162451,-0.0005383687772072543,-0.0006118924532162451,-0.0005383687772072543
2023-10-09,-0.0018640403893794844,-0.0018640403893794844,-0.0018640403893794844,-0.0018640403893794844
2023-10-10,0.0,0.0,0.0,0.0
2023-10-11,0.0,0.0,0.0,0.0
2023-10-12,0.0,0.0,0.0,0.0
2023-10-13,0.0,0.0,0.0,0.0
2023-10-14,0.0,0.0,0.0,0.0
2023-10-15,0.0,0.0,0.0,0.0
2023-10-16,0.002150714504085105,0.002150714504085105,0.002150714504085105,0.002150714504085105
2023-10-17,-0.0011968584399159043,-0.0011968584399159043,-0.0011968584399159043,-0.0011968584399159043
2023-10-18,-0.001566609379046846,-0.001566609379046846,-0.001566609379046846,-0.001566609379046846
2023-10-19,0.008386611061578009,0.008386611061578009,0.008386611061578009,0.008386611061578009
2023-10-20,0.02026032197743488,0.02026032197743488,0.02026032197743488,0.02026032197743488
2023-10-21,0.0050045641935339,-0.0006167162952339655,0.004813438174596482,-0.0011167162952339655
2023-10-22,0.0017096582114199954,0.0,0.0017096582114199954,0.0
2023-10-23,0.06354396781711058,0.0,0.062253078325609126,-0.0033770637265356784
2023-10-24,0.011261083555593965,0.0,0.011219432735467978,-0.00010896166926289729
2023-10-25,0.007089212507873643,0.0,0.00869243549491929,0.004194151575905
2023-10-26,-0.003353277134677368,0.0,-0.002749483209052623,0.0015795701940049531
2023-10-27,-0.006172202538533789,0.0,-0.001716517893067147,0.011656405209082467
2023-10-28,0.0012135401754709285,0.0,0.0012135401754709285,0.0
2023-10-29,0.007232976042540251,0.0,0.007232976042540251,0.0
2023-10-30,-0.0008788982189810168,0.0,-0.003065073836454867,-0.005719199378577755
2023-10-31,0.0028270676742383483,0.0,0.0010694322904192567,-0.005501442266854841
2023-11-01,0.01419063033617296,0.0,0.013201304614967392,-0.0031592235014113444
2023-11-02,-0.014156389141729342,0.0,-0.013374044123046611,0.003322624448604916
2023-11-03,0.0031855260006901087,0.002512526580878749,0.0030623621681538362,0.0020110831504362714
2023-11-04,0.009494458737411504,0.009771736262533581,0.009494458737411504,0.009771736262533581
2023-11-05,0.00741607589414639,0.008162251359430384,0.00741607589414639,0.008162251359430384
2023-11-06,0.0025052058058054882,0.0026675632153847495,0.0025052058058054882,0.0026675632153847495
2023-11-07,0.0012054331691773168,0.0007096831147119786,0.0012054331691773168,0.0007096831147119786
2023-11-08,0.003019251665266065,0.003238391236237703,0.003019251665266065,0.003238391236237703
2023-11-09,0.06016361758981281,0.05971686541971133,0.06016361758981281,0.05971686541971133
2023-11-10,-0.0008301315352369221,-0.001149401275828743,-0.0008301315352369221,-0.001149401275828743
2023-11-11,-0.006102915715537338,-0.006013663380938672,-0.006102915715537338,-0.006013663380938672
2023-11-12,-0.002195970679311543,-0.0021612569722474495,-0.002195970679311543,-0.0021612569722474495
2023-11-13,-0.005151697451699633,-0.005721038265048661,-0.005151697451699633,-0.005721038265048661
2023-11-14,-0.024814651522759523,-0.023915635061810603,-0.024814651522759523,-0.023915635061810603
2023-11-15,0.04636041769962462,0.04477501676013396,0.04636041769962462,0.04477501676013396
2023-11-16,-0.03496677960245986,-0.03469376758079967,-0.03496677960245986,-0.03469376758079967
2023-11-17,0.0047064329363391,0.004706318184688474,0.0047064329363391,0.004706318184688474
2023-11-18,0.0011102582013586826,0.0011104395678016576,0.0011102582013586826,0.0011104395678016576
2023-11-19,0.019998566228668357,0.01999856658406074,0.019998566228668357,0.01999856658406074
2023-11-20,0.0030975897067981872,0.0030975897607659064,0.0030975897067981872,0.0030975897607659064
2023-11-21,-0.03666417215191975,-0.03666417254829102,-0.03666417215191975,-0.03666417254829102
2023-11-22,0.04343938770696698,0.04343938770744771,0.04343938770696698,0.04343938770744771
2023-11-23,-0.001587336700208164,-0.0015873367002651184,-0.001587336700208164,-0.0015873367002651184
2023-11-24,0.00844532386095187,0.008445323862112275,0.00844532386095187,0.008445323862112275
2023-11-25,0.0012135577694794009,0.0012135577696155142,0.0012135577694794009,0.0012135577696155142
2023-11-26,-0.007673846294174558,-0.0076738462954524245,-0.007673846294174558,-0.0076738462954524245
2023-11-27,-0.008590108934189433,-0.008590108936388674,-0.008590108934189433,-0.008590108936388674
2023-11-28,0.010810750706715666,0.01081075070802573,0.010810750706715666,0.01081075070802573
2023-11-29,-0.0034575547077075885,-0.003457554707579358,-0.0034575547077075885,-0.003457554707579358
2023-11-30,0.002362689989907185,0.0023626899899140685,0.002362689989907185,0.0023626899899140685
2023-12-01,0.018493869677598918,0.018493869677548957,0.018493869677598918,0.018493869677548957
2023-12-02,0.020171272207475166,0.02017127220747361,0.020171272207475166,0.02017127220747361
2023-12-03,0.010224616819161758,0.010224616819161758,0.010224616819161758,0.010224616819161758
2023-12-04,0.03026294507429106,0.03026294507429106,0.03026294507429106,0.03026294507429106
2023-12-05,0.025600139614734285,0.025600139614734285,0.025600139614734285,0.025600139614734285
2023-12-06,-0.010684998146720304,-0.010684998146720304,-0.010684998146720304,-0.010684998146720304
2023-12-07,0.011032221874864856,0.011032221874864856,0.011032221874864856,0.011032221874864856
2023-12-08,0.0067516913036693715,0.0067516913036693715,0.0067516913036693715,0.0067516913036693715
2023-12-09,-0.005359077240107868,-0.005359077240107868,-0.005359077240107868,-0.005359077240107868
2023-12-10,0.0017465453158782562,0.0017465453158782562,0.0017465453158782562,0.0017465453158782562
2023-12-11,-0.03498187469338587,-0.03498187469338587,-0.03498187469338587,-0.03498187469338587
2023-12-12,-0.0012044308647811697,-0.0012044308647811697,-0.0012044308647811697,-0.0012044308647811697
2023-12-13,0.01961380011453473,0.01961380011453473,0.01961380011453473,0.01961380011453473
2023-12-14,0.007695939662362594,0.007695939662362594,0.007695939662362594,0.007695939662362594
2023-12-15,-0.019579068661484844,-0.019579068661484844,-0.019579068661484844,-0.019579068661484844
2023-12-16,0.0036929417183100277,0.0036929417183100277,0.0036929417183100277,0.0036929417183100277
2023-12-17,-0.011524847000603633,-0.011524847000603633,-0.011524847000603633,-0.011524847000603633
2023-12-18,0.013567286912246512,0.013567286912246512,0.013567286912246512,0.013567286912246512
2023-12-19,-0.010196785249222184,-0.010196785249222184,-0.010196785249222184,-0.010196785249222184
2023-12-20,0.013810737656577032,0.013810737656577032,0.013810737656577032,0.013810737656577032
2023-12-21,0.004998875831868643,0.004998875831868643,0.004998875831868643,0.004998875831868643
2023-12-22,0.010011062985922026,0.010011062985922026,0.010011062985922026,0.010011062985922026
2023-12-23,-0.003406589550493999,-0.003406589550493999,-0.003406589550493999,-0.003406589550493999
2023-12-24,-0.009971566906209817,-0.009971566906209817,-0.009971566906209817,-0.009971566906209817
2023-12-25,0.0050627397624434245,0.0050627397624434245,0.0050627397624434245,0.0050627397624434245
2023-12-26,-0.014488432253025874,-0.014488432253025874,-0.014488432253025874,-0.014488432253025874
2023-12-27,0.027968275661921282,0.027968275661921282,0.027968275661921282,0.027968275661921282
2023-12-28,-0.011777270203249812,-0.011777270203249812,-0.011777270203249812,-0.011777270203249812
2023-12-29,-0.011954604633612087,-0.011954604633612087,-0.011954604633612087,-0.011954604633612087
2023-12-30,-0.00043903292295643936,-0.00043903292295643936,-0.00043903292295643936,-0.00043903292295643936
2023-12-31,-0.0005276774953284491,-0.0005276774953284491,-0.0005276774953284491,-0.0005276774953284491
2024-01-01,0.0298996433764096,0.0298996433764096,0.0298996433764096,0.0298996433764096
2024-01-02,0.009457836122684249,0.009457836122684249,0.009457836122684249,0.009457836122684249
2024-01-03,-0.031388262404076106,-0.031388262404076106,-0.031388262404076106,-0.031388262404076106
2024-01-04,0.016548473593545943,0.016548473593545943,0.016548473593545943,0.016548473593545943
2024-01-05,-0.0013503112694271957,-0.0013503112694271957,-0.0013503112694271957,-0.0013503112694271957
2024-01-06,-0.003776207159564393,-0.003776207159564393,-0.003776207159564393,-0.003776207159564393
2024-01-07,-0.0030874431207033037,-0.0030874431207033037,-0.0030874431207033037,-0.0030874431207033037
2024-01-08,0.04276714641829549,0.04276714641829549,0.04276714641829549,0.04276714641829549
2024-01-09,-0.004660973049781414,-0.004660973049781414,-0.004660973049781414,-0.004660973049781414
2024-01-10,0.02926129348428086,0.02926129348428086,0.02926129348428086,0.02926129348428086
2024-01-11,0.0012247910667404494,0.0012247910667404494,0.0012247910667404494,0.0012247910667404494
2024-01-12,-0.02981290925136182,-0.02981290925136182,-0.02981290925136182,-0.02981290925136182
2024-01-13,0.006131411246856011,0.006131411246856011,0.006131411246856011,0.006131411246856011
2024-01-14,-0.01725118879918175,-0.01725118879918175,-0.01725118879918175,-0.01725118879918175
2024-01-15,0.008635055700803251,0.008635055700803251,0.008635055700803251,0.008635055700803251
2024-01-16,0.011483182682686666,0.011483182682686666,0.011483182682686666,0.011483182682686666
2024-01-17,-0.007942876911520291,-0.007942876911520291,-0.007942876911520291,-0.007942876911520291
2024-01-18,-0.014527551363351265,-0.014527551363351265,-0.014527551363351265,-0.014527551363351265
2024-01-19,0.004711903119794192,0.004711903119794192,0.004711903119794192,0.004711903119794192
2024-01-20,-0.002300651694549405,-0.002300651694549405,-0.002300651694549405,-0.002300651694549405
2024-01-21,-0.002566889097650793,-0.002566889097650793,-0.002566889097650793,-0.002566889097650793
2024-01-22,-0.02991003624550692,-0.02991003624550692,-0.02991003624550692,-0.02991003624550692
2024-01-23,-0.008308817888975528,-0.008308817888975528,-0.008308817888975528,-0.008308817888975528
2024-01-24,0.0002720454505302783,0.0002720454505302783,0.0002720454505302783,0.0002720454505302783
2024-01-25,-0.002992566211291181,-0.002992566211291181,-0.002992566211291181,-0.002992566211291181
2024-01-26,0.018813534859194236,0.018813534859194236,0.018813534859194236,0.018813534859194236
2024-01-27,0.0016394632371399265,0.0016394632371399265,0.0016394632371399265,0.0016394632371399265
2024-01-28,-0.0016587715163408623,-0.0016587715163408623,-0.0016587715163408623,-0.0016587715163408623
2024-01-29,0.015231743990651525,0.015231743990651525,0.015231743990651525,0.015231743990651525
2024-01-30,-0.00047807092499319026,-0.00047807092499319026,-0.00047807092499319026,-0.00047807092499319026
2024-01-31,-0.014288040372393507,-0.014288040372393507,-0.014288040372393507,-0.014288040372393507
2024-02-01,0.006009824371225214,0.006009824371225214,0.006009824371225214,0.006009824371225214
2024-02-02,0.0015864924393216295,0.0015864924393216295,0.0015864924393216295,0.0015864924393216295
2024-02-03,-0.0030847200003517594,-0.0030847200003517594,-0.0030847200003517594,-0.0030847200003517594
2024-02-04,-0.004114129535304878,-0.004114129535304878,-0.004114129535304878,-0.004114129535304878
2024-02-05,0.0014716534947969429,0.0014716534947969429,0.0014716534947969429,0.0014716534947969429
2024-02-06,0.011124565882775217,0.011124565882775217,0.011124565882775217,0.011124565882775217
2024-02-07,0.016362977187533545,0.016362977187533545,0.016362977187533545,0.016362977187533545
2024-02-08,0.005761802268178462,0.005761802268178462,0.005761802268178462,0.005761802268178462
2024-02-09,0.01947223494807737,0.01947223494807737,0.01947223494807737,0.01947223494807737
2024-02-10,0.004704122800484267,0.004704122800484267,0.004704122800484267,0.004704122800484267
2024-02-11,0.0037235329665328276,0.0037235329665328276,0.0037235329665328276,0.0037235329665328276
2024-02-12,0.0231348235543698,0.0231348235543698,0.0231348235543698,0.0231348235543698
2024-02-13,-0.0029926129882879016,-0.0029926129882879016,-0.0029926129882879016,-0.0029926129882879016
2024-02-14,0.023674179252398453,0.023674179252398453,0.023674179252398453,0.023674179252398453
2024-02-15,0.004676619857155728,0.004676619857155728,0.004676619857155728,0.004676619857155728
2024-02-16,-0.0005289539422733691,-0.0005289539422733691,-0.0005289539422733691,-0.0005289539422733691
2024-02-17,-0.003962020659062926,-0.003962020659062926,-0.003962020659062926,-0.003962020659062926
2024-02-18,0.011066489887289865,0.011066489887289865,0.011066489887289865,0.011066489887289865
2024-02-19,0.0036383449196326634,0.0036383449196326634,0.0036383449196326634,0.0036383449196326634
2024-02-20,0.008648351846572977,0.008648351846572977,0.008648351846572977,0.008648351846572977
2024-02-21,-0.006189691694915012,-0.006189691694915012,-0.006189691694915012,-0.006189691694915012
2024-02-22,-0.0026459329621202343,-0.0026459329621202343,-0.0026459329621202343,-0.0026459329621202343
2024-02-23,-0.007151713471304388,-0.007151713471304388,-0.007151713471304388,-0.007151713471304388
2024-02-24,0.010550777170582837,0.010550777170582837,0.010550777170582837,0.010550777170582837
2024-02-25,0.011259208166147117,0.011259208166147117,0.011259208166147117,0.011259208166147117
2024-02-26,0.019215332242303207,0.019215332242303207,0.019215332242303207,0.019215332242303207
2024-02-27,0.017555712692500336,0.017555712692500336,0.017555712692500336,0.017555712692500336
2024-02-28,0.03302811726330668,0.03302811726330668,0.03302811726330668,0.03302811726330668
2024-02-29,-0.007886201067803689,-0.007886201067803689,-0.007886201067803689,-0.007886201067803689
2024-03-01,0.011042398989024482,0.011042398989024482,0.011042398989024482,0.011042398989024482
2024-03-02,-0.0023428490209377317,-0.0023428490209377317,-0.0023428490209377317,-0.0023428490209377317
2024-03-03,0.008701937910032376,0.008701937910032376,0.008701937910032376,0.008701937910032376
2024-03-04,0.02891859435566757,0.02891859435566757,0.02891859435566757,0.02891859435566757
2024-03-05,-0.02035468265253093,-0.02035468265253093,-0.02035468265253093,-0.02035468265253093
2024-03-06,0.018288180671348186,0.018288180671348186,0.018288180671348186,0.018288180671348186
2024-03-07,0.004337186239065094,0.004337186239065094,0.004337186239065094,0.004337186239065094
2024-03-08,0.004526361620931896,0.004526361620931896,0.004526361620931896,0.004526361620931896
2024-03-09,0.0014600114285863164,0.0014600114285863164,0.0014600114285863164,0.0014600114285863164
2024-03-10,0.0008387673084964131,0.0008387673084964131,0.0008387673084964131,0.0008387673084964131
2024-03-11,0.016949132239646003,0.016949132239646003,0.016949132239646003,0.016949132239646003
2024-03-12,-0.0052430425432394845,-0.0052430425432394845,-0.0052430425432394845,-0.0052430425432394845
2024-03-13,0.0058024362634225835,0.0058024362634225835,0.0058024362634225835,0.0058024362634225835
2024-03-14,-0.009887072534885188,-0.009887072534885188,-0.009887072534885188,-0.009887072534885188
2024-03-15,-0.011261483045905796,-0.011261483045905796,-0.011261483045905796,-0.011261483045905796
2024-03-16,-0.018403194649376897,-0.018403194649376897,-0.018403194649376897,-0.018403194649376897
2024-03-17,0.012112738414318258,0.012112738414318258,0.012112738414318258,0.012112738414318258
2024-03-18,-0.006876499821272364,-0.006876499821272364,-0.006876499821272364,-0.006876499821272364
2024-03-19,-0.027850989954658845,-0.027850989954658845,-0.027850989954658845,-0.027850989954658845
2024-03-20,0.02901897709718715,0.02901897709718715,0.02901897709718715,0.02901897709718715
2024-03-21,-0.005972760794172638,-0.005972760794172638,-0.005972760794172638,-0.005972760794172638
2024-03-22,-0.007991825755825022,-0.007991825755825022,-0.007991825755825022,-0.007991825755825022
2024-03-23,0.00026406057593098,0.00026406057593098,0.00026406057593098,0.00026406057593098
2024-03-24,0.010714925759788052,0.010714925759788052,0.010714925759788052,0.010714925759788052
2024-03-25,0.009612430408655337,0.009612430408655337,0.009612430408655337,0.009612430408655337
2024-03-26,0.000163098061721767,0.000163098061721767,0.000163098061721767,0.000163098061721767
2024-03-27,-0.0033975425591661335,-0.0033975425591661335,-0.0033975425591661335,-0.0033975425591661335
2024-03-28,0.0045019329951814235,0.0045019329951814235,0.0045019329951814235,0.0045019329951814235
2024-03-29,-0.003404730562864944,-0.003404730562864944,-0.003404730562864944,-0.003404730562864944
2024-03-30,-0.0007120079738196505,-0.0007120079738196505,-0.0007120079738196505,-0.0007120079738196505
2024-03-31,0.008046817430259923,0.008046817430259923,0.008046817430259923,0.008046817430259923
2024-04-01,-0.009487160759278357,-0.009487160759278357,-0.009487160759278357,-0.009487160759278357
2024-04-02,-0.018828080003443493,-0.018828080003443493,-0.018828080003443493,-0.018828080003443493
2024-04-03,0.002503272970621584,0.002503272970621584,0.002503272970621584,0.002503272970621584
2024-04-04,0.00650572070669142,0.00650572070669142,0.00650572070669142,0.00650572070669142
2024-04-05,-0.0019256711269647342,-0.0019256711269647342,-0.0019256711269647342,-0.0019256711269647342
2024-04-06,0.0038829801898492278,0.0038829801898492278,0.0038829801898492278,0.0038829801898492278
2024-04-07,0.005365780225537575,0.005365780225537575,0.005365780225537575,0.005365780225537575
2024-04-08,0.015161426253156973,0.015161426253156973,0.015161426253156973,0.015161426253156973
2024-04-09,-0.013267476232041164,-0.013267476232041164,-0.013267476232041164,-0.013267476232041164
2024-04-10,0.0049979829822077715,0.0049979829822077715,0.0049979829822077715,0.0049979829822077715
2024-04-11,-0.0031958585636854275,-0.0031958585636854275,-0.0031958585636854275,-0.0031958585636854275
2024-04-12,-0.01755957489379345,-0.01755957489379345,-0.01755957489379345,-0.01755957489379345
2024-04-13,-0.017100527501632712,-0.017100527501632712,-0.017100527501632712,-0.017100527501632712
2024-04-14,0.010446865397214733,0.010446865397214733,0.010446865397214733,0.010446865397214733
2024-04-15,-0.007457327046403117,-0.007457327046403117,-0.007457327046403117,-0.007457327046403117
2024-04-16,0.00010789184420856301,0.00010789184420856301,0.00010789184420856301,0.00010789184420856301
2024-04-17,-0.00984135265625874,-0.00984135265625874,-0.00984135265625874,-0.00984135265625874
2024-04-18,0.00702677444191524,0.00702677444191524,0.00702677444191524,0.00702677444191524
2024-04-19,0.0008760180841631549,0.0008760180841631549,0.0008760180841631549,0.0008760180841631549
2024-04-20,0.005920918355160287,0.005920918355160287,0.005920918355160287,0.005920918355160287
2024-04-21,-0.00018678986255205032,-0.00018678986255205032,-0.00018678986255205032,-0.00018678986255205032
2024-04-22,0.007209698594362823,0.007209698594362823,0.007209698594362823,0.007209698594362823
2024-04-23,-0.0008391572136001724,-0.0008391572136001724,-0.0008391572136001724,-0.0008391572136001724
2024-04-24,-0.008547509522994767,-0.008547509522994767,-0.008547509522994767,-0.008547509522994767
2024-04-25,0.0010164023204735084,0.0010164023204735084,0.0010164023204735084,0.0010164023204735084
2024-04-26,-0.0028952902405314784,-0.0028952902405314784,-0.0028952902405314784,-0.0028952902405314784
2024-04-27,0.0017821892455813781,0.0017821892455813781,0.0017821892455813781,0.0017821892455813781
2024-04-28,-0.0007263994878473623,-0.0007263994878473623,-0.0007263994878473623,-0.0007263994878473623
2024-04-29,0.00019138916520877736,0.00019138916520877736,0.00019138916520877736,0.00019138916520877736
2024-04-30,-0.02000966201822718,-0.02000966201822718,-0.02000966201822718,-0.02000966201822718
2024-05-01,-0.009402828635522553,-0.009402828635522553,-0.009402828635522553,-0.009402828635522553
2024-05-02,0.0012379897371768145,0.0012379897371768145,0.0012379897371768145,0.0012379897371768145
2024-05-03,0.007657244372021088,0.007657244372021088,0.007657244372021088,0.007657244372021088
2024-05-04,0.001625616659602036,0.001625616659602036,0.001625616659602036,0.001625616659602036
2024-05-05,0.0006813450771800955,0.0006813450771800955,0.0006813450771800955,0.0006813450771800955
2024-05-06,-0.003519971020307322,-0.003519971020307322,-0.003519971020307322,-0.003519971020307322
2024-05-07,-0.0031928971388298644,-0.0031928971388298644,-0.0031928971388298644,-0.0031928971388298644
2024-05-08,-0.0032937466796952863,-0.0032937466796952863,-0.0032937466796952863,-0.0032937466796952863
2024-05-09,0.005746800150520537,0.005746800150520537,0.005746800150520537,0.005746800150520537
2024-05-10,-0.008505268931134013,-0.008505268931134013,-0.008505268931134013,-0.008505268931134013
2024-05-11,8.485711733352552e-05,8.485711733352552e-05,8.485711733352552e-05,8.485711733352552e-05
2024-05-12,0.0010039703596853577,0.0010039703596853577,0.0010039703596853577,0.0010039703596853577
2024-05-13,0.002387440305972044,0.002387440305972044,0.002387440305972044,0.002387440305972044
2024-05-14,-0.005265460149922574,-0.005265460149922574,-0.005265460149922574,-0.005265460149922574
2024-05-15,0.01690041474152637,0.01690041474152637,0.01690041474152637,0.01690041474152637
2024-05-16,-0.005789385072526576,-0.005789385072526576,-0.005789385072526576,-0.005789385072526576
2024-05-17,0.00934483455841506,0.00934483455841506,0.00934483455841506,0.00934483455841506
2024-05-18,0.0002654870278790966,0.0002654870278790966,0.0002654870278790966,0.0002654870278790966
2024-05-19,-0.0032958836818369752,-0.0032958836818369752,-0.0032958836818369752,-0.0032958836818369752
2024-05-20,0.033585571254200364,0.033585571254200364,0.033585571254200364,0.033585571254200364
2024-05-21,-0.00011882730317946955,-0.00011882730317946955,-0.00011882730317946955,-0.00011882730317946955
2024-05-22,-0.00567929263107203,-0.00567929263107203,-0.00567929263107203,-0.00567929263107203
2024-05-23,-0.002106015686703211,-0.002106015686703211,-0.002106015686703211,-0.002106015686703211
2024-05-24,0.0008290510535622353,0.0008290510535622353,0.0008290510535622353,0.0008290510535622353
2024-05-25,0.004226955132336618,0.004226955132336618,0.004226955132336618,0.004226955132336618
2024-05-26,0.0008107952385747463,0.0008107952385747463,0.0008107952385747463,0.0008107952385747463
2024-05-27,0.007804144105288957,0.007804144105288957,0.007804144105288957,0.007804144105288957
2024-05-28,-0.007225265231470157,-0.007225265231470157,-0.007225265231470157,-0.007225265231470157
2024-05-29,-0.007520870658605183,-0.007520870658605183,-0.007520870658605183,-0.007520870658605183
2024-05-30,0.0020123185800040577,0.0020123185800040577,0.0020123185800040577,0.0020123185800040577
2024-05-31,-0.0027884141590641676,-0.0027884141590641676,-0.0027884141590641676,-0.0027884141590641676
2024-06-01,0.003971315404138753,0.003971315404138753,0.003971315404138753,0.003971315404138753
2024-06-02,-0.0019331001016161808,-0.0019331001016161808,-0.0019331001016161808,-0.0019331001016161808
2024-06-03,0.0038447643634849094,0.0038447643634849094,0.0038447643634849094,0.0038447643634849094
2024-06-04,0.009979913837751875,0.009979913837751875,0.009979913837751875,0.009979913837751875
2024-06-05,0.0055259905375217855,0.0055259905375217855,0.0055259905375217855,0.0055259905375217855
2024-06-06,-0.0041889187891647195,-0.0041889187891647195,-0.0041889187891647195,-0.0041889187891647195
2024-06-07,-0.013643235576964452,-0.013643235576964452,-0.013643235576964452,-0.013643235576964452
2024-06-08,-0.00011382536407467114,-0.00011382536407467114,-0.00011382536407467114,-0.00011382536407467114
2024-06-09,0.002523133454657156,0.002523133454657156,0.002523133454657156,0.002523133454657156
2024-06-10,-0.0017185112399145108,-0.0017185112399145108,-0.0017185112399145108,-0.0017185112399145108
2024-06-11,-0.015057275078003918,-0.015057275078003918,-0.015057275078003918,-0.015057275078003918
2024-06-12,0.005541918959998782,0.005541918959998782,0.005541918959998782,0.005541918959998782
2024-06-13,-0.011056207072986268,-0.011056207072986268,-0.011056207072986268,-0.011056207072986268
2024-06-14,-0.005753758257477037,-0.005753758257477037,-0.005753758257477037,-0.005753758257477037
2024-06-15,0.005103465811687968,0.005103465811687968,0.005103465811687968,0.005103465811687968
2024-06-16,0.00396474957622428,0.00396474957622428,0.00396474957622428,0.00396474957622428
2024-06-17,-0.006549615026329669,-0.006549615026329669,-0.006549615026329669,-0.006549615026329669
2024-06-18,-0.005596165080887006,-0.005596165080887006,-0.005596165080887006,-0.005596165080887006
2024-06-19,0.004261984836648969,0.004261984836648969,0.004261984836648969,0.004261984836648969
2024-06-20,-0.00312077640375219,-0.00312077640375219,-0.00312077640375219,-0.00312077640375219
2024-06-21,-0.0011226727499504818,-0.0011226727499504818,-0.0011226727499504818,-0.0011226727499504818
2024-06-22,-0.0011650114646221121,-0.0011650114646221121,-0.0011650114646221121,-0.0011650114646221121
2024-06-23,-0.0067341371333641264,-0.0067341371333641264,-0.0067341371333641264,-0.0067341371333641264
2024-06-24,-0.008464685394251048,-0.008464685394251048,-0.008464685394251048,-0.008464685394251048
2024-06-25,0.002589731966158304,0.002589731966158304,0.002589731966158304,0.002589731966158304
2024-06-26,-0.001815763649392621,-0.001815763649392621,-0.001815763649392621,-0.001815763649392621
2024-06-27,0.004007846084214561,0.004007846084214561,0.004007846084214561,0.004007846084214561
2024-06-28,-0.004581068703004898,-0.004581068703004898,-0.004581068703004898,-0.004581068703004898
2024-06-29,-0.00019331179690929012,-0.00019331179690929012,-0.00019331179690929012,-0.00019331179690929012
2024-06-30,0.003772167349027633,0.003772167349027633,0.003772167349027633,0.003772167349027633
2024-07-01,0.0002848348015649371,0.0002848348015649371,0.0002848348015649371,0.0002848348015649371
2024-07-02,-0.0015400459764391972,-0.0015400459764391972,-0.0015400459764391972,-0.0015400459764391972
2024-07-03,-0.006101494222939818,-0.006101494222939818,-0.006101494222939818,-0.006101494222939818
2024-07-04,-0.004857413727634929,-0.004857413727634929,-0.004857413727634929,-0.004857413727634929
2024-07-05,-4.1051216275178604e-05,-4.1051216275178604e-05,-4.1051216275178604e-05,-4.1051216275178604e-05
2024-07-06,0.0,0.0,0.0,0.0
2024-07-07,0.0,0.0,0.0,0.0
2024-07-08,0.0,0.0,0.0,0.0
2024-07-09,0.0,0.0,0.0,0.0
2024-07-10,0.0,0.0,0.0,0.0
2024-07-11,0.0,0.0,0.0,0.0
2024-07-12,0.0,0.0,0.0,0.0
2024-07-13,0.0,0.0,0.0,0.0
2024-07-14,0.0,0.0,0.0,0.0
2024-07-15,0.005157410856109879,0.005157410856109879,0.005157410856109879,0.005157410856109879
2024-07-16,-0.005422429592691458,-0.005422429592691458,-0.005422429592691458,-0.005422429592691458
2024-07-17,-0.008078647882971413,-0.008078647882971413,-0.008078647882971413,-0.008078647882971413
2024-07-18,-0.002414502284163289,-0.002414502284163289,-0.002414502284163289,-0.002414502284163289
2024-07-19,0.00722843210807711,0.00722843210807711,0.00722843210807711,0.00722843210807711
2024-07-20,0.003409455874905154,0.003409455874905154,0.003409455874905154,0.003409455874905154
2024-07-21,0.008005923634243128,0.008005923634243128,0.008005923634243128,0.008005923634243128
2024-07-22,-0.013774290695074187,-0.013774290695074187,-0.013774290695074187,-0.013774290695074187
2024-07-23,-0.005687407742562489,-0.005687407742562489,-0.005687407742562489,-0.005687407742562489
2024-07-24,-0.01938225032885066,-0.01938225032885066,-0.01938225032885066,-0.01938225032885066
2024-07-25,-0.008218419150851308,-0.008218419150851308,-0.008218419150851308,-0.008218419150851308
2024-07-26,0.014136348434787616,0.014136348434787616,0.014136348434787616,0.014136348434787616
2024-07-27,-0.0006197693892596723,-0.0006197693892596723,-0.0006197693892596723,-0.0006197693892596723
2024-07-28,0.002803391222160778,0.002803391222160778,0.002803391222160778,0.002803391222160778
2024-07-29,-0.010912740816636735,-0.010912740816636735,-0.010912740816636735,-0.010912740816636735
2024-07-30,-0.004590192059432674,-0.004590192059432674,-0.004590192059432674,-0.004590192059432674
2024-07-31,-0.011233626777911399,-0.011233626777911399,-0.011233626777911399,-0.011233626777911399
2024-08-01,-0.0040574603156485756,-0.0040574603156485756,-0.0040574603156485756,-0.0040574603156485756
2024-08-02,-0.012923611334790364,-0.012923611334790364,-0.012923611334790364,-0.012923611334790364
2024-08-03,-0.0012786270391973442,-0.0012786270391973442,-0.0012786270391973442,-0.0012786270391973442
2024-08-04,0.0,0.0,0.0,0.0
2024-08-05,0.0,0.0,0.0,0.0
2024-08-06,0.0,0.0,0.0,0.0
2024-08-07,0.0,0.0,0.0,0.0
2024-08-08,0.0,0.0,0.0,0.0
2024-08-09,0.0,0.0,0.0,0.0
2024-08-10,0.0,0.0,0.0,0.0
2024-08-11,0.0,0.0,0.0,0.0
2024-08-12,0.0,0.0,0.0,0.0
2024-08-13,0.0,0.0,0.0,0.0
2024-08-14,0.0,0.0,0.0,0.0
2024-08-15,0.0,0.0,0.0,0.0
2024-08-16,0.0,0.0,0.0,0.0
2024-08-17,0.0,0.0,0.0,0.0
2024-08-18,0.0,0.0,0.0,0.0
2024-08-19,0.0,0.0,0.0,0.0
2024-08-20,0.0,0.0,0.0,0.0
2024-08-21,0.0,0.0,0.0,0.0
2024-08-22,0.0,0.0,0.0,0.0
2024-08-23,0.0,0.0,0.0,0.0
2024-08-24,0.00011295713756220849,0.00011295713756220849,0.00011295713756220849,0.00011295713756220849
2024-08-25,0.00012765142936710383,0.00012765142936710383,0.00012765142936710383,0.00012765142936710383
2024-08-26,-0.0035199353035548775,-0.0035199353035548775,-0.0035199353035548775,-0.0035199353035548775
2024-08-27,-7.791798941170214e-05,-7.791798941170214e-05,-7.791798941170214e-05,-7.791798941170214e-05
2024-08-28,0.0,0.0,0.0,0.0
2024-08-29,0.0,0.0,0.0,0.0
2024-08-30,0.0,0.0,0.0,0.0
2024-08-31,0.0,0.0,0.0,0.0
2024-09-01,0.0,0.0,0.0,0.0
2024-09-02,0.0,0.0,0.0,0.0
2024-09-03,0.0,0.0,0.0,0.0
2024-09-04,0.0,0.0,0.0,0.0
2024-09-05,0.0,0.0,0.0,0.0
2024-09-06,0.0,0.0,0.0,0.0
2024-09-07,0.0,0.0,0.0,0.0
2024-09-08,0.0,0.0,0.0,0.0
2024-09-09,0.0,0.0,0.0,0.0
2024-09-10,0.0,0.0,0.0,0.0
2024-09-11,0.0,0.0,0.0,0.0
2024-09-12,0.0,0.0,0.0,0.0
2024-09-13,0.0,0.0,0.0,0.0
2024-09-14,0.0,0.0,0.0,0.0
2024-09-15,0.0,0.0,0.0,0.0
2024-09-16,0.0,0.0,0.0,0.0
2024-09-17,0.0,0.0,0.0,0.0
2024-09-18,0.0,0.0,0.0,0.0
2024-09-19,3.845237638344656e-05,3.845237638344656e-05,3.845237638344656e-05,3.845237638344656e-05
2024-09-20,-2.8910474890730953e-06,-2.8910474890730953e-06,-2.8910474890730953e-06,-2.8910474890730953e-06
2024-09-21,0.00026957075655031915,0.00026957075655031915,0.00026957075655031915,0.00026957075655031915
2024-09-22,0.0010061045780764832,0.0010061045780764832,0.0010061045780764832,0.0010061045780764832
2024-09-23,-0.0007523410737048097,-0.0007523410737048097,-0.0007523410737048097,-0.0007523410737048097
2024-09-24,0.0029095585499394616,0.0029095585499394616,0.0029095585499394616,0.0029095585499394616
2024-09-25,-0.005377081666901762,-0.005377081666901762,-0.005377081666901762,-0.005377081666901762
2024-09-26,0.009355630395759151,0.009355630395759151,0.009355630395759151,0.009355630395759151
2024-09-27,0.003918842862614014,0.003918842862614014,0.003918842862614014,0.003918842862614014
2024-09-28,0.0005767286053182108,0.0005767286053182108,0.0005767286053182108,0.0005767286053182108
2024-09-29,-0.0018065451003004274,-0.0018065451003004274,-0.0018065451003004274,-0.0018065451003004274
2024-09-30,-0.015981456971388308,-0.015981456971388308,-0.015981456971388308,-0.015981456971388308
2024-10-01,-0.012693656507068662,-0.012693656507068662,-0.012693656507068662,-0.012693656507068662
2024-10-02,-0.0019050854185957977,-0.0019050854185957977,-0.0019050854185957977,-0.0019050854185957977
2024-10-03,-0.0011488833945731969,-0.0011488833945731969,-0.0011488833945731969,-0.0011488833945731969
2024-10-04,0.0015280533887851444,0.0015280533887851444,0.0015280533887851444,0.0015280533887851444
2024-10-05,-5.337120551973662e-05,-5.337120551973662e-05,-5.337120551973662e-05,-5.337120551973662e-05
2024-10-06,0.0014523652001010579,0.0014523652001010579,0.0014523652001010579,0.0014523652001010579
2024-10-07,-0.009616130737427397,-0.009616130737427397,-0.009616130737427397,-0.009616130737427397
2024-10-08,-0.00048351687196945825,-0.00048351687196945825,-0.00048351687196945825,-0.00048351687196945825
2024-10-09,-0.002892444607325184,-0.002892444607325184,-0.002892444607325184,-0.002892444607325184
2024-10-10,-0.003615175069097476,-0.003615175069097476,-0.003615175069097476,-0.003615175069097476
2024-10-11,0.0015995181714798523,0.0015995181714798523,0.0015995181714798523,0.0015995181714798523
2024-10-12,0.0014164885681609007,0.0014164885681609007,0.0014164885681609007,0.0014164885681609007
2024-10-13,-0.0017868409709401734,-0.0017868409709401734,-0.0017868409709401734,-0.0017868409709401734
2024-10-14,0.01947079139357455,0.01947079139357455,0.01947079139357455,0.01947079139357455
2024-10-15,0.00726896447689418,0.00726896447689418,0.00726896447689418,0.00726896447689418
2024-10-16,0.003978463048627923,0.003978463048627923,0.003978463048627923,0.003978463048627923
2024-10-17,-0.0014390341029397735,-0.0014390341029397735,-0.0014390341029397735,-0.0014390341029397735
2024-10-18,0.007315096592548365,0.007315096592548365,0.007315096592548365,0.007315096592548365
2024-10-19,-0.0003608542141519955,-0.0003608542141519955,-0.0003608542141519955,-0.0003608542141519955
2024-10-20,0.004721604761242393,0.004721604761242393,0.004721604761242393,0.004721604761242393
2024-10-21,-0.0137157272252878,-0.0137157272252878,-0.0137157272252878,-0.0137157272252878
2024-10-22,0.00035335595274399445,0.00035335595274399445,0.00035335595274399445,0.00035335595274399445
2024-10-23,-0.0055158680653001335,-0.0055158680653001335,-0.0055158680653001335,-0.0055158680653001335
2024-10-24,0.011202263261872902,0.011202263261872902,0.011202263261872902,0.011202263261872902
2024-10-25,-0.010863208907399446,-0.010863208907399446,-0.010863208907399446,-0.010863208907399446
2024-10-26,0.0028879849976548577,0.0028879849976548577,0.0028879849976548577,0.0028879849976548577
2024-10-27,0.006996768105421269,0.006996768105421269,0.006996768105421269,0.006996768105421269
2024-10-28,0.01619920904252159,0.01619920904252159,0.01619920904252159,0.01619920904252159
2024-10-29,0.022891906687461994,0.022891906687461994,0.022891906687461994,0.022891906687461994
2024-10-30,-0.00270054159299582,-0.00270054159299582,-0.00270054159299582,-0.00270054159299582
2024-10-31,-0.0191397739985113,-0.0191397739985113,-0.0191397739985113,-0.0191397739985113
2024-11-01,-0.006535061666907871,-0.006535061666907871,-0.006535061666907871,-0.006535061666907871
2024-11-02,-0.0010021609023244116,-0.0010021609023244116,-0.0010021609023244116,-0.0010021609023244116
2024-11-03,-0.005680308742489815,-0.005680308742489815,-0.005680308742489815,-0.005680308742489815
2024-11-04,-0.007515914418886549,-0.007515914418886549,-0.007515914418886549,-0.007515914418886549
2024-11-05,0.011083382671579267,0.011083382671579267,0.011083382671579267,0.011083382671579267
2024-11-06,0.04780729547207607,0.04780729547207607,0.04780729547207607,0.04780729547207607
2024-11-07,0.005496856800014438,0.005496856800014438,0.005496856800014438,0.005496856800014438
2024-11-08,0.007492406093806858,0.007492406093806858,0.007492406093806858,0.007492406093806858
2024-11-09,0.015063490681707314,0.015063490681707314,0.015063490681707314,0.015063490681707314
2024-11-10,0.02959042331654338,0.02959042331654338,0.02959042331654338,0.02959042331654338
2024-11-11,0.07081496086510253,0.07081496086510253,0.07081496086510253,0.07081496086510253
2024-11-12,-0.015637924584759988,-0.015637924584759988,-0.015637924584759988,-0.015637924584759988
2024-11-13,0.009535494065022299,0.009535494065022299,0.009535494065022299,0.009535494065022299
2024-11-14,-0.026362781228155385,-0.026362781228155385,-0.026362781228155385,-0.026362781228155385
2024-11-15,0.020970664090793845,0.020970664090793845,0.020970664090793845,0.020970664090793845
2024-11-16,0.0019000107879989514,0.0019000107879989514,0.0019000107879989514,0.0019000107879989514
2024-11-17,-0.008786119399190273,-0.008786119399190273,-0.008786119399190273,-0.008786119399190273
2024-11-18,0.015345626512699884,0.015345626512699884,0.015345626512699884,0.015345626512699884
2024-11-19,-0.0006206096243851489,-0.0006206096243851489,-0.0006206096243851489,-0.0006206096243851489
2024-11-20,0.005835307157566083,0.005835307157566083,0.005835307157566083,0.005835307157566083
2024-11-21,0.04532441312321178,0.04532441312321178,0.04532441312321178,0.04532441312321178
2024-11-22,0.00010018843754844298,0.00010018843754844298,0.00010018843754844298,0.00010018843754844298
2024-11-23,0.00037679727193307144,0.00037679727193307144,0.00037679727193307144,0.00037679727193307144
2024-11-24,-0.0018705379753518603,-0.0018705379753518603,-0.0018705379753518603,-0.0018705379753518603
2024-11-25,-0.017248598686086414,-0.017248598686086414,-0.017248598686086414,-0.017248598686086414
2024-11-26,-0.01286457330866364,-0.01286457330866364,-0.01286457330866364,-0.01286457330866364
2024-11-27,0.04804229155921491,0.04804229155921491,0.04804229155921491,0.04804229155921491
2024-11-28,-0.007456354640167695,-0.007456354640167695,-0.007456354640167695,-0.007456354640167695
2024-11-29,0.00926204549564913,0.00926204549564913,0.00926204549564913,0.00926204549564913
2024-11-30,0.00504506872737287,0.00504506872737287,0.00504506872737287,0.00504506872737287
2024-12-01,0.0037577745822103825,0.0037577745822103825,0.0037577745822103825,0.0037577745822103825
2024-12-02,-0.011411276120262825,-0.011411276120262825,-0.011411276120262825,-0.011411276120262825
2024-12-03,-0.002480380689647066,-0.002480380689647066,-0.002480380689647066,-0.002480380689647066
2024-12-04,0.03165370496446096,0.03165370496446096,0.03165370496446096,0.03165370496446096
2024-12-05,-0.011511729665142578,-0.011511729665142578,-0.011511729665142578,-0.011511729665142578
2024-12-06,0.030465664990553476,0.030465664990553476,0.030465664990553476,0.030465664990553476
2024-12-07,0.00016417521356593134,0.00016417521356593134,0.00016417521356593134,0.00016417521356593134
2024-12-08,0.006049025279422748,0.006049025279422748,0.006049025279422748,0.006049025279422748
2024-12-09,-0.04022150739196484,-0.04022150739196484,-0.04022150739196484,-0.04022150739196484
2024-12-10,-0.011344753795409113,-0.011344753795409113,-0.011344753795409113,-0.011344753795409113
2024-12-11,0.0353750760039826,0.0353750760039826,0.0353750760039826,0.0353750760039826
2024-12-12,-2.3912921466973103e-05,-2.3912921466973103e-05,-2.3912921466973103e-05,-2.3912921466973103e-05
2024-12-13,0.007458487357393961,0.007458487357393961,0.007458487357393961,0.007458487357393961
2024-12-14,-0.0030649384078540454,-0.0030649384078540454,-0.0030649384078540454,-0.0030649384078540454
2024-12-15,0.019449233409299937,0.019449233409299937,0.019449233409299937,0.019449233409299937
2024-12-16,0.008890466860592028,0.008890466860592028,0.008890466860592028,0.008890466860592028
2024-12-17,-0.007282611374089032,-0.007282611374089032,-0.007282611374089032,-0.007282611374089032
2024-12-18,-0.046566285868548385,-0.046566285868548385,-0.046566285868548385,-0.046566285868548385
2024-12-19,-0.02595460665536342,-0.02595460665536342,-0.02595460665536342,-0.02595460665536342
2024-12-20,0.003812681056731826,0.003812681056731826,0.003812681056731826,0.003812681056731826
2024-12-21,-0.008209668108869583,-0.008209668108869583,-0.008209668108869583,-0.008209668108869583
2024-12-22,-0.008697411526088827,-0.008697411526088827,-0.008697411526088827,-0.008697411526088827
2024-12-23,0.0064807376805253725,0.0064807376805253725,0.0064807376805253725,0.0064807376805253725
2024-12-24,0.014008532863612588,0.014008532863612588,0.014008532863612588,0.014008532863612588
2024-12-25,0.0028003506526426136,0.0028003506526426136,0.0028003506526426136,0.0028003506526426136
2024-12-26,-0.01988196013283261,-0.01988196013283261,-0.01988196013283261,-0.01988196013283261
2024-12-27,-0.00501020650731232,-0.00501020650731232,-0.00501020650731232,-0.00501020650731232
2024-12-28,0.006425665225899602,0.006425665225899602,0.006425665225899602,0.006425665225899602
2024-12-29,-0.006726263291718326,-0.006726263291718326,-0.006726263291718326,-0.006726263291718326
2024-12-30,-0.0023216050843875013,-0.0023216050843875013,-0.0023216050843875013,-0.0023216050843875013
2024-12-31,0.0009025841951499913,0.0009025841951499913,0.0009025841951499913,0.0009025841951499913
2025-01-01,0.003976816633389113,0.003976816633389113,0.003976816633389113,0.003976816633389113
2025-01-02,0.011641060859574948,0.011641060859574948,0.011641060859574948,0.011641060859574948
2025-01-03,0.015831781890585317,0.015831781890585317,0.015831781890585317,0.015831781890585317
2025-01-04,0.004347581256445077,0.004347581256445077,0.004347581256445077,0.004347581256445077
2025-01-05,-0.0012360591082122285,-0.0012360591082122285,-0.0012360591082122285,-0.0012360591082122285
2025-01-06,0.02294396728677439,0.02294396728677439,0.02294396728677439,0.02294396728677439
2025-01-07,-0.04980444468666845,-0.04980444468666845,-0.04980444468666845,-0.04980444468666845
2025-01-08,-0.011307872803023478,-0.011307872803023478,-0.011307872803023478,-0.011307872803023478
2025-01-09,-0.017871232143755744,-0.017871232143755744,-0.017871232143755744,-0.017871232143755744
2025-01-10,0.012289920031447465,0.012289920031447465,0.012289920031447465,0.012289920031447465
2025-01-11,-0.0002999212073017121,-0.0002999212073017121,-0.0002999212073017121,-0.0002999212073017121
2025-01-12,-0.0010395349645736518,-0.0010395349645736518,-0.0010395349645736518,-0.0010395349645736518
2025-01-13,-0.009624707866299764,-0.009624707866299764,-0.009624707866299764,-0.009624707866299764
2025-01-14,0.009240082494399449,0.009240082494399449,0.009240082494399449,0.009240082494399449
2025-01-15,0.027540750852161233,0.027540750852161233,0.027540750852161233,0.027540750852161233
2025-01-16,-0.009107970366291518,-0.009107970366291518,-0.009107970366291518,-0.009107970366291518
2025-01-17,0.02466253014396491,0.02466253014396491,0.02466253014396491,0.02466253014396491
2025-01-18,-0.006188212312349006,-0.006188212312349006,-0.006188212312349006,-0.006188212312349006
2025-01-19,-0.02543021081360508,-0.02543021081360508,-0.02543021081360508,-0.02543021081360508
2025-01-20,0.004851290864340996,0.004851290864340996,0.004851290864340996,0.004851290864340996
2025-01-21,0.012219773658970867,0.012219773658970867,0.012219773658970867,0.012219773658970867
2025-01-22,-0.010939557226283925,-0.010939557226283925,-0.010939557226283925,-0.010939557226283925
2025-01-23,0.0039403232896289,0.0039403232896289,0.0039403232896289,0.0039403232896289
2025-01-24,0.0019961236194492304,0.0019961236194492304,0.0019961236194492304,0.0019961236194492304
2025-01-25,-0.0006825798088900825,-0.0006825798088900825,-0.0006825798088900825,-0.0006825798088900825
2025-01-26,-0.010981070135481774,-0.010981070135481774,-0.010981070135481774,-0.010981070135481774
2025-01-27,-0.005083877910609824,-0.005083877910609824,-0.005083877910609824,-0.005083877910609824
2025-01-28,-0.005064267548367196,-0.005064267548367196,-0.005064267548367196,-0.005064267548367196
2025-01-29,0.009742289575349838,0.009742289575349838,0.009742289575349838,0.009742289575349838
2025-01-30,0.006059431900144352,0.006059431900144352,0.006059431900144352,0.006059431900144352
2025-01-31,-0.008378409135902931,-0.008378409135902931,-0.008378409135902931,-0.008378409135902931
2025-02-01,-0.010811928760704914,-0.010811928760704914,-0.010811928760704914,-0.010811928760704914
2025-02-02,-0.012956760952736013,-0.012956760952736013,-0.012956760952736013,-0.012956760952736013
2025-02-03,0.009721863973273459,0.009721863973273459,0.009721863973273459,0.009721863973273459
2025-02-04,-0.01135050444614305,-0.01135050444614305,-0.01135050444614305,-0.01135050444614305
2025-02-05,-0.0028721575852814762,-0.0028721575852814762,-0.0028721575852814762,-0.0028721575852814762
2025-02-06,-0.00014154762184148684,-0.00014154762184148684,-0.00014154762184148684,-0.00014154762184148684
2025-02-07,-0.0007815570065857758,-0.0007815570065857758,-0.0007815570065857758,-0.0007815570065857758
2025-02-08,-0.0001917052993245516,-0.0001917052993245516,-0.0001917052993245516,-0.0001917052993245516
2025-02-09,5.5644125875664585e-05,5.5644125875664585e-05,5.5644125875664585e-05,5.5644125875664585e-05
2025-02-10,0.002990805757826953,0.002990805757826953,0.002990805757826953,0.002990805757826953
2025-02-11,-0.005090465502738506,-0.005090465502738506,-0.005090465502738506,-0.005090465502738506
2025-02-12,0.0038834278412116507,0.0038834278412116507,0.0038834278412116507,0.0038834278412116507
2025-02-13,-0.004609431661087071,-0.004609431661087071,-0.004609431661087071,-0.004609431661087071
2025-02-14,0.0020702121899458525,0.0020702121899458525,0.0020702121899458525,0.0020702121899458525
2025-02-15,0.00017435475697125113,0.00017435475697125113,0.00017435475697125113,0.00017435475697125113
2025-02-16,-0.002918919443331225,-0.002918919443331225,-0.002918919443331225,-0.002918919443331225
2025-02-17,-0.0005282442626642903,-0.0005282442626642903,-0.0005282442626642903,-0.0005282442626642903
2025-02-18,-0.00016922379311867797,-0.00016922379311867797,-0.00016922379311867797,-0.00016922379311867797
2025-02-19,0.001520598517652516,0.001520598517652516,0.001520598517652516,0.001520598517652516
2025-02-20,0.003058552817056137,0.003058552817056137,0.003058552817056137,0.003058552817056137
2025-02-21,-0.00697635337776914,-0.00697635337776914,-0.00697635337776914,-0.00697635337776914
2025-02-22,0.0005952249892502426,0.0005952249892502426,0.0005952249892502426,0.0005952249892502426
2025-02-23,-0.0004723277904905565,-0.0004723277904905565,-0.0004723277904905565,-0.0004723277904905565
2025-02-24,-0.007588168019885599,-0.007588168019885599,-0.007588168019885599,-0.007588168019885599
2025-02-25,-0.006346607613217925,-0.006346607613217925,-0.006346607613217925,-0.006346607613217925
2025-02-26,-0.002281482563536663,-0.002281482563536663,-0.002281482563536663,-0.002281482563536663
2025-02-27,0.00023664910871712408,0.00023664910871712408,0.00023664910871712408,0.00023664910871712408
2025-02-28,-0.002484547063456799,-0.002484547063456799,-0.002484547063456799,-0.002484547063456799
2025-03-01,0.0,0.0,0.0,0.0
2025-03-02,5.2169915336630623e-05,5.2169915336630623e-05,5.2169915336630623e-05,5.2169915336630623e-05
2025-03-03,-0.005111164250184985,-0.005111164250184985,-0.005111164250184985,-0.005111164250184985
2025-03-04,0.0006774061235179651,0.0006774061235179651,0.0006774061235179651,0.0006774061235179651
2025-03-05,0.002120084401834532,0.002120084401834532,0.002120084401834532,0.002120084401834532
2025-03-06,-0.000429047782681824,-0.000429047782681824,-0.000429047782681824,-0.000429047782681824
2025-03-07,-0.001993051795286638,-0.001993051795286638,-0.001993051795286638,-0.001993051795286638
2025-03-08,-0.0003695938929318965,-0.0003695938929318965,-0.0003695938929318965,-0.0003695938929318965
2025-03-09,-0.002513897080585026,-0.002513897080585026,-0.002513897080585026,-0.002513897080585026
2025-03-10,0.0,0.0,0.0,0.0
2025-03-11,0.0,0.0,0.011227541035094546,0.011227541035094546
2025-03-12,0.0,0.0,0.0043977705329186255,0.0043977705329186255
2025-03-13,0.0,0.0,0.018042467885939634,0.018042467885939634
2025-03-14,0.0,0.0,0.0004134165840846375,0.0004134165840846375
2025-03-15,0.0,0.0,0.0,0.0
2025-03-16,0.0,0.0,0.0,0.0
2025-03-17,0.0,0.0,0.005600739377895218,0.005600739377895218
2025-03-18,0.0,0.0,0.012140957619179387,0.012140957619179387
2025-03-19,0.0,0.0,0.004081546553140983,0.004081546553140983
2025-03-20,0.0,0.0,-0.0012858457013500304,-0.0012858457013500304
2025-03-21,0.0,0.0,-0.008072616926006814,-0.008072616926006814
2025-03-22,0.0,0.0,0.0,0.0
2025-03-23,0.0,0.0,0.0,0.0
2025-03-24,0.0,0.0,-0.004429169424996134,-0.004429169424996134
2025-03-25,0.0,0.0,-0.0004951600379736528,-0.0004951600379736528
2025-03-26,0.0,0.0,0.0,0.0
2025-03-27,0.0,0.0,0.012905732882559862,0.012905732882559862
2025-03-28,0.0,0.0,0.00751148796450911,0.00751148796450911
2025-03-29,0.0,0.0,0.0,0.0
2025-03-30,0.0,0.0,0.0,0.0
2025-03-31,0.0,0.0,0.014663661705878243,0.014663661705878243
2025-04-01,0.0,0.0,-0.002048617539623255,-0.002048617539623255
2025-04-02,0.0,0.0,0.0021204584480960745,0.0021204584480960745
2025-04-03,0.0,0.0,-0.006253559141190735,-0.006253559141190735
2025-04-04,0.0,0.0,-0.024079975712288874,-0.024079975712288874
2025-04-05,0.0,0.0,0.0,0.0
2025-04-06,0.0,0.0,0.0,0.0
2025-04-07,0.0,0.0,-0.021600093360276764,-0.021600093360276764
2025-04-08,0.0,0.0,0.005355163902564867,0.005355163902564867
2025-04-09,0.0,0.0,0.036587093994670396,0.036587093994670396
2025-04-10,0.0,0.0,0.02505032154016377,0.02505032154016377
2025-04-11,0.0,0.0,0.019061308967753713,0.019061308967753713
2025-04-12,0.0,0.0,0.0,0.0
2025-04-13,0.0,0.0,0.0,0.0
2025-04-14,0.0,0.0,-0.005814885082818117,-0.005814885082818117
2025-04-15,0.0,0.0,0.005301822338323923,0.005301822338323923
2025-04-16,0.0,0.0,0.03314521032701878,0.03314521032701878
2025-04-17,0.0,0.0,-0.004416551500238446,-0.004416551500238446
2025-04-18,0.0,0.0,0.0,0.0
2025-04-19,0.0,0.0,0.0,0.0
2025-04-20,0.0,0.0,0.0,0.0
2025-04-21,0.0,0.0,0.030799756669287356,0.030799756669287356
2025-04-22,0.005489924750270214,0.0,-0.0077503042417173245,-0.014570562879441185
2025-04-23,0.0005530178977120048,0.0,-0.017749779700462216,-0.024262501790291116
2025-04-24,-0.0006236158253687396,0.0,0.010174488055738977,0.014375429831158307
2025-04-25,0.0021686410939001366,0.0,-0.005164991995191845,-0.010862836454386819
2025-04-26,-9.825956306652728e-05,0.0,-9.825956306652728e-05,0.0
2025-04-27,-0.0037096224049482096,0.0,-0.003746683802756453,0.0
2025-04-28,0.0058430463995942095,0.0,0.014264824530890757,0.01411518626422152
2025-04-29,-0.0034727195493921004,0.0,-0.009313654067657237,-0.009789604688830802
2025-04-30,-0.00039183221203453744,0.0,-0.004835601833618744,-0.0074479088555962315
2025-05-01,0.010711952565095384,0.0,-0.0015326198516010525,-0.020522319359749158
2025-05-02,0.001816296350687585,0.0,0.0028253960768539,0.0016912854235711895
2025-05-03,-0.004704324607039179,-0.005517117603861199,-0.0049934402357988865,-0.0060016852198941486
2025-05-04,-0.008920805300116408,-0.008827075707210197,-0.008920805300116408,-0.008827075707210197
2025-05-05,0.002525778768912801,0.0025256970402496304,0.002525778768912801,0.0025256970402496304
2025-05-06,0.011602922194634546,0.011602547695384047,0.011602922194634546,0.011602547695384047
2025-05-07,0.0010729662237412008,-0.0005287882621004547,-0.0062349489704499736,-0.016021849063449
2025-05-08,0.033991215039923084,0.0,0.024840911479019928,-0.019398994877848897
2025-05-09,-0.0015279131638562538,-0.002047336491434959,-0.00175564676209139,-0.00253014046359536
2025-05-10,0.009709256900366947,0.009595452321000897,0.009709256900366947,0.009595452321000897
2025-05-11,-0.006021428669861439,-0.005979415036788449,-0.006021428669861439,-0.005979415036788449
2025-05-12,-0.0076326455950362915,-0.007551236217983037,-0.0076326455950362915,-0.007551236217983037
2025-05-13,0.013261670795749803,0.013179198178564722,0.013261670795749803,0.013179198178564722
2025-05-14,-0.005480943499085678,-0.0054444871536201145,-0.005480943499085678,-0.0054444871536201145
2025-05-15,-0.00072414361535178,-0.0007397251772963687,-0.00072414361535178,-0.0007397251772963687
2025-05-16,-0.001972368288853499,-0.0019539051420379705,-0.001972368288853499,-0.0019539051420379705
2025-05-17,-0.003890887002713228,-0.003869898876887601,-0.003890887002713228,-0.003869898876887601
2025-05-18,0.018409889503558707,0.019456933415715527,0.018409889503558707,0.019456933415715527
2025-05-19,-0.003563818153681786,-0.003931297733392847,-0.003563818153681786,-0.003931297733392847
2025-05-20,0.006532019822616197,0.0070676424305367025,0.006532019822616197,0.0070676424305367025
2025-05-21,0.0153925178954053,0.015093387268104497,0.0153925178954053,0.015093387268104497
2025-05-22,0.013786898088578692,0.014057261307542035,0.013786898088578692,0.014057261307542035
2025-05-23,-0.0244726427380626,-0.026181666718969043,-0.0244726427380626,-0.026181666718969043
2025-05-24,0.0022051745545736967,0.002387301439162659,0.0022051745545736967,0.002387301439162659
2025-05-25,0.006490620865894581,0.006998412989631664,0.006490620865894581,0.006998412989631664
2025-05-26,0.0024090161496006512,0.002582642458925921,0.0024090161496006512,0.002582642458925921
2025-05-27,0.0009001351432613713,0.0006995179416253716,0.0009001351432613713,0.0006995179416253716
2025-05-28,-0.0042186038275827675,-0.004683746851424364,-0.0042186038275827675,-0.004683746851424364
2025-05-29,-0.016323124782793963,-0.01612334057408016,-0.016323124782793963,-0.01612334057408016
2025-05-30,-0.01381485243296765,-0.01370261733703293,-0.01381485243296765,-0.01370261733703293
2025-05-31,0.00301614379792281,0.0029729004540619552,0.00301614379792281,0.0029729004540619552
2025-06-01,0.00614275168288092,0.006068134526406643,0.00614275168288092,0.006068134526406643
2025-06-02,0.0046886735022877435,0.004695906760729951,0.0046886735022877435,0.004695906760729951
2025-06-03,-0.0030061230984326226,-0.0030060665525726282,-0.0030061230984326226,-0.0030060665525726282
2025-06-04,-0.0027180395518151546,-0.0027180814531430064,-0.0027180395518151546,-0.0027180814531430064
2025-06-05,-0.02712310589820377,-0.027122537449273176,-0.02712310589820377,-0.027122537449273176
2025-06-06,0.01827130570277591,0.01827110789819386,0.01827130570277591,0.01827110789819386
2025-06-07,0.009284590839952367,0.009284443482797444,0.009284590839952367,0.009284443482797444
2025-06-08,0.00012541461231285744,0.00012545807421004973,0.00012541461231285744,0.00012545807421004973
2025-06-09,0.032765371735809845,0.03276486263547196,0.032765371735809845,0.03276486263547196
2025-06-10,0.014913266080716303,0.014913258613101776,0.014913266080716303,0.014913258613101776
2025-06-11,-0.01386956253915661,-0.013869562641207311,-0.01386956253915661,-0.013869562641207311
2025-06-12,-0.030884952290602063,-0.03088495252104606,-0.030884952290602063,-0.03088495252104606
2025-06-13,-0.003763186268493701,-0.0037631863504828944,-0.003763186268493701,-0.0037631863504828944
2025-06-14,-0.006415825247603979,-0.0064158252478804245,-0.006415825247603979,-0.0064158252478804245
2025-06-15,0.0020979688310533984,0.002097968831145547,0.0020979688310533984,0.002097968831145547
2025-06-16,0.005684698115500764,0.005684698115482556,0.005684698115500764,0.005684698115482556
2025-06-17,-0.01672316745794422,-0.01672316745813407,-0.01672316745794422,-0.01672316745813407
2025-06-18,0.0015181401428234764,0.0015181401429051888,0.0015181401428234764,0.0015181401429051888
2025-06-19,-0.0013917270597959552,-0.0013917270598169384,-0.0013917270597959552,-0.0013917270598169384
2025-06-20,-0.01653333169137905,-0.0165333316919557,-0.01653333169137905,-0.0165333316919557
2025-06-21,-0.010069093849463862,-0.010069093849463973,-0.010069093849463862,-0.010069093849463973
2025-06-22,-0.006506627836913803,-0.006506627836914247,-0.006506627836913803,-0.006506627836914247
2025-06-23,0.0231597116617408,0.023159711661741023,0.0231597116617408,0.023159711661741023
2025-06-24,0.003976300183744064,0.003976300183744286,0.003976300183744064,0.003976300183744286
2025-06-25,0.0049746563620607365,0.0049746563620607365,0.0049746563620607365,0.0049746563620607365
2025-06-26,-0.0021883705003903353,-0.0021883705003901133,-0.0021883705003903353,-0.0021883705003901133
2025-06-27,0.0006592134075327216,0.0006592134075327216,0.0006592134075327216,0.0006592134075327216
2025-06-28,0.0013521950625219326,0.0013521950625219326,0.0013521950625219326,0.0013521950625219326
2025-06-29,0.007427000785785065,0.007427000785785065,0.007427000785785065,0.007427000785785065
2025-06-30,-0.007353492026890618,-0.007353492026890618,-0.007353492026890618,-0.007353492026890618
2025-07-01,-0.010108443746201679,-0.010108443746201679,-0.010108443746201679,-0.010108443746201679
2025-07-02,0.021989868781829403,0.021989868781829403,0.021989868781829403,0.021989868781829403
2025-07-03,0.006069585895065455,0.006069585895065455,0.006069585895065455,0.006069585895065455
2025-07-04,-0.01687485878500994,-0.01687485878500994,-0.01687485878500994,-0.01687485878500994
2025-07-05,0.000903385953059832,0.000903385953059832,0.000903385953059832,0.000903385953059832
2025-07-06,0.011597350576353804,0.011597350576353804,0.011597350576353804,0.011597350576353804
2025-07-07,-0.008665140810365846,-0.008665140810365846,-0.008665140810365846,-0.008665140810365846
2025-07-08,0.011339970806766297,0.011339970806766297,0.011339970806766297,0.011339970806766297
2025-07-09,0.03226276483892687,0.03226276483892687,0.03226276483892687,0.03226276483892687
2025-07-10,0.04987706805627079,0.04987706805627079,0.04987706805627079,0.04987706805627079
2025-07-11,0.009575601650139154,0.009575601650139154,0.009575601650139154,0.009575601650139154
2025-07-12,-0.002219655900255857,-0.002219655900255857,-0.002219655900255857,-0.002219655900255857
2025-07-13,0.007971577068628166,0.007971577068628166,0.007971577068628166,0.007971577068628166
2025-07-14,0.005046763535674348,0.005046763535674348,0.005046763535674348,0.005046763535674348
2025-07-15,0.0009608249805435065,0.0009608249805435065,0.0009608249805435065,0.0009608249805435065
2025-07-16,0.017070635651178057,0.017070635651178057,0.017070635651178057,0.017070635651178057
2025-07-17,0.007998703179661781,0.007998703179661781,0.007998703179661781,0.007998703179661781
2025-07-18,0.0009407429349570506,0.0009407429349570506,0.0009407429349570506,0.0009407429349570506
2025-07-19,0.0023201508333270393,0.0023201508333270393,0.0023201508333270393,0.0023201508333270393
2025-07-20,0.00827566516368572,0.00827566516368572,0.00827566516368572,0.00827566516368572
2025-07-21,0.0006975774231878784,0.0006975774231878784,0.0006975774231878784,0.0006975774231878784
2025-07-22,0.006963226919783239,0.006963226919783239,0.006963226919783239,0.006963226919783239
2025-07-23,-0.010764413110948334,-0.010764413110948334,-0.010764413110948334,-0.010764413110948334
2025-07-24,0.0034975928024520986,0.0034975928024520986,0.0034975928024520986,0.0034975928024520986
2025-07-25,-0.001150357374598343,-0.001150357374598343,-0.001150357374598343,-0.001150357374598343
2025-07-26,0.0019234891029740186,0.0019234891029740186,0.0019234891029740186,0.0019234891029740186
2025-07-27,0.012543416284075626,0.012543416284075626,0.012543416284075626,0.012543416284075626
2025-07-28,-0.008492171011309835,-0.008492171011309835,-0.008492171011309835,-0.008492171011309835
2025-07-29,-0.0006568529271686607,-0.0006568529271686607,-0.0006568529271686607,-0.0006568529271686607
2025-07-30,0.000638840816623798,0.000638840816623798,0.000638840816623798,0.000638840816623798
2025-07-31,-0.01330338323615099,-0.01330338323615099,-0.01330338323615099,-0.01330338323615099
2025-08-01,-0.020267099535001165,-0.020267099535001165,-0.020267099535001165,-0.020267099535001165
2025-08-02,-0.008188736508321304,-0.008188736508321304,-0.008188736508321304,-0.008188736508321304
2025-08-03,0.01189814459029348,0.01189814459029348,0.01189814459029348,0.01189814459029348
2025-08-04,0.01702933784059768,0.01702933784059768,0.01702933784059768,0.01702933784059768
2025-08-05,-0.009982494427808741,-0.009982494427808741,-0.009982494427808741,-0.009982494427808741
2025-08-06,0.007529215114939536,0.007529215114939536,0.007529215114939536,0.007529215114939536
2025-08-07,0.02283189541363595,0.02283189541363595,0.02283189541363595,0.02283189541363595
2025-08-08,0.002606209002656401,0.002606209002656401,0.002606209002656401,0.002606209002656401
2025-08-09,0.01413744503493386,0.01413744503493386,0.01413744503493386,0.01413744503493386
2025-08-10,0.010824279468299336,0.010824279468299336,0.010824279468299336,0.010824279468299336
2025-08-11,-0.004019310572267232,-0.004019310572267232,-0.004019310572267232,-0.004019310572267232
2025-08-12,0.02647339220058309,0.02647339220058309,0.02647339220058309,0.02647339220058309
2025-08-13,0.018121984606484176,0.018121984606484176,0.018121984606484176,0.018121984606484176
2025-08-14,-0.026023541525988292,-0.026023541525988292,-0.026023541525988292,-0.026023541525988292
2025-08-15,-0.008259959434591346,-0.008259959434591346,-0.008259959434591346,-0.008259959434591346
2025-08-16,-0.0006785628954872891,-0.0006785628954872891,-0.0006785628954872891,-0.0006785628954872891
2025-08-17,0.002429644435309797,0.002429644435309797,0.002429644435309797,0.002429644435309797
2025-08-18,-0.012141180692702536,-0.012141180692702536,-0.012141180692702536,-0.012141180692702536
2025-08-19,-0.02148608768416338,-0.02148608768416338,-0.02148608768416338,-0.02148608768416338
2025-08-20,0.016921095697198574,0.016921095697198574,0.016921095697198574,0.016921095697198574
2025-08-21,-0.010716960818752397,-0.010716960818752397,-0.010716960818752397,-0.010716960818752397
2025-08-22,0.042371492840555636,0.042371492840555636,0.042371492840555636,0.042371492840555636
2025-08-23,-0.0059309710985196995,-0.0059309710985196995,-0.0059309710985196995,-0.0059309710985196995
2025-08-24,-0.004075210763278103,-0.004075210763278103,-0.004075210763278103,-0.004075210763278103
2025-08-25,-0.022246366268793727,-0.022246366268793727,-0.022246366268793727,-0.022246366268793727
2025-08-26,0.009709300271261823,0.009709300271261823,0.009709300271261823,0.009709300271261823
2025-08-27,-0.005494859161370935,-0.005494859161370935,-0.005494859161370935,-0.005494859161370935
2025-08-28,0.001274308215860609,0.001274308215860609,0.001274308215860609,0.001274308215860609
2025-08-29,-0.01169000047050417,-0.01169000047050417,-0.01169000047050417,-0.01169000047050417
2025-08-30,0.0010264186005086717,0.0010264186005086717,0.0010264186005086717,0.0010264186005086717
2025-08-31,-9.294678945448442e-05,-9.294678945448442e-05,-9.294678945448442e-05,-9.294678945448442e-05
2025-09-01,-0.002534815976519944,-0.002534815976519944,-0.002534815976519944,-0.002534815976519944
2025-09-02,0.0031183723355991955,0.0031183723355991955,0.0031183723355991955,0.0031183723355991955
2025-09-03,0.006039413988515152,0.006039413988515152,0.006039413988515152,0.006039413988515152
2025-09-04,-0.008371136275760693,-0.008371136275760693,-0.008371136275760693,-0.008371136275760693
2025-09-05,-0.001957961530374086,-0.001957961530374086,-0.001957961530374086,-0.001957961530374086
2025-09-06,-0.0021320412626214535,-0.0021320412626214535,-0.0021320412626214535,-0.0021320412626214535
2025-09-07,0.0025704617578572453,0.0025704617578572453,0.0025704617578572453,0.0025704617578572453
2025-09-08,0.0008362894738915827,0.0008362894738915827,0.0008362894738915827,0.0008362894738915827
2025-09-09,-0.001465908047452058,-0.001465908047452058,-0.001465908047452058,-0.001465908047452058
2025-09-10,0.006356430124119017,0.006356430124119017,0.006356430124119017,0.006356430124119017
2025-09-11,0.008709496628819702,0.008709496628819702,0.008709496628819702,0.008709496628819702
2025-09-12,0.013469068361527503,0.013469068361527503,0.013469068361527503,0.013469068361527503
2025-09-13,-0.0023909704148911137,-0.0023909704148911137,-0.0023909704148911137,-0.0023909704148911137
2025-09-14,-0.005092240056117192,-0.005092240056117192,-0.005092240056117192,-0.005092240056117192
2025-09-15,-0.005055942496430932,-0.005055942496430932,-0.005055942496430932,-0.005055942496430932
2025-09-16,0.004287442371428973,0.004287442371428973,0.004287442371428973,0.004287442371428973
2025-09-17,0.0038472208456055146,0.0038472208456055146,0.0038472208456055146,0.0038472208456055146
2025-09-18,0.0019676884419761453,0.0019676884419761453,0.0019676884419761453,0.0019676884419761453
2025-09-19,-0.013044625188327275,-0.013044625188327275,-0.013044625188327275,-0.013044625188327275
2025-09-20,0.0009218474781880204,0.0009218474781880204,0.0009218474781880204,0.0009218474781880204
2025-09-21,-0.004036931292779378,-0.004036931292779378,-0.004036931292779378,-0.004036931292779378
2025-09-22,-0.024681310660119915,-0.024681310660119915,-0.024681310660119915,-0.024681310660119915
2025-09-23,-0.0034510505528616564,-0.0034510505528616564,-0.0034510505528616564,-0.0034510505528616564
2025-09-24,0.0008845844955167603,0.0008845844955167603,0.0008845844955167603,0.0008845844955167603
2025-09-25,-0.026981016652812717,-0.026981016652812717,-0.026981016652812717,-0.026981016652812717
2025-09-26,0.01037014929466884,0.01037014929466884,0.01037014929466884,0.01037014929466884
2025-09-27,-0.0008551719862186502,-0.0008551719862186502,-0.0008551719862186502,-0.0008551719862186502
2025-09-28,0.009931456748039968,0.009931456748039968,0.009931456748039968,0.009931456748039968
2025-09-29,0.008055505103160554,0.008055505103160554,0.008055505103160554,0.008055505103160554
2025-09-30,-0.006523192302094749,-0.006523192302094749,-0.006523192302094749,-0.006523192302094749
2025-10-01,0.02823988054725257,0.02823988054725257,0.02823988054725257,0.02823988054725257
2025-10-02,0.014676092531273,0.014676092531273,0.014676092531273,0.014676092531273
2025-10-03,0.007432874614641927,0.007432874614641927,0.007432874614641927,0.007432874614641927
2025-10-04,-0.0005556100175353462,-0.0005556100175353462,-0.0005556100175353462,-0.0005556100175353462
2025-10-05,0.006063605985405118,0.006063605985405118,0.006063605985405118,0.006063605985405118
2025-10-06,0.011466865725707542,0.011466865725707542,0.011466865725707542,0.011466865725707542
2025-10-07,-0.021285917712930202,-0.021285917712930202,-0.021285917712930202,-0.021285917712930202
2025-10-08,0.011045463275817236,0.011045463275817236,0.011045463275817236,0.011045463275817236
2025-10-09,-0.014227708296303154,-0.014227708296303154,-0.014227708296303154,-0.014227708296303154
2025-10-10,-0.050879909281191016,-0.050879909281191016,-0.050879909281191016,-0.050879909281191016
2025-10-11,-0.003952715973088106,-0.003952715973088106,-0.003952715973088106,-0.003952715973088106
2025-10-12,0.011585844168184645,0.011585844168184645,0.011585844168184645,0.011585844168184645
2025-10-13,0.004335356630933207,0.004335356630933207,0.004335356630933207,0.004335356630933207
2025-10-14,-0.013856083945293252,-0.013856083945293252,-0.013856083945293252,-0.013856083945293252
2025-10-15,-0.007631027610785046,-0.007631027610785046,-0.007631027610785046,-0.007631027610785046
2025-10-16,-0.003693896920497708,-0.003693896920497708,-0.003693896920497708,-0.003693896920497708
2025-10-17,-0.0031652063984221046,-0.0031652063984221046,-0.0031652063984221046,-0.0031652063984221046
2025-10-18,0.0011833257870139668,0.0011833257870139668,0.0011833257870139668,0.0011833257870139668
2025-10-19,0.0019145825987638698,0.0019145825987638698,0.0019145825987638698,0.0019145825987638698
2025-10-20,-6.876624785945307e-05,-6.876624785945307e-05,-6.876624785945307e-05,-6.876624785945307e-05
2025-10-21,-0.0021730400672933525,-0.0021730400672933525,-0.0021730400672933525,-0.0021730400672933525
2025-10-22,-0.0013849787708429817,-0.0013849787708429817,-0.0013849787708429817,-0.0013849787708429817
2025-10-23,0.001053115260008175,0.001053115260008175,0.001053115260008175,0.001053115260008175
2025-10-24,0.0016021208472605242,0.0016021208472605242,0.0016021208472605242,0.0016021208472605242
2025-10-25,0.00046029804024794174,0.00046029804024794174,0.00046029804024794174,0.00046029804024794174
2025-10-26,0.006532503799897116,0.006532503799897116,0.006532503799897116,0.006532503799897116
2025-10-27,-0.006949408942599322,-0.006949408942599322,-0.006949408942599322,-0.006949408942599322
2025-10-28,-0.00963075002136382,-0.00963075002136382,-0.00963075002136382,-0.00963075002136382
2025-10-29,-0.005150328284137751,-0.005150328284137751,-0.005150328284137751,-0.005150328284137751
2025-10-30,-0.004557747485421704,-0.004557747485421704,-0.004557747485421704,-0.004557747485421704
2025-10-31,0.0006447040965469331,0.0006447040965469331,0.0006447040965469331,0.0006447040965469331
2025-11-01,0.0008242305745285172,0.0008242305745285172,0.0008242305745285172,0.0008242305745285172
2025-11-02,0.0010281470134572146,0.0010281470134572146,0.0010281470134572146,0.0010281470134572146
2025-11-03,-0.007143681043317418,-0.007143681043317418,-0.007143681043317418,-0.007143681043317418
2025-11-04,-0.002305933173643915,-0.002305933173643915,-0.002305933173643915,-0.002305933173643915
2025-11-05,-2.3982689430379622e-05,-2.3982689430379622e-05,-2.3982689430379622e-05,-2.3982689430379622e-05
2025-11-06,0.0,0.0,0.0,0.0
2025-11-07,0.0,0.0,0.0,0.0
2025-11-08,0.0,0.0,0.0,0.0
2025-11-09,0.0,0.0,0.0,0.0
2025-11-10,0.0,0.0,0.0,0.0
2025-11-11,0.0,0.0,0.0,0.0
2025-11-12,0.0,0.0,0.0,0.0
2025-11-13,0.0,0.0,0.0,0.0
2025-11-14,0.0,0.0,0.0,0.0
2025-11-15,0.0,0.0,0.0,0.0
2025-11-16,0.0,0.0,0.0,0.0
2025-11-17,0.0,0.0,0.0,0.0
2025-11-18,0.0,0.0,0.0,0.0
2025-11-19,0.0,0.0,0.0,0.0
2025-11-20,0.0,0.0,0.0,0.0
2025-11-21,0.0,0.0,0.0,0.0
2025-11-22,0.0,0.0,0.0,0.0
2025-11-23,0.0,0.0,0.0,0.0
2025-11-24,0.0,0.0,0.0,0.0
2025-11-25,0.0,0.0,0.0,0.0
2025-11-26,0.0,0.0,0.0,0.0
2025-11-27,0.0,0.0,0.0,0.0
2025-11-28,0.0,0.0,0.0,0.0
2025-11-29,0.0,0.0,0.0,0.0
2025-11-30,0.0,0.0,0.0,0.0
2025-12-01,0.0,0.0,0.0,0.0
2025-12-02,0.0,0.0,0.0,0.0
2025-12-03,0.0,0.0,0.0,0.0
2025-12-04,0.0,0.0,0.0,0.0
2025-12-05,0.0,0.0,0.0,0.0
2025-12-06,0.0,0.0,0.0,0.0
2025-12-07,0.0,0.0,0.0,0.0
2025-12-08,0.0,0.0,0.0,0.0
2025-12-09,0.0,0.0,0.0,0.0
2025-12-10,0.0,0.0,0.0,0.0
2025-12-11,0.0,0.0,0.0,0.0
2025-12-12,0.0,0.0,0.0,0.0
2025-12-13,0.0,0.0,0.0,0.0
2025-12-14,0.0,0.0,0.0,0.0
2025-12-15,0.0,0.0,0.0,0.0
2025-12-16,0.0,0.0,0.0,0.0
2025-12-17,0.0,0.0,0.0,0.0
2025-12-18,0.0,0.0,0.0,0.0
2025-12-19,0.0,0.0,0.0,0.0
2025-12-20,0.0,0.0,0.0,0.0
2025-12-21,0.0,0.0,0.0,0.0
2025-12-22,0.0,0.0,0.0,0.0
2025-12-23,0.0,0.0,0.0,0.0
2025-12-24,0.0,0.0,0.0,0.0
2025-12-25,0.0,0.0,0.0,0.0
2025-12-26,0.0,0.0,0.0,0.0
2025-12-27,0.0,0.0,0.0,0.0
2025-12-28,0.0,0.0,0.0,0.0
2025-12-29,0.0,0.0,0.0,0.0
2025-12-30,0.0,0.0,0.0,0.0
2025-12-31,0.0,0.0,0.0,0.0
2026-01-01,0.0,0.0,0.0,0.0
2026-01-02,0.0,0.0,0.0,0.0
2026-01-03,0.0,0.0,0.0,0.0
2026-01-04,0.0,0.0,0.0,0.0
2026-01-05,0.0,0.0,0.0,0.0
2026-01-06,0.0,0.0,0.0,0.0
2026-01-07,0.0,0.0,0.0,0.0
2026-01-08,0.0,0.0,0.0,0.0
2026-01-09,0.0,0.0,0.0,0.0
2026-01-10,0.0,0.0,0.0,0.0
2026-01-11,0.0,0.0,0.0,0.0
2026-01-12,0.0,0.0,0.0,0.0
2026-01-13,0.0,0.0,0.0,0.0
2026-01-14,0.0,0.0,0.0,0.0
2026-01-15,-0.0018139417240927713,-0.0018139417240927713,-0.0018139417240927713,-0.0018139417240927713
2026-01-16,0.0,0.0,0.0,0.0
2026-01-17,-0.00022602458679654713,-0.00022602458679654713,-0.00022602458679654713,-0.00022602458679654713
2026-01-18,-0.0007285746451999309,-0.0007285746451999309,-0.0007285746451999309,-0.0007285746451999309
2026-01-19,-6.156213699959334e-05,-6.156213699959334e-05,-6.156213699959334e-05,-6.156213699959334e-05
2026-01-20,0.0,0.0,0.0,0.0
2026-01-21,0.0,0.0,0.0,0.0
2026-01-22,0.0,0.0,0.0,0.0
2026-01-23,0.0,0.0,0.0,0.0
2026-01-24,0.0,0.0,0.0,0.0
2026-01-25,0.0,0.0,0.0,0.0
2026-01-26,0.0,0.0,0.0,0.0
2026-01-27,0.0,0.0,0.0,0.0
2026-01-28,0.0,0.0,0.0,0.0
2026-01-29,0.0,0.0,0.0,0.0
2026-01-30,0.0,0.0,0.0,0.0
2026-01-31,0.0,0.0,0.0,0.0
2026-02-01,0.0,0.0,0.0,0.0
2026-02-02,0.0,0.0,0.0,0.0
2026-02-03,0.0,0.0,0.0,0.0
2026-02-04,0.0,0.0,0.0,0.0
2026-02-05,0.0,0.0,0.0,0.0
2026-02-06,0.0,0.0,0.0,0.0
2026-02-07,0.0,0.0,0.0,0.0
2026-02-08,0.0,0.0,0.0,0.0
2026-02-09,0.0,0.0,0.0,0.0
2026-02-10,0.0,0.0,0.0,0.0
2026-02-11,0.0,0.0,0.0,0.0
2026-02-12,0.0,0.0,0.0,0.0
2026-02-13,0.0,0.0,0.0,0.0
2026-02-14,0.0,0.0,0.0,0.0
2026-02-15,0.0,0.0,0.0,0.0
2026-02-16,0.0,0.0,0.0,0.0
2026-02-17,0.0,0.0,0.0,0.0
2026-02-18,0.0,0.0,0.0,0.0
2026-02-19,0.0,0.0,0.0,0.0
2026-02-20,0.0,0.0,0.0,0.0
2026-02-21,0.0,0.0,0.0,0.0
2026-02-22,0.0,0.0,0.0,0.0
2026-02-23,0.0,0.0,0.0,0.0
2026-02-24,0.0,0.0,0.0,0.0
2026-02-25,0.0,0.0,0.0,0.0
2026-02-26,0.0,0.0,0.0,0.0
2026-02-27,0.0,0.0,0.0,0.0
2026-02-28,0.0,0.0,0.0,0.0
2026-03-01,0.0,0.0,0.0,0.0
2026-03-02,0.0,0.0,0.0,0.0
2026-03-03,0.0,0.0,0.0,0.0
2026-03-04,0.0,0.0,0.0,0.0
2026-03-05,0.0,0.0,0.0,0.0
2026-03-06,0.0,0.0,0.0,0.0
2026-03-07,0.0,0.0,0.0,0.0
2026-03-08,0.0,0.0,0.0,0.0
2026-03-09,0.0,0.0,0.0,0.0
2026-03-10,0.0,0.0,0.0,0.0
2026-03-11,0.0,0.0,0.0,0.0
2026-03-12,0.0,0.0,0.0,0.0
2026-03-13,0.0,0.0,0.0,0.0
2026-03-14,0.0,0.0,0.0,0.0
2026-03-15,0.0,0.0,0.0,0.0
2026-03-16,0.0,0.0,0.0,0.0
2026-03-17,0.0,0.0,0.0,0.0
2026-03-18,0.0,0.0,0.0,0.0
2026-03-19,0.0,0.0,0.0,0.0
2026-03-20,0.0,0.0,0.0,0.0
2026-03-21,0.0,0.0,-0.0005,-0.0005
2026-03-22,0.0,0.0,0.0,0.0
2026-03-23,0.0,0.0,-0.02259421410703788,-0.02259421410703788
2026-03-24,0.0,0.0,0.000217708492978943,0.000217708492978943
2026-03-25,0.0,0.0,0.029416042185099366,0.029416042185099366
2026-03-26,0.0,0.0,-0.037858613652397004,-0.037858613652397004
2026-03-27,0.0,0.0,0.03401228262740848,0.03401228262740848
2026-03-28,0.0,0.0,0.0,0.0
2026-03-29,0.0,0.0,0.0,0.0
2026-03-30,0.0,0.0,-0.0002903518151528171,-0.0002903518151528171
2026-03-31,0.0,0.0,0.03800382647223053,0.03800382647223053
2026-04-01,0.0,0.0,0.01821568215770755,0.01821568215770755
2026-04-02,0.0,0.0,-0.019238376496652113,-0.019238376496652113
2026-04-03,0.0,0.0,0.0,0.0
2026-04-04,0.0,0.0,0.0,0.0
2026-04-05,0.0,0.0,0.0,0.0
2026-04-06,0.0,0.0,-0.00401993909867548,-0.00401993909867548
2026-04-07,0.0,0.0,-0.0004883856227929264,-0.0004883856227929264
2026-04-08,0.0,0.0,0.0,0.0
2026-04-09,0.0,0.0,0.0,0.0
2026-04-10,0.0,0.0,0.0,0.0
2026-04-11,0.0,0.0,0.0,0.0
2026-04-12,0.0,0.0,0.0,0.0
2026-04-13,0.0,0.0,0.0,0.0
2026-04-14,-0.000826129223868266,-0.000826129223868266,-0.000826129223868266,-0.000826129223868266
2026-04-15,0.00021300083231112765,0.00021300083231112765,0.00021300083231112765,0.00021300083231112765
2026-04-16,-0.0015077378980757894,-0.0015077378980757894,-0.0015077378980757894,-0.0015077378980757894
2026-04-17,0.0014407818348189938,0.0014407818348189938,0.0014407818348189938,0.0014407818348189938
2026-04-18,-0.0030745373896478023,-0.0030745373896478023,-0.0030745373896478023,-0.0030745373896478023
2026-04-19,-0.0032978238792361614,-0.0032978238792361614,-0.0032978238792361614,-0.0032978238792361614
2026-04-20,0.0006164580107619333,0.0006164580107619333,0.0006164580107619333,0.0006164580107619333
2026-04-21,0.0008697631999317057,0.0008697631999317057,0.0008697631999317057,0.0008697631999317057
2026-04-22,0.00316836013568933,0.00316836013568933,0.00316836013568933,0.00316836013568933
2026-04-23,-0.0010360623089967769,-0.0010360623089967769,-0.0010360623089967769,-0.0010360623089967769
2026-04-24,-0.0012638829492039871,-0.0012638829492039871,-0.0012638829492039871,-0.0012638829492039871
2026-04-25,0.00031577446149788635,0.00031577446149788635,0.00031577446149788635,0.00031577446149788635
2026-04-26,0.0023794587800187728,0.0023794587800187728,0.0023794587800187728,0.0023794587800187728
2026-04-27,-0.0030480312044699476,-0.0030480312044699476,-0.0030480312044699476,-0.0030480312044699476
2026-04-28,-0.001461706298957366,-0.001461706298957366,-0.001461706298957366,-0.001461706298957366
2026-04-29,-0.0015384860106388842,-0.0015384860106388842,-0.0015384860106388842,-0.0015384860106388842
2026-04-30,0.0007242808035414772,0.0007242808035414772,0.0007242808035414772,0.0007242808035414772
2026-05-01,0.0025010876166879914,0.0025010876166879914,0.0025010876166879914,0.0025010876166879914
2026-05-02,0.0013093923664422302,0.0013093923664422302,0.0013093923664422302,0.0013093923664422302
2026-05-03,-0.0009310590873784497,-0.0009310590873784497,-0.0009310590873784497,-0.0009310590873784497
2026-05-04,0.004180457272784599,0.004180457272784599,0.004180457272784599,0.004180457272784599
2026-05-05,0.0032062836442978693,0.0032062836442978693,0.0032062836442978693,0.0032062836442978693
2026-05-06,0.0012248165319330706,0.0012248165319330706,0.0012248165319330706,0.0012248165319330706
2026-05-07,-0.005445588193701778,-0.005445588193701778,-0.005445588193701778,-0.005445588193701778
2026-05-08,0.0009215573360046303,0.0009215573360046303,0.0009215573360046303,0.0009215573360046303
2026-05-09,0.001822898349719937,0.001822898349719937,0.001822898349719937,0.001822898349719937
2026-05-10,0.0062375941004841895,0.0062375941004841895,0.0062375941004841895,0.0062375941004841895
2026-05-11,-0.002350193245372445,-0.002350193245372445,-0.002350193245372445,-0.002350193245372445
2026-05-12,-0.0058134297146800185,-0.0058134297146800185,-0.0058134297146800185,-0.0058134297146800185
2026-05-13,-0.0044370222789357205,-0.0044370222789357205,-0.0044370222789357205,-0.0044370222789357205
2026-05-14,0.006655048630067828,0.006655048630067828,0.006655048630067828,0.006655048630067828
2026-05-15,-0.008151880056251004,-0.008151880056251004,-0.008151880056251004,-0.008151880056251004
2026-05-16,-0.004405312076519063,-0.004405312076519063,-0.004405312076519063,-0.004405312076519063
2026-05-17,-0.0036390069746002895,-0.0036390069746002895,-0.0036390069746002895,-0.0036390069746002895
2026-05-18,-0.0019289704562259757,-0.0019289704562259757,-0.0019289704562259757,-0.0019289704562259757
2026-05-19,-0.00021818708190679548,-0.00021818708190679548,-0.00021818708190679548,-0.00021818708190679548
2026-05-20,0.0010354590244916473,0.0010354590244916473,0.0010354590244916473,0.0010354590244916473
2026-05-21,0.0001509676236217672,0.0001509676236217672,0.0001509676236217672,0.0001509676236217672
2026-05-22,-0.003258812710515313,-0.003258812710515313,-0.003258812710515313,-0.003258812710515313
2026-05-23,0.0010853319200261335,0.0010853319200261335,0.0010853319200261335,0.0010853319200261335
2026-05-24,-0.0003844039184422998,-0.0003844039184422998,-0.0003844039184422998,-0.0003844039184422998
2026-05-25,0.0003785852131334977,0.0003785852131334977,0.0003785852131334977,0.0003785852131334977
2026-05-26,-0.002482901237052637,-0.002482901237052637,-0.002482901237052637,-0.002482901237052637
2026-05-27,-0.0009514469285535343,-0.0009514469285535343,-0.0009514469285535343,-0.0009514469285535343
2026-05-28,-0.0005349850657775379,-0.0005349850657775379,-0.0005349850657775379,-0.0005349850657775379
2026-05-29,-0.00010085849903196387,-0.00010085849903196387,-0.00010085849903196387,-0.00010085849903196387
2026-05-30,0.0002726215125945508,0.0002726215125945508,0.0002726215125945508,0.0002726215125945508
2026-05-31,-0.0001351090384890119,-0.0001351090384890119,-0.0001351090384890119,-0.0001351090384890119
2026-06-01,-0.0008152296140531146,-0.0008152296140531146,-0.0008152296140531146,-0.0008152296140531146
2026-06-02,0.0,0.0,0.0,0.0
2026-06-03,0.0,0.0,0.0,0.0
2026-06-04,0.0,0.0,0.0,0.0
2026-06-05,0.0,0.0,0.0,0.0
2026-06-06,0.0,0.0,0.0,0.0
2026-06-07,0.0,0.0,0.0,0.0
2026-06-08,0.0,0.0,0.0,0.0
2026-06-09,0.0,0.0,0.0,0.0
2026-06-10,0.0,0.0,0.0,0.0
2026-06-11,0.0,0.0,0.0,0.0
2026-06-12,0.0,0.0,0.0,0.0
2026-06-13,0.0,0.0,0.0,0.0
2026-06-14,0.0,0.0,0.0,0.0
2026-06-15,0.0,0.0,0.0,0.0
2026-06-16,0.0,0.0,0.0,0.0
2026-06-17,0.0,0.0,0.0,0.0
2026-06-18,0.0,0.0,0.0,0.0
2026-06-19,0.0,0.0,0.0,0.0
2026-06-20,0.0,0.0,0.0,0.0
2026-06-21,0.0,0.0,0.0,0.0
2026-06-22,0.0,0.0,0.0,0.0
2026-06-23,0.0,0.0,0.0,0.0
2026-06-24,0.0,0.0,0.0,0.0
2026-06-25,0.0,0.0,0.0,0.0
2026-06-26,0.0,0.0,0.0,0.0
2026-06-27,0.0,0.0,0.0,0.0
2026-06-28,0.0,0.0,0.0,0.0
2026-06-29,0.0,0.0,0.0,0.0
2026-06-30,0.0,0.0,0.0,0.0
2026-07-01,0.0,0.0,0.0,0.0
2026-07-02,0.0,0.0,0.0,0.0
2026-07-03,0.0,0.0,0.0,0.0
2026-07-04,0.0,0.0,0.0,0.0
2026-07-05,0.0,0.0,0.0,0.0
2026-07-06,0.0,0.0,0.0,0.0
2026-07-07,0.0,0.0,0.0,0.0
2026-07-08,0.0,0.0,0.0,0.0
2026-07-09,0.0,0.0,0.0,0.0
2026-07-10,0.0,0.0,0.0,0.0
2026-07-11,0.0,0.0,0.0,0.0
2026-07-12,0.0,0.0,0.0,0.0
2026-07-13,0.0,0.0,0.0,0.0
2026-07-14,0.0,0.0,0.0,0.0
2026-07-15,0.0,0.0,0.0,0.0
2026-07-16,0.0,0.0,0.0,0.0
2026-07-17,0.0,0.0,0.0,0.0
2026-07-18,0.0,0.0,0.0,0.0
2026-07-19,0.0,0.0,0.0,0.0
2026-07-20,0.0,0.0,0.0,0.0
2026-07-21,0.0,0.0,0.0,0.0
2026-07-22,0.0,0.0,0.0,0.0
2026-07-23,0.0,0.0,0.0,0.0
2026-07-24,0.0,0.0,0.0,0.0
2026-07-25,0.0,0.0,0.0,0.0
2026-07-26,0.0,0.0,0.0,0.0
2026-07-27,-0.0003171660127827547,-0.0003171660127827547,-0.0003171660127827547,-0.0003171660127827547
2026-07-28,0.0,0.0,0.0,0.0
2026-07-29,0.0,0.0,0.0,0.0
2026-07-30,0.0,0.0,0.0,0.0
2026-07-31,0.0,0.0,0.0,0.0
2026-08-01,0.0,0.0,0.0,0.0
2026-08-02,0.0,0.0,0.0,0.0
2026-08-03,0.0,0.0,0.0,0.0
2026-08-04,0.0,0.0,0.0,0.0
2026-08-05,0.0,0.0,0.0,0.0
2026-08-06,0.0,0.0,0.0,0.0
2026-08-07,-0.0003185999852146626,-0.0003185999852146626,-0.0003185999852146626,-0.0003185999852146626
2026-08-08,2.6840370991765283e-05,2.6840370991765283e-05,2.6840370991765283e-05,2.6840370991765283e-05
2026-08-09,-0.0002530944724344897,-0.0002530944724344897,-0.0002530944724344897,-0.0002530944724344897
2026-08-10,-0.0016138836488489572,-0.0016138836488489572,-0.0016138836488489572,-0.0016138836488489572
2026-08-11,0.0,0.0,0.0,0.0
2026-08-12,-0.0014212114536394926,-0.0014212114536394926,-0.0014212114536394926,-0.0014212114536394926
2026-08-13,-0.0007596083777424711,-0.0007596083777424711,-0.0007596083777424711,-0.0007596083777424711
2026-08-14,0.0,0.0,0.0,0.0
2026-08-15,-0.00015011821260479952,-0.00015011821260479952,-0.00015011821260479952,-0.00015011821260479952
2026-08-16,-0.0002669533429557891,-0.0002669533429557891,-0.0002669533429557891,-0.0002669533429557891
2026-08-17,0.0015120671596868807,0.0015120671596868807,0.0015120671596868807,0.0015120671596868807
2026-08-18,0.0001706538064909502,0.0001706538064909502,0.0001706538064909502,0.0001706538064909502
2026-08-19,0.03162233079129839,0.03162233079129839,0.03162233079129839,0.03162233079129839
2026-08-20,0.03114536915019328,0.03114536915019328,0.03114536915019328,0.03114536915019328
2026-08-21,0.0522371828156849,0.0522371828156849,0.0522371828156849,0.0522371828156849
2026-08-22,-0.01751384490315544,-0.01751384490315544,-0.01751384490315544,-0.01751384490315544
2026-08-23,0.008050966157332029,0.008050966157332029,0.008050966157332029,0.008050966157332029
2026-08-24,0.007765275041233588,0.007765275041233588,0.007765275041233588,0.007765275041233588
2026-08-25,-0.006967275214521118,-0.006967275214521118,-0.006967275214521118,-0.006967275214521118
2026-08-26,0.010615811736069958,0.010615811736069958,0.010615811736069958,0.010615811736069958
2026-08-27,0.006453361100896782,0.006453361100896782,0.006453361100896782,0.006453361100896782
2026-08-28,-0.020146592071789593,-0.020146592071789593,-0.020146592071789593,-0.020146592071789593
2026-08-29,0.004139334084510171,0.004139334084510171,0.004139334084510171,0.004139334084510171
2026-08-30,-0.0082666512505154,-0.0082666512505154,-0.0082666512505154,-0.0082666512505154
2026-08-31,0.01158692618879864,0.01158692618879864,0.01158692618879864,0.01158692618879864
2026-09-01,-0.013719672401895977,-0.013719672401895977,-0.013719672401895977,-0.013719672401895977
2026-09-02,-0.004315544367634705,-0.004315544367634705,-0.004315544367634705,-0.004315544367634705
2026-09-03,0.04239609632482755,0.04239609632482755,0.04239609632482755,0.04239609632482755
2026-09-04,-0.01641426638059784,-0.01641426638059784,-0.01641426638059784,-0.01641426638059784
2026-09-05,0.004117678019130544,0.004117678019130544,0.004117678019130544,0.004117678019130544
2026-09-06,0.007260571277275307,0.007260571277275307,0.007260571277275307,0.007260571277275307
2026-09-07,-0.010658674940586699,-0.010658674940586699,-0.010658674940586699,-0.010658674940586699
2026-09-08,-0.004581944149976702,-0.004581944149976702,-0.004581944149976702,-0.004581944149976702
2026-09-09,-0.004274457465808568,-0.004274457465808568,-0.004274457465808568,-0.004274457465808568
2026-09-10,-0.014465106722538645,-0.014465106722538645,-0.014465106722538645,-0.014465106722538645
2026-09-11,0.015658866888691003,0.015658866888691003,0.015658866888691003,0.015658866888691003
2026-09-12,0.001720843088540036,0.001720843088540036,0.001720843088540036,0.001720843088540036
2026-09-13,-0.00976511019123294,-0.00976511019123294,-0.00976511019123294,-0.00976511019123294
2026-09-14,0.012208178673388526,0.012208178673388526,0.012208178673388526,0.012208178673388526
2026-09-15,-0.03339805379892491,-0.03339805379892491,-0.03339805379892491,-0.03339805379892491
2026-09-16,0.006693600067477101,0.006693600067477101,0.006693600067477101,0.006693600067477101
2026-09-17,0.0057843251789202466,0.0057843251789202466,0.0057843251789202466,0.0057843251789202466
2026-09-18,0.05346368741628016,0.05346368741628016,0.05346368741628016,0.05346368741628016
2026-09-19,0.005174546947027903,0.005174546947027903,0.005174546947027903,0.005174546947027903
2026-09-20,0.0013636685374989188,0.0013636685374989188,0.0013636685374989188,0.0013636685374989188
2026-09-21,0.0514171303723463,0.0514171303723463,0.0514171303723463,0.0514171303723463
2026-09-22,-0.007017961515194626,-0.007017961515194626,-0.007017961515194626,-0.007017961515194626
2026-09-23,-0.015987554421607597,-0.015987554421607597,-0.015987554421607597,-0.015987554421607597
2026-09-24,0.0010066190431061717,0.0010066190431061717,0.0010066190431061717,0.0010066190431061717
2026-09-25,-0.0013670222666465337,-0.0013670222666465337,-0.0013670222666465337,-0.0013670222666465337
2026-09-26,0.002724090870828366,0.002724090870828366,0.002724090870828366,0.002724090870828366
2026-09-27,-0.0009424828835116195,-0.0009424828835116195,-0.0009424828835116195,-0.0009424828835116195
2026-09-28,-0.006491249418658085,-0.006491249418658085,-0.006491249418658085,-0.006491249418658085
2026-09-29,-0.0004815109757250191,-0.0004815109757250191,-0.0004815109757250191,-0.0004815109757250191
2026-09-30,0.0009154985695178919,0.0009154985695178919,0.0009154985695178919,0.0009154985695178919
2026-10-01,0.011463440751219967,0.011463440751219967,0.011463440751219967,0.011463440751219967
2026-10-02,-0.007923837624315144,-0.007923837624315144,-0.007923837624315144,-0.007923837624315144
2026-10-03,0.00431877221377297,0.00431877221377297,0.00431877221377297,0.00431877221377297
2026-10-04,0.018097284197401642,0.018097284197401642,0.018097284197401642,0.018097284197401642
2026-10-05,-0.008090596327563926,-0.008090596327563926,-0.008090596327563926,-0.008090596327563926
