,trend,carry,combined,gross
2010-07-18,0.0,0.0,0.0,0.0
2010-07-19,0.0,0.0,0.0,0.0
2010-07-20,0.0,0.0,0.0,0.0
2010-07-21,0.0,0.0,0.0,0.0
2010-07-22,0.0,0.0,0.0,0.0
2010-07-23,0.0,0.0,0.0,0.0
2010-07-24,0.0,0.0,0.0,0.0
2010-07-25,0.0,0.0,0.0,0.0
2010-07-26,0.0,0.0,0.0,0.0
2010-07-27,0.0,0.0,0.0,0.0
2010-07-28,0.0,0.0,0.0,0.0
2010-07-29,0.0,0.0,0.0,0.0
2010-07-30,0.0,0.0,0.0,0.0
2010-07-31,0.0,0.0,0.0,0.0
2010-08-01,0.0,0.0,0.0,0.0
2010-08-02,0.0,0.0,0.0,0.0
2010-08-03,0.0,0.0,0.0,0.0
2010-08-04,0.0,0.0,0.0,0.0
2010-08-05,0.0,0.0,0.0,0.0
2010-08-06,0.0,0.0,0.0,0.0
2010-08-07,0.0,0.0,0.0,0.0
2010-08-08,0.0,0.0,0.0,0.0
2010-08-09,0.0,0.0,0.0,0.0
2010-08-10,0.0,0.0,0.0,0.0
2010-08-11,0.0,0.0,0.0,0.0
2010-08-12,0.0,0.0,0.0,0.0
2010-08-13,0.0,0.0,0.0,0.0
2010-08-14,0.0,0.0,0.0,0.0
2010-08-15,0.0,0.0,0.0,0.0
2010-08-16,0.0,0.0,0.0,0.0
2010-08-17,0.0,0.0,0.0,0.0
2010-08-18,0.0,0.0,0.0,0.0
2010-08-19,0.0,0.0,0.0,0.0
2010-08-20,0.0,0.0,0.0,0.0
2010-08-21,0.0,0.0,0.0,0.0
2010-08-22,0.0,0.0,0.0,0.0
2010-08-23,0.0,0.0,0.0,0.0
2010-08-24,0.0,0.0,0.0,0.0
2010-08-25,0.0,0.0,0.0,0.0
2010-08-26,0.0,0.0,0.0,0.0
2010-08-27,0.0,0.0,0.0,0.0
2010-08-28,0.0,0.0,0.0,0.0
2010-08-29,0.0,0.0,0.0,0.0
2010-08-30,0.0,0.0,0.0,0.0
2010-08-31,0.0,0.0,0.0,0.0
2010-09-01,0.0,0.0,0.0,0.0
2010-09-02,0.0,0.0,0.0,0.0
2010-09-03,0.0,0.0,0.0,0.0
2010-09-04,0.0,0.0,0.0,0.0
2010-09-05,0.0,0.0,0.0,0.0
2010-09-06,0.0,0.0,0.0,0.0
2010-09-07,0.0,0.0,0.0,0.0
2010-09-08,0.0,0.0,0.0,0.0
2010-09-09,0.0,0.0,0.0,0.0
2010-09-10,0.0,0.0,0.0,0.0
2010-09-11,0.0,0.0,0.0,0.0
2010-09-12,0.0,0.0,0.0,0.0
2010-09-13,0.0,0.0,0.0,0.0
2010-09-14,0.0,0.0,0.0,0.0
2010-09-15,0.0,0.0,0.0,0.0
2010-09-16,0.0,0.0,0.0,0.0
2010-09-17,0.0,0.0,0.0,0.0
2010-09-18,0.0,0.0,0.0,0.0
2010-09-19,0.0,0.0,0.0,0.0
2010-09-20,0.0,0.0,0.0,0.0
2010-09-21,0.0,0.0,0.0,0.0
2010-09-22,0.0,0.0,0.0,0.0
2010-09-23,0.0,0.0,0.0,0.0
2010-09-24,0.0,0.0,0.0,0.0
2010-09-25,0.0,0.0,0.0,0.0
2010-09-26,0.0,0.0,0.0,0.0
2010-09-27,0.0,0.0,0.0,0.0
2010-09-28,0.0,0.0,0.0,0.0
2010-09-29,0.0,0.0,0.0,0.0
2010-09-30,0.0,0.0,0.0,0.0
2010-10-01,0.0,0.0,0.0,0.0
2010-10-02,0.0,0.0,0.0,0.0
2010-10-03,0.0,0.0,0.0,0.0
2010-10-04,0.0,0.0,0.0,0.0
2010-10-05,0.0,0.0,0.0,0.0
2010-10-06,0.0,0.0,0.0,0.0
2010-10-07,0.0,0.0,0.0,0.0
2010-10-08,0.0,0.0,0.0,0.0
2010-10-09,0.0,0.0,0.0,0.0
2010-10-10,0.0,0.0,0.0,0.0
2010-10-11,0.0,0.0,0.0,0.0
2010-10-12,0.0,0.0,0.0,0.0
2010-10-13,0.0,0.0,0.0,0.0
2010-10-14,0.0,0.0,0.0,0.0
2010-10-15,0.0,0.0,0.0,0.0
2010-10-16,0.0,0.0,0.0,0.0
2010-10-17,0.0,0.0,0.0,0.0
2010-10-18,0.0,0.0,0.0,0.0
2010-10-19,0.0,0.0,0.0,0.0
2010-10-20,0.0,0.0,0.0,0.0
2010-10-21,0.0,0.0,0.0,0.0
2010-10-22,0.0,0.0,0.0,0.0
2010-10-23,0.0,0.0,0.0,0.0
2010-10-24,0.0,0.0,0.0,0.0
2010-10-25,0.0,0.0,0.0,0.0
2010-10-26,0.0,0.0,0.0,0.0
2010-10-27,0.0,0.0,0.0,0.0
2010-10-28,0.0,0.0,0.0,0.0
2010-10-29,0.0,0.0,0.0,0.0
2010-10-30,0.0,0.0,0.0,0.0
2010-10-31,0.0,0.0,0.0,0.0
2010-11-01,0.0,0.0,0.0,0.0
2010-11-02,0.0,0.0,0.0,0.0
2010-11-03,0.0,0.0,0.0,0.0
2010-11-04,0.0,0.0,0.0,0.0
2010-11-05,0.0,0.0,0.0,0.0
2010-11-06,0.0,0.0,0.0,0.0
2010-11-07,0.0,0.0,0.0,0.0
2010-11-08,0.0,0.0,0.0,0.0
2010-11-09,0.0,0.0,0.0,0.0
2010-11-10,0.0,0.0,0.0,0.0
2010-11-11,0.0,0.0,0.0,0.0
2010-11-12,0.0,0.0,0.0,0.0
2010-11-13,0.0,0.0,0.0,0.0
2010-11-14,0.0,0.0,0.0,0.0
2010-11-15,0.0,0.0,0.0,0.0
2010-11-16,0.0,0.0,0.0,0.0
2010-11-17,0.0,0.0,0.0,0.0
2010-11-18,0.0,0.0,0.0,0.0
2010-11-19,0.0,0.0,0.0,0.0
2010-11-20,0.0,0.0,0.0,0.0
2010-11-21,0.0,0.0,0.0,0.0
2010-11-22,0.0,0.0,0.0,0.0
2010-11-23,0.0,0.0,0.0,0.0
2010-11-24,0.0,0.0,0.0,0.0
2010-11-25,0.0,0.0,0.0,0.0
2010-11-26,0.0,0.0,0.0,0.0
2010-11-27,0.0,0.0,0.0,0.0
2010-11-28,0.0,0.0,0.0,0.0
2010-11-29,0.0,0.0,0.0,0.0
2010-11-30,0.0,0.0,0.0,0.0
2010-12-01,0.0,0.0,0.0,0.0
2010-12-02,0.0,0.0,0.0,0.0
2010-12-03,0.0,0.0,0.0,0.0
2010-12-04,0.0,0.0,0.0,0.0
2010-12-05,0.0,0.0,0.0,0.0
2010-12-06,0.0,0.0,0.0,0.0
2010-12-07,0.0,0.0,0.0,0.0
2010-12-08,0.0,0.0,0.0,0.0
2010-12-09,0.0,0.0,0.0,0.0
2010-12-10,0.0,0.0,0.0,0.0
2010-12-11,0.0,0.0,0.0,0.0
2010-12-12,0.0,0.0,0.0,0.0
2010-12-13,0.0,0.0,0.0,0.0
2010-12-14,0.0,0.0,0.0,0.0
2010-12-15,0.0,0.0,0.0,0.0
2010-12-16,0.0,0.0,0.0,0.0
2010-12-17,0.0,0.0,0.0,0.0
2010-12-18,0.0,0.0,0.0,0.0
2010-12-19,0.0,0.0,0.0,0.0
2010-12-20,0.0,0.0,0.0,0.0
2010-12-21,0.0,0.0,0.0,0.0
2010-12-22,0.0,0.0,0.0,0.0
2010-12-23,0.0,0.0,0.0,0.0
2010-12-24,0.0,0.0,0.0,0.0
2010-12-25,0.0,0.0,0.0,0.0
2010-12-26,0.0,0.0,0.0,0.0
2010-12-27,0.0,0.0,0.0,0.0
2010-12-28,0.0,0.0,0.0,0.0
2010-12-29,0.0,0.0,0.0,0.0
2010-12-30,0.0,0.0,0.0,0.0
2010-12-31,0.0,0.0,0.0,0.0
2011-01-01,0.0,0.0,0.0,0.0
2011-01-02,0.0,0.0,0.0,0.0
2011-01-03,0.0,0.0,0.0,0.0
2011-01-04,0.0,0.0,0.0,0.0
2011-01-05,0.0,0.0,0.0,0.0
2011-01-06,0.0,0.0,0.0,0.0
2011-01-07,0.0,0.0,0.0,0.0
2011-01-08,0.0,0.0,0.0,0.0
2011-01-09,0.0,0.0,0.0,0.0
2011-01-10,0.0,0.0,0.0,0.0
2011-01-11,0.0,0.0,0.0,0.0
2011-01-12,0.0,0.0,0.0,0.0
2011-01-13,0.0,0.0,0.0,0.0
2011-01-14,0.0,0.0,0.0,0.0
2011-01-15,0.0,0.0,0.0,0.0
2011-01-16,0.0,0.0,0.0,0.0
2011-01-17,0.0,0.0,0.0,0.0
2011-01-18,0.0,0.0,0.0,0.0
2011-01-19,0.0,0.0,0.0,0.0
2011-01-20,0.0,0.0,0.0,0.0
2011-01-21,0.0,0.0,0.0,0.0
2011-01-22,0.0,0.0,0.0,0.0
2011-01-23,0.0,0.0,0.0,0.0
2011-01-24,0.0,0.0,0.0,0.0
2011-01-25,0.0,0.0,0.0,0.0
2011-01-26,0.0,0.0,0.0,0.0
2011-01-27,0.0,0.0,0.0,0.0
2011-01-28,0.0,0.0,0.0,0.0
2011-01-29,0.0,0.0,0.0,0.0
2011-01-30,0.0,0.0,0.0,0.0
2011-01-31,0.0,0.0,0.0,0.0
2011-02-01,0.0,0.0,0.0,0.0
2011-02-02,0.0,0.0,0.0,0.0
2011-02-03,0.0,0.0,0.0,0.0
2011-02-04,0.0,0.0,0.0,0.0
2011-02-05,0.0,0.0,0.0,0.0
2011-02-06,0.0,0.0,0.0,0.0
2011-02-07,0.0,0.0,0.0,0.0
2011-02-08,0.0,0.0,0.0,0.0
2011-02-09,0.0,0.0,0.0,0.0
2011-02-10,0.0,0.0,0.0,0.0
2011-02-11,0.0,0.0,0.0,0.0
2011-02-12,0.0,0.0,0.0,0.0
2011-02-13,0.0,0.0,0.0,0.0
2011-02-14,0.0,0.0,0.0,0.0
2011-02-15,0.0,0.0,0.0,0.0
2011-02-16,0.0,0.0,0.0,0.0
2011-02-17,0.0,0.0,0.0,0.0
2011-02-18,0.0,0.0,0.0,0.0
2011-02-19,0.0,0.0,0.0,0.0
2011-02-20,0.0,0.0,0.0,0.0
2011-02-21,0.0,0.0,0.0,0.0
2011-02-22,0.0,0.0,0.0,0.0
2011-02-23,0.0,0.0,0.0,0.0
2011-02-24,0.0,0.0,0.0,0.0
2011-02-25,0.0,0.0,0.0,0.0
2011-02-26,0.0,0.0,0.0,0.0
2011-02-27,0.0,0.0,0.0,0.0
2011-02-28,0.0,0.0,0.0,0.0
2011-03-01,0.0,0.0,0.0,0.0
2011-03-02,0.0,0.0,0.0,0.0
2011-03-03,0.0,0.0,0.0,0.0
2011-03-04,0.0,0.0,0.0,0.0
2011-03-05,0.0,0.0,0.0,0.0
2011-03-06,0.0,0.0,0.0,0.0
2011-03-07,0.0,0.0,0.0,0.0
2011-03-08,0.0,0.0,0.0,0.0
2011-03-09,0.0,0.0,0.0,0.0
2011-03-10,0.0,0.0,0.0,0.0
2011-03-11,0.0,0.0,0.0,0.0
2011-03-12,0.0,0.0,0.0,0.0
2011-03-13,0.0,0.0,0.0,0.0
2011-03-14,0.0,0.0,0.0,0.0
2011-03-15,0.0,0.0,0.0,0.0
2011-03-16,0.0,0.0,0.0,0.0
2011-03-17,0.0,0.0,0.0,0.0
2011-03-18,0.0,0.0,0.0,0.0
2011-03-19,0.0,0.0,0.0,0.0
2011-03-20,0.0,0.0,0.0,0.0
2011-03-21,0.0,0.0,0.0,0.0
2011-03-22,0.0,0.0,0.0,0.0
2011-03-23,0.0,0.0,0.0,0.0
2011-03-24,0.0,0.0,0.0,0.0
2011-03-25,0.0,0.0,0.0,0.0
2011-03-26,0.0,0.0,0.0,0.0
2011-03-27,0.0,0.0,0.0,0.0
2011-03-28,0.0,0.0,0.0,0.0
2011-03-29,0.0,0.0,0.0,0.0
2011-03-30,0.0,0.0,0.0,0.0
2011-03-31,-0.0021772270650100172,0.0,-0.0021772270650100172,0.2921108695658224
2011-04-01,-0.003892404767651748,0.0,-0.003892404767651748,0.30270149567537563
2011-04-02,0.0029325718585021155,0.0,0.0029325718585021155,0.30665565914417037
2011-04-03,-0.0013537765981006984,0.0,-0.0013537765981006984,0.34081465915477327
2011-04-04,-0.04320565541898252,0.0,-0.04320565541898252,0.3475568168001402
2011-04-05,0.0052841333769733986,0.0,0.0052841333769733986,0.10458983880601178
2011-04-06,0.005893160314798503,0.0,0.005893160314798503,0.17545077598184053
2011-04-07,0.003363229179300556,0.0,0.003363229179300556,0.176537464169231
2011-04-08,-0.0009254312707449822,0.0,-0.0009254312707449822,0.18254667402807775
2011-04-09,-0.0038727812295004664,0.0,-0.0038727812295004664,0.18805463882180323
2011-04-10,-0.00022056122472717074,0.0,-0.00022056122472717074,0.18881985569627607
2011-04-11,0.009021947964711695,0.0,0.009021947964711695,0.19178092543289915
2011-04-12,0.022080995746910276,0.0,0.022080995746910276,0.1997271651610969
2011-04-13,0.021271368177044808,0.0,0.021271368177044808,0.26656746551527516
2011-04-14,0.02069916465907686,0.0,0.02069916465907686,0.29846515388771033
2011-04-15,-0.0044402392026362475,0.0,-0.0044402392026362475,0.3040354534484151
2011-04-16,0.018774487653090758,0.0,0.018774487653090758,0.31057044621113805
2011-04-17,0.015071057192826916,0.0,0.015071057192826916,0.3128469894397022
2011-04-18,0.014795957629350227,0.0,0.014795957629350227,0.3429266789774637
2011-04-19,0.010152472543157952,0.0,0.010152472543157952,0.35179370081127753
2011-04-20,-0.012105965002655908,0.0,-0.012105965002655908,0.36355773803727703
2011-04-21,0.01856898638025636,0.0,0.01856898638025636,0.35697048220387423
2011-04-22,0.05511842621276877,0.0,0.05511842621276877,0.36213745464215813
2011-04-23,0.09271597525408706,0.0,0.09271597525408706,0.3070867350737072
2011-04-24,-0.016345216642914995,0.0,-0.016345216642914995,0.14983518059419615
2011-04-25,-0.005622118401187108,0.0,-0.005622118401187108,0.13513019912296767
2011-04-26,0.017284656001356168,0.0,0.017284656001356168,0.13868985427186487
2011-04-27,0.010896159477782285,0.0,0.010896159477782285,0.14117643416180586
2011-04-28,0.03116026731563678,0.0,0.03116026731563678,0.14963747528046747
2011-04-29,0.0446176907954028,0.0,0.0446176907954028,0.1385659784731659
2011-04-30,0.026879060539052826,0.0,0.026879060539052826,0.11841558018715201
2011-05-01,-0.016414779237924733,0.0,-0.016414779237924733,0.11513391671807616
2011-05-02,0.004350238304332958,0.0,0.004350238304332958,0.10279179121157969
2011-05-03,0.006576005844750026,0.0,0.006576005844750026,0.10922920198004933
2011-05-04,0.00195631833400579,0.0,0.00195631833400579,0.11646412921721719
2011-05-05,-0.002636622232108387,0.0,-0.002636622232108387,0.1230239303383582
2011-05-06,0.004532663290207096,0.0,0.004532663290207096,0.12741350336653035
2011-05-07,0.007545581965295326,0.0,0.007545581965295326,0.13578347685645825
2011-05-08,0.008342530903003199,0.0,0.008342530903003199,0.14500056360778257
2011-05-09,-0.0017782712379931485,0.0,-0.0017782712379931485,0.15484583645294447
2011-05-10,0.07383211466523201,0.0,0.07383211466523201,0.16098402923331712
2011-05-11,-0.003083213104676322,0.0,-0.003083213104676322,0.07871759499481366
2011-05-12,0.012506083250431158,0.0,0.012506083250431158,0.08087764561252
2011-05-13,0.02489504009727754,0.0,0.02489504009727754,0.08454441225139168
2011-05-14,-0.015237915494701857,0.0,-0.015237915494701857,0.08166069009273774
2011-05-15,-0.0011254546425505925,0.0,-0.0011254546425505925,0.0741254730243259
2011-05-16,0.013142740667685322,0.0,0.013142740667685322,0.077642596224333
2011-05-17,-0.008483311024604862,0.0,-0.008483311024604862,0.08177293412724655
2011-05-18,-0.006731395887167142,0.0,-0.006731395887167142,0.08134612232251355
2011-05-19,0.0017418707146781933,0.0,0.0017418707146781933,0.08263029684781575
2011-05-20,-0.01741915741906347,0.0,-0.01741915741906347,0.08793051589996252
2011-05-21,0.006504254004459356,0.0,0.006504254004459356,0.07858091398348863
2011-05-22,0.008683905410583627,0.0,0.008683905410583627,0.08337897516326195
2011-05-23,0.004849862189492134,0.0,0.004849862189492134,0.08800390724373558
2011-05-24,0.004609285786775203,0.0,0.004609285786775203,0.09392737543510894
2011-05-25,0.015864239915530324,0.0,0.015864239915530324,0.10030407011179583
2011-05-26,0.002849421478362875,0.0,0.002849421478362875,0.10224865525967176
2011-05-27,-0.003383668791003613,0.0,-0.003383668791003613,0.10904315909386411
2011-05-28,-0.0024026125010103453,0.0,-0.0024026125010103453,0.11359678917331299
2011-05-29,0.0006938903635656606,0.0,0.0006938903635656606,0.11925446981883207
2011-05-30,0.005076554147265433,0.0,0.005076554147265433,0.12692704860703788
2011-05-31,-0.0007710881044836654,0.0,-0.0007710881044836654,0.1355997160374134
2011-06-01,0.012052290966245447,0.0,0.012052290966245447,0.14357962893012968
2011-06-02,0.014242231587002318,0.0,0.014242231587002318,0.14866882557353656
2011-06-03,0.04635556031937922,0.0,0.04635556031937922,0.15259460632076777
2011-06-04,0.02857890640239072,0.0,0.02857890640239072,0.10097558744152363
2011-06-05,-0.012177072022694932,0.0,-0.012177072022694932,0.09516246381951078
2011-06-06,0.012949741279434164,0.0,0.012949741279434164,0.09087478591606996
2011-06-07,0.033259619091760784,0.0,0.033259619091760784,0.09643127846827042
2011-06-08,0.022713201645829694,0.0,0.022713201645829694,0.09138012553523688
2011-06-09,-0.0009204164926732617,0.0,-0.0009204164926732617,0.09190047918655737
2011-06-10,-0.018246709028629307,0.0,-0.018246709028629307,0.0949489273101192
2011-06-11,-0.036455720651898615,0.0,-0.036455720651898615,0.08252940980151616
2011-06-12,0.01668219944458308,0.0,0.01668219944458308,0.05251374399215687
2011-06-13,0.0027698985450553093,0.0,0.0027698985450553093,0.053228499584500495
2011-06-14,-0.0011357059988202677,0.0,-0.0011357059988202677,0.05673710417662209
2011-06-15,0.0008246296748363963,0.0,0.0008246296748363963,0.060133973127830906
2011-06-16,-0.006126641348241726,0.0,-0.006126641348241726,0.06402057676997895
2011-06-17,-0.010013050874335294,0.0,-0.010013050874335294,0.06659014782600359
2011-06-18,0.005838312394966875,0.0,0.005838312394966875,0.06178577974533947
2011-06-19,0.002562564729108387,0.0,0.002562564729108387,0.06073435507961938
2011-06-20,0.0,0.0,0.0,0.06990478037122509
2011-06-21,0.0,0.0,0.0,0.06909886901864239
2011-06-22,0.0,0.0,0.0,0.07368383601433805
2011-06-23,0.0,0.0,0.0,0.07859846310812586
2011-06-24,0.0,0.0,0.0,0.08386727386111419
2011-06-25,0.0,0.0,0.0,0.08951668825929315
2011-06-26,-0.00462421255309117,0.0,-0.00462421255309117,0.10307126457627472
2011-06-27,0.0015801684323207472,0.0,0.0015801684323207472,0.10001860269620154
2011-06-28,0.0008456486378114157,0.0,0.0008456486378114157,0.10688138599305266
2011-06-29,-0.0004325161444620967,0.0,-0.0004325161444620967,0.11429203512002044
2011-06-30,-0.004902286934822267,0.0,-0.004902286934822267,0.12208792495951991
2011-07-01,-0.005567972312094199,0.0,-0.005567972312094199,0.12927709549445096
2011-07-02,-0.000274599574876348,0.0,-0.000274599574876348,0.13660702486856238
2011-07-03,0.0005470057080790258,0.0,0.0005470057080790258,0.14488914106658463
2011-07-04,-0.01174368578884572,0.0,-0.01174368578884572,0.15000528660255188
2011-07-05,-0.006575505861274151,0.0,-0.006575505861274151,0.12234436154888775
2011-07-06,0.01304431088165991,0.0,0.01304431088165991,0.12516105517101825
2011-07-07,0.0006070807077103899,0.0,0.0006070807077103899,0.1345973946201284
2011-07-08,-0.0036639381380852458,0.0,-0.0036639381380852458,0.12449079429480751
2011-07-09,0.0006086290622769731,0.0,0.0006086290622769731,0.12838072719083785
2011-07-10,0.0017808734850031961,0.0,0.0017808734850031961,0.1328914514827679
2011-07-11,-0.0023030249117418212,0.0,-0.0023030249117418212,0.13737473086960397
2011-07-12,-0.002131963505136551,0.0,-0.002131963505136551,0.1420491614504262
2011-07-13,-0.0003684445224017292,0.0,-0.0003684445224017292,0.14696580713204443
2011-07-14,0.00019620900102029757,0.0,0.00019620900102029757,0.1523088517393103
2011-07-15,-0.0022143394080028148,0.0,-0.0022143394080028148,0.1578234219312949
2011-07-16,-0.001054392569055476,0.0,-0.001054392569055476,0.16352352347008153
2011-07-17,-0.005146181352380368,0.0,-0.005146181352380368,0.16956329875095683
2011-07-18,0.004234100474058425,0.0,0.004234100474058425,0.17159848796444513
2011-07-19,0.0021996150480214738,0.0,0.0021996150480214738,0.1744314564626036
2011-07-20,-0.001654665877191116,0.0,-0.001654665877191116,0.1978072692709741
2011-07-21,-0.0007527732445837945,0.0,-0.0007527732445837945,0.1858523967976049
2011-07-22,0.0009822879150963955,0.0,0.0009822879150963955,0.19163509981670934
2011-07-23,-0.00019039545112142222,0.0,-0.00019039545112142222,0.19827631067612927
2011-07-24,0.0046154755846457155,0.0,0.0046154755846457155,0.20540677780786742
2011-07-25,0.0006113724812030804,0.0,0.0006113724812030804,0.2394334867199718
2011-07-26,-0.0023208145158850526,0.0,-0.0023208145158850526,0.25068436395175303
2011-07-27,2.88067993318478e-06,0.0,2.88067993318478e-06,0.23206107130426862
2011-07-28,-0.005787837716109937,0.0,-0.005787837716109937,0.24150881019434653
2011-07-29,0.0003120604422751797,0.0,0.0003120604422751797,0.24309816983579752
2011-07-30,0.0004209260333327835,0.0,0.0004209260333327835,0.24979531905005964
2011-07-31,-0.003237801493067385,0.0,-0.003237801493067385,0.2575755996272307
2011-08-01,-0.00675202147994833,0.0,-0.00675202147994833,0.28985491502791155
2011-08-02,-0.01546680837920195,0.0,-0.01546680837920195,0.26072702311795143
2011-08-03,-0.05713980809302588,0.0,-0.05713980809302588,0.20260814576768837
2011-08-04,0.008033801190898925,0.0,0.008033801190898925,0.051219026513552764
2011-08-05,-0.00568138907974447,0.0,-0.00568138907974447,0.043209170571524354
2011-08-06,-0.015220712538435995,0.0,-0.015220712538435995,0.03774474430976839
2011-08-07,0.008592042236567891,0.0,0.008592042236567891,0.012481509086561402
2011-08-08,-0.0040247596525998216,0.0,-0.0040247596525998216,0.009986251005808503
2011-08-09,0.01127640649534592,0.0,0.01127640649534592,0.010228904540632666
2011-08-10,0.0013683017445323565,0.0,0.0013683017445323565,0.01880574457217118
2011-08-11,-0.003366400504478115,0.0,-0.003366400504478115,0.019377100619873945
2011-08-12,8.036172251677109e-05,0.0,8.036172251677109e-05,0.019903494288275227
2011-08-13,0.0030368584932332246,0.0,0.0030368584932332246,0.020550049786457702
2011-08-14,0.004410994142657258,0.0,0.004410994142657258,0.02103732615519178
2011-08-15,0.001771733056033004,0.0,0.001771733056033004,0.02142243207779121
2011-08-16,-0.00075757302478254,0.0,-0.00075757302478254,0.030589928679558905
2011-08-17,-0.00015302473536586396,0.0,-0.00015302473536586396,0.031596974683454
2011-08-18,-0.0005765920272972942,0.0,-0.0005765920272972942,0.039916844217860695
2011-08-19,0.004440726201282498,0.0,0.004440726201282498,0.041997949421865605
2011-08-20,-0.0011474201392014753,0.0,-0.0011474201392014753,0.04525823111807159
2011-08-21,-0.0005737136184215875,0.0,-0.0005737136184215875,0.04859248381210969
2011-08-22,-0.0023648053980868523,0.0,-0.0023648053980868523,0.051663618807779824
2011-08-23,-1.9958752377754155e-05,0.0,-1.9958752377754155e-05,0.05345382139877138
2011-08-24,-0.00025586477191117605,0.0,-0.00025586477191117605,0.055480372285398
2011-08-25,-0.007242219126260216,0.0,-0.007242219126260216,0.05752888142141291
2011-08-26,-0.007817373814540743,0.0,-0.007817373814540743,0.020413129093072135
2011-08-27,0.0026069997689226374,0.0,0.0026069997689226374,0.009200166084886661
2011-08-28,0.002405257897490144,0.0,0.002405257897490144,0.013440134980595559
2011-08-29,-0.0003850785736920277,0.0,-0.0003850785736920277,0.013679638894297633
2011-08-30,-0.0008356093006892608,0.0,-0.0008356093006892608,0.014150610867233123
2011-08-31,-0.003378211964283985,0.0,-0.003378211964283985,0.010134403150235156
2011-09-01,0.00019495598091504187,0.0,0.00019495598091504187,0.01030809731189242
2011-09-02,0.0021480586629728997,0.0,0.0021480586629728997,0.010646057164443876
2011-09-03,-0.0009510271791397589,0.0,-0.0009510271791397589,0.010809098849330012
2011-09-04,-0.0013643132253492113,0.0,-0.0013643132253492113,0.011182104734639717
2011-09-05,-0.0033637274525564714,0.0,-0.0033637274525564714,0.011551266571625479
2011-09-06,-4.230324463403196e-05,0.0,-4.230324463403196e-05,0.0
2011-09-07,0.0,0.0,0.0,0.0
2011-09-08,0.0,0.0,0.0,0.0
2011-09-09,0.0,0.0,0.0,0.0
2011-09-10,0.0,0.0,0.0,0.0
2011-09-11,0.0,0.0,0.0,0.0
2011-09-12,0.0,0.0,0.0,0.0
2011-09-13,0.0,0.0,0.0,0.0
2011-09-14,0.0,0.0,0.0,0.0
2011-09-15,0.0,0.0,0.0,0.0
2011-09-16,0.0,0.0,0.0,0.0
2011-09-17,0.0,0.0,0.0,0.0
2011-09-18,0.0,0.0,0.0,0.0
2011-09-19,0.0,0.0,0.0,0.0
2011-09-20,0.0,0.0,0.0,0.0
2011-09-21,0.0,0.0,0.0,0.0
2011-09-22,0.0,0.0,0.0,0.0
2011-09-23,0.0,0.0,0.0,0.0
2011-09-24,0.0,0.0,0.0,0.0
2011-09-25,0.0,0.0,0.0,0.0
2011-09-26,0.0,0.0,0.0,0.0
2011-09-27,0.0,0.0,0.0,0.0
2011-09-28,0.0,0.0,0.0,0.0
2011-09-29,0.0,0.0,0.0,0.0
2011-09-30,0.0,0.0,0.0,0.0
2011-10-01,0.0,0.0,0.0,0.0
2011-10-02,0.0,0.0,0.0,0.0
2011-10-03,0.0,0.0,0.0,0.0
2011-10-04,0.0,0.0,0.0,0.0
2011-10-05,0.0,0.0,0.0,0.0
2011-10-06,0.0,0.0,0.0,0.0
2011-10-07,0.0,0.0,0.0,0.0
2011-10-08,0.0,0.0,0.0,0.0
2011-10-09,0.0,0.0,0.0,0.0
2011-10-10,0.0,0.0,0.0,0.0
2011-10-11,0.0,0.0,0.0,0.0
2011-10-12,0.0,0.0,0.0,0.0
2011-10-13,0.0,0.0,0.0,0.0
2011-10-14,0.0,0.0,0.0,0.0
2011-10-15,0.0,0.0,0.0,0.0
2011-10-16,0.0,0.0,0.0,0.0
2011-10-17,0.0,0.0,0.0,0.0
2011-10-18,0.0,0.0,0.0,0.0
2011-10-19,0.0,0.0,0.0,0.0
2011-10-20,0.0,0.0,0.0,0.0
2011-10-21,0.0,0.0,0.0,0.0
2011-10-22,0.0,0.0,0.0,0.0
2011-10-23,0.0,0.0,0.0,0.0
2011-10-24,0.0,0.0,0.0,0.0
2011-10-25,0.0,0.0,0.0,0.0
2011-10-26,0.0,0.0,0.0,0.0
2011-10-27,0.0,0.0,0.0,0.0
2011-10-28,0.0,0.0,0.0,0.0
2011-10-29,0.0,0.0,0.0,0.0
2011-10-30,0.0,0.0,0.0,0.0
2011-10-31,0.0,0.0,0.0,0.0
2011-11-01,0.0,0.0,0.0,0.0
2011-11-02,0.0,0.0,0.0,0.0
2011-11-03,0.0,0.0,0.0,0.0
2011-11-04,0.0,0.0,0.0,0.0
2011-11-05,0.0,0.0,0.0,0.0
2011-11-06,0.0,0.0,0.0,0.0
2011-11-07,0.0,0.0,0.0,0.0
2011-11-08,0.0,0.0,0.0,0.0
2011-11-09,0.0,0.0,0.0,0.0
2011-11-10,0.0,0.0,0.0,0.0
2011-11-11,0.0,0.0,0.0,0.0
2011-11-12,0.0,0.0,0.0,0.0
2011-11-13,0.0,0.0,0.0,0.0
2011-11-14,0.0,0.0,0.0,0.0
2011-11-15,0.0,0.0,0.0,0.0
2011-11-16,0.0,0.0,0.0,0.0
2011-11-17,0.0,0.0,0.0,0.0
2011-11-18,0.0,0.0,0.0,0.0
2011-11-19,0.0,0.0,0.0,0.0
2011-11-20,0.0,0.0,0.0,0.0
2011-11-21,0.0,0.0,0.0,0.0
2011-11-22,0.0,0.0,0.0,0.0
2011-11-23,0.0,0.0,0.0,0.0
2011-11-24,0.0,0.0,0.0,0.0
2011-11-25,0.0,0.0,0.0,0.0
2011-11-26,0.0,0.0,0.0,0.0
2011-11-27,0.0,0.0,0.0,0.0
2011-11-28,0.0,0.0,0.0,0.0
2011-11-29,0.0,0.0,0.0,0.0
2011-11-30,0.0,0.0,0.0,0.0
2011-12-01,0.0,0.0,0.0,0.0
2011-12-02,0.0,0.0,0.0,0.0
2011-12-03,0.0,0.0,0.0,0.0
2011-12-04,0.0,0.0,0.0,0.0
2011-12-05,0.0,0.0,0.0,0.0
2011-12-06,0.0,0.0,0.0,0.0
2011-12-07,0.0,0.0,0.0,0.0
2011-12-08,0.0,0.0,0.0,0.0
2011-12-09,0.0,0.0,0.0,0.0
2011-12-10,0.0,0.0,0.0,0.0
2011-12-11,0.0,0.0,0.0,0.0
2011-12-12,0.0,0.0,0.0,0.0
2011-12-13,0.0,0.0,0.0,0.0
2011-12-14,0.0,0.0,0.0,0.0
2011-12-15,0.0,0.0,0.0,0.0
2011-12-16,0.0,0.0,0.0,0.0
2011-12-17,0.0,0.0,0.0,0.0
2011-12-18,0.0,0.0,0.0,0.0
2011-12-19,0.0,0.0,0.0,0.0
2011-12-20,0.0,0.0,0.0,0.0
2011-12-21,0.0,0.0,0.0,0.04547023710151622
2011-12-22,0.0,0.0,0.0,0.04636832524354782
2011-12-23,0.0,0.0,0.0,0.047892445801065386
2011-12-24,0.0,0.0,0.0,0.04955316206965232
2011-12-25,0.003771782856626,0.0,0.003771782856626,0.051147011794368494
2011-12-26,-0.003036332201991479,0.0,-0.003036332201991479,0.05053148839967004
2011-12-27,0.0012506488755381928,0.0,0.0012506488755381928,0.04851252040114432
2011-12-28,0.0014483872211770229,0.0,0.0014483872211770229,0.05014673229746497
2011-12-29,-0.0004391985652587606,0.0,-0.0004391985652587606,0.05179855701639026
2011-12-30,0.0017770902843025885,0.0,0.0017770902843025885,0.053222840113444046
2011-12-31,0.00521614768037432,0.0,0.00521614768037432,0.05478990389706957
2012-01-01,0.0074626333031186185,0.0,0.0074626333031186185,0.05198237479292045
2012-01-02,-0.0011479069787336024,0.0,-0.0011479069787336024,0.10975596816661856
2012-01-03,-0.00427128518396811,0.0,-0.00427128518396811,0.11095823566135035
2012-01-04,0.009175239294651317,0.0,0.009175239294651317,0.04711103741158624
2012-01-05,0.016377215093521684,0.0,0.016377215093521684,0.10781795813909323
2012-01-06,-0.0023849799730788113,0.0,-0.0023849799730788113,0.1012934805831122
2012-01-07,0.0014156129524882854,0.0,0.0014156129524882854,0.10729589519090707
2012-01-08,0.0037611892379180198,0.0,0.0037611892379180198,0.11579748636000409
2012-01-09,-0.023811540032763596,0.0,-0.023811540032763596,0.20805752072181594
2012-01-10,0.004348031492068865,0.0,0.004348031492068865,0.11587150576734132
2012-01-11,0.006616563026769711,0.0,0.006616563026769711,0.12171606712980701
2012-01-12,-0.00362362589062845,0.0,-0.00362362589062845,0.21092726847435
2012-01-13,-0.006286397798989227,0.0,-0.006286397798989227,0.1317816334482627
2012-01-14,0.006017571773374058,0.0,0.006017571773374058,0.1334369835226964
2012-01-15,0.009584151534305278,0.0,0.009584151534305278,0.22955422818853416
2012-01-16,-0.011141049069126668,0.0,-0.011141049069126668,0.2394886820162599
2012-01-17,-0.03794979353578388,0.0,-0.03794979353578388,0.2418359208644522
2012-01-18,0.0058409128485852726,0.0,0.0058409128485852726,0.1104319002275739
2012-01-19,0.008146132948029836,0.0,0.008146132948029836,0.1116855125057707
2012-01-20,0.0036132267033010387,0.0,0.0036132267033010387,0.11366179667902065
2012-01-21,-0.009727793056822734,0.0,-0.009727793056822734,0.19566083624645933
2012-01-22,0.0020243038264258334,0.0,0.0020243038264258334,0.10633302193000971
2012-01-23,0.0012346499265848056,0.0,0.0012346499265848056,0.10947047386396684
2012-01-24,-0.003371420738450849,0.0,-0.003371420738450849,0.2078145242657869
2012-01-25,-0.008755318863164888,0.0,-0.008755318863164888,0.11720118296236767
2012-01-26,-0.00835238937243686,0.0,-0.00835238937243686,0.11314361879755655
2012-01-27,-0.00121788109232571,0.0,-0.00121788109232571,0.1068582883898269
2012-01-28,0.00678577402318806,0.0,0.00678577402318806,0.10349497465622427
2012-01-29,-0.005071518996411901,0.0,-0.005071518996411901,0.09742074083579544
2012-01-30,0.0021283254877189927,0.0,0.0021283254877189927,0.09554636465175423
2012-01-31,0.0006584192283313862,0.0,0.0006584192283313862,0.09494200930145746
2012-02-01,0.010171655791049252,0.0,0.010171655791049252,0.09614012033741612
2012-02-02,0.0007219445374481528,0.0,0.0007219445374481528,0.20224059570326974
2012-02-03,-0.004922006111148267,0.0,-0.004922006111148267,0.19629373617929258
2012-02-04,-0.001878682236938217,0.0,-0.001878682236938217,0.18103358876261214
2012-02-05,-0.007277903935145801,0.0,-0.007277903935145801,0.16899543457212202
2012-02-06,-0.0034237182834193384,0.0,-0.0034237182834193384,0.09670742395345863
2012-02-07,0.003065345574312688,0.0,0.003065345574312688,0.077908628594629
2012-02-08,-0.0007411398577176159,0.0,-0.0007411398577176159,0.0944251778650905
2012-02-09,0.003702891223661747,0.0,0.003702891223661747,0.0782228182376121
2012-02-10,0.0038071470508083223,0.0,0.0038071470508083223,0.22470572766841088
2012-02-11,-0.012493680831517187,0.0,-0.012493680831517187,0.23633811292478024
2012-02-12,-0.002579319033556675,0.0,-0.002579319033556675,0.15158420125962044
2012-02-13,-0.0046236988908959185,0.0,-0.0046236988908959185,0.1745850335145659
2012-02-14,-0.012587718720085775,0.0,-0.012587718720085775,0.07743666979415188
2012-02-15,-0.0023187427916975434,0.0,-0.0023187427916975434,0.04085040026085606
2012-02-16,-0.0002528705823620331,0.0,-0.0002528705823620331,0.01241452523654065
2012-02-17,0.00039128689915610734,0.0,0.00039128689915610734,0.012833838781825927
2012-02-18,-0.000348541569927652,0.0,-0.000348541569927652,0.012974597912265573
2012-02-19,0.000342959319565501,0.0,0.000342959319565501,0.013395490356079362
2012-02-20,-7.006483998083337e-05,0.0,-7.006483998083337e-05,0.013597460169012435
2012-02-21,-0.0001435526491674815,0.0,-0.0001435526491674815,0.014059386687346062
2012-02-22,0.00029906976929363466,0.0,0.00029906976929363466,0.014546919340774537
2012-02-23,0.0017796402795905433,0.0,0.0017796402795905433,0.014818743791875633
2012-02-24,-3.983256950725701e-05,0.0,-3.983256950725701e-05,0.04091070437781825
2012-02-25,-0.0007248259350279821,0.0,-0.0007248259350279821,0.05855723982239661
2012-02-26,0.0004410261894083866,0.0,0.0004410261894083866,0.04263380375648577
2012-02-27,7.476895407747161e-05,0.0,7.476895407747161e-05,0.06037918681953597
2012-02-28,-0.0002729194518223006,0.0,-0.0002729194518223006,0.06243248809558283
2012-02-29,0.00018599072746130737,0.0,0.00018599072746130737,0.07859818921846301
2012-03-01,0.0007979824588233379,0.0,0.0007979824588233379,0.08130382635719872
2012-03-02,-0.0033503152377524,0.0,-0.0033503152377524,0.06873509281850744
2012-03-03,-0.0005117093795567081,0.0,-0.0005117093795567081,0.025050875742478763
2012-03-04,0.0010948235807059017,0.0,0.0010948235807059017,0.015903123447041326
2012-03-05,0.0007872172807429003,0.0,0.0007872172807429003,0.07159859503648601
2012-03-06,3.9533630740507515e-05,0.0,3.9533630740507515e-05,0.14001765333915217
2012-03-07,-0.0010883234064018523,0.0,-0.0010883234064018523,0.14494723763343625
2012-03-08,-0.00039760047325610646,0.0,-0.00039760047325610646,0.14983833167017335
2012-03-09,-0.0017640613183034586,0.0,-0.0017640613183034586,0.15512646852269718
2012-03-10,-0.00048400081495692595,0.0,-0.00048400081495692595,0.06495396059779153
2012-03-11,0.0006749553293868422,0.0,0.0006749553293868422,0.0864435824790662
2012-03-12,0.00025072192617800866,0.0,0.00025072192617800866,0.06943822288254535
2012-03-13,0.005064195831168243,0.0,0.005064195831168243,0.07192818297615726
2012-03-14,0.004053220452615492,0.0,0.004053220452615492,0.22330702552156445
2012-03-15,-0.002090112889847054,0.0,-0.002090112889847054,0.2592668956718454
2012-03-16,-5.249064591096853e-05,0.0,-5.249064591096853e-05,0.26676828013805376
2012-03-17,-0.005428674932461234,0.0,-0.005428674932461234,0.2771797331733998
2012-03-18,0.0017821795981607846,0.0,0.0017821795981607846,0.255119643054397
2012-03-19,-0.030816478391761853,0.0,-0.030816478391761853,0.2697382252980017
2012-03-20,0.0015401585497599084,0.0,0.0015401585497599084,0.053448387520157584
2012-03-21,-0.00015513313728377658,0.0,-0.00015513313728377658,0.05411809140683547
2012-03-22,-0.000999583942932062,0.0,-0.000999583942932062,0.05597900247680124
2012-03-23,-0.00043354328076557555,0.0,-0.00043354328076557555,0.05768345840799678
2012-03-24,-0.0004530566427504467,0.0,-0.0004530566427504467,0.0596707408881864
2012-03-25,-0.0011397124519784373,0.0,-0.0011397124519784373,0.042739578852662455
2012-03-26,0.0009205832154487729,0.0,0.0009205832154487729,0.04396815262415079
2012-03-27,0.002041983352190599,0.0,0.002041983352190599,0.04492885581964017
2012-03-28,-0.00023674802604652795,0.0,-0.00023674802604652795,0.06445423865154318
2012-03-29,3.967986828791521e-05,0.0,3.967986828791521e-05,0.04618216641823984
2012-03-30,0.0007684521158093532,0.0,0.0007684521158093532,0.04781407431382552
2012-03-31,0.0003234546911736285,0.0,0.0003234546911736285,0.049198898978242374
2012-04-01,-0.0010994090311434337,0.0,-0.0010994090311434337,0.056564199247943536
2012-04-02,0.0021649211081186705,0.0,0.0021649211081186705,0.0519968066292016
2012-04-03,-0.0010662656496314377,0.0,-0.0010662656496314377,0.17600022469901971
2012-04-04,-0.0013574107627315596,0.0,-0.0013574107627315596,0.1584681607588985
2012-04-05,0.00010646693300948894,0.0,0.00010646693300948894,0.1393976155904381
2012-04-06,0.001000390761335572,0.0,0.001000390761335572,0.1444332148567262
2012-04-07,-0.00846656307176329,0.0,-0.00846656307176329,0.1495179776497237
2012-04-08,0.001067010077571594,0.0,0.001067010077571594,0.07879638002651113
2012-04-09,0.0012322089531479033,0.0,0.0012322089531479033,0.08067122035462349
2012-04-10,-0.00037950257287433883,0.0,-0.00037950257287433883,0.13981745801343887
2012-04-11,0.002128176803181248,0.0,0.002128176803181248,0.11849524951879767
2012-04-12,-0.0004053436623600837,0.0,-0.0004053436623600837,0.18212272501460022
2012-04-13,0.0009567147032922577,0.0,0.0009567147032922577,0.16065659842018487
2012-04-14,0.0006312266344620324,0.0,0.0006312266344620324,0.16617323375102525
2012-04-15,0.000153779912975078,0.0,0.000153779912975078,0.2020909927544023
2012-04-16,-0.0004417501123220738,0.0,-0.0004417501123220738,0.2095329489083159
2012-04-17,0.0007333258849155918,0.0,0.0007333258849155918,0.18492323790988996
2012-04-18,0.0063429598603677,0.0,0.0063429598603677,0.22504124117767194
2012-04-19,0.0002644208266918075,0.0,0.0002644208266918075,0.25002324900048645
2012-04-20,0.011847842202446626,0.0,0.011847842202446626,0.2591315647368892
2012-04-21,-0.0068637673641207915,0.0,-0.0068637673641207915,0.4284233564584586
2012-04-22,-0.006988729600107846,0.0,-0.006988729600107846,0.45443351600712556
2012-04-23,-0.006858162525016548,0.0,-0.006858162525016548,0.46676451910880346
2012-04-24,-0.0013749624374451278,0.0,-0.0013749624374451278,0.2734870292000123
2012-04-25,0.003265911158901134,0.0,0.003265911158901134,0.27906707943730324
2012-04-26,-0.005171112083060917,0.0,-0.005171112083060917,0.4958994487333152
2012-04-27,-0.0002882526610567544,0.0,-0.0002882526610567544,0.29343587760250894
2012-04-28,-0.007206448670819358,0.0,-0.007206448670819358,0.3015055301663771
2012-04-29,-0.0032850011166523224,0.0,-0.0032850011166523224,0.23584319995184977
2012-04-30,0.0004484031596269077,0.0,0.0004484031596269077,0.07525911688706412
2012-05-01,0.0006907914133643486,0.0,0.0006907914133643486,0.07727162299409564
2012-05-02,0.0030574728913200957,0.0,0.0030574728913200957,0.24247182607325168
2012-05-03,0.00483611148567532,0.0,0.00483611148567532,0.3842385660033757
2012-05-04,-0.003107105428469834,0.0,-0.003107105428469834,0.46479760790687086
2012-05-05,-0.0026293630849286943,0.0,-0.0026293630849286943,0.47839840513999055
2012-05-06,-0.0008071929290850665,0.0,-0.0008071929290850665,0.4163953636590521
2012-05-07,0.0018055696921173664,0.0,0.0018055696921173664,0.43161281773527593
2012-05-08,-0.0040224099985833265,0.0,-0.0040224099985833265,0.4468419134971636
2012-05-09,0.0009280393987892328,0.0,0.0009280393987892328,0.30501118934159027
2012-05-10,-0.006904281893941558,0.0,-0.006904281893941558,0.31569931751134084
2012-05-11,0.0004910961630871242,0.0,0.0004910961630871242,0.09485022563312373
2012-05-12,-0.00033049553082722797,0.0,-0.00033049553082722797,0.12568477940569964
2012-05-13,-3.343398733240239e-05,0.0,-3.343398733240239e-05,0.0769657226616059
2012-05-14,0.0012826206408744591,0.0,0.0012826206408744591,0.1043995686491301
2012-05-15,0.0013989110965775481,0.0,0.0013989110965775481,0.3796768387717865
2012-05-16,0.0048273602155123356,0.0,0.0048273602155123356,0.4557531878065121
2012-05-17,0.0001691458665269228,0.0,0.0001691458665269228,0.4628067068999945
2012-05-18,0.0025801951149718185,0.0,0.0025801951149718185,0.42678306720581927
2012-05-19,-0.0005172011764701458,0.0,-0.0005172011764701458,0.4959874305646311
2012-05-20,-0.0018978475640283033,0.0,-0.0018978475640283033,0.5138169625516823
2012-05-21,2.0482436742071436e-06,0.0,2.0482436742071436e-06,0.5297152525257837
2012-05-22,-0.0005117293984553796,0.0,-0.0005117293984553796,0.5543307428259021
2012-05-23,0.004452318520844556,0.0,0.004452318520844556,0.5789472727310209
2012-05-24,-0.001363589431908144,0.0,-0.001363589431908144,0.67248196598405
2012-05-25,0.0023789639129133885,0.0,0.0023789639129133885,0.7069387458992067
2012-05-26,-0.00436152857752447,0.0,-0.00436152857752447,0.6800010621314988
2012-05-27,0.004369298317400081,0.0,0.004369298317400081,0.7391755253342239
2012-05-28,0.00024646742421373873,0.0,0.00024646742421373873,0.7548867072781258
2012-05-29,0.0017508371358682647,0.0,0.0017508371358682647,0.7732690239503152
2012-05-30,-0.0016275985392823495,0.0,-0.0016275985392823495,0.7941673042865998
2012-05-31,0.006701657059872436,0.0,0.006701657059872436,0.8107615878476714
2012-06-01,0.013092120414306858,0.0,0.013092120414306858,0.8316542184387506
2012-06-02,-0.0061572112773440385,0.0,-0.0061572112773440385,1.2685541014431818
2012-06-03,-0.0054646944875853965,0.0,-0.0054646944875853965,0.856016987227037
2012-06-04,0.007560692048470982,0.0,0.007560692048470982,0.8616937792053656
2012-06-05,0.04100536634488682,0.0,0.04100536634488682,1.306091306794937
2012-06-06,0.004727942458739649,0.0,0.004727942458739649,1.2507542648264773
2012-06-07,0.033401441901155224,0.0,0.033401441901155224,1.3217848853265592
2012-06-08,0.008047223929758221,0.0,0.008047223929758221,1.2940954049042785
2012-06-09,-0.015013947113072147,0.0,-0.015013947113072147,1.3300439254038845
2012-06-10,-0.02301450105357102,0.0,-0.02301450105357102,1.2953228919763053
2012-06-11,0.028657870494850194,0.0,0.028657870494850194,1.2172342474405107
2012-06-12,0.030402597227977654,0.0,0.030402597227977654,1.172832159760661
2012-06-13,0.03600621586680114,0.0,0.03600621586680114,1.1376049860431903
2012-06-14,0.00952981596330936,0.0,0.00952981596330936,1.0767938543348832
2012-06-15,0.10130419142913398,0.0,0.10130419142913398,1.1136956690644069
2012-06-16,-0.005797380768836587,0.0,-0.005797380768836587,0.4242693868738565
2012-06-17,-0.015974421289126652,0.0,-0.015974421289126652,0.4311504219789684
2012-06-18,0.007371124916870102,0.0,0.007371124916870102,0.39235941330031815
2012-06-19,0.012141535929395394,0.0,0.012141535929395394,0.4170476517869119
2012-06-20,0.012957105553161138,0.0,0.012957105553161138,0.43590644224139535
2012-06-21,-0.0013702884471125593,0.0,-0.0013702884471125593,0.4550278810998465
2012-06-22,-0.006993496472591964,0.0,-0.006993496472591964,0.47719269330421704
2012-06-23,-0.008590674447784762,0.0,-0.008590674447784762,0.48201517394947774
2012-06-24,-0.007188527372922117,0.0,-0.007188527372922117,0.48776082432835344
2012-06-25,-0.002463602069020744,0.0,-0.002463602069020744,0.5014431678588259
2012-06-26,0.009625447057978713,0.0,0.009625447057978713,0.5301516512842266
2012-06-27,0.015198385912565334,0.0,0.015198385912565334,0.559348789879599
2012-06-28,-0.0020999646911925986,0.0,-0.0020999646911925986,0.5751270223004932
2012-06-29,0.0062622692470173415,0.0,0.0062622692470173415,0.6069595755860147
2012-06-30,0.0019816829559513183,0.0,0.0019816829559513183,0.6479631734524074
2012-07-01,-0.005625226387045764,0.0,-0.005625226387045764,0.6914028050374288
2012-07-02,0.012137862414826525,0.0,0.012137862414826525,0.7203384568910857
2012-07-03,-0.033035647248361555,0.0,-0.033035647248361555,0.7575930217533271
2012-07-04,0.004540528958476926,0.0,0.004540528958476926,0.478586886024018
2012-07-05,0.009422361777565115,0.0,0.009422361777565115,0.5095024003555911
2012-07-06,0.002541109630999881,0.0,0.002541109630999881,0.5899039173088301
2012-07-07,0.01376145134774133,0.0,0.01376145134774133,0.6789915983978846
2012-07-08,-0.0014012636192713866,0.0,-0.0014012636192713866,0.7563941558028636
2012-07-09,0.02626491665034101,0.0,0.02626491665034101,0.8032295769202575
2012-07-10,0.015847506855439713,0.0,0.015847506855439713,0.7652582730388735
2012-07-11,0.0007008885719812978,0.0,0.0007008885719812978,0.7978414959794902
2012-07-12,0.043631172805524976,0.0,0.043631172805524976,0.8470533407611185
2012-07-13,0.00682747099603089,0.0,0.00682747099603089,0.7031260950527858
2012-07-14,-0.004694462645036367,0.0,-0.004694462645036367,0.7513833927364998
2012-07-15,0.004739487291471188,0.0,0.004739487291471188,0.7739369063584687
2012-07-16,0.09377584416899445,0.0,0.09377584416899445,0.8262116661134369
2012-07-17,0.011044210848324345,0.0,0.011044210848324345,0.3779768806118172
2012-07-18,0.015106728021744445,0.0,0.015106728021744445,0.40049597216771665
2012-07-19,-0.009351249649829621,0.0,-0.009351249649829621,0.4191214476545861
2012-07-20,-0.015191995725927238,0.0,-0.015191995725927238,0.40721148482652475
2012-07-21,0.015253566733549682,0.0,0.015253566733549682,0.3761844231485218
2012-07-22,-0.016157721455305044,0.0,-0.016157721455305044,0.3895123360186399
2012-07-23,0.0010967930985991308,0.0,0.0010967930985991308,0.3617303838509673
2012-07-24,0.0019278918176378473,0.0,0.0019278918176378473,0.3849610313991045
2012-07-25,0.008640167481495742,0.0,0.008640167481495742,0.41037903842961304
2012-07-26,0.004680536271804003,0.0,0.004680536271804003,0.4350093025462344
2012-07-27,0.0007454563393998858,0.0,0.0007454563393998858,0.46453735728939133
2012-07-28,-0.00255735605681674,0.0,-0.00255735605681674,0.49378789146381136
2012-07-29,-0.005631113966709799,0.0,-0.005631113966709799,0.5195891308572701
2012-07-30,0.020129165370949983,0.0,0.020129165370949983,0.5412906739445876
2012-07-31,0.01347846747252809,0.0,0.01347846747252809,0.5450625989717497
2012-08-01,0.014118914140562903,0.0,0.014118914140562903,0.5734143485310704
2012-08-02,0.06187430136036905,0.0,0.06187430136036905,0.6028604398481135
2012-08-03,0.013927405574092125,0.0,0.013927405574092125,0.40906762593450885
2012-08-04,0.0001472206908458771,0.0,0.0001472206908458771,0.4323375889762069
2012-08-05,-0.0043813123389543455,0.0,-0.0043813123389543455,0.45332185233862377
2012-08-06,0.0024702656431835365,0.0,0.0024702656431835365,0.46435181040798135
2012-08-07,0.003182118587404675,0.0,0.003182118587404675,0.4931186414224252
2012-08-08,0.005838904126014058,0.0,0.005838904126014058,0.5243571336721724
2012-08-09,0.0016237634919360107,0.0,0.0016237634919360107,0.5599292892372731
2012-08-10,0.01736309370772822,0.0,0.01736309370772822,0.5930483682785422
2012-08-11,0.005087486022696202,0.0,0.005087486022696202,0.6194365098712417
2012-08-12,0.0026927505161480343,0.0,0.0026927505161480343,0.660262719069854
2012-08-13,0.023119655884909798,0.0,0.023119655884909798,0.6848421843835245
2012-08-14,0.011671466631434582,0.0,0.011671466631434582,0.6936928871979633
2012-08-15,0.05610352287534734,0.0,0.05610352287534734,0.7174938027758707
2012-08-16,0.01200492331686833,0.0,0.01200492331686833,0.5698841239433531
2012-08-17,-0.058740070937149336,0.0,-0.058740070937149336,0.6089582174472956
2012-08-18,-0.01263573316623495,0.0,-0.01263573316623495,0.29948672278995453
2012-08-19,-0.09410469756856635,0.0,-0.09410469756856635,0.2958110219143831
2012-08-20,0.013834019049166266,0.0,0.013834019049166266,0.05100817780057772
2012-08-21,-0.0004940520583794496,0.0,-0.0004940520583794496,0.0521190241719134
2012-08-22,-0.0008384174014479681,0.0,-0.0008384174014479681,0.054714340503753005
2012-08-23,0.0020336864537586793,0.0,0.0020336864537586793,0.05755538136076834
2012-08-24,0.0032448584645745665,0.0,0.0032448584645745665,0.06011553315755051
2012-08-25,-6.63398210257696e-05,0.0,-6.63398210257696e-05,0.06308910075053475
2012-08-26,-0.0002441424702631489,0.0,-0.0002441424702631489,0.06789316477554869
2012-08-27,0.002271669660028854,0.0,0.002271669660028854,0.07302222848523106
2012-08-28,0.0002080875899854052,0.0,0.0002080875899854052,0.07795638500099263
2012-08-29,-0.00041620179371321266,0.0,-0.00041620179371321266,0.08439337690566566
2012-08-30,-0.0008946289452617559,0.0,-0.0008946289452617559,0.09130058707865853
2012-08-31,-0.003998622326370219,0.0,-0.003998622326370219,0.09845544774456967
2012-09-01,-0.0006155294367027055,0.0,-0.0006155294367027055,0.10352980725463422
2012-09-02,0.0014105924670900537,0.0,0.0014105924670900537,0.08918147221837794
2012-09-03,0.0017385550669715962,0.0,0.0017385550669715962,0.11544405463585322
2012-09-04,-0.0016102838286821887,0.0,-0.0016102838286821887,0.12260009225148952
2012-09-05,0.007738620849911247,0.0,0.007738620849911247,0.13192384331883952
2012-09-06,0.0015699900917879824,0.0,0.0015699900917879824,0.16250449095159486
2012-09-07,-0.0009810715058928723,0.0,-0.0009810715058928723,0.17696739950408877
2012-09-08,-0.0006356210738744283,0.0,-0.0006356210738744283,0.1926657677989111
2012-09-09,0.00032767140572512654,0.0,0.00032767140572512654,0.19451116606669727
2012-09-10,0.0010995672086096945,0.0,0.0010995672086096945,0.20804947269909868
2012-09-11,0.002482071123397754,0.0,0.002482071123397754,0.22255275352954249
2012-09-12,0.0008182272339533242,0.0,0.0008182272339533242,0.23781888335349022
2012-09-13,0.001403869133922761,0.0,0.001403869133922761,0.25451785730382387
2012-09-14,0.00785730502769124,0.0,0.00785730502769124,0.2724243060353193
2012-09-15,-0.0002610702011201203,0.0,-0.0002610702011201203,0.2879655821793857
2012-09-16,0.0037566748881050585,0.0,0.0037566748881050585,0.3080446679863362
2012-09-17,0.0005231278760059182,0.0,0.0005231278760059182,0.32359102352520275
2012-09-18,0.00955916814370874,0.0,0.00955916814370874,0.35905336681020844
2012-09-19,0.006608376470229483,0.0,0.006608376470229483,0.36867476256510917
2012-09-20,-0.0036861313544754248,0.0,-0.0036861313544754248,0.3810898903188223
2012-09-21,-0.0011208798056485802,0.0,-0.0011208798056485802,0.3916712658723671
2012-09-22,-0.0038024788669023587,0.0,-0.0038024788669023587,0.40507259091055037
2012-09-23,-0.0015361069563095474,0.0,-0.0015361069563095474,0.4172550511479469
2012-09-24,-0.00165353245064255,0.0,-0.00165353245064255,0.431702299167029
2012-09-25,0.0024779223385798894,0.0,0.0024779223385798894,0.446737009970839
2012-09-26,0.0050550710315079685,0.0,0.0050550710315079685,0.4633168061964016
2012-09-27,-3.8998754261241045e-05,0.0,-3.8998754261241045e-05,0.4797448316736277
2012-09-28,0.0022953048858771483,0.0,0.0022953048858771483,0.49738622567560953
2012-09-29,0.0009070997045774509,0.0,0.0009070997045774509,0.5161546201245256
2012-09-30,-0.000546823301764476,0.0,-0.000546823301764476,0.5356183635414662
2012-10-01,-9.281817375091312e-05,0.0,-9.281817375091312e-05,0.5553241737692214
2012-10-02,0.019371386798628834,0.0,0.019371386798628834,0.5761511660289258
2012-10-03,0.006760515745118027,0.0,0.006760515745118027,0.5680988247015641
2012-10-04,-0.004216182911766743,0.0,-0.004216182911766743,0.5886931814340703
2012-10-05,-0.005013161066208625,0.0,-0.005013161066208625,0.6042341018688251
2012-10-06,-0.011300560323244103,0.0,-0.011300560323244103,0.6195742172652696
2012-10-07,-0.029194542313825133,0.0,-0.029194542313825133,0.6197532333996996
2012-10-08,-0.0056429383908473095,0.0,-0.0056429383908473095,0.46808470132663793
2012-10-09,0.0037794755291416455,0.0,0.0037794755291416455,0.48348874950175036
2012-10-10,0.01107945690386112,0.0,0.01107945690386112,0.498135444078444
2012-10-11,-0.0016264380843662302,0.0,-0.0016264380843662302,0.4991296447435739
2012-10-12,-0.0015448478005569513,0.0,-0.0015448478005569513,0.517434724164852
2012-10-13,-0.004582505835422628,0.0,-0.004582505835422628,0.5365586729817844
2012-10-14,-0.012378853329991446,0.0,-0.012378853329991446,0.5110722919337163
2012-10-15,0.009063186791612022,0.0,0.009063186791612022,0.4148400873352053
2012-10-16,-0.0026752353672738266,0.0,-0.0026752353672738266,0.5105488135085532
2012-10-17,0.0030680809116815457,0.0,0.0030680809116815457,0.4840730963686911
2012-10-18,0.0002432881365012513,0.0,0.0002432881365012513,0.5933169574931276
2012-10-19,-0.008382827991808596,0.0,-0.008382827991808596,0.567375838370379
2012-10-20,-0.002851512799106196,0.0,-0.002851512799106196,0.5177913034558246
2012-10-21,-0.0016326181745579987,0.0,-0.0016326181745579987,0.5368313883603159
2012-10-22,0.0037011928029271864,0.0,0.0037011928029271864,0.5572653671063699
2012-10-23,-0.0018893194374998788,0.0,-0.0018893194374998788,0.6274453557331134
2012-10-24,-0.0039315054226480815,0.0,-0.0039315054226480815,0.5947616925039888
2012-10-25,-0.047341188514413865,0.0,-0.047341188514413865,0.6158400169603928
2012-10-26,-0.013908881492930354,0.0,-0.013908881492930354,0.2336374257986023
2012-10-27,0.005083577437895276,0.0,0.005083577437895276,0.15919874566023368
2012-10-28,0.003936546857061161,0.0,0.003936546857061161,0.1409733752271989
2012-10-29,-0.0012338065515532025,0.0,-0.0012338065515532025,0.13640430795342093
2012-10-30,0.0035643254184181653,0.0,0.0035643254184181653,0.1354546392776495
2012-10-31,0.004455410526646834,0.0,0.004455410526646834,0.15888172081453814
2012-11-01,-0.008237672627996932,0.0,-0.008237672627996932,0.16569819797600466
2012-11-02,-0.0012950721506468003,0.0,-0.0012950721506468003,0.12660738225266407
2012-11-03,0.0018778974103499978,0.0,0.0018778974103499978,0.12171747453528045
2012-11-04,0.00227799480264236,0.0,0.00227799480264236,0.1208293076986249
2012-11-05,-0.0005818847420178921,0.0,-0.0005818847420178921,0.09874045013980534
2012-11-06,0.0011655736097876245,0.0,0.0011655736097876245,0.10086323840003075
2012-11-07,0.0007851344950293896,0.0,0.0007851344950293896,0.10702951415632436
2012-11-08,-0.0005607484669559092,0.0,-0.0005607484669559092,0.1160481434262203
2012-11-09,-0.001124429231512596,0.0,-0.001124429231512596,0.1519784770891825
2012-11-10,0.0006619900188368992,0.0,0.0006619900188368992,0.15650265873345087
2012-11-11,-0.0002989945499402802,0.0,-0.0002989945499402802,0.16347675131614378
2012-11-12,0.0036228767045979426,0.0,0.0036228767045979426,0.2106647999853543
2012-11-13,-0.0006454755281409567,0.0,-0.0006454755281409567,0.22244763566393472
2012-11-14,-0.0007565260194784529,0.0,-0.0007565260194784529,0.236477108032084
2012-11-15,0.0041908072700988334,0.0,0.0041908072700988334,0.21309713847844755
2012-11-16,0.010231371147093346,0.0,0.010231371147093346,0.26245879386256993
2012-11-17,0.0018106463150282912,0.0,0.0018106463150282912,0.5579418539044365
2012-11-18,-0.0044907988425623895,0.0,-0.0044907988425623895,0.6170482081251276
2012-11-19,0.004478509214862728,0.0,0.004478509214862728,0.6557066074760666
2012-11-20,-0.0033081781484172843,0.0,-0.0033081781484172843,0.730856316723565
2012-11-21,0.0018699324536564524,0.0,0.0018699324536564524,0.7527660693475483
2012-11-22,0.03505943069292084,0.0,0.03505943069292084,0.7242850886199578
2012-11-23,-0.0007047029205706043,0.0,-0.0007047029205706043,0.7458157979974016
2012-11-24,0.008004293736951657,0.0,0.008004293736951657,0.7690756289271797
2012-11-25,0.007408279298555746,0.0,0.007408279298555746,0.7951711273002157
2012-11-26,-0.02194168056963642,0.0,-0.02194168056963642,0.8230930032372135
2012-11-27,-0.0015744624991719301,0.0,-0.0015744624991719301,0.7239685791707594
2012-11-28,0.010258642458621878,0.0,0.010258642458621878,0.7477225190016479
2012-11-29,0.009778497232886842,0.0,0.009778497232886842,0.7672303141021211
2012-11-30,0.005868082706987596,0.0,0.005868082706987596,0.8453030202526253
2012-12-01,0.0004201261068410212,0.0,0.0004201261068410212,0.8753327934897044
2012-12-02,-0.006347839073053453,0.0,-0.006347839073053453,0.8446025483597193
2012-12-03,0.010756195304325575,0.0,0.010756195304325575,0.8608188949042095
2012-12-04,0.04769189519937038,0.0,0.04769189519937038,0.8839544686689962
2012-12-05,-0.003393959718468371,0.0,-0.003393959718468371,0.7811879469906222
2012-12-06,0.009684037583217547,0.0,0.009684037583217547,0.7993429745183596
2012-12-07,-3.728421090926632e-05,0.0,-3.728421090926632e-05,0.8257960276222354
2012-12-08,0.0013648302060069698,0.0,0.0013648302060069698,0.8506213858180054
2012-12-09,-0.009673309481729397,0.0,-0.009673309481729397,0.8784355110218872
2012-12-10,0.009275960068389126,0.0,0.009275960068389126,0.8820877976607451
2012-12-11,0.008252543360272369,0.0,0.008252543360272369,0.9106303943178112
2012-12-12,0.00353431701081122,0.0,0.00353431701081122,0.9420201448503409
2012-12-13,0.006147519645665374,0.0,0.006147519645665374,0.9753874255192587
2012-12-14,-0.01094591394053678,0.0,-0.01094591394053678,1.0105815695227662
2012-12-15,-0.005017878821600097,0.0,-0.005017878821600097,1.0073661764452564
2012-12-16,-0.015157402395039425,0.0,-0.015157402395039425,1.030982606737537
2012-12-17,-0.000998094334847626,0.0,-0.000998094334847626,1.0202890134524734
2012-12-18,-0.00372892788544262,0.0,-0.00372892788544262,1.0557206352619735
2012-12-19,0.020708220167151955,0.0,0.020708220167151955,1.016416695731089
2012-12-20,0.0023892119895084184,0.0,0.0023892119895084184,1.0711804353231686
2012-12-21,-0.011646501176676243,0.0,-0.011646501176676243,1.1099160975607454
2012-12-22,-0.0002165749752550629,0.0,-0.0002165749752550629,1.0426035749483558
2012-12-23,-0.008050237650933713,0.0,-0.008050237650933713,0.9833912176416597
2012-12-24,0.008015086828277217,0.0,0.008015086828277217,1.001330041187659
2012-12-25,-0.0044750111030221525,0.0,-0.0044750111030221525,1.0272699214409924
2012-12-26,0.006959420606247214,0.0,0.006959420606247214,1.0569560962665205
2012-12-27,-0.004365976169884536,0.0,-0.004365976169884536,1.0878774388709578
2012-12-28,0.0046010378149205335,0.0,0.0046010378149205335,1.1196932331210527
2012-12-29,-0.006812185268252996,0.0,-0.006812185268252996,1.1579959354021216
2012-12-30,0.006169129174331288,0.0,0.006169129174331288,1.183242319812501
2012-12-31,0.009251761430882703,0.0,0.009251761430882703,1.256579476076664
2013-01-01,-0.021209932582143317,0.0,-0.021209932582143317,1.330822635674442
2013-01-02,-0.0049287039189797625,0.0,-0.0049287039189797625,1.2539476473265185
2013-01-03,0.009711033054357606,0.0,0.009711033054357606,1.2155860610387417
2013-01-04,0.00626292516876476,0.0,0.00626292516876476,1.2284492956213693
2013-01-05,0.0005796008968855093,0.0,0.0005796008968855093,1.3461523646281062
2013-01-06,0.004414812857083138,0.0,0.004414812857083138,1.3284796389099194
2013-01-07,0.005040172840830099,0.0,0.005040172840830099,1.3578007988104865
2013-01-08,0.022127645772345838,0.0,0.022127645772345838,1.3637206232811048
2013-01-09,0.0038438654660421095,0.0,0.0038438654660421095,1.3649317307958118
2013-01-10,0.029090448631605256,0.0,0.029090448631605256,1.3710558667556105
2013-01-11,0.009711326421036311,0.0,0.009711326421036311,1.3683167432337147
2013-01-12,-0.001442239492983133,0.0,-0.001442239492983133,1.3740336561165087
2013-01-13,-0.005276642095883459,0.0,-0.005276642095883459,1.3799030008181
2013-01-14,0.01517919579863912,0.0,0.01517919579863912,1.3850753345795448
2013-01-15,-0.000516669135248155,0.0,-0.000516669135248155,1.3896443749223106
2013-01-16,0.03766948659902478,0.0,0.03766948659902478,1.395874025108089
2013-01-17,0.08216125755704837,0.0,0.08216125755704837,1.3857933684434238
2013-01-18,0.0053264959119431535,0.0,0.0053264959119431535,0.7820540504280555
2013-01-19,-0.006827905493074,0.0,-0.006827905493074,0.8343062848305757
2013-01-20,0.007027119530601896,0.0,0.007027119530601896,0.8442438496865813
2013-01-21,0.06084053655671693,0.0,0.06084053655671693,0.9020419328210479
2013-01-22,0.018249945274985392,0.0,0.018249945274985392,0.5998526236642511
2013-01-23,0.008292437554213505,0.0,0.008292437554213505,0.6209384393844027
2013-01-24,-0.024059062945519943,0.0,-0.024059062945519943,0.662662196736776
2013-01-25,0.01626130127555527,0.0,0.01626130127555527,0.5466240883945137
2013-01-26,0.004660047726094027,0.0,0.004660047726094027,0.5651303324120271
2013-01-27,0.009851636969200002,0.0,0.009851636969200002,0.6024602440773653
2013-01-28,0.033276528882121355,0.0,0.033276528882121355,0.6410172750094741
2013-01-29,0.02240656365601858,0.0,0.02240656365601858,0.5862493788655646
2013-01-30,0.006795431135656397,0.0,0.006795431135656397,0.5979837950148368
2013-01-31,0.02346082627681907,0.0,0.02346082627681907,0.6365012803695311
2013-02-01,-0.0020297157869930034,0.0,-0.0020297157869930034,0.6465916723292642
2013-02-02,-0.026065278911548955,0.0,-0.026065278911548955,0.6588112718066785
2013-02-03,0.025180340712274183,0.0,0.025180340712274183,0.5268625381536363
2013-02-04,-0.0036236359697758413,0.0,-0.0036236359697758413,0.5171350253155087
2013-02-05,0.005748873629206705,0.0,0.005748873629206705,0.5327217423897351
2013-02-06,0.014344328060031768,0.0,0.014344328060031768,0.5682972373360493
2013-02-07,0.02561362571417035,0.0,0.02561362571417035,0.5987071504229856
2013-02-08,0.018430398639267927,0.0,0.018430398639267927,0.598116559806933
2013-02-09,0.025580344286488584,0.0,0.025580344286488584,0.6280476834071834
2013-02-10,0.0043857902657180895,0.0,0.0043857902657180895,0.6356616514983343
2013-02-11,0.015663181300605414,0.0,0.015663181300605414,0.6700429183099827
2013-02-12,0.01394717647375053,0.0,0.01394717647375053,0.7122033258881711
2013-02-13,-0.009693875557812356,0.0,-0.009693875557812356,0.7609673169344195
2013-02-14,0.07645870294198032,0.0,0.07645870294198032,0.722953335511008
2013-02-15,-0.001993774702847017,0.0,-0.001993774702847017,0.4100125600496634
2013-02-16,0.0026336450208760626,0.0,0.0026336450208760626,0.4204591014829203
2013-02-17,-0.006291616172169069,0.0,-0.006291616172169069,0.4428838345292629
2013-02-18,2.442821178607182e-05,0.0,2.442821178607182e-05,0.44090381566439063
2013-02-19,0.042571253963142784,0.0,0.042571253963142784,0.4619671674156922
2013-02-20,0.005196962297469007,0.0,0.005196962297469007,0.383605904153152
2013-02-21,-2.2553463904987347e-05,0.0,-2.2553463904987347e-05,0.40801626313067696
2013-02-22,0.008493039684754011,0.0,0.008493039684754011,0.4255458679467644
2013-02-23,-0.009992884078310364,0.0,-0.009992884078310364,0.45423827849693826
2013-02-24,0.0011502547695966378,0.0,0.0011502547695966378,0.4405532296695071
2013-02-25,0.007056341413126777,0.0,0.007056341413126777,0.4649147191295801
2013-02-26,0.011999696088743352,0.0,0.011999696088743352,0.4965227497937822
2013-02-27,0.0013658874093228474,0.0,0.0013658874093228474,0.527004818028098
2013-02-28,0.03606542955976689,0.0,0.03606542955976689,0.5555755812588629
2013-03-01,0.020069862530106942,0.0,0.020069862530106942,0.49955690250237755
2013-03-02,-0.007396181013812948,0.0,-0.007396181013812948,0.5231583655356111
2013-03-03,0.004963188245821139,0.0,0.004963188245821139,0.5177466875299586
2013-03-04,0.030836626181867634,0.0,0.030836626181867634,0.5502310374902802
2013-03-05,0.06678630317167757,0.0,0.06678630317167757,0.5311290393177163
2013-03-06,0.021676702954611066,0.0,0.021676702954611066,0.34144617942073485
2013-03-07,-0.01099043427245489,0.0,-0.01099043427245489,0.35018657200875325
2013-03-08,0.01624642309448716,0.0,0.01624642309448716,0.326819967616264
2013-03-09,0.024408637884949468,0.0,0.024408637884949468,0.344521236174599
2013-03-10,-0.0065643484981648586,0.0,-0.0065643484981648586,0.3487948380827427
2013-03-11,0.017745709715824263,0.0,0.017745709715824263,0.34238078344655165
2013-03-12,-0.03047969470379242,0.0,-0.03047969470379242,0.3600717486946823
2013-03-13,0.01516028300612907,0.0,0.01516028300612907,0.2604328535876504
2013-03-14,-0.0005234913790374969,0.0,-0.0005234913790374969,0.27056783811947616
2013-03-15,-0.000133185085150776,0.0,-0.000133185085150776,0.28380924900508797
2013-03-16,0.0014710116385440745,0.0,0.0014710116385440745,0.2986853361944066
2013-03-17,0.0010185869949947053,0.0,0.0010185869949947053,0.31660256673447185
2013-03-18,0.02850219364852955,0.0,0.02850219364852955,0.33533849345393885
2013-03-19,0.05602335815839325,0.0,0.05602335815839325,0.31958890084089814
2013-03-20,0.01618772044441088,0.0,0.01618772044441088,0.23214434450385282
2013-03-21,0.02775991171731484,0.0,0.02775991171731484,0.24257206160332742
2013-03-22,-0.0040027068102085365,0.0,-0.0040027068102085365,0.23517691438127558
2013-03-23,-0.02049067421561051,0.0,-0.02049067421561051,0.23697337606524685
2013-03-24,0.027981848851965675,0.0,0.027981848851965675,0.20110147512728885
2013-03-25,0.007082761543468274,0.0,0.007082761543468274,0.19548857560369653
2013-03-26,0.011643256140259878,0.0,0.011643256140259878,0.20841767131974998
2013-03-27,0.027401719682184494,0.0,0.027401719682184494,0.2210511335887581
2013-03-28,-0.003071189055926183,0.0,-0.003071189055926183,0.21154106604588133
2013-03-29,0.006853034945207657,0.0,0.006853034945207657,0.21547932546182053
2013-03-30,0.00491628321099381,0.0,0.00491628321099381,0.22970005611557578
2013-03-31,0.004414485454031041,0.0,0.004414485454031041,0.24403978237140533
2013-04-01,0.024893123646237185,0.0,0.024893123646237185,0.25905677187441123
2013-04-02,0.032865002987435575,0.0,0.032865002987435575,0.25523630131614733
2013-04-03,0.03571850009858462,0.0,0.03571850009858462,0.237668814624473
2013-04-04,0.0028088781047509383,0.0,0.0028088781047509383,0.2335226213944826
2013-04-05,0.017048770857036117,0.0,0.017048770857036117,0.2430329545522122
2013-04-06,0.0007942507883223634,0.0,0.0007942507883223634,0.25725048119131166
2013-04-07,0.03442661497495608,0.0,0.03442661497495608,0.2637981929355111
2013-04-08,0.03955740294741324,0.0,0.03955740294741324,0.24371496940556744
2013-04-09,0.055577224330021005,0.0,0.055577224330021005,0.23390696606440411
2013-04-10,-0.051578543014932164,0.0,-0.051578543014932164,0.17087948839176254
2013-04-11,-0.035133185739992384,0.0,-0.035133185739992384,0.0722247254410695
2013-04-12,0.013269533909864087,0.0,0.013269533909864087,0.02985320106584925
2013-04-13,-0.00635535210681514,0.0,-0.00635535210681514,0.031944381755183084
2013-04-14,-0.0040346374286103215,0.0,-0.0040346374286103215,0.033073158303220336
2013-04-15,-0.003698665403907955,0.0,-0.003698665403907955,0.03221165622353446
2013-04-16,-0.005852763390293068,0.0,-0.005852763390293068,0.03389947857547298
2013-04-17,0.01149287433502695,0.0,0.01149287433502695,0.031613590926948584
2013-04-18,0.007286903174610576,0.0,0.007286903174610576,0.031233714684860747
2013-04-19,0.004765154516115746,0.0,0.004765154516115746,0.03135636551384091
2013-04-20,0.004200002603489416,0.0,0.004200002603489416,0.03316407698121287
2013-04-21,-0.004423048866205209,0.0,-0.004423048866205209,0.03951939205098522
2013-04-22,0.0035774539757724914,0.0,0.0035774539757724914,0.0388580970484914
2013-04-23,0.007198088436047398,0.0,0.007198088436047398,0.04582491657130667
2013-04-24,0.005426127442621429,0.0,0.005426127442621429,0.048210852422941125
2013-04-25,-0.00589964679622496,0.0,-0.00589964679622496,0.05194333842365797
2013-04-26,-0.0017178495148413686,0.0,-0.0017178495148413686,0.06074917345650103
2013-04-27,-0.004068870271126935,0.0,-0.004068870271126935,0.06582907335463122
2013-04-28,0.002909350463168482,0.0,0.002909350463168482,0.06993234477050735
2013-04-29,0.004166097893161154,0.0,0.004166097893161154,0.07457516783487837
2013-04-30,-0.002113843818809745,0.0,-0.002113843818809745,0.07939291861471738
2013-05-01,-0.010416101443359888,0.0,-0.010416101443359888,0.0842884853090191
2013-05-02,-0.004469360283320186,0.0,-0.004469360283320186,0.07676391461617912
2013-05-03,-0.004604879946365378,0.0,-0.004604879946365378,0.061669731572871235
2013-05-04,0.0074675024691348065,0.0,0.0074675024691348065,0.06476904781128134
2013-05-05,0.0018282467826499912,0.0,0.0018282467826499912,0.07151491962051673
2013-05-06,-0.0019982255007207394,0.0,-0.0019982255007207394,0.07542327454367134
2013-05-07,-0.0002333805068815153,0.0,-0.0002333805068815153,0.08109299379516054
2013-05-08,0.0006997087565447699,0.0,0.0006997087565447699,0.07703494981914345
2013-05-09,-0.0005319215226175663,0.0,-0.0005319215226175663,0.08198543895766015
2013-05-10,0.0026192626424221743,0.0,0.0026192626424221743,0.0880699958638814
2013-05-11,-0.0019921914942342546,0.0,-0.0019921914942342546,0.10428679306676343
2013-05-12,-0.0005452461014413836,0.0,-0.0005452461014413836,0.11057176028160778
2013-05-13,0.002237583597283692,0.0,0.002237583597283692,0.11934244501943267
2013-05-14,-0.008455046603861394,0.0,-0.008455046603861394,0.12541522410316888
2013-05-15,0.0010023562373004643,0.0,0.0010023562373004643,0.12848255826836794
2013-05-16,0.003510557463410318,0.0,0.003510557463410318,0.13193547811077003
2013-05-17,0.003886030789066478,0.0,0.003886030789066478,0.14650688505603549
2013-05-18,0.0011928906275057774,0.0,0.0011928906275057774,0.16629908361431556
2013-05-19,-0.001608822159249914,0.0,-0.001608822159249914,0.17457827066427759
2013-05-20,0.0011131792832291122,0.0,0.0011131792832291122,0.16762923172500296
2013-05-21,-0.000802823914385285,0.0,-0.000802823914385285,0.1737331580114726
2013-05-22,0.002447767193672433,0.0,0.002447767193672433,0.18005690631198584
2013-05-23,0.006716504202836979,0.0,0.006716504202836979,0.18649448594998613
2013-05-24,0.007369978917293588,0.0,0.007369978917293588,0.21033017838065918
2013-05-25,-0.00017598605736326257,0.0,-0.00017598605736326257,0.21600059179754283
2013-05-26,0.0018327614960609222,0.0,0.0018327614960609222,0.22386308999076557
2013-05-27,-0.006770140512534475,0.0,-0.006770140512534475,0.23224280808830955
2013-05-28,-0.0008772347339380347,0.0,-0.0008772347339380347,0.23753842617362594
2013-05-29,0.006581238479952061,0.0,0.006581238479952061,0.24628062226062825
2013-05-30,-0.00545129957317886,0.0,-0.00545129957317886,0.25380746156668976
2013-05-31,0.0023410486886023692,0.0,0.0023410486886023692,0.26039422455781014
2013-06-01,0.002146756983718794,0.0,0.002146756983718794,0.2894468273399086
2013-06-02,-0.013929783461349,0.0,-0.013929783461349,0.30046842924129225
2013-06-03,0.0007389994708665175,0.0,0.0007389994708665175,0.27839305951607296
2013-06-04,-0.00631841455992329,0.0,-0.00631841455992329,0.2889888614966993
2013-06-05,0.001566949215285225,0.0,0.001566949215285225,0.24425718798819332
2013-06-06,-0.00417828579394585,0.0,-0.00417828579394585,0.25337611802097065
2013-06-07,-0.0204626880928074,0.0,-0.0204626880928074,0.23931146557147615
2013-06-08,-0.0019267507646950407,0.0,-0.0019267507646950407,0.20207003879013297
2013-06-09,-0.017040332024263,0.0,-0.017040332024263,0.20973754771923592
2013-06-10,0.004790678463816295,0.0,0.004790678463816295,0.1091953252691271
2013-06-11,0.005894460156395406,0.0,0.005894460156395406,0.19808432468090792
2013-06-12,-0.002131194703195062,0.0,-0.002131194703195062,0.1764220131468825
2013-06-13,-0.009557720436381843,0.0,-0.009557720436381843,0.19902116412794932
2013-06-14,-0.002346269470931518,0.0,-0.002346269470931518,0.10855930438663874
2013-06-15,0.0007107184180554611,0.0,0.0007107184180554611,0.10416161745922994
2013-06-16,-0.0008979028724054528,0.0,-0.0008979028724054528,0.10195394872341414
2013-06-17,0.0011686040195706593,0.0,0.0011686040195706593,0.10193502834009918
2013-06-18,0.004466246339575882,0.0,0.004466246339575882,0.08611582616282946
2013-06-19,0.00013669022763277902,0.0,0.00013669022763277902,0.0869138161386382
2013-06-20,-0.00010001560762548892,0.0,-0.00010001560762548892,0.09155874364406176
2013-06-21,-0.00310448818942716,0.0,-0.00310448818942716,0.09615613644133339
2013-06-22,-0.0014756819052560682,0.0,-0.0014756819052560682,0.09530533937696048
2013-06-23,0.0002953218356201687,0.0,0.0002953218356201687,0.09427283327981634
2013-06-24,-0.0013612707705547519,0.0,-0.0013612707705547519,0.11355597624622193
2013-06-25,-0.0013027963098308103,0.0,-0.0013027963098308103,0.09284857072296235
2013-06-26,0.0008807586420484494,0.0,0.0008807586420484494,0.09180956989575166
2013-06-27,-0.001985549874581206,0.0,-0.001985549874581206,0.09126375754241889
2013-06-28,-0.007945551787288027,0.0,-0.007945551787288027,0.09024501633091325
2013-06-29,-0.000680740946105886,0.0,-0.000680740946105886,0.05085627316210213
2013-06-30,0.0002946471761021752,0.0,0.0002946471761021752,0.04495976327493212
2013-07-01,-0.003347472688160623,0.0,-0.003347472688160623,0.045058044158551455
2013-07-02,0.0025133962194176405,0.0,0.0025133962194176405,0.020664066721435132
2013-07-03,-0.0051293609070831225,0.0,-0.0051293609070831225,0.019065496687499944
2013-07-04,0.0007350630904631254,0.0,0.0007350630904631254,0.01625739553201817
2013-07-05,-0.0059468760749654325,0.0,-0.0059468760749654325,0.0165478795416089
2013-07-06,-3.452500310774323e-05,0.0,-3.452500310774323e-05,0.0
2013-07-07,0.0,0.0,0.0,0.0
2013-07-08,0.0,0.0,0.0,0.01344627023440352
2013-07-09,0.0,0.0,0.0,0.013714321067715387
2013-07-10,0.0,0.0,0.0,0.014108085570005131
2013-07-11,0.0,0.0,0.0,0.01830541910094066
2013-07-12,0.0,0.0,0.0,0.020256045846687568
2013-07-13,0.0,0.0,0.0,0.026778302911843473
2013-07-14,0.0,0.0,0.0,0.033792720251408156
2013-07-15,0.0,0.0,0.0,0.03479337911876121
2013-07-16,-0.0015954753021979757,0.0,-0.0015954753021979757,0.07096046245318838
2013-07-17,-0.0005680719472691055,0.0,-0.0005680719472691055,0.02981854512092303
2013-07-18,-0.0046018590029910395,0.0,-0.0046018590029910395,0.0309974555333876
2013-07-19,0.0009727203330420241,0.0,0.0009727203330420241,0.0302398533062473
2013-07-20,-0.0010104842568154665,0.0,-0.0010104842568154665,0.031184014688348735
2013-07-21,0.0005739443581811304,0.0,0.0005739443581811304,0.03220025805478021
2013-07-22,-1.166399313828203e-05,0.0,-1.166399313828203e-05,0.033273776569615936
2013-07-23,0.001011008439943373,0.0,0.001011008439943373,0.03444391922917931
2013-07-24,0.0008933589408391514,0.0,0.0008933589408391514,0.03551235565216638
2013-07-25,0.0015305880465299043,0.0,0.0015305880465299043,0.03666576250532002
2013-07-26,-0.00013815974176367064,0.0,-0.00013815974176367064,0.03801755146419089
2013-07-27,-0.0013800033485256377,0.0,-0.0013800033485256377,0.032603697936167915
2013-07-28,0.003480451431099279,0.0,0.003480451431099279,0.03324489911688483
2013-07-29,0.00041861883958840276,0.0,0.00041861883958840276,0.06565118548022053
2013-07-30,0.0025437567374359564,0.0,0.0025437567374359564,0.0626655375316542
2013-07-31,0.0010304163157455423,0.0,0.0010304163157455423,0.07794383786520385
2013-08-01,-0.0010983895832400664,0.0,-0.0010983895832400664,0.0864934393725861
2013-08-02,-0.0003725874617767176,0.0,-0.0003725874617767176,0.10216591667825052
2013-08-03,-0.0004288701382604577,0.0,-0.0004288701382604577,0.09800312736722151
2013-08-04,0.0006489014382296695,0.0,0.0006489014382296695,0.10291591624517753
2013-08-05,0.0008771921365621202,0.0,0.0008771921365621202,0.10887379717801007
2013-08-06,0.00010869758798613056,0.0,0.00010869758798613056,0.11580415175761624
2013-08-07,-0.0004654529335273197,0.0,-0.0004654529335273197,0.12303532019733729
2013-08-08,-0.003770361656801097,0.0,-0.003770361656801097,0.128901192730352
2013-08-09,-0.0023790219886434334,0.0,-0.0023790219886434334,0.12569409430604972
2013-08-10,0.0010968374501681907,0.0,0.0010968374501681907,0.1092432368911131
2013-08-11,0.001305189266593498,0.0,0.001305189266593498,0.11053340069627739
2013-08-12,0.0015666478536422257,0.0,0.0015666478536422257,0.12961973515076164
2013-08-13,0.0030781973483680718,0.0,0.0030781973483680718,0.1349421855870885
2013-08-14,0.001807611889224686,0.0,0.001807611889224686,0.1406784292825822
2013-08-15,-0.001344381562033446,0.0,-0.001344381562033446,0.15115573246160074
2013-08-16,0.00024488137424848134,0.0,0.00024488137424848134,0.15841970534966188
2013-08-17,0.0017762780477932239,0.0,0.0017762780477932239,0.16789321860665504
2013-08-18,-0.0005989186350951882,0.0,-0.0005989186350951882,0.1770974064719757
2013-08-19,0.006592686461765843,0.0,0.006592686461765843,0.18273720398442814
2013-08-20,0.006276282626111538,0.0,0.006276282626111538,0.3878504587957351
2013-08-21,0.023629691687397914,0.0,0.023629691687397914,0.4299830278310601
2013-08-22,-0.006715324808945608,0.0,-0.006715324808945608,0.567988941229983
2013-08-23,-0.009421856533733399,0.0,-0.009421856533733399,0.5733055755868521
2013-08-24,0.0061742984605296395,0.0,0.0061742984605296395,0.5739857067495474
2013-08-25,0.02174682626784881,0.0,0.02174682626784881,0.5944619761729943
2013-08-26,-0.004887580382202735,0.0,-0.004887580382202735,0.5856749806903478
2013-08-27,0.028731005732481295,0.0,0.028731005732481295,0.5960103600895119
2013-08-28,0.0027604635654853086,0.0,0.0027604635654853086,0.567068338624294
2013-08-29,0.0025583564560309356,0.0,0.0025583564560309356,0.5861573954598606
2013-08-30,0.029790021037822707,0.0,0.029790021037822707,0.6059596654184681
2013-08-31,0.0167006775604514,0.0,0.0167006775604514,0.5788800673177703
2013-09-01,0.010151325215577591,0.0,0.010151325215577591,0.6360608371279635
2013-09-02,-0.004951915186728829,0.0,-0.004951915186728829,0.6588439595638578
2013-09-03,-0.0019405091890310152,0.0,-0.0019405091890310152,0.6632557761023645
2013-09-04,-0.03381465253531529,0.0,-0.03381465253531529,0.6769948955392909
2013-09-05,-0.0008165697632961656,0.0,-0.0008165697632961656,0.5756348409115735
2013-09-06,-0.021200028168772707,0.0,-0.021200028168772707,0.5944963975545124
2013-09-07,0.00938550931531515,0.0,0.00938550931531515,0.571548851848314
2013-09-08,-0.0083643447240653,0.0,-0.0083643447240653,0.587070128281536
2013-09-09,0.015366143153538373,0.0,0.015366143153538373,0.5494889225280044
2013-09-10,0.0045197161521991,0.0,0.0045197161521991,0.6046886359970522
2013-09-11,0.02489286053451242,0.0,0.02489286053451242,0.6256238303473918
2013-09-12,-0.0015358842670111913,0.0,-0.0015358842670111913,0.6132514534177635
2013-09-13,0.0031365952238563096,0.0,0.0031365952238563096,0.63227757595249
2013-09-14,-0.015255742938033988,0.0,-0.015255742938033988,0.6546311220029004
2013-09-15,0.0036862793327478325,0.0,0.0036862793327478325,0.6034236585431558
2013-09-16,0.005692447719579982,0.0,0.005692447719579982,0.6246969583947045
2013-09-17,0.003474575926281213,0.0,0.003474575926281213,0.6460424284112368
2013-09-18,3.284272462237258e-05,0.0,3.284272462237258e-05,0.6691446958933457
2013-09-19,-0.016023404867498363,0.0,-0.016023404867498363,0.7417952476157146
2013-09-20,-0.006886362962841327,0.0,-0.006886362962841327,0.67264527999799
2013-09-21,0.0031995561967156786,0.0,0.0031995561967156786,0.6895822415333697
2013-09-22,-0.0020840506581423688,0.0,-0.0020840506581423688,0.7137066397036057
2013-09-23,-0.001622304328379835,0.0,-0.001622304328379835,0.7384095322314274
2013-09-24,0.005596457935084468,0.0,0.005596457935084468,0.7646868328735241
2013-09-25,-0.0013954036440005806,0.0,-0.0013954036440005806,0.8606869114793896
2013-09-26,0.006467313165759455,0.0,0.006467313165759455,0.7578877081098145
2013-09-27,0.013097780199450603,0.0,0.013097780199450603,0.8570538859865278
2013-09-28,0.0012972901507875745,0.0,0.0012972901507875745,0.8686595785708447
2013-09-29,0.0022693022924938702,0.0,0.0022693022924938702,0.9650209645806541
2013-09-30,-0.007733012484036489,0.0,-0.007733012484036489,1.0009850392177202
2013-10-01,0.009463441378110475,0.0,0.009463441378110475,0.8160834270681427
2013-10-02,-0.16614454225724076,0.0,-0.16614454225724076,0.9026356282508048
2013-10-03,0.0025097294569994483,0.0,0.0025097294569994483,0.026021979446089867
2013-10-04,0.0010858084791992022,0.0,0.0010858084791992022,0.06995700199006938
2013-10-05,-0.00042551919020989305,0.0,-0.00042551919020989305,0.08436575049387043
2013-10-06,0.0007488756134702228,0.0,0.0007488756134702228,0.09091290587277114
2013-10-07,0.0009902371611391519,0.0,0.0009902371611391519,0.10816285398828687
2013-10-08,0.0009254101376483046,0.0,0.0009254101376483046,0.14142811650959816
2013-10-09,0.0013307800952289113,0.0,0.0013307800952289113,0.16464186150168028
2013-10-10,0.000878190599875889,0.0,0.000878190599875889,0.17808767668718273
2013-10-11,0.0006265482304548123,0.0,0.0006265482304548123,0.1931435893819305
2013-10-12,0.0009168684869980075,0.0,0.0009168684869980075,0.20964393792515262
2013-10-13,0.007512624962852753,0.0,0.007512624962852753,0.2265796942378425
2013-10-14,0.0047760229830042175,0.0,0.0047760229830042175,0.23608767921591442
2013-10-15,0.010006829812625533,0.0,0.010006829812625533,0.2501182571646987
2013-10-16,-0.0050965164227657666,0.0,-0.0050965164227657666,0.25729052722603973
2013-10-17,0.008768383510968786,0.0,0.008768383510968786,0.2694007797271395
2013-10-18,0.014481200813083893,0.0,0.014481200813083893,0.27970368337810925
2013-10-19,0.020549246333180685,0.0,0.020549246333180685,0.27719349803330284
2013-10-20,0.0011269575043561645,0.0,0.0011269575043561645,0.2603997319529925
2013-10-21,0.020752434684247263,0.0,0.020752434684247263,0.27733171701967163
2013-10-22,0.015906293713366104,0.0,0.015906293713366104,0.2662512339328602
2013-10-23,0.02118676958032057,0.0,0.02118676958032057,0.27506438135615957
2013-10-24,-0.014891307632160657,0.0,-0.014891307632160657,0.2755729306813145
2013-10-25,-0.013003958172268973,0.0,-0.013003958172268973,0.2570990275580153
2013-10-26,-0.008770598934730074,0.0,-0.008770598934730074,0.25081219453934567
2013-10-27,0.022346415855260184,0.0,0.022346415855260184,0.25622110310706925
2013-10-28,0.002563638055748036,0.0,0.002563638055748036,0.24878004778109236
2013-10-29,0.01206160685776372,0.0,0.01206160685776372,0.2654820651617955
2013-10-30,-0.009541281237733701,0.0,-0.009541281237733701,0.2792785549451365
2013-10-31,0.007944140523098124,0.0,0.007944140523098124,0.28141276089717415
2013-11-01,-0.0003609686642592569,0.0,-0.0003609686642592569,0.2993463741976282
2013-11-02,0.0025716199820567413,0.0,0.0025716199820567413,0.31787162399026425
2013-11-03,0.008009439548780823,0.0,0.008009439548780823,0.33959708085045015
2013-11-04,0.03172614205612211,0.0,0.03172614205612211,0.3609400299104525
2013-11-05,0.021225913207408666,0.0,0.021225913207408666,0.32782340156254636
2013-11-06,0.02745514050763156,0.0,0.02745514050763156,0.3283429817430529
2013-11-07,0.03675402082160537,0.0,0.03675402082160537,0.322713000378981
2013-11-08,0.04477011205190066,0.0,0.04477011205190066,0.29828757820251967
2013-11-09,-0.0020689342658947625,0.0,-0.0020689342658947625,0.2455416526234411
2013-11-10,-0.0025747691113322015,0.0,-0.0025747691113322015,0.2510606862096109
2013-11-11,0.01118975227150018,0.0,0.01118975227150018,0.25711376291222765
2013-11-12,0.00873327774346463,0.0,0.00873327774346463,0.27401932281685554
2013-11-13,0.028882821719584326,0.0,0.028882821719584326,0.2927273645927755
2013-11-14,0.01563635685237691,0.0,0.01563635685237691,0.27921168400301105
2013-11-15,-0.005760758272849004,0.0,-0.005760758272849004,0.2964731446426652
2013-11-16,0.01911010321532111,0.0,0.01911010321532111,0.2915830609221865
2013-11-17,0.03390288270782635,0.0,0.03390288270782635,0.3047448229942631
2013-11-18,0.1141458440862487,0.0,0.1141458440862487,0.28503013310849257
2013-11-19,-0.019891602534839944,0.0,-0.019891602534839944,0.11635465937546409
2013-11-20,0.00874620588287766,0.0,0.00874620588287766,0.09101174981536082
2013-11-21,0.022440540606344584,0.0,0.022440540606344584,0.09644825004660562
2013-11-22,0.014375761051514092,0.0,0.014375761051514092,0.09474915400867637
2013-11-23,0.005413049959375784,0.0,0.005413049959375784,0.10003277759153646
2013-11-24,-0.004654732524086622,0.0,-0.004654732524086622,0.10597650705446238
2013-11-25,0.0015646616436710626,0.0,0.0015646616436710626,0.10772749210631517
2013-11-26,0.017186140928299464,0.0,0.017186140928299464,0.11339075043600991
2013-11-27,0.007921066227262963,0.0,0.007921066227262963,0.118834707833546
2013-11-28,0.00746652523755391,0.0,0.00746652523755391,0.12662721176159464
2013-11-29,0.02021874982978373,0.0,0.02021874982978373,0.13490885700519445
2013-11-30,-0.001539991044959241,0.0,-0.001539991044959241,0.14100118591310754
2013-12-01,-0.02532409443531646,0.0,-0.02532409443531646,0.14532705694547182
2013-12-02,0.01280926630467668,0.0,0.01280926630467668,0.1193097950911484
2013-12-03,0.002123189758509083,0.0,0.002123189758509083,0.12659641253761147
2013-12-04,0.013445399478968428,0.0,0.013445399478968428,0.13420659526805356
2013-12-05,-0.01754341236092613,0.0,-0.01754341236092613,0.1423703273993773
2013-12-06,-0.033685416472284894,0.0,-0.033685416472284894,0.13246898408823432
2013-12-07,-0.020767194121152008,0.0,-0.020767194121152008,0.09402195926417199
2013-12-08,0.014010185473570068,0.0,0.014010185473570068,0.08263441974181371
2013-12-09,0.012182552049979398,0.0,0.012182552049979398,0.08519937528452287
2013-12-10,0.008710522352666535,0.0,0.008710522352666535,0.09293302472170918
2013-12-11,-0.010830736799386372,0.0,-0.010830736799386372,0.1064199872096967
2013-12-12,-0.0002303126942256325,0.0,-0.0002303126942256325,0.08893720242891563
2013-12-13,0.0006279547454704833,0.0,0.0006279547454704833,0.09474406849472777
2013-12-14,-0.002830376042125091,0.0,-0.002830376042125091,0.10109892082324201
2013-12-15,0.0012093494000425613,0.0,0.0012093494000425613,0.10678506623117606
2013-12-16,-0.02006772754042003,0.0,-0.02006772754042003,0.11405398757440403
2013-12-17,0.0005205997996499079,0.0,0.0005205997996499079,0.09155201204946896
2013-12-18,-0.017206896302931974,0.0,-0.017206896302931974,0.09769635111887508
2013-12-19,0.017832393759555948,0.0,0.017832393759555948,0.06929802079543629
2013-12-20,-0.009376146732350913,0.0,-0.009376146732350913,0.07247229393992367
2013-12-21,-0.0003532020626737079,0.0,-0.0003532020626737079,0.06660513540014508
2013-12-22,0.0019955232205189867,0.0,0.0019955232205189867,0.06336650415971715
2013-12-23,0.00475343480251899,0.0,0.00475343480251899,0.06494137555926827
2013-12-24,-0.0008005762635656677,0.0,-0.0008005762635656677,0.06606996283566932
2013-12-25,0.0030479631198422107,0.0,0.0030479631198422107,0.07081364240786618
2013-12-26,0.00788746367153915,0.0,0.00788746367153915,0.07467142197639981
2013-12-27,-0.0029931611006952896,0.0,-0.0029931611006952896,0.09614860735057643
2013-12-28,-0.0007353976919413179,0.0,-0.0007353976919413179,0.08350921042697035
2013-12-29,0.0012508666437263736,0.0,0.0012508666437263736,0.0910887256801283
2013-12-30,0.0009267639145259989,0.0,0.0009267639145259989,0.09861546869044857
2013-12-31,-0.0011475594044077812,0.0,-0.0011475594044077812,0.1305572669307423
2014-01-01,0.004058847396747514,0.0,0.004058847396747514,0.14149591389585406
2014-01-02,0.005759316539881724,0.0,0.005759316539881724,0.15070137553886404
2014-01-03,0.003917441273748812,0.0,0.003917441273748812,0.1754860909488736
2014-01-04,0.0037463887015724917,0.0,0.0037463887015724917,0.18311760848002584
2014-01-05,0.01289903098998231,0.0,0.01289903098998231,0.18928290758145522
2014-01-06,0.002063576409179156,0.0,0.002063576409179156,0.20446637142937013
2014-01-07,-0.025766901460749236,0.0,-0.025766901460749236,0.21162363900579595
2014-01-08,0.004118517774440513,0.0,0.004118517774440513,0.1814281760294221
2014-01-09,0.002518179737318417,0.0,0.002518179737318417,0.1909138525483795
2014-01-10,0.005182900462520886,0.0,0.005182900462520886,0.19753808573657056
2014-01-11,0.008511496639842754,0.0,0.008511496639842754,0.20406821821709986
2014-01-12,-0.010326878410394641,0.0,-0.010326878410394641,0.22491365571029664
2014-01-13,-0.005248380415121493,0.0,-0.005248380415121493,0.2122814784978334
2014-01-14,-0.0017930462894579322,0.0,-0.0017930462894579322,0.19880420910741892
2014-01-15,0.006110307387884856,0.0,0.006110307387884856,0.20564685763848417
2014-01-16,-0.00752246114288781,0.0,-0.00752246114288781,0.24902513997803888
2014-01-17,-0.006868869905171945,0.0,-0.006868869905171945,0.23411879005701047
2014-01-18,0.005092678431089675,0.0,0.005092678431089675,0.20124122811089296
2014-01-19,0.00856082105368186,0.0,0.00856082105368186,0.20758033624024963
2014-01-20,-0.002827886558457046,0.0,-0.002827886558457046,0.25892807285557917
2014-01-21,-0.001505801624223922,0.0,-0.001505801624223922,0.24376733753796725
2014-01-22,-0.001440908901662804,0.0,-0.001440908901662804,0.2722461845698129
2014-01-23,-0.0024004098537924907,0.0,-0.0024004098537924907,0.24100080186548428
2014-01-24,-0.00892686388505191,0.0,-0.00892686388505191,0.2706875544805764
2014-01-25,0.007042068685145629,0.0,0.007042068685145629,0.226246642033049
2014-01-26,0.003022189419008732,0.0,0.003022189419008732,0.2582733577020248
2014-01-27,-0.02142733386689807,0.0,-0.02142733386689807,0.2671419492778106
2014-01-28,0.014478644002702747,0.0,0.014478644002702747,0.2175441383084391
2014-01-29,0.000964400083169388,0.0,0.000964400083169388,0.23807083711281185
2014-01-30,0.001829036360427565,0.0,0.001829036360427565,0.24658462924628793
2014-01-31,0.001128120421148499,0.0,0.001128120421148499,0.2552965275689155
2014-02-01,0.002989050574252354,0.0,0.002989050574252354,0.2870319232964026
2014-02-02,0.0004264167764618438,0.0,0.0004264167764618438,0.3259745564121464
2014-02-03,-0.0030024244987993005,0.0,-0.0030024244987993005,0.31382722961309184
2014-02-04,-0.002357866560139259,0.0,-0.002357866560139259,0.26849089968600304
2014-02-05,-0.0052039556077251165,0.0,-0.0052039556077251165,0.27795059645991216
2014-02-06,-0.007007844164139041,0.0,-0.007007844164139041,0.3123441008388345
2014-02-07,-0.017554574935520324,0.0,-0.017554574935520324,0.25789517119259253
2014-02-08,-0.0067732051764387916,0.0,-0.0067732051764387916,0.14002379075115381
2014-02-09,0.0019264996895246686,0.0,0.0019264996895246686,0.12781110227306403
2014-02-10,-0.00038531149606546306,0.0,-0.00038531149606546306,0.11936435850222127
2014-02-11,-0.002681982601058986,0.0,-0.002681982601058986,0.1135346182538575
2014-02-12,-0.003596866456239882,0.0,-0.003596866456239882,0.10657315256140501
2014-02-13,-0.008131334192660584,0.0,-0.008131334192660584,0.10421961260164617
2014-02-14,0.011213048850271606,0.0,0.011213048850271606,0.09321433051255527
2014-02-15,-0.0017383580934595215,0.0,-0.0017383580934595215,0.07813728977093753
2014-02-16,-0.0036429961311010392,0.0,-0.0036429961311010392,0.0777183038250554
2014-02-17,0.0009496228632330558,0.0,0.0009496228632330558,0.07364626082821246
2014-02-18,-0.0004767899268874333,0.0,-0.0004767899268874333,0.07063722733357185
2014-02-19,-0.00043812995493906006,0.0,-0.00043812995493906006,0.08603476405873829
2014-02-20,-0.007020855582152327,0.0,-0.007020855582152327,0.06651524043827213
2014-02-21,0.0019584125985840097,0.0,0.0019584125985840097,0.01801298007403836
2014-02-22,0.0031640653707070455,0.0,0.0031640653707070455,0.03615304888570906
2014-02-23,0.0003480857600682974,0.0,0.0003480857600682974,0.03561779226651348
2014-02-24,-0.007978338796687068,0.0,-0.007978338796687068,0.03677716165977095
2014-02-25,-0.0010150433498022846,0.0,-0.0010150433498022846,0.01616830774526391
2014-02-26,0.006395240476833987,0.0,0.006395240476833987,0.016723921180927984
2014-02-27,-0.00011047622949191419,0.0,-0.00011047622949191419,0.015145126567188999
2014-02-28,-0.0008790195796046543,0.0,-0.0008790195796046543,0.015659192517945668
2014-03-01,0.0004189947388835298,0.0,0.0004189947388835298,0.015718458820171827
2014-03-02,-0.00023228027789917608,0.0,-0.00023228027789917608,0.015988972221046047
2014-03-03,0.003043385263706291,0.0,0.003043385263706291,0.016524008686793396
2014-03-04,-5.1290135068633604e-05,0.0,-5.1290135068633604e-05,0.04951669065631977
2014-03-05,-0.00010731483025089406,0.0,-0.00010731483025089406,0.051547289104302105
2014-03-06,-6.754644933095762e-05,0.0,-6.754644933095762e-05,0.058888762266429286
2014-03-07,-0.000924576949114205,0.0,-0.000924576949114205,0.06560721389202362
2014-03-08,-0.0011360086750433378,0.0,-0.0011360086750433378,0.06692190957639499
2014-03-09,0.0020207220769959816,0.0,0.0020207220769959816,0.03435684864750979
2014-03-10,-0.0013152702944088414,0.0,-0.0013152702944088414,0.0718441417935455
2014-03-11,0.0005916078611569318,0.0,0.0005916078611569318,0.037249931054862684
2014-03-12,9.669514490291137e-05,0.0,9.669514490291137e-05,0.07792836663861494
2014-03-13,0.000930366943258712,0.0,0.000930366943258712,0.04090411518095295
2014-03-14,-0.0016001016081650052,0.0,-0.0016001016081650052,0.0866404359455275
2014-03-15,0.0008382434953071789,0.0,0.0008382434953071789,0.04430438200987569
2014-03-16,-0.0002170337236011537,0.0,-0.0002170337236011537,0.053941609610372046
2014-03-17,-0.0012082495827970144,0.0,-0.0012082495827970144,0.047859631692120076
2014-03-18,-0.0008960624192903918,0.0,-0.0008960624192903918,0.029596887782719863
2014-03-19,-0.00040311188566084067,0.0,-0.00040311188566084067,0.037343005008137295
2014-03-20,-0.0025378954503103932,0.0,-0.0025378954503103932,0.02791471166661351
2014-03-21,-0.001800265309127176,0.0,-0.001800265309127176,0.02364016956191598
2014-03-22,-0.0005325834645077788,0.0,-0.0005325834645077788,0.02054534765827226
2014-03-23,-0.0006125306252929028,0.0,-0.0006125306252929028,0.03073722403480681
2014-03-24,0.0027825400493177287,0.0,0.0027825400493177287,0.02204153634549592
2014-03-25,-0.00013329465959667814,0.0,-0.00013329465959667814,0.021335443058114037
2014-03-26,-0.0004820454556263731,0.0,-0.0004820454556263731,0.022098668328446994
2014-03-27,-0.010234972232958243,0.0,-0.010234972232958243,0.03305275620118108
2014-03-28,-5.200162109700442e-05,0.0,-5.200162109700442e-05,0.0
2014-03-29,0.0,0.0,0.0,0.0
2014-03-30,0.0,0.0,0.0,0.0
2014-03-31,0.0,0.0,0.0,0.0
2014-04-01,0.0,0.0,0.0,0.0
2014-04-02,0.0,0.0,0.0,0.0
2014-04-03,0.0,0.0,0.0,0.0
2014-04-04,0.0,0.0,0.0,0.0
2014-04-05,0.0,0.0,0.0,0.0
2014-04-06,0.0,0.0,0.0,0.0
2014-04-07,0.0,0.0,0.0,0.0
2014-04-08,0.0,0.0,0.0,0.0
2014-04-09,0.0,0.0,0.0,0.0
2014-04-10,0.0,0.0,0.0,0.0
2014-04-11,0.0,0.0,0.0,0.0
2014-04-12,0.0,0.0,0.0,0.0
2014-04-13,0.0,0.0,0.0,0.0
2014-04-14,0.0,0.0,0.0,0.0
2014-04-15,0.0,0.0,0.0,0.0
2014-04-16,0.0,0.0,0.0,0.0
2014-04-17,0.0,0.0,0.0,0.0
2014-04-18,0.0,0.0,0.0,0.0
2014-04-19,0.0,0.0,0.0,0.0
2014-04-20,0.0,0.0,0.0,0.0
2014-04-21,0.0,0.0,0.0,0.0
2014-04-22,0.0,0.0,0.0,0.0
2014-04-23,0.0,0.0,0.0,0.0
2014-04-24,0.0,0.0,0.0,0.0
2014-04-25,0.0,0.0,0.0,0.0
2014-04-26,0.0,0.0,0.0,0.0
2014-04-27,0.0,0.0,0.0,0.0
2014-04-28,0.0,0.0,0.0,0.0
2014-04-29,0.0,0.0,0.0,0.0
2014-04-30,0.0,0.0,0.0,0.0
2014-05-01,0.0,0.0,0.0,0.0
2014-05-02,0.0,0.0,0.0,0.0
2014-05-03,0.0,0.0,0.0,0.0
2014-05-04,0.0,0.0,0.0,0.0
2014-05-05,0.0,0.0,0.0,0.0
2014-05-06,0.0,0.0,0.0,0.0
2014-05-07,0.0,0.0,0.0,0.0
2014-05-08,0.0,0.0,0.0,0.0
2014-05-09,0.0,0.0,0.0,0.0
2014-05-10,0.0,0.0,0.0,0.0
2014-05-11,0.0,0.0,0.0,0.0
2014-05-12,0.0,0.0,0.0,0.0
2014-05-13,0.0,0.0,0.0,0.0
2014-05-14,0.0,0.0,0.0,0.0
2014-05-15,0.0,0.0,0.0,0.0
2014-05-16,0.0,0.0,0.0,0.0
2014-05-17,0.0,0.0,0.0,0.0
2014-05-18,0.0,0.0,0.0,0.0
2014-05-19,0.0,0.0,0.0,0.0
2014-05-20,0.0,0.0,0.0,0.0
2014-05-21,0.0,0.0,0.0,0.0
2014-05-22,0.0,0.0,0.0,0.0
2014-05-23,-0.00039396030256764526,0.0,-0.00039396030256764526,0.056989652767527765
2014-05-24,-5.6675009821745056e-05,0.0,-5.6675009821745056e-05,0.0
2014-05-25,0.005180653732094311,0.0,0.005180653732094311,0.06062479354358884
2014-05-26,0.001318448871035659,0.0,0.001318448871035659,0.07078375689812663
2014-05-27,-0.001246421629392991,0.0,-0.001246421629392991,0.09246651216144817
2014-05-28,0.000601268001307928,0.0,0.000601268001307928,0.08730460137578806
2014-05-29,-0.0010096882482071726,0.0,-0.0010096882482071726,0.09468440936134206
2014-05-30,0.0057735027548412995,0.0,0.0057735027548412995,0.11016651281925305
2014-05-31,0.00223836987574571,0.0,0.00223836987574571,0.2094664813146925
2014-06-01,0.0007347171218722431,0.0,0.0007347171218722431,0.22657664879629302
2014-06-02,0.011245707662918767,0.0,0.011245707662918767,0.22322167279396593
2014-06-03,0.005018653875880591,0.0,0.005018653875880591,0.3873451563744405
2014-06-04,-0.01883611292316459,0.0,-0.01883611292316459,0.44314353069606527
2014-06-05,0.00623536589958012,0.0,0.00623536589958012,0.2351227232118357
2014-06-06,-0.007627043762423957,0.0,-0.007627043762423957,0.432532094558862
2014-06-07,0.004392773531989772,0.0,0.004392773531989772,0.43751010629110676
2014-06-08,0.0006689311073666184,0.0,0.0006689311073666184,0.45276923088685606
2014-06-09,-0.006217171851176611,0.0,-0.006217171851176611,0.4675348838342357
2014-06-10,0.0010185203894079076,0.0,0.0010185203894079076,0.2886234094942417
2014-06-11,-0.014898981768741043,0.0,-0.014898981768741043,0.4919132278763544
2014-06-12,-0.017223576963648415,0.0,-0.017223576963648415,0.27186000941035504
2014-06-13,0.0022208852464678597,0.0,0.0022208852464678597,0.22005872588614162
2014-06-14,-0.00745250042128148,0.0,-0.00745250042128148,0.2055521782284701
2014-06-15,0.0024283531071887065,0.0,0.0024283531071887065,0.10261137187092848
2014-06-16,0.0001942566176450907,0.0,0.0001942566176450907,0.20823413651229594
2014-06-17,0.006535575703357951,0.0,0.006535575703357951,0.23813598229913346
2014-06-18,-0.0005086500926120337,0.0,-0.0005086500926120337,0.2165950138108131
2014-06-19,-0.005359649567623771,0.0,-0.005359649567623771,0.27120469270169745
2014-06-20,-0.0018936503549587514,0.0,-0.0018936503549587514,0.25241694176024543
2014-06-21,0.0005542647773872236,0.0,0.0005542647773872236,0.2608434599323876
2014-06-22,0.003087090002276926,0.0,0.003087090002276926,0.2700111172142331
2014-06-23,-0.004516448119268375,0.0,-0.004516448119268375,0.27796189464333776
2014-06-24,-0.00431025590728652,0.0,-0.00431025590728652,0.28392753666947435
2014-06-25,-0.008015977663935234,0.0,-0.008015977663935234,0.29072346585693504
2014-06-26,0.0038927305071180898,0.0,0.0038927305071180898,0.12229047626014494
2014-06-27,0.00854838517743841,0.0,0.00854838517743841,0.25333082027234155
2014-06-28,-0.002702363399630327,0.0,-0.002702363399630327,0.27614039858648187
2014-06-29,0.0027973834131975166,0.0,0.0027973834131975166,0.2890835539482248
2014-06-30,0.019669747260088195,0.0,0.019669747260088195,0.31095396580171136
2014-07-01,0.0029804505043663945,0.0,0.0029804505043663945,0.5033727288349094
2014-07-02,0.006552246162866349,0.0,0.006552246162866349,0.5425398936211197
2014-07-03,-0.0038120408748415473,0.0,-0.0038120408748415473,0.520459914263978
2014-07-04,-0.01235959360560017,0.0,-0.01235959360560017,0.5341054310918212
2014-07-05,-0.0001325841249147872,0.0,-0.0001325841249147872,0.5311544132002815
2014-07-06,0.003335117712095688,0.0,0.003335117712095688,0.5495778919694356
2014-07-07,-0.010654762233784797,0.0,-0.010654762233784797,0.5686272467995408
2014-07-08,0.0018468100081133186,0.0,0.0018468100081133186,0.5741698189407133
2014-07-09,-0.0026712918350344024,0.0,-0.0026712918350344024,0.5944833099186573
2014-07-10,-0.0054001518765676056,0.0,-0.0054001518765676056,0.6142817939117851
2014-07-11,0.017846637913790375,0.0,0.017846637913790375,0.6323853876409083
2014-07-12,0.0023703922614861047,0.0,0.0023703922614861047,0.6688314507815505
2014-07-13,-0.007738648886252538,0.0,-0.007738648886252538,0.6927382324405532
2014-07-14,-0.011704618483777813,0.0,-0.011704618483777813,0.7079460393558019
2014-07-15,0.0025649474305242913,0.0,0.0025649474305242913,0.5998921940081552
2014-07-16,-0.005394824371753102,0.0,-0.005394824371753102,0.6205966834637614
2014-07-17,0.007682704414629889,0.0,0.007682704414629889,0.5703848763934773
2014-07-18,0.0062583465063698026,0.0,0.0062583465063698026,0.6512552175058128
2014-07-19,-0.002185427691203488,0.0,-0.002185427691203488,0.7971217613683801
2014-07-20,-0.004423190187791213,0.0,-0.004423190187791213,0.6923299764642623
2014-07-21,-0.004358457255932597,0.0,-0.004358457255932597,0.7133326912430382
2014-07-22,-0.0016452535633774963,0.0,-0.0016452535633774963,0.735402911752805
2014-07-23,-5.609464915161375e-05,0.0,-5.609464915161375e-05,0.6809833354111289
2014-07-24,-0.021644419040430938,0.0,-0.021644419040430938,0.7903732133985013
2014-07-25,-0.00123543904781662,0.0,-0.00123543904781662,0.38819062585696107
2014-07-26,-0.004432832251320828,0.0,-0.004432832251320828,0.4024122735108687
2014-07-27,-0.0020250290612970393,0.0,-0.0020250290612970393,0.41248806909535174
2014-07-28,-0.0026489929984730588,0.0,-0.0026489929984730588,0.3739127818535755
2014-07-29,-0.0021994208305916693,0.0,-0.0021994208305916693,0.35587604470253625
2014-07-30,-0.01048953579112278,0.0,-0.01048953579112278,0.2864413116733388
2014-07-31,0.0021516212160150572,0.0,0.0021516212160150572,0.06972213087848216
2014-08-01,0.0038838084198212835,0.0,0.0038838084198212835,0.15903547587080355
2014-08-02,-0.0035998637860648135,0.0,-0.0035998637860648135,0.30549958690183115
2014-08-03,-0.0009654341781374477,0.0,-0.0009654341781374477,0.16182017310267438
2014-08-04,0.0002347151456008205,0.0,0.0002347151456008205,0.16469544258496222
2014-08-05,-0.0015723693805973914,0.0,-0.0015723693805973914,0.1691020472859929
2014-08-06,0.00010076168757203889,0.0,0.00010076168757203889,0.1652489669742844
2014-08-07,0.0010444833229513106,0.0,0.0010444833229513106,0.16269181323384682
2014-08-08,0.000818004465153226,0.0,0.000818004465153226,0.16628221549179215
2014-08-09,-0.0002142557740703086,0.0,-0.0002142557740703086,0.3487582311785025
2014-08-10,0.00023391610352030537,0.0,0.00023391610352030537,0.3657094734834755
2014-08-11,-0.009433078457173975,0.0,-0.009433078457173975,0.3837868236211062
2014-08-12,-0.0007522866586281039,0.0,-0.0007522866586281039,0.051494226519809755
2014-08-13,-0.0017916929664864112,0.0,-0.0017916929664864112,0.03849725142388649
2014-08-14,-4.936838442621357e-05,0.0,-4.936838442621357e-05,0.0
2014-08-15,0.0,0.0,0.0,0.0
2014-08-16,0.0,0.0,0.0,0.0
2014-08-17,0.0,0.0,0.0,0.0
2014-08-18,0.0,0.0,0.0,0.0
2014-08-19,0.0,0.0,0.0,0.0
2014-08-20,0.0,0.0,0.0,0.0
2014-08-21,0.0,0.0,0.0,0.0
2014-08-22,0.0,0.0,0.0,0.0
2014-08-23,0.0,0.0,0.0,0.0
2014-08-24,0.0,0.0,0.0,0.0
2014-08-25,0.0,0.0,0.0,0.0
2014-08-26,0.0,0.0,0.0,0.0
2014-08-27,0.0,0.0,0.0,0.0
2014-08-28,0.0,0.0,0.0,0.0
2014-08-29,0.0,0.0,0.0,0.0
2014-08-30,0.0,0.0,0.0,0.0
2014-08-31,0.0,0.0,0.0,0.0
2014-09-01,0.0,0.0,0.0,0.0
2014-09-02,0.0,0.0,0.0,0.0
2014-09-03,0.0,0.0,0.0,0.0
2014-09-04,0.0,0.0,0.0,0.0
2014-09-05,0.0,0.0,0.0,0.0
2014-09-06,0.0,0.0,0.0,0.0
2014-09-07,0.0,0.0,0.0,0.0
2014-09-08,0.0,0.0,0.0,0.0
2014-09-09,0.0,0.0,0.0,0.0
2014-09-10,0.0,0.0,0.0,0.0
2014-09-11,0.0,0.0,0.0,0.0
2014-09-12,0.0,0.0,0.0,0.0
2014-09-13,0.0,0.0,0.0,0.0
2014-09-14,0.0,0.0,0.0,0.0
2014-09-15,0.0,0.0,0.0,0.0
2014-09-16,0.0,0.0,0.0,0.0
2014-09-17,0.0,0.0,0.0,0.0
2014-09-18,0.0,0.0,0.0,0.0
2014-09-19,0.0,0.0,0.0,0.0
2014-09-20,0.0,0.0,0.0,0.0
2014-09-21,0.0,0.0,0.0,0.0
2014-09-22,0.0,0.0,0.0,0.0
2014-09-23,0.0,0.0,0.0,0.0
2014-09-24,0.0,0.0,0.0,0.0
2014-09-25,0.0,0.0,0.0,0.0
2014-09-26,0.0,0.0,0.0,0.0
2014-09-27,0.0,0.0,0.0,0.0
2014-09-28,0.0,0.0,0.0,0.0
2014-09-29,0.0,0.0,0.0,0.0
2014-09-30,0.0,0.0,0.0,0.0
2014-10-01,0.0,0.0,0.0,0.0
2014-10-02,0.0,0.0,0.0,0.0
2014-10-03,0.0,0.0,0.0,0.0
2014-10-04,0.0,0.0,0.0,0.0
2014-10-05,0.0,0.0,0.0,0.0
2014-10-06,0.0,0.0,0.0,0.0
2014-10-07,0.0,0.0,0.0,0.0
2014-10-08,0.0,0.0,0.0,0.0
2014-10-09,0.0,0.0,0.0,0.0
2014-10-10,0.0,0.0,0.0,0.0
2014-10-11,0.0,0.0,0.0,0.0
2014-10-12,0.0,0.0,0.0,0.0
2014-10-13,0.0,0.0,0.0,0.0
2014-10-14,0.0,0.0,0.0,0.0
2014-10-15,0.0,0.0,0.0,0.0
2014-10-16,0.0,0.0,0.0,0.0
2014-10-17,0.0,0.0,0.0,0.0
2014-10-18,0.0,0.0,0.0,0.0
2014-10-19,0.0,0.0,0.0,0.0
2014-10-20,0.0,0.0,0.0,0.0
2014-10-21,0.0,0.0,0.0,0.0
2014-10-22,0.0,0.0,0.0,0.0
2014-10-23,0.0,0.0,0.0,0.0
2014-10-24,0.0,0.0,0.0,0.0
2014-10-25,0.0,0.0,0.0,0.0
2014-10-26,0.0,0.0,0.0,0.0
2014-10-27,0.0,0.0,0.0,0.0
2014-10-28,0.0,0.0,0.0,0.0
2014-10-29,0.0,0.0,0.0,0.0
2014-10-30,0.0,0.0,0.0,0.0
2014-10-31,0.0,0.0,0.0,0.0
2014-11-01,0.0,0.0,0.0,0.0
2014-11-02,0.0,0.0,0.0,0.0
2014-11-03,0.0,0.0,0.0,0.0
2014-11-04,0.0,0.0,0.0,0.0
2014-11-05,0.0,0.0,0.0,0.0
2014-11-06,0.0,0.0,0.0,0.0
2014-11-07,0.0,0.0,0.0,0.0
2014-11-08,0.0,0.0,0.0,0.0
2014-11-09,0.0,0.0,0.0,0.0
2014-11-10,0.0,0.0,0.0,0.0
2014-11-11,0.0,0.0,0.0,0.0
2014-11-12,0.0,0.0,0.0,0.0
2014-11-13,0.0,0.0,0.0,0.0
2014-11-14,0.0,0.0,0.0,0.0
2014-11-15,0.0,0.0,0.0,0.0
2014-11-16,0.0,0.0,0.0,0.0
2014-11-17,0.0,0.0,0.0,0.0
2014-11-18,0.0,0.0,0.0,0.0
2014-11-19,0.0,0.0,0.0,0.0
2014-11-20,0.0,0.0,0.0,0.0
2014-11-21,0.0,0.0,0.0,0.0
2014-11-22,0.0,0.0,0.0,0.0
2014-11-23,0.0,0.0,0.0,0.0
2014-11-24,0.0,0.0,0.0,0.0
2014-11-25,0.0,0.0,0.0,0.0
2014-11-26,0.0,0.0,0.0,0.0
2014-11-27,0.0,0.0,0.0,0.0
2014-11-28,0.0,0.0,0.0,0.0
2014-11-29,0.0,0.0,0.0,0.0
2014-11-30,0.0,0.0,0.0,0.0
2014-12-01,0.0,0.0,0.0,0.0
2014-12-02,0.0,0.0,0.0,0.0
2014-12-03,0.0,0.0,0.0,0.0
2014-12-04,0.0,0.0,0.0,0.0
2014-12-05,0.0,0.0,0.0,0.0
2014-12-06,0.0,0.0,0.0,0.0
2014-12-07,0.0,0.0,0.0,0.0
2014-12-08,0.0,0.0,0.0,0.0
2014-12-09,0.0,0.0,0.0,0.0
2014-12-10,0.0,0.0,0.0,0.0
2014-12-11,0.0,0.0,0.0,0.0
2014-12-12,0.0,0.0,0.0,0.0
2014-12-13,0.0,0.0,0.0,0.0
2014-12-14,0.0,0.0,0.0,0.0
2014-12-15,0.0,0.0,0.0,0.0
2014-12-16,0.0,0.0,0.0,0.0
2014-12-17,0.0,0.0,0.0,0.0
2014-12-18,0.0,0.0,0.0,0.0
2014-12-19,0.0,0.0,0.0,0.0
2014-12-20,0.0,0.0,0.0,0.0
2014-12-21,0.0,0.0,0.0,0.0
2014-12-22,0.0,0.0,0.0,0.0
2014-12-23,0.0,0.0,0.0,0.0
2014-12-24,0.0,0.0,0.0,0.0
2014-12-25,0.0,0.0,0.0,0.0
2014-12-26,0.0,0.0,0.0,0.0
2014-12-27,0.0,0.0,0.0,0.0
2014-12-28,0.0,0.0,0.0,0.0
2014-12-29,0.0,0.0,0.0,0.0
2014-12-30,0.0,0.0,0.0,0.0
2014-12-31,0.0,0.0,0.0,0.0
2015-01-01,0.0,0.0,0.0,0.0
2015-01-02,0.0,0.0,0.0,0.0
2015-01-03,0.0,0.0,0.0,0.0
2015-01-04,0.0,0.0,0.0,0.0
2015-01-05,0.0,0.0,0.0,0.0
2015-01-06,0.0,0.0,0.0,0.0
2015-01-07,0.0,0.0,0.0,0.0
2015-01-08,0.0,0.0,0.0,0.0
2015-01-09,0.0,0.0,0.0,0.0
2015-01-10,0.0,0.0,0.0,0.0
2015-01-11,0.0,0.0,0.0,0.0
2015-01-12,0.0,0.0,0.0,0.0
2015-01-13,0.0,0.0,0.0,0.0
2015-01-14,0.0,0.0,0.0,0.0
2015-01-15,0.0,0.0,0.0,0.0
2015-01-16,0.0,0.0,0.0,0.0
2015-01-17,0.0,0.0,0.0,0.0
2015-01-18,0.0,0.0,0.0,0.0
2015-01-19,0.0,0.0,0.0,0.0
2015-01-20,0.0,0.0,0.0,0.0
2015-01-21,0.0,0.0,0.0,0.0
2015-01-22,0.0,0.0,0.0,0.0
2015-01-23,0.0,0.0,0.0,0.0
2015-01-24,0.0,0.0,0.0,0.0
2015-01-25,0.0,0.0,0.0,0.0
2015-01-26,0.0,0.0,0.0,0.0
2015-01-27,0.0,0.0,0.0,0.0
2015-01-28,0.0,0.0,0.0,0.0
2015-01-29,0.0,0.0,0.0,0.0
2015-01-30,0.0,0.0,0.0,0.0
2015-01-31,0.0,0.0,0.0,0.0
2015-02-01,0.0,0.0,0.0,0.0
2015-02-02,0.0,0.0,0.0,0.0
2015-02-03,0.0,0.0,0.0,0.0
2015-02-04,0.0,0.0,0.0,0.0
2015-02-05,0.0,0.0,0.0,0.0
2015-02-06,0.0,0.0,0.0,0.0
2015-02-07,0.0,0.0,0.0,0.0
2015-02-08,0.0,0.0,0.0,0.0
2015-02-09,0.0,0.0,0.0,0.0
2015-02-10,0.0,0.0,0.0,0.0
2015-02-11,0.0,0.0,0.0,0.0
2015-02-12,0.0,0.0,0.0,0.0
2015-02-13,0.0,0.0,0.0,0.0
2015-02-14,0.0,0.0,0.0,0.0
2015-02-15,0.0,0.0,0.0,0.0
2015-02-16,0.0,0.0,0.0,0.0
2015-02-17,0.0,0.0,0.0,0.0
2015-02-18,0.0,0.0,0.0,0.0
2015-02-19,0.0,0.0,0.0,0.0
2015-02-20,0.0,0.0,0.0,0.0
2015-02-21,0.0,0.0,0.0,0.0
2015-02-22,0.0,0.0,0.0,0.0
2015-02-23,0.0,0.0,0.0,0.0
2015-02-24,0.0,0.0,0.0,0.0
2015-02-25,0.0,0.0,0.0,0.0
2015-02-26,0.0,0.0,0.0,0.0
2015-02-27,0.0,0.0,0.0,0.0
2015-02-28,0.0,0.0,0.0,0.0
2015-03-01,0.0,0.0,0.0,0.0
2015-03-02,0.0,0.0,0.0,0.0
2015-03-03,0.0,0.0,0.0,0.0
2015-03-04,0.0,0.0,0.0,0.0
2015-03-05,0.0,0.0,0.0,0.0
2015-03-06,0.0,0.0,0.0,0.0
2015-03-07,0.0,0.0,0.0,0.0
2015-03-08,0.0,0.0,0.0,0.0
2015-03-09,0.0,0.0,0.0,0.0
2015-03-10,0.0004497970683544738,0.0,0.0004497970683544738,0.06867701328824798
2015-03-11,0.001034659644187785,0.0,0.001034659644187785,0.06058478522845669
2015-03-12,-0.00021106595384469103,0.0,-0.00021106595384469103,0.0736150187101788
2015-03-13,-0.0023379342759518654,0.0,-0.0023379342759518654,0.07585236114748266
2015-03-14,-0.0005456618803193226,0.0,-0.0005456618803193226,0.07406740027393727
2015-03-15,0.0008681971953865607,0.0,0.0008681971953865607,0.07629191051049473
2015-03-16,0.0009764456817175019,0.0,0.0009764456817175019,0.07884533127540495
2015-03-17,-0.0014539527372516537,0.0,-0.0014539527372516537,0.08143930735116615
2015-03-18,-0.006627085514328428,0.0,-0.006627085514328428,0.08199540364674156
2015-03-19,-6.138394309625473e-05,0.0,-6.138394309625473e-05,0.0
2015-03-20,0.0,0.0,0.0,0.0
2015-03-21,0.0,0.0,0.0,0.0
2015-03-22,0.0,0.0,0.0,0.0
2015-03-23,0.0,0.0,0.0,0.04633198883632845
2015-03-24,0.0,0.0,0.0,0.04788142486979903
2015-03-25,0.0,0.0,0.0,0.0
2015-03-26,0.0,0.0,0.0,0.0
2015-03-27,0.0,0.0,0.0,0.0
2015-03-28,0.0,0.0,0.0,0.0
2015-03-29,0.0,0.0,0.0,0.0
2015-03-30,0.0,0.0,0.0,0.0
2015-03-31,0.0,0.0,0.0,0.0
2015-04-01,0.0,0.0,0.0,0.0
2015-04-02,0.0,0.0,0.0,0.0
2015-04-03,0.0,0.0,0.0,0.0
2015-04-04,0.0,0.0,0.0,0.0
2015-04-05,0.0,0.0,0.0,0.0
2015-04-06,-0.0011310490317724855,0.0,-0.0011310490317724855,0.05899696473353987
2015-04-07,-0.00034732878511801926,0.0,-0.00034732878511801926,0.04433960012221555
2015-04-08,-0.0020380276240633878,0.0,-0.0020380276240633878,0.058958312592695225
2015-04-09,-5.5738771605513364e-05,0.0,-5.5738771605513364e-05,0.0
2015-04-10,0.0,0.0,0.0,0.0
2015-04-11,0.0,0.0,0.0,0.0
2015-04-12,0.0,0.0,0.0,0.0
2015-04-13,0.0,0.0,0.0,0.0
2015-04-14,0.0,0.0,0.0,0.0
2015-04-15,0.0,0.0,0.0,0.0
2015-04-16,0.0,0.0,0.0,0.0
2015-04-17,0.0,0.0,0.0,0.0
2015-04-18,0.0,0.0,0.0,0.0
2015-04-19,0.0,0.0,0.0,0.0
2015-04-20,0.0,0.0,0.0,0.0
2015-04-21,0.0,0.0,0.0,0.0
2015-04-22,0.0,0.0,0.0,0.0
2015-04-23,0.0,0.0,0.0,0.0
2015-04-24,0.0,0.0,0.0,0.0
2015-04-25,0.0,0.0,0.0,0.0
2015-04-26,0.0,0.0,0.0,0.0
2015-04-27,0.0,0.0,0.0,0.0
2015-04-28,0.0,0.0,0.0,0.0
2015-04-29,0.0,0.0,0.0,0.0
2015-04-30,0.0,0.0,0.0,0.0
2015-05-01,0.0,0.0,0.0,0.0
2015-05-02,0.0,0.0,0.0,0.0
2015-05-03,0.0,0.0,0.0,0.0
2015-05-04,0.0,0.0,0.0,0.0
2015-05-05,0.0,0.0,0.0,0.0
2015-05-06,0.0,0.0,0.0,0.0
2015-05-07,0.0,0.0,0.0,0.0
2015-05-08,0.0,0.0,0.0,0.0
2015-05-09,0.0,0.0,0.0,0.0
2015-05-10,0.0,0.0,0.0,0.0
2015-05-11,0.0,0.0,0.0,0.0
2015-05-12,0.0,0.0,0.0,0.0
2015-05-13,0.0,0.0,0.0,0.0
2015-05-14,0.0,0.0,0.0,0.0
2015-05-15,0.0,0.0,0.0,0.0
2015-05-16,0.0,0.0,0.0,0.0
2015-05-17,0.0,0.0,0.0,0.0
2015-05-18,0.0,0.0,0.0,0.0
2015-05-19,0.0,0.0,0.0,0.0
2015-05-20,0.0,0.0,0.0,0.0
2015-05-21,0.0,0.0,0.0,0.0
2015-05-22,0.0,0.0,0.0,0.0
2015-05-23,0.0,0.0,0.0,0.0
2015-05-24,0.0,0.0,0.0,0.0
2015-05-25,0.0,0.0,0.0,0.0
2015-05-26,0.0,0.0,0.0,0.0
2015-05-27,0.0,0.0,0.0,0.0
2015-05-28,0.0,0.0,0.0,0.0
2015-05-29,0.0,0.0,0.0,0.0
2015-05-30,0.0,0.0,0.0,0.0
2015-05-31,0.0,0.0,0.0,0.0
2015-06-01,0.0,0.0,0.0,0.0
2015-06-02,0.0,0.0,0.0,0.0
2015-06-03,0.0,0.0,0.0,0.0
2015-06-04,0.0,0.0,0.0,0.0
2015-06-05,0.0,0.0,0.0,0.0
2015-06-06,0.0,0.0,0.0,0.0
2015-06-07,0.0,0.0,0.0,0.0
2015-06-08,0.0,0.0,0.0,0.0
2015-06-09,0.0,0.0,0.0,0.0
2015-06-10,0.0,0.0,0.0,0.0
2015-06-11,0.0,0.0,0.0,0.0
2015-06-12,0.0,0.0,0.0,0.0
2015-06-13,0.0,0.0,0.0,0.0
2015-06-14,0.0,0.0,0.0,0.0
2015-06-15,0.0,0.0,0.0,0.0
2015-06-16,0.0,0.0,0.0,0.0
2015-06-17,-0.0038894971015474115,0.0,-0.0038894971015474115,0.26325746208756884
2015-06-18,0.0010964861894250198,0.0,0.0010964861894250198,0.2635483088857834
2015-06-19,-0.004419304823249163,0.0,-0.004419304823249163,0.27245394795640965
2015-06-20,0.000821585251020043,0.0,0.000821585251020043,0.2706388069300748
2015-06-21,-0.0013511890953328495,0.0,-0.0013511890953328495,0.2798485193930463
2015-06-22,0.002867611435717891,0.0,0.002867611435717891,0.287572817734951
2015-06-23,-0.003965960580828789,0.0,-0.003965960580828789,0.3389008238899191
2015-06-24,-0.005142252325112399,0.0,-0.005142252325112399,0.2985429622098533
2015-06-25,0.0009957990863804801,0.0,0.0009957990863804801,0.14952140939487135
2015-06-26,0.000385241511925224,0.0,0.000385241511925224,0.15377292021762634
2015-06-27,0.011043137912228246,0.0,0.011043137912228246,0.3181480722696451
2015-06-28,-0.0032002983819327184,0.0,-0.0032002983819327184,0.3336519424929254
2015-06-29,0.00986404872087891,0.0,0.00986404872087891,0.33864226969529054
2015-06-30,0.015675159476100063,0.0,0.015675159476100063,0.5668651092151922
2015-07-01,-0.012638255561429092,0.0,-0.012638255561429092,0.5718303000278621
2015-07-02,-0.0072582642644034795,0.0,-0.0072582642644034795,0.5659697448487435
2015-07-03,0.00297271042713095,0.0,0.00297271042713095,0.5206414528415286
2015-07-04,0.009781819007186977,0.0,0.009781819007186977,0.6118660107791838
2015-07-05,0.023643130703763227,0.0,0.023643130703763227,0.5735024326060256
2015-07-06,-0.004631979830070277,0.0,-0.004631979830070277,0.6040909458257647
2015-07-07,-0.006346838131960609,0.0,-0.006346838131960609,0.6345944185889353
2015-07-08,0.009743817156904453,0.0,0.009743817156904453,0.6588642272230164
2015-07-09,-0.0023503202868640984,0.0,-0.0023503202868640984,0.6927131173182137
2015-07-10,0.04074690816844246,0.0,0.04074690816844246,0.7285302982259165
2015-07-11,0.020610002696966653,0.0,0.020610002696966653,0.6588803414476745
2015-07-12,0.0424340863869322,0.0,0.0424340863869322,0.6853564795857291
2015-07-13,-0.038733000391118384,0.0,-0.038733000391118384,0.6392561882845474
2015-07-14,-0.008927572293559853,0.0,-0.008927572293559853,0.5264290245587955
2015-07-15,-0.003299869087129319,0.0,-0.003299869087129319,0.5504997924271574
2015-07-16,-0.014822545878892184,0.0,-0.014822545878892184,0.5715145717226204
2015-07-17,0.0031082484959437814,0.0,0.0031082484959437814,0.57258722371555
2015-07-18,-0.005481504121027718,0.0,-0.005481504121027718,0.5937527264451261
2015-07-19,-0.004215298700601593,0.0,-0.004215298700601593,0.6110201462482027
2015-07-20,0.007827247116537388,0.0,0.007827247116537388,0.5664290553974247
2015-07-21,-0.005667337521075563,0.0,-0.005667337521075563,0.6346776065407836
2015-07-22,0.002542886750470193,0.0,0.002542886750470193,0.5865008519614503
2015-07-23,-0.0021732560919010815,0.0,-0.0021732560919010815,0.6023204225586773
2015-07-24,0.02856240197864093,0.0,0.02856240197864093,0.6171022953715459
2015-07-25,0.00044820645771322923,0.0,0.00044820645771322923,0.6412570758952557
2015-07-26,0.008457887309014672,0.0,0.008457887309014672,0.6345174369171056
2015-07-27,0.002449465278761418,0.0,0.002449465278761418,0.671778070117557
2015-07-28,0.0024355655824696526,0.0,0.0024355655824696526,0.7643631256267779
2015-07-29,-0.014384489218163581,0.0,-0.014384489218163581,0.7992560804744419
2015-07-30,-0.004255589194662028,0.0,-0.004255589194662028,0.800835265706614
2015-07-31,-0.01047142906261618,0.0,-0.01047142906261618,0.8243792341004996
2015-08-01,-0.007888974246743273,0.0,-0.007888974246743273,0.7606528406544568
2015-08-02,0.002031697178133089,0.0,0.002031697178133089,0.7640995088673168
2015-08-03,-0.0006397454005601524,0.0,-0.0006397454005601524,0.7796565470213884
2015-08-04,0.008343970886779215,0.0,0.008343970886779215,0.7979061005268907
2015-08-05,-0.009380594059000718,0.0,-0.009380594059000718,0.8949228688880624
2015-08-06,-0.00985249980257452,0.0,-0.00985249980257452,0.8263577013408183
2015-08-07,0.0014571853597788742,0.0,0.0014571853597788742,0.8250918540263785
2015-08-08,-0.05002045405521636,0.0,-0.05002045405521636,0.7742342127773989
2015-08-09,0.006371205598652721,0.0,0.006371205598652721,0.3619275247496927
2015-08-10,-0.001943911381296783,0.0,-0.001943911381296783,0.3272874289065245
2015-08-11,0.007475773835467362,0.0,0.007475773835467362,0.30738842150231865
2015-08-12,-0.003774983777489596,0.0,-0.003774983777489596,0.29540476748255107
2015-08-13,-0.003990867229944941,0.0,-0.003990867229944941,0.28798349546070934
2015-08-14,0.0019316928263289634,0.0,0.0019316928263289634,0.29278904424010865
2015-08-15,-0.005119164825458249,0.0,-0.005119164825458249,0.300949294846155
2015-08-16,-0.00350014063433579,0.0,-0.00350014063433579,0.3065747700278662
2015-08-17,-0.001076647900449777,0.0,-0.001076647900449777,0.31545279438766394
2015-08-18,-0.04693353896617373,0.0,-0.04693353896617373,0.32628015678548866
2015-08-19,-0.00026741775285937076,0.0,-0.00026741775285937076,0.0
2015-08-20,0.0,0.0,0.0,0.0
2015-08-21,0.0,0.0,0.0,0.0
2015-08-22,0.0,0.0,0.0,0.0
2015-08-23,0.0,0.0,0.0,0.0
2015-08-24,0.0,0.0,0.0,0.0
2015-08-25,0.0,0.0,0.0,0.0
2015-08-26,0.0,0.0,0.0,0.0
2015-08-27,0.0,0.0,0.0,0.0
2015-08-28,0.0,0.0,0.0,0.0
2015-08-29,0.0,0.0,0.0,0.0
2015-08-30,0.0,0.0,0.0,0.0
2015-08-31,0.0,0.0,0.0,0.0
2015-09-01,0.0,0.0,0.0,0.0
2015-09-02,0.0,0.0,0.0,0.0
2015-09-03,0.0,0.0,0.0,0.0
2015-09-04,0.0,0.0,0.0,0.0
2015-09-05,0.0,0.0,0.0,0.0
2015-09-06,0.0,0.0,0.0,0.0
2015-09-07,0.0,0.0,0.0,0.0
2015-09-08,0.0,0.0,0.0,0.0
2015-09-09,0.0,0.0,0.0,0.0
2015-09-10,0.0,0.0,0.0,0.0
2015-09-11,0.0,0.0,0.0,0.0
2015-09-12,0.0,0.0,0.0,0.0
2015-09-13,0.0,0.0,0.0,0.0
2015-09-14,0.0,0.0,0.0,0.0
2015-09-15,0.0,0.0,0.0,0.0
2015-09-16,0.0,0.0,0.0,0.0
2015-09-17,0.0,0.0,0.0,0.0
2015-09-18,0.0,0.0,0.0,0.0
2015-09-19,0.0,0.0,0.0,0.0
2015-09-20,0.0,0.0,0.0,0.0
2015-09-21,0.0,0.0,0.0,0.0
2015-09-22,0.0,0.0,0.0,0.0
2015-09-23,0.0,0.0,0.0,0.0
2015-09-24,0.0,0.0,0.0,0.0
2015-09-25,0.0,0.0,0.0,0.0
2015-09-26,0.0,0.0,0.0,0.0
2015-09-27,0.0,0.0,0.0,0.0
2015-09-28,0.0,0.0,0.0,0.0
2015-09-29,0.0,0.0,0.0,0.0
2015-09-30,0.0,0.0,0.0,0.0
2015-10-01,0.0,0.0,0.0,0.0
2015-10-02,0.0,0.0,0.0,0.0
2015-10-03,0.0,0.0,0.0,0.0
2015-10-04,0.0,0.0,0.0,0.0
2015-10-05,0.0,0.0,0.0,0.0
2015-10-06,0.0,0.0,0.0,0.0
2015-10-07,-0.0021792996028939904,0.0,-0.0021792996028939904,0.15585427950284753
2015-10-08,-0.00015416680984693527,0.0,-0.00015416680984693527,0.0
2015-10-09,0.0,0.0,0.0,0.0
2015-10-10,0.0,0.0,0.0,0.0
2015-10-11,0.0,0.0,0.0,0.0
2015-10-12,-0.0018930268053154796,0.0,-0.0018930268053154796,0.17534872196014673
2015-10-13,0.003094512648248115,0.0,0.003094512648248115,0.17594103006949952
2015-10-14,0.0035416159120917356,0.0,0.0035416159120917356,0.34821076131310585
2015-10-15,0.002148194826247546,0.0,0.002148194826247546,0.3572707436683616
2015-10-16,0.020471590400082937,0.0,0.020471590400082937,0.6578340318600125
2015-10-17,0.023269274336714392,0.0,0.023269274336714392,0.6801731347626538
2015-10-18,-0.020899081710246355,0.0,-0.020899081710246355,0.6797792364364624
2015-10-19,0.0022257786159319234,0.0,0.0022257786159319234,0.6257126645468092
2015-10-20,0.016307411932733887,0.0,0.016307411932733887,0.666929978684393
2015-10-21,-0.006924761737853812,0.0,-0.006924761737853812,0.6956463061749067
2015-10-22,0.01980936565190091,0.0,0.01980936565190091,0.7218923484624216
2015-10-23,0.0084451566149749,0.0,0.0084451566149749,0.7413841513268835
2015-10-24,0.01424216507859158,0.0,0.01424216507859158,0.7976616302759371
2015-10-25,0.006883475537379697,0.0,0.006883475537379697,0.8423298860238904
2015-10-26,0.001943922009727044,0.0,0.001943922009727044,0.8885480238283638
2015-10-27,0.027466715837915663,0.0,0.027466715837915663,0.9333874903143651
2015-10-28,0.029831753697242672,0.0,0.029831753697242672,0.9964991724428642
2015-10-29,0.03417052153334736,0.0,0.03417052153334736,0.9972517468265925
2015-10-30,0.04309410957174964,0.0,0.04309410957174964,0.9733687144062815
2015-10-31,-0.04035189410650301,0.0,-0.04035189410650301,0.9205001494084648
2015-11-01,0.03395723867767579,0.0,0.03395723867767579,0.6825885131777136
2015-11-02,0.06624141512362473,0.0,0.06624141512362473,0.6291610270360718
2015-11-03,0.0373749634418872,0.0,0.0373749634418872,0.37810047364144533
2015-11-04,0.0036009875358373835,0.0,0.0036009875358373835,0.323499865103386
2015-11-05,-0.016996767777744663,0.0,-0.016996767777744663,0.342029965699942
2015-11-06,-0.009296023151650772,0.0,-0.009296023151650772,0.2996663603901559
2015-11-07,0.011169225300074236,0.0,0.011169225300074236,0.29730300227208395
2015-11-08,-0.01151554531314002,0.0,-0.01151554531314002,0.3138447347815615
2015-11-09,0.006686577152742758,0.0,0.006686577152742758,0.3058286027947738
2015-11-10,-0.03500566375049921,0.0,-0.03500566375049921,0.3257709699519781
2015-11-11,-0.019379349949779832,0.0,-0.019379349949779832,0.2257538907043123
2015-11-12,0.019490077819353573,0.0,0.019490077819353573,0.18719539452452835
2015-11-13,-0.00016311588765725564,0.0,-0.00016311588765725564,0.17920235292201314
2015-11-14,-0.0028291274203231342,0.0,-0.0028291274203231342,0.1909783131587586
2015-11-15,-0.008795438859191304,0.0,-0.008795438859191304,0.202653441654149
2015-11-16,0.007578629594842602,0.0,0.007578629594842602,0.194250862779079
2015-11-17,0.0031665246181219234,0.0,0.0031665246181219234,0.20372384581652414
2015-11-18,-7.045127272694128e-05,0.0,-7.045127272694128e-05,0.21704589041543546
2015-11-19,-0.006365861535420711,0.0,-0.006365861535420711,0.23158574717168898
2015-11-20,-0.002890471951137841,0.0,-0.002890471951137841,0.24196169363000158
2015-11-21,0.0026780334490436103,0.0,0.0026780334490436103,0.2571183674465905
2015-11-22,-0.0018929289416885944,0.0,-0.0018929289416885944,0.27383478220903423
2015-11-23,-0.0005929874637478125,0.0,-0.0005929874637478125,0.2920166445046626
2015-11-24,-0.0025700904269296233,0.0,-0.0025700904269296233,0.3119181154403716
2015-11-25,0.009242984783301447,0.0,0.009242984783301447,0.33078658360238883
2015-11-26,0.027959866546519593,0.0,0.027959866546519593,0.37067762746389343
2015-11-27,0.003002992481660758,0.0,0.003002992481660758,0.35046751792640785
2015-11-28,-0.0026839936475542424,0.0,-0.0026839936475542424,0.3823377811199049
2015-11-29,0.01715921090283948,0.0,0.01715921090283948,0.4052942446356162
2015-11-30,0.006349778364103736,0.0,0.006349778364103736,0.4140897766839557
2015-12-01,-0.016498166923388843,0.0,-0.016498166923388843,0.44202007208389776
2015-12-02,-0.003737146353495458,0.0,-0.003737146353495458,0.4285242342181727
2015-12-03,0.0022526040075590134,0.0,0.0022526040075590134,0.42365238516847853
2015-12-04,0.0022971806312156425,0.0,0.0022971806312156425,0.4529770990682957
2015-12-05,0.03369732992167329,0.0,0.03369732992167329,0.4694222922617187
2015-12-06,0.004945950291960005,0.0,0.004945950291960005,0.4588166909617688
2015-12-07,0.0025222258195730317,0.0,0.0025222258195730317,0.4840114339822996
2015-12-08,0.022897239567980922,0.0,0.022897239567980922,0.500366799733635
2015-12-09,0.004651138907065475,0.0,0.004651138907065475,0.49926823173466817
2015-12-10,-0.002297585734276621,0.0,-0.002297585734276621,0.5163381084223768
2015-12-11,0.046150264881739886,0.0,0.046150264881739886,0.5299629428759275
2015-12-12,-0.018142522707661847,0.0,-0.018142522707661847,0.45555660176940416
2015-12-13,-0.0014846146587837,0.0,-0.0014846146587837,0.4237779439279435
2015-12-14,0.00879263677344455,0.0,0.00879263677344455,0.44857354599711124
2015-12-15,0.021947939675227585,0.0,0.021947939675227585,0.47762610397679633
2015-12-16,-0.010402911127267624,0.0,-0.010402911127267624,0.4771365963071444
2015-12-17,0.0021050292509673003,0.0,0.0021050292509673003,0.47755148964175675
2015-12-18,0.006945439243986883,0.0,0.006945439243986883,0.4966436469736215
2015-12-19,-0.0020211450352711773,0.0,-0.0020211450352711773,0.5133896171725744
2015-12-20,-0.021375611035781002,0.0,-0.021375611035781002,0.5276719819944198
2015-12-21,-0.005122854466490438,0.0,-0.005122854466490438,0.5046806413464233
2015-12-22,-0.002705598877044161,0.0,-0.002705598877044161,0.5182488132276989
2015-12-23,0.008461494805080192,0.0,0.008461494805080192,0.5344927755638669
2015-12-24,0.014986930487126347,0.0,0.014986930487126347,0.549928269910057
2015-12-25,-0.00017867548402919977,0.0,-0.00017867548402919977,0.5574084396857071
2015-12-26,-0.04744251526146977,0.0,-0.04744251526146977,0.5757796560732442
2015-12-27,0.003962397518207487,0.0,0.003962397518207487,0.385338834660647
2015-12-28,-0.0015170353949416663,0.0,-0.0015170353949416663,0.4100738550523347
2015-12-29,0.009455249825246636,0.0,0.009455249825246636,0.4242413378966474
2015-12-30,-0.004822473911715514,0.0,-0.004822473911715514,0.4319261226332651
2015-12-31,0.0037337407566254,0.0,0.0037337407566254,0.44417151444169056
2016-01-01,0.0051942419518406415,0.0,0.0051942419518406415,0.45856191395687373
2016-01-02,-0.0002460598084447397,0.0,-0.0002460598084447397,0.47273914162516484
2016-01-03,-0.004448121919209281,0.0,-0.004448121919209281,0.48900777056925265
2016-01-04,0.00381975655140672,0.0,0.00381975655140672,0.5033329227627197
2016-01-05,-0.000908640647685784,0.0,-0.000908640647685784,0.5199633337963958
2016-01-06,-0.00232379454623083,0.0,-0.00232379454623083,0.5380012420825678
2016-01-07,0.03678771695412545,0.0,0.03678771695412545,0.5561037403996607
2016-01-08,-0.006319868968569729,0.0,-0.006319868968569729,0.5716621513764788
2016-01-09,-0.005375809437641499,0.0,-0.005375809437641499,0.5462596210319479
2016-01-10,-0.0015940367088425654,0.0,-0.0015940367088425654,0.6009958467746744
2016-01-11,0.0005715419029168715,0.0,0.0005715419029168715,0.5795206663368389
2016-01-12,-0.010471718445916135,0.0,-0.010471718445916135,0.6425364741941626
2016-01-13,-0.013676285509468814,0.0,-0.013676285509468814,0.6534597108116024
2016-01-14,-0.0032962836065262855,0.0,-0.0032962836065262855,0.5600723628912142
2016-01-15,-0.08058867192543279,0.0,-0.08058867192543279,0.5789634088117865
2016-01-16,0.010845715614788504,0.0,0.010845715614788504,0.202784843818314
2016-01-17,-0.003048279483365922,0.0,-0.003048279483365922,0.19225848495973488
2016-01-18,0.0013036950216789942,0.0,0.0013036950216789942,0.19458574490876165
2016-01-19,-0.003662430406034712,0.0,-0.003662430406034712,0.196978680082683
2016-01-20,0.02328398451525966,0.0,0.02328398451525966,0.20018646168228182
2016-01-21,-0.004298427724079758,0.0,-0.004298427724079758,0.15711958913468374
2016-01-22,-0.010598817293035905,0.0,-0.010598817293035905,0.16986523695310735
2016-01-23,0.002018763786633904,0.0,0.002018763786633904,0.1625289918009884
2016-01-24,0.006461811912209025,0.0,0.006461811912209025,0.1673792435544473
2016-01-25,-0.0043090215760283965,0.0,-0.0043090215760283965,0.17190405647552823
2016-01-26,-0.00031838248782444385,0.0,-0.00031838248782444385,0.18108231281746703
2016-01-27,0.0013162206035165608,0.0,0.0013162206035165608,0.19205106352800302
2016-01-28,-0.008208182825133435,0.0,-0.008208182825133435,0.2045709278357287
2016-01-29,-5.538541500715535e-05,0.0,-5.538541500715535e-05,0.11310623436623742
2016-01-30,-0.0005186072797468494,0.0,-0.0005186072797468494,0.13123120483106473
2016-01-31,-0.003261941609407576,0.0,-0.003261941609407576,0.11269565154917693
2016-02-01,0.0014628655341276378,0.0,0.0014628655341276378,0.10760080218088813
2016-02-02,0.0005099338228829437,0.0,0.0005099338228829437,0.08547215559038816
2016-02-03,-0.0014443359871037567,0.0,-0.0014443359871037567,0.08530873210189702
2016-02-04,0.006476705663256577,0.0,0.006476705663256577,0.062200799460272294
2016-02-05,-0.0015844892898587081,0.0,-0.0015844892898587081,0.10896219895607584
2016-02-06,-0.002910987960594145,0.0,-0.002910987960594145,0.08961446907368875
2016-02-07,0.00015614325130643237,0.0,0.00015614325130643237,0.08960804687721904
2016-02-08,-0.001296970812007268,0.0,-0.001296970812007268,0.06941452133894879
2016-02-09,0.0008071804426554335,0.0,0.0008071804426554335,0.09101696716238634
2016-02-10,0.001665827628736864,0.0,0.001665827628736864,0.09259350812391257
2016-02-11,-0.00043089835786749544,0.0,-0.00043089835786749544,0.09734841033779906
2016-02-12,0.0013902989152883684,0.0,0.0013902989152883684,0.10249208461402333
2016-02-13,0.0031402858618040253,0.0,0.0031402858618040253,0.16714539265020337
2016-02-14,0.007214254083729164,0.0,0.007214254083729164,0.17932488972673627
2016-02-15,-0.007294093594000405,0.0,-0.007294093594000405,0.41621606230038555
2016-02-16,0.008018681944009,0.0,0.008018681944009,0.39209207647895905
2016-02-17,0.009528240689506981,0.0,0.009528240689506981,0.47053649547074494
2016-02-18,0.0068311404855458755,0.0,0.0068311404855458755,0.5067188540616516
2016-02-19,-0.002251076570418827,0.0,-0.002251076570418827,0.5518138579857558
2016-02-20,0.027002787507487008,0.0,0.027002787507487008,0.5519463669540826
2016-02-21,-0.0018881771778325564,0.0,-0.0018881771778325564,0.6105543900675985
2016-02-22,-0.0015154479656286062,0.0,-0.0015154479656286062,0.5860827675023398
2016-02-23,-0.022449334452080895,0.0,-0.022449334452080895,0.6036638801817139
2016-02-24,0.005199128361088762,0.0,0.005199128361088762,0.5636728706583742
2016-02-25,7.041544040185574e-05,0.0,7.041544040185574e-05,0.623934401908087
2016-02-26,0.011288091690212703,0.0,0.011288091690212703,0.6456115599372215
2016-02-27,0.001725092059776937,0.0,0.001725092059776937,0.66103104447012
2016-02-28,0.00018856211904507618,0.0,0.00018856211904507618,0.6844102917483217
2016-02-29,0.007386718043588499,0.0,0.007386718043588499,0.7082186209207136
2016-03-01,-0.007794439784410703,0.0,-0.007794439784410703,0.7313682205517
2016-03-02,-0.015382545947186965,0.0,-0.015382545947186965,0.6949268099342824
2016-03-03,-0.006120247233586385,0.0,-0.006120247233586385,0.687298616171669
2016-03-04,-0.0160447280148031,0.0,-0.0160447280148031,0.5933119418002948
2016-03-05,-0.009322608458177173,0.0,-0.009322608458177173,0.34712099343737984
2016-03-06,0.005488449265458343,0.0,0.005488449265458343,0.3040463845835497
2016-03-07,0.008134847102796989,0.0,0.008134847102796989,0.34793612053470385
2016-03-08,-0.002490872155018886,0.0,-0.002490872155018886,0.5296181066059937
2016-03-09,0.0006685419284966331,0.0,0.0006685419284966331,0.3227313568868204
2016-03-10,0.0029789867063216365,0.0,0.0029789867063216365,0.33398943213392657
2016-03-11,0.004182679293022858,0.0,0.004182679293022858,0.5829905952356785
2016-03-12,-0.012895458278984643,0.0,-0.012895458278984643,0.6013256550735175
2016-03-13,0.001084365893610869,0.0,0.001084365893610869,0.3497212851405934
2016-03-14,0.0027427651038729496,0.0,0.0027427651038729496,0.36160890567924964
2016-03-15,0.00020332952234431532,0.0,0.00020332952234431532,0.37217614652050246
2016-03-16,0.0017306007792213284,0.0,0.0017306007792213284,0.4262743643715633
2016-03-17,0.0024939286625226833,0.0,0.0024939286625226833,0.7402525009208825
2016-03-18,-0.019761821479540306,0.0,-0.019761821479540306,0.8478912847930495
2016-03-19,-0.00016579604582347878,0.0,-0.00016579604582347878,0.4395774090243369
2016-03-20,0.0031530448485748382,0.0,0.0031530448485748382,0.4554051912378385
2016-03-21,-0.00048787025735338714,0.0,-0.00048787025735338714,0.42329636935337
2016-03-22,0.005340134213649647,0.0,0.005340134213649647,0.4387891264390188
2016-03-23,0.0012763114827752295,0.0,0.0012763114827752295,0.9119039674242164
2016-03-24,-0.008347140600388062,0.0,-0.008347140600388062,0.9452624841431704
2016-03-25,0.0032323203177265663,0.0,0.0032323203177265663,0.531159837490958
2016-03-26,0.0006065683058835249,0.0,0.0006065683058835249,0.9143229051408259
2016-03-27,0.02115345569552739,0.0,0.02115345569552739,1.0272709238937745
2016-03-28,-0.006131564771550562,0.0,-0.006131564771550562,1.0614819501315111
2016-03-29,-0.017136129701240014,0.0,-0.017136129701240014,1.00920207124515
2016-03-30,-0.007632429766590243,0.0,-0.007632429766590243,0.9836672818398182
2016-03-31,0.005391870201650973,0.0,0.005391870201650973,0.7377319116094903
2016-04-01,0.0024391771100293704,0.0,0.0024391771100293704,0.8540033077517535
2016-04-02,0.006331659062045524,0.0,0.006331659062045524,1.0688809527880392
2016-04-03,0.0007098088655241596,0.0,0.0007098088655241596,1.1846187965383954
2016-04-04,-0.0015532893959956983,0.0,-0.0015532893959956983,1.2110325525494299
2016-04-05,0.008311630835553896,0.0,0.008311630835553896,1.2299001071907374
2016-04-06,-0.0018797839230997079,0.0,-0.0018797839230997079,1.245114414208768
2016-04-07,-0.0013663564627059163,0.0,-0.0013663564627059163,1.264700866624757
2016-04-08,-0.008416145265097673,0.0,-0.008416145265097673,1.2850871093050031
2016-04-09,0.0002753977662586919,0.0,0.0002753977662586919,1.2274198489737689
2016-04-10,0.00945840568712217,0.0,0.00945840568712217,1.2473095865836838
2016-04-11,0.0038262163083416043,0.0,0.0038262163083416043,1.274630378618666
2016-04-12,0.012805325977388758,0.0,0.012805325977388758,1.321340666981944
2016-04-13,-0.00796257643730641,0.0,-0.00796257643730641,1.3252387234012457
2016-04-14,0.0029698271373741706,0.0,0.0029698271373741706,1.3297514573423261
2016-04-15,0.01499205059288723,0.0,0.01499205059288723,1.359195182457923
2016-04-16,0.004467126933115039,0.0,0.004467126933115039,1.3627601354821222
2016-04-17,-0.00926527772731738,0.0,-0.00926527772731738,1.3687395650794931
2016-04-18,0.0009111368319416727,0.0,0.0009111368319416727,1.373393388349884
2016-04-19,0.02516435250614988,0.0,0.02516435250614988,1.3796672787649917
2016-04-20,0.011020532944676736,0.0,0.011020532944676736,1.5420088900751392
2016-04-21,0.02259981319012113,0.0,0.02259981319012113,1.5472152664858458
2016-04-22,-0.01671842688290372,0.0,-0.01671842688290372,1.5408444167589372
2016-04-23,0.026878499331783438,0.0,0.026878499331783438,1.5399362733537998
2016-04-24,0.020863073248140185,0.0,0.020863073248140185,1.5440740558576327
2016-04-25,-0.0030562444038396337,0.0,-0.0030562444038396337,1.5382585625885803
2016-04-26,0.010914634975060011,0.0,0.010914634975060011,1.537228340703609
2016-04-27,-0.0630804778264161,0.0,-0.0630804778264161,1.5437626473415342
2016-04-28,-0.000622010880674398,0.0,-0.000622010880674398,0.9605589771422858
2016-04-29,0.012959193364045225,0.0,0.012959193364045225,0.9511070943457108
2016-04-30,-0.001223998401192827,0.0,-0.001223998401192827,0.9839394231416887
2016-05-01,0.009526897175325824,0.0,0.009526897175325824,1.0836288712908992
2016-05-02,-0.0007811548092270356,0.0,-0.0007811548092270356,1.1345935957941906
2016-05-03,0.0019471370703307545,0.0,0.0019471370703307545,1.0896159889361963
2016-05-04,-0.007184021228116163,0.0,-0.007184021228116163,1.1657683629786584
2016-05-05,0.008578795887959952,0.0,0.008578795887959952,1.202993621911683
2016-05-06,0.021145495469836302,0.0,0.021145495469836302,1.1967339261960053
2016-05-07,-0.0005548872090514919,0.0,-0.0005548872090514919,1.2114572951010458
2016-05-08,0.0018063904079912711,0.0,0.0018063904079912711,1.2551435623127971
2016-05-09,0.0012363238440133012,0.0,0.0012363238440133012,1.2269070654904974
2016-05-10,-0.026279248513758527,0.0,-0.026279248513758527,1.285734378579231
2016-05-11,0.017475212477243436,0.0,0.017475212477243436,1.1305590268408183
2016-05-12,0.0069600079356720995,0.0,0.0069600079356720995,1.2551077483070234
2016-05-13,0.017452891742596986,0.0,0.017452891742596986,1.296850073938245
2016-05-14,-0.008002115571183365,0.0,-0.008002115571183365,1.431684927757535
2016-05-15,6.010151264896382e-05,0.0,6.010151264896382e-05,1.474325801075148
2016-05-16,0.015378626203117644,0.0,0.015378626203117644,1.5177236831027683
2016-05-17,0.023953001988999335,0.0,0.023953001988999335,1.5189272566671441
2016-05-18,0.032933723481754246,0.0,0.032933723481754246,1.4457392473482595
2016-05-19,-0.02113360806433307,0.0,-0.02113360806433307,1.4821477761466701
2016-05-20,-0.00936190474252362,0.0,-0.00936190474252362,1.1156048356964736
2016-05-21,0.010393461489461278,0.0,0.010393461489461278,1.0437087462210841
2016-05-22,-0.002588721592089998,0.0,-0.002588721592089998,1.171078078174081
2016-05-23,-0.012256415877618419,0.0,-0.012256415877618419,1.107603925267552
2016-05-24,-0.009896398396206674,0.0,-0.009896398396206674,1.1144678567375297
2016-05-25,0.005311919233241784,0.0,0.005311919233241784,1.2440931044132137
2016-05-26,0.008357458278762725,0.0,0.008357458278762725,1.2637966042533857
2016-05-27,0.013527916095046217,0.0,0.013527916095046217,1.4016708676650187
2016-05-28,0.1554044091448543,0.0,0.1554044091448543,1.3173628777788198
2016-05-29,0.0028585185358726314,0.0,0.0028585185358726314,0.3752549881313075
2016-05-30,0.005941509861591485,0.0,0.005941509861591485,0.4035343454381681
2016-05-31,0.01315463969296273,0.0,0.01315463969296273,0.4303653272893601
2016-06-01,0.002394286133185766,0.0,0.002394286133185766,0.44545414080719375
2016-06-02,-0.00021691913522529474,0.0,-0.00021691913522529474,0.47379093861622334
2016-06-03,0.01868692347576046,0.0,0.01868692347576046,0.4920596982750337
2016-06-04,0.0006154291204605122,0.0,0.0006154291204605122,0.49728087091581685
2016-06-05,0.002608274840168566,0.0,0.002608274840168566,0.5157188727099433
2016-06-06,0.007515389793929375,0.0,0.007515389793929375,0.5485040878856422
2016-06-07,0.0029616495634256232,0.0,0.0029616495634256232,0.5984045514423137
2016-06-08,0.002511613260578636,0.0,0.002511613260578636,0.6246663615187444
2016-06-09,-0.0049473881100744604,0.0,-0.0049473881100744604,0.6656854932019256
2016-06-10,-0.005507510883678101,0.0,-0.005507510883678101,0.6926714653052943
2016-06-11,0.02360887585640717,0.0,0.02360887585640717,0.7211516493681318
2016-06-12,0.0701512706635741,0.0,0.0701512706635741,0.7009081483636396
2016-06-13,0.03876589875122963,0.0,0.03876589875122963,0.45297065135524694
2016-06-14,0.0017119774064557507,0.0,0.0017119774064557507,0.4291525659837855
2016-06-15,0.001076872919213298,0.0,0.001076872919213298,0.4373499129254661
2016-06-16,0.049433202836144885,0.0,0.049433202836144885,0.45993516497652
2016-06-17,-0.04981992099073051,0.0,-0.04981992099073051,0.36319168735627977
2016-06-18,-0.016793030020296966,0.0,-0.016793030020296966,0.24206425732796347
2016-06-19,0.006767083435878765,0.0,0.006767083435878765,0.1989376072071585
2016-06-20,-0.013150162217926354,0.0,-0.013150162217926354,0.2279431527965868
2016-06-21,-0.006375699609790368,0.0,-0.006375699609790368,0.2132423586887003
2016-06-22,-0.017029636051342237,0.0,-0.017029636051342237,0.20096171377545669
2016-06-23,0.010624369000375576,0.0,0.010624369000375576,0.16353200466662965
2016-06-24,0.011443736409311855,0.0,0.011443736409311855,0.17263271575342637
2016-06-25,0.000964343533058767,0.0,0.000964343533058767,0.19469614909113314
2016-06-26,-0.011374406384928214,0.0,-0.011374406384928214,0.20849948237767116
2016-06-27,0.006233250512760866,0.0,0.006233250512760866,0.1855304678021451
2016-06-28,-0.009779928245186722,0.0,-0.009779928245186722,0.19599715844547455
2016-06-29,0.0003376446121256557,0.0,0.0003376446121256557,0.19120614631748936
2016-06-30,0.007412666703708007,0.0,0.007412666703708007,0.2067293786976412
2016-07-01,-5.315249979172446e-05,0.0,-5.315249979172446e-05,0.20667998512194663
2016-07-02,0.005271203847465479,0.0,0.005271203847465479,0.21960216446969322
2016-07-03,-0.010928421988941225,0.0,-0.010928421988941225,0.2539109566490013
2016-07-04,0.002362344537748117,0.0,0.002362344537748117,0.22890845055251036
2016-07-05,-0.006921930738502877,0.0,-0.006921930738502877,0.213948373249845
2016-07-06,0.0024709856902669523,0.0,0.0024709856902669523,0.2172752807123556
2016-07-07,-0.015311655983212203,0.0,-0.015311655983212203,0.26983870427962714
2016-07-08,0.014687612712514451,0.0,0.014687612712514451,0.23013907551920354
2016-07-09,-0.006430278804259729,0.0,-0.006430278804259729,0.2491974128305369
2016-07-10,-0.0006604560489623613,0.0,-0.0006604560489623613,0.24566692070678603
2016-07-11,-0.0017241687327810185,0.0,-0.0017241687327810185,0.2799528304367134
2016-07-12,0.006931316589668234,0.0,0.006931316589668234,0.2624976584374825
2016-07-13,-0.004600248105423274,0.0,-0.004600248105423274,0.29543978479836497
2016-07-14,0.005964363933345891,0.0,0.005964363933345891,0.2890740721985931
2016-07-15,0.004164600558708655,0.0,0.004164600558708655,0.3332223101304879
2016-07-16,-0.002049423250681107,0.0,-0.002049423250681107,0.40515669517055297
2016-07-17,0.005387904265884437,0.0,0.005387904265884437,0.42287925332281634
2016-07-18,-0.004211752490674209,0.0,-0.004211752490674209,0.420063543559408
2016-07-19,0.002468842913418019,0.0,0.002468842913418019,0.41702704005646857
2016-07-20,0.003431076802125137,0.0,0.003431076802125137,0.5517837470274275
2016-07-21,0.0021245229042573515,0.0,0.0021245229042573515,0.5715361885315572
2016-07-22,0.008551779109948355,0.0,0.008551779109948355,0.6384284176780322
2016-07-23,0.0005500299668591743,0.0,0.0005500299668591743,0.6016772939472848
2016-07-24,-0.021874977435855054,0.0,-0.021874977435855054,0.6890482538100511
2016-07-25,0.011694095423467613,0.0,0.011694095423467613,0.6631931024787271
2016-07-26,-0.027538576487427,0.0,-0.027538576487427,0.6621653156371607
2016-07-27,0.017606363740341743,0.0,0.017606363740341743,0.6294223067142457
2016-07-28,-0.0025950568676263532,0.0,-0.0025950568676263532,0.6666440022595712
2016-07-29,0.0009298418309225625,0.0,0.0009298418309225625,0.711135663993345
2016-07-30,-0.007089837201034404,0.0,-0.007089837201034404,0.7560314620719217
2016-07-31,-0.0340363031368797,0.0,-0.0340363031368797,0.7145222886199156
2016-08-01,-0.019729513621221058,0.0,-0.019729513621221058,0.5448137432247014
2016-08-02,-0.07778131042500518,0.0,-0.07778131042500518,0.5002923076940423
2016-08-03,0.0031266169083371325,0.0,0.0031266169083371325,0.04350165872215258
2016-08-04,0.0010858459925537954,0.0,0.0010858459925537954,0.07676443456759915
2016-08-05,-0.0006499900121505007,0.0,-0.0006499900121505007,0.1548122989771421
2016-08-06,0.0010475680276107776,0.0,0.0010475680276107776,0.0809499974969303
2016-08-07,0.000942978048585607,0.0,0.000942978048585607,0.16726164741112104
2016-08-08,-0.000809194558246983,0.0,-0.000809194558246983,0.17456690635608857
2016-08-09,-0.0009649030715462957,0.0,-0.0009649030715462957,0.18942048677399656
2016-08-10,-0.0007422267195831981,0.0,-0.0007422267195831981,0.15908897906664599
2016-08-11,-0.0018750941354161086,0.0,-0.0018750941354161086,0.1451598493325421
2016-08-12,1.5207416914669815e-05,0.0,1.5207416914669815e-05,0.13572337898773906
2016-08-13,-0.001346257369332217,0.0,-0.001346257369332217,0.15552211678584676
2016-08-14,-0.003908584491634868,0.0,-0.003908584491634868,0.15303617055670354
2016-08-15,-0.0013159402153656732,0.0,-0.0013159402153656732,0.1245955942106302
2016-08-16,0.0020758546181070276,0.0,0.0020758546181070276,0.11968154810832607
2016-08-17,-0.002506647947243845,0.0,-0.002506647947243845,0.14558166697824124
2016-08-18,-0.00027800440647127346,0.0,-0.00027800440647127346,0.14545287049541394
2016-08-19,7.165923582095757e-05,0.0,7.165923582095757e-05,0.11454430434963733
2016-08-20,0.003947571793237695,0.0,0.003947571793237695,0.11524141629293654
2016-08-21,-0.0008006980793217923,0.0,-0.0008006980793217923,0.16928273211545503
2016-08-22,0.00038179507388300045,0.0,0.00038179507388300045,0.17675842568440311
2016-08-23,-0.00110220382267017,0.0,-0.00110220382267017,0.17318744803111175
2016-08-24,-0.0009811490565071242,0.0,-0.0009811490565071242,0.18060388928432755
2016-08-25,0.0007890184149508819,0.0,0.0007890184149508819,0.14547992328678444
2016-08-26,0.0004906387083291308,0.0,0.0004906387083291308,0.16308645256986684
2016-08-27,-0.0027930660654855877,0.0,-0.0027930660654855877,0.15397208680016383
2016-08-28,0.0005014570160150999,0.0,0.0005014570160150999,0.14986710079459226
2016-08-29,-0.0006837983972424164,0.0,-0.0006837983972424164,0.1882354616995506
2016-08-30,0.00198826128178631,0.0,0.00198826128178631,0.19114132181031673
2016-08-31,0.0007376911739188825,0.0,0.0007376911739188825,0.1778190457438734
2016-09-01,0.002368121610252504,0.0,0.002368121610252504,0.23864348438192404
2016-09-02,0.0014704954887942887,0.0,0.0014704954887942887,0.3254421687524415
2016-09-03,0.008578169431852653,0.0,0.008578169431852653,0.44122269663697017
2016-09-04,0.003310025759355835,0.0,0.003310025759355835,0.44847369614968513
2016-09-05,-0.0016143869683670792,0.0,-0.0016143869683670792,0.5380213357318901
2016-09-06,0.002723273459574483,0.0,0.002723273459574483,0.5608509731409198
2016-09-07,-0.0004710321712613897,0.0,-0.0004710321712613897,0.6246939891344929
2016-09-08,0.009194006999735318,0.0,0.009194006999735318,0.5611273142162881
2016-09-09,-0.008513430723914937,0.0,-0.008513430723914937,0.883433339928763
2016-09-10,0.004772698717403242,0.0,0.004772698717403242,0.5968315216345357
2016-09-11,-0.021140657891849695,0.0,-0.021140657891849695,0.6775718043661645
2016-09-12,0.0011000417029660352,0.0,0.0011000417029660352,0.5420331057748221
2016-09-13,0.0011623655308357797,0.0,0.0011623655308357797,0.6655869933115766
2016-09-14,0.00032413165833756726,0.0,0.00032413165833756726,0.6937728180798973
2016-09-15,-0.0011562765462804071,0.0,-0.0011562765462804071,0.7442912251592048
2016-09-16,0.010546944556552479,0.0,0.010546944556552479,0.7515605132884112
2016-09-17,0.006316339184239598,0.0,0.006316339184239598,0.977612111834386
2016-09-18,-0.008538449029292548,0.0,-0.008538449029292548,1.0321842176356144
2016-09-19,0.017375180065913754,0.0,0.017375180065913754,1.0209056116966528
2016-09-20,0.056042603730027625,0.0,0.056042603730027625,1.0385354556211017
2016-09-21,-0.03330580651465426,0.0,-0.03330580651465426,0.9584076208872101
2016-09-22,-0.014626469834474978,0.0,-0.014626469834474978,0.7724052895815094
2016-09-23,0.009619603237218584,0.0,0.009619603237218584,0.8025353746824493
2016-09-24,-0.009307233992956965,0.0,-0.009307233992956965,0.7868961202947546
2016-09-25,0.0012477467429496208,0.0,0.0012477467429496208,0.8321637366219617
2016-09-26,-0.0002702145487174281,0.0,-0.0002702145487174281,0.8553560683907466
2016-09-27,0.005267120059826256,0.0,0.005267120059826256,0.8766557003005633
2016-09-28,0.0057957846754281206,0.0,0.0057957846754281206,0.9371420582093632
2016-09-29,-0.004746304301277582,0.0,-0.004746304301277582,0.9732060722011098
2016-09-30,0.007432195293585811,0.0,0.007432195293585811,1.0104736549706748
2016-10-01,0.007544910319381259,0.0,0.007544910319381259,1.2347300947768283
2016-10-02,-0.0033272928550131995,0.0,-0.0033272928550131995,1.2608105890097037
2016-10-03,0.007949066733730196,0.0,0.007949066733730196,1.2857157932275913
2016-10-04,-0.00973691974876647,0.0,-0.00973691974876647,1.3133567550617036
2016-10-05,-0.006085419824714543,0.0,-0.006085419824714543,1.2644719156595572
2016-10-06,-0.008267284762478577,0.0,-0.008267284762478577,1.2845082844346412
2016-10-07,0.0013348256123031678,0.0,0.0013348256123031678,1.2678384753313976
2016-10-08,-0.014156229200330057,0.0,-0.014156229200330057,1.7857309731675168
2016-10-09,-0.00837014933534801,0.0,-0.00837014933534801,1.5592547495182356
2016-10-10,-0.004385282893811025,0.0,-0.004385282893811025,1.5688398670350254
2016-10-11,0.054700606288567225,0.0,0.054700606288567225,1.4249642956367412
2016-10-12,-0.011259904782225773,0.0,-0.011259904782225773,1.2588178488445938
2016-10-13,-0.0010634140763401871,0.0,-0.0010634140763401871,1.2534989970054315
2016-10-14,0.00635837903477333,0.0,0.00635837903477333,1.4140267262151502
2016-10-15,-0.0043187070601825575,0.0,-0.0043187070601825575,1.3250355271810124
2016-10-16,0.01084342760170019,0.0,0.01084342760170019,1.3573301924671768
2016-10-17,-0.007737405452924525,0.0,-0.007737405452924525,1.3909789786336029
2016-10-18,-0.0028359167921684775,0.0,-0.0028359167921684775,1.4137554263676129
2016-10-19,-0.03340624568946266,0.0,-0.03340624568946266,1.806263828520105
2016-10-20,-0.0023007506959084223,0.0,-0.0023007506959084223,1.4127759381037484
2016-10-21,0.004917147920097272,0.0,0.004917147920097272,1.535993105696001
2016-10-22,0.04899047175692513,0.0,0.04899047175692513,1.5485287518143775
2016-10-23,-0.004927726577567822,0.0,-0.004927726577567822,1.1039866036015786
2016-10-24,-0.0035152825625124353,0.0,-0.0035152825625124353,1.1639560871080594
2016-10-25,0.006660716849128794,0.0,0.006660716849128794,1.2476716408327653
2016-10-26,0.03582753342948778,0.0,0.03582753342948778,1.222701809911326
2016-10-27,0.018902058798918354,0.0,0.018902058798918354,1.1254056783645319
2016-10-28,0.00629347013068952,0.0,0.00629347013068952,1.1492258004250482
2016-10-29,0.044421219809823054,0.0,0.044421219809823054,1.2286895376201608
2016-10-30,-0.022858405759325677,0.0,-0.022858405759325677,1.0054585279488608
2016-10-31,-0.0006725307865473252,0.0,-0.0006725307865473252,0.8840144584096408
2016-11-01,0.04246376009213907,0.0,0.04246376009213907,0.9379670712911896
2016-11-02,0.010000869164111819,0.0,0.010000869164111819,0.7599054258856399
2016-11-03,-0.05193275503101941,0.0,-0.05193275503101941,0.8082928404861335
2016-11-04,0.009750516293431587,0.0,0.009750516293431587,0.447658082605917
2016-11-05,0.0008914452959840506,0.0,0.0008914452959840506,0.466860937982081
2016-11-06,0.005827783303799804,0.0,0.005827783303799804,0.4980368909332817
2016-11-07,-0.007249535675215896,0.0,-0.007249535675215896,0.5288800155295812
2016-11-08,0.004207951897666238,0.0,0.004207951897666238,0.5497627012957272
2016-11-09,0.007900267380188097,0.0,0.007900267380188097,0.5861403769258151
2016-11-10,-0.006612440156825993,0.0,-0.006612440156825993,0.6205918587981413
2016-11-11,0.00202100328066037,0.0,0.00202100328066037,0.6466814890405821
2016-11-12,-0.010725196170570231,0.0,-0.010725196170570231,0.6908525915683889
2016-11-13,-0.00020219889049435168,0.0,-0.00020219889049435168,0.6589490194663283
2016-11-14,0.0018449503686152429,0.0,0.0018449503686152429,0.6911059445733169
2016-11-15,0.006921597250476254,0.0,0.006921597250476254,0.7385210082440887
2016-11-16,0.03320440865575299,0.0,0.03320440865575299,0.7976937866075658
2016-11-17,-0.006799587911446169,0.0,-0.006799587911446169,0.7427129060730304
2016-11-18,0.014371101730239635,0.0,0.014371101730239635,0.7729602668816218
2016-11-19,0.0016901525221382817,0.0,0.0016901525221382817,0.8003313438574061
2016-11-20,-0.023780837537332487,0.0,-0.023780837537332487,0.8543453761447767
2016-11-21,0.006520069777397117,0.0,0.006520069777397117,0.7817239968573607
2016-11-22,0.012219283705079798,0.0,0.012219283705079798,0.8315585336185141
2016-11-23,-0.007927677451498936,0.0,-0.007927677451498936,0.8684034656128623
2016-11-24,-0.004546814260554302,0.0,-0.004546814260554302,0.9042411662927333
2016-11-25,0.0029172110913375394,0.0,0.0029172110913375394,0.9491419424627889
2016-11-26,-0.0064588287508103425,0.0,-0.0064588287508103425,0.9815630996984097
2016-11-27,-0.00952784314258355,0.0,-0.00952784314258355,1.006423755807666
2016-11-28,0.002963655881649443,0.0,0.002963655881649443,0.9414063105894674
2016-11-29,0.0021374343754904873,0.0,0.0021374343754904873,1.0617749270113754
2016-11-30,0.015305077270496856,0.0,0.015305077270496856,1.0985555767821626
2016-12-01,0.016378553404634667,0.0,0.016378553404634667,1.1092526615756677
2016-12-02,0.02758317861751449,0.0,0.02758317861751449,1.1197766425005633
2016-12-03,-0.008984685860983034,0.0,-0.008984685860983034,1.0888554742965042
2016-12-04,0.0003611871648572119,0.0,0.0003611871648572119,1.1021630788053234
2016-12-05,-0.020026822742863354,0.0,-0.020026822742863354,1.1387040663324073
2016-12-06,0.009561296490580313,0.0,0.009561296490580313,1.1039025810521395
2016-12-07,0.00862120984747525,0.0,0.00862120984747525,1.1350778936501065
2016-12-08,0.00398666609987606,0.0,0.00398666609987606,1.1696207234833755
2016-12-09,0.006415368496970235,0.0,0.006415368496970235,1.210548164332044
2016-12-10,0.005639742722873744,0.0,0.005639742722873744,1.2516169346082098
2016-12-11,-0.008095667320292025,0.0,-0.008095667320292025,1.2953527764888069
2016-12-12,0.013516168277974227,0.0,0.013516168277974227,1.3143014138529825
2016-12-13,0.0006287670633005737,0.0,0.0006287670633005737,1.3288440059755544
2016-12-14,-0.0033929772470434514,0.0,-0.0033929772470434514,1.349780259615132
2016-12-15,-0.001544381605430766,0.0,-0.001544381605430766,1.3683761314236804
2016-12-16,0.01057657408168821,0.0,0.01057657408168821,1.3894278010273284
2016-12-17,0.012768590795234236,0.0,0.012768590795234236,1.4031149072629177
2016-12-18,0.001676344666024281,0.0,0.001676344666024281,1.4084553735556804
2016-12-19,-0.0008022167302431059,0.0,-0.0008022167302431059,1.415236899745958
2016-12-20,0.016902091561201902,0.0,0.016902091561201902,1.4218389129976163
2016-12-21,0.05045863056020796,0.0,0.05045863056020796,1.4258446473669082
2016-12-22,0.04760751914159177,0.0,0.04760751914159177,1.3183262457763
2016-12-23,0.07726193846262398,0.0,0.07726193846262398,1.165200491875519
2016-12-24,-0.017865960845848506,0.0,-0.017865960845848506,0.6513510266511888
2016-12-25,0.003115844437936631,0.0,0.003115844437936631,0.5840503390341986
2016-12-26,0.004702791022846656,0.0,0.004702791022846656,0.6215298384552789
2016-12-27,0.016623349861299007,0.0,0.016623349861299007,0.6629817755599138
2016-12-28,0.03899711452710136,0.0,0.03899711452710136,0.6891194641056945
2016-12-29,-0.0039537194145999495,0.0,-0.0039537194145999495,0.581164748034278
2016-12-30,-0.007311489154922356,0.0,-0.007311489154922356,0.5943019546713785
2016-12-31,0.004671114389585979,0.0,0.004671114389585979,0.5957315642420373
2017-01-01,0.01848337157536836,0.0,0.01848337157536836,0.6350922977629389
2017-01-02,0.012755207443252727,0.0,0.012755207443252727,0.6566870409282085
2017-01-03,0.010593706369909788,0.0,0.010593706369909788,0.697067879960602
2017-01-04,0.0690978790469262,0.0,0.0690978790469262,0.7439481741025973
2017-01-05,-0.05893600298499636,0.0,-0.05893600298499636,0.5300547190437818
2017-01-06,-0.02280055359092238,0.0,-0.02280055359092238,0.2254550791557727
2017-01-07,0.0019535095894388393,0.0,0.0019535095894388393,0.16276848075954023
2017-01-08,0.0018896300568131844,0.0,0.0018896300568131844,0.16575159154034622
2017-01-09,-0.0018927056740424665,0.0,-0.0018927056740424665,0.19830939976752443
2017-01-10,0.0006317117772388574,0.0,0.0006317117772388574,0.21225586210946232
2017-01-11,-0.028973976207987744,0.0,-0.028973976207987744,0.24966032058052193
2017-01-12,0.002842389385260874,0.0,0.002842389385260874,0.16174110795119168
2017-01-13,0.004196855882779887,0.0,0.004196855882779887,0.13804437884529328
2017-01-14,-0.0014469045651673295,0.0,-0.0014469045651673295,0.16812509303971762
2017-01-15,0.0009733651700878379,0.0,0.0009733651700878379,0.17479047991034305
2017-01-16,0.001358858647846569,0.0,0.001358858647846569,0.18255522374621236
2017-01-17,0.016218849525032174,0.0,0.016218849525032174,0.15712845463150987
2017-01-18,-0.0052571856334782995,0.0,-0.0052571856334782995,0.20412197335401291
2017-01-19,0.0044820016543949655,0.0,0.0044820016543949655,0.2147919886442504
2017-01-20,-0.0015060291002464451,0.0,-0.0015060291002464451,0.23901707046661275
2017-01-21,0.009233374232488925,0.0,0.009233374232488925,0.332025751571111
2017-01-22,-0.005484347356618763,0.0,-0.005484347356618763,0.4654464338353183
2017-01-23,9.412064693467331e-05,0.0,9.412064693467331e-05,0.4140726717068335
2017-01-24,-0.014655696992858316,0.0,-0.014655696992858316,0.5465616907530608
2017-01-25,0.0018063325670334806,0.0,0.0018063325670334806,0.40073856152680987
2017-01-26,0.00802932142776154,0.0,0.00802932142776154,0.3891577761619705
2017-01-27,-0.00020994608376710022,0.0,-0.00020994608376710022,0.4940628110081934
2017-01-28,0.0012658549829480043,0.0,0.0012658549829480043,0.5460195552929631
2017-01-29,-0.004034532864819045,0.0,-0.004034532864819045,0.5661342055658014
2017-01-30,0.002757298609262563,0.0,0.002757298609262563,0.5110739661608104
2017-01-31,0.025046837549613413,0.0,0.025046837549613413,0.6670119635867438
2017-02-01,0.00898265511326765,0.0,0.00898265511326765,0.6395724515641641
2017-02-02,0.011354092578716888,0.0,0.011354092578716888,0.6846620585847866
2017-02-03,0.008524439875985642,0.0,0.008524439875985642,0.913347429605428
2017-02-04,0.026224144663062835,0.0,0.026224144663062835,0.9463965843164437
2017-02-05,-0.017690495022801418,0.0,-0.017690495022801418,1.1000510319178165
2017-02-06,0.009237350093675246,0.0,0.009237350093675246,1.0748735637646212
2017-02-07,0.023319387765376922,0.0,0.023319387765376922,1.1483170033567147
2017-02-08,-0.004871943041861386,0.0,-0.004871943041861386,1.1704691025960199
2017-02-09,-0.06187361851374842,0.0,-0.06187361851374842,1.2126136393558398
2017-02-10,0.02077541373608289,0.0,0.02077541373608289,0.8404980633948659
2017-02-11,0.010165448889833855,0.0,0.010165448889833855,0.8694825132172614
2017-02-12,-0.002752772991273651,0.0,-0.002752772991273651,0.9213052681379214
2017-02-13,-0.006438494428658862,0.0,-0.006438494428658862,0.9807720704959386
2017-02-14,0.08475158289880576,0.0,0.08475158289880576,1.0375383062283836
2017-02-15,-0.0012320157083697265,0.0,-0.0012320157083697265,0.538315373735616
2017-02-16,0.00513540502108175,0.0,0.00513540502108175,0.5780229377472723
2017-02-17,0.005070298563683059,0.0,0.005070298563683059,0.6097786181750013
2017-02-18,0.003144116887432607,0.0,0.003144116887432607,0.6454695882917671
2017-02-19,-0.0015587858589843297,0.0,-0.0015587858589843297,0.6899525139961538
2017-02-20,0.008205661822339096,0.0,0.008205661822339096,0.7330201468502674
2017-02-21,0.01801899754014534,0.0,0.01801899754014534,0.7666139610510332
2017-02-22,-0.0015942514983203681,0.0,-0.0015942514983203681,0.7839762891340876
2017-02-23,0.03768961018801026,0.0,0.03768961018801026,0.8306212097829304
2017-02-24,-0.0030575250452222692,0.0,-0.0030575250452222692,0.7605631928774869
2017-02-25,-0.0010352236533269325,0.0,-0.0010352236533269325,0.7983705133339137
2017-02-26,0.03491575374882966,0.0,0.03491575374882966,0.8041480902852669
2017-02-27,0.027248428205493763,0.0,0.027248428205493763,0.7502287691022962
2017-02-28,-0.00202055181019656,0.0,-0.00202055181019656,0.7549768184105792
2017-03-01,0.05165800452854903,0.0,0.05165800452854903,0.7902419190747638
2017-03-02,0.042064862382553914,0.0,0.042064862382553914,0.6751181934259376
2017-03-03,0.01466506756060833,0.0,0.01466506756060833,0.6281934909175959
2017-03-04,-0.018488238808193152,0.0,-0.018488238808193152,0.6687589397314123
2017-03-05,0.009578951225666914,0.0,0.009578951225666914,0.6101540606207222
2017-03-06,0.006920150317794557,0.0,0.006920150317794557,0.6516796517928642
2017-03-07,-0.027350770510164817,0.0,-0.027350770510164817,0.6962196413753321
2017-03-08,-0.05096188721093855,0.0,-0.05096188721093855,0.5856863401001504
2017-03-09,0.016906137485821388,0.0,0.016906137485821388,0.3579463747696468
2017-03-10,-0.0067275142122294575,0.0,-0.0067275142122294575,0.3808032940320879
2017-03-11,0.03328860583702385,0.0,0.03328860583702385,0.3202959528780084
2017-03-12,0.024051071098633147,0.0,0.024051071098633147,0.2998665550368764
2017-03-13,0.04230622557974726,0.0,0.04230622557974726,0.3194277161694691
2017-03-14,0.0012348546500185562,0.0,0.0012348546500185562,0.2919176622064546
2017-03-15,0.024045186800463445,0.0,0.024045186800463445,0.3097295231395862
2017-03-16,0.022003770030490262,0.0,0.022003770030490262,0.3064496898161138
2017-03-17,-0.018702211579087042,0.0,-0.018702211579087042,0.25075720077566754
2017-03-18,-0.03607391083932703,0.0,-0.03607391083932703,0.21051150589403417
2017-03-19,0.025469597130317698,0.0,0.025469597130317698,0.10811761948360753
2017-03-20,-0.001997846910651271,0.0,-0.001997846910651271,0.1370666568951805
2017-03-21,0.005218258884133363,0.0,0.005218258884133363,0.13975049613672652
2017-03-22,-0.006440652306299569,0.0,-0.006440652306299569,0.14838166234829625
2017-03-23,0.0033053931235169933,0.0,0.0033053931235169933,0.13858813196194983
2017-03-24,0.014121247512537558,0.0,0.014121247512537558,0.145141901001547
2017-03-25,-0.0036374512593382335,0.0,-0.0036374512593382335,0.10267703512035625
2017-03-26,0.0001271663884641742,0.0,0.0001271663884641742,0.10297828958927263
2017-03-27,0.0013878687622016234,0.0,0.0013878687622016234,0.10678037050686681
2017-03-28,0.0027818188305378942,0.0,0.0027818188305378942,0.1415672907010334
2017-03-29,0.004980620650607169,0.0,0.004980620650607169,0.1528894539197293
2017-03-30,-0.002234448900762092,0.0,-0.002234448900762092,0.1646260542234635
2017-03-31,-0.0010977958173804404,0.0,-0.0010977958173804404,0.17577861199281425
2017-04-01,0.0020978694745329056,0.0,0.0020978694745329056,0.21609758163578496
2017-04-02,-0.0017661931486252825,0.0,-0.0017661931486252825,0.2353497800229597
2017-04-03,-0.004426929282167771,0.0,-0.004426929282167771,0.25468144561033257
2017-04-04,-0.00028941340835792563,0.0,-0.00028941340835792563,0.2811255603631675
2017-04-05,0.0011526791233196308,0.0,0.0011526791233196308,0.3079099522270468
2017-04-06,0.005503597829962054,0.0,0.005503597829962054,0.33535465089178
2017-04-07,-0.0019997468286301633,0.0,-0.0019997468286301633,0.3526897555974454
2017-04-08,0.002383564446108299,0.0,0.002383564446108299,0.3959131064582373
2017-04-09,0.005606232806267745,0.0,0.005606232806267745,0.40102381322303937
2017-04-10,-0.000344508359236955,0.0,-0.000344508359236955,0.4475674256650649
2017-04-11,0.00478723497015981,0.0,0.00478723497015981,0.4773508645358169
2017-04-12,0.0035985419468861643,0.0,0.0035985419468861643,0.48549215051209826
2017-04-13,-0.001440417165436965,0.0,-0.001440417165436965,0.5138920777638549
2017-04-14,-0.008013109967265645,0.0,-0.008013109967265645,0.5413421749222392
2017-04-15,0.006513912591654269,0.0,0.006513912591654269,0.5483664941786899
2017-04-16,-0.0034909407955140102,0.0,-0.0034909407955140102,0.601085157016718
2017-04-17,0.005835611109175176,0.0,0.005835611109175176,0.6699780046826138
2017-04-18,0.012437371766040402,0.0,0.012437371766040402,0.7277987411443902
2017-04-19,-0.004136795488739107,0.0,-0.004136795488739107,0.7701369222714454
2017-04-20,0.01821393282197113,0.0,0.01821393282197113,0.8146029978244776
2017-04-21,0.0009645037484051342,0.0,0.0009645037484051342,0.8479388081606625
2017-04-22,-0.0016413218247029245,0.0,-0.0016413218247029245,0.9054749231476875
2017-04-23,0.004564978332927702,0.0,0.004564978332927702,0.9482003535918797
2017-04-24,0.01013854038929311,0.0,0.01013854038929311,0.9625463380117668
2017-04-25,0.013145614548437781,0.0,0.013145614548437781,0.9962988014317289
2017-04-26,0.028038376407832404,0.0,0.028038376407832404,1.023912660051265
2017-04-27,0.08592736157366941,0.0,0.08592736157366941,1.0669122490669378
2017-04-28,0.029395236135739838,0.0,0.029395236135739838,0.699356536465024
2017-04-29,-0.004370816765578161,0.0,-0.004370816765578161,0.6967116683677087
2017-04-30,0.03762307019813633,0.0,0.03762307019813633,0.7266726999684051
2017-05-01,0.015413665700071577,0.0,0.015413665700071577,0.7044675349320155
2017-05-02,0.008113637330172837,0.0,0.008113637330172837,0.7043709020433784
2017-05-03,0.028529959173379835,0.0,0.028529959173379835,0.7502100408949985
2017-05-04,0.03491748320138866,0.0,0.03491748320138866,0.745789204483599
2017-05-05,-0.01134936300014809,0.0,-0.01134936300014809,0.7355709986020759
2017-05-06,0.024059169789370276,0.0,0.024059169789370276,0.7139105050281376
2017-05-07,-0.05131157600974428,0.0,-0.05131157600974428,0.7405500818962745
2017-05-08,0.06474550273716781,0.0,0.06474550273716781,0.49009457786330385
2017-05-09,0.0017318480135545735,0.0,0.0017318480135545735,0.31962110213666284
2017-05-10,0.010608866284169148,0.0,0.010608866284169148,0.3386791515415934
2017-05-11,0.007594551862679703,0.0,0.007594551862679703,0.3580632486131551
2017-05-12,-0.020628001843241,0.0,-0.020628001843241,0.3812822290070165
2017-05-13,0.013199929454032906,0.0,0.013199929454032906,0.3120533609937713
2017-05-14,0.00313336055352113,0.0,0.00313336055352113,0.3259167250392552
2017-05-15,-0.006845247279901877,0.0,-0.006845247279901877,0.347577633356779
2017-05-16,0.0005157796481353306,0.0,0.0005157796481353306,0.3528902382376289
2017-05-17,0.005997485660663159,0.0,0.005997485660663159,0.37412196262062525
2017-05-18,0.019945563727896635,0.0,0.019945563727896635,0.3967136233965573
2017-05-19,0.035096999282758785,0.0,0.035096999282758785,0.396176773201566
2017-05-20,0.010676890412124421,0.0,0.010676890412124421,0.3382128774406146
2017-05-21,0.01885631393407873,0.0,0.01885631393407873,0.35650572881194686
2017-05-22,0.00915743630226582,0.0,0.00915743630226582,0.36974922822775635
2017-05-23,0.03521971444835242,0.0,0.03521971444835242,0.39510904705266076
2017-05-24,0.03723588339641774,0.0,0.03723588339641774,0.36334596349351345
2017-05-25,-0.01975000325997053,0.0,-0.01975000325997053,0.35235184331407066
2017-05-26,-0.016328734258158412,0.0,-0.016328734258158412,0.31815932269909936
2017-05-27,-0.030140090039376625,0.0,-0.030140090039376625,0.3081937677653396
2017-05-28,0.032555296230754205,0.0,0.032555296230754205,0.23897091899027087
2017-05-29,0.013520699962301357,0.0,0.013520699962301357,0.23259043347240438
2017-05-30,0.007776852462946236,0.0,0.007776852462946236,0.24368877694881524
2017-05-31,0.009306824200629534,0.0,0.009306824200629534,0.24584698584467565
2017-06-01,0.002993581833013454,0.0,0.002993581833013454,0.2566057170265468
2017-06-02,0.005470200302355164,0.0,0.005470200302355164,0.26941315990188547
2017-06-03,0.005877989482973743,0.0,0.005877989482973743,0.2863827252424644
2017-06-04,0.007808203810843501,0.0,0.007808203810843501,0.30524102150032556
2017-06-05,0.011532341381206603,0.0,0.011532341381206603,0.3220943091217361
2017-06-06,0.019050872684774487,0.0,0.019050872684774487,0.33508745997288236
2017-06-07,-0.01352528263571514,0.0,-0.01352528263571514,0.3431322001384225
2017-06-08,0.006709536376576283,0.0,0.006709536376576283,0.3191414395690678
2017-06-09,0.008792900082655045,0.0,0.008792900082655045,0.33945641144397487
2017-06-10,0.035424363767306774,0.0,0.035424363767306774,0.36031599243199064
2017-06-11,0.003126653332743441,0.0,0.003126653332743441,0.33363363535035784
2017-06-12,-0.005873492203818187,0.0,-0.005873492203818187,0.35386917105280036
2017-06-13,0.002511465546634239,0.0,0.002511465546634239,0.31386814632066407
2017-06-14,-0.03979050714436109,0.0,-0.03979050714436109,0.33197662728850835
2017-06-15,-0.0019148286887298964,0.0,-0.0019148286887298964,0.2399422405552373
2017-06-16,0.006884324402043925,0.0,0.006884324402043925,0.25439481152667165
2017-06-17,0.014642916473753277,0.0,0.014642916473753277,0.2584529234550871
2017-06-18,-0.013173592640302061,0.0,-0.013173592640302061,0.2913100629950317
2017-06-19,0.0067604988199071,0.0,0.0067604988199071,0.2607458262719349
2017-06-20,0.006000076899224535,0.0,0.006000076899224535,0.2768292422038824
2017-06-21,-0.013444921515017588,0.0,-0.013444921515017588,0.30555404359750993
2017-06-22,0.0027345971369485524,0.0,0.0027345971369485524,0.2829736001193082
2017-06-23,0.0015888062274023486,0.0,0.0015888062274023486,0.3187677272655023
2017-06-24,-0.013126191607004062,0.0,-0.013126191607004062,0.34055991648441125
2017-06-25,-0.011871755058183539,0.0,-0.011871755058183539,0.2970038200474516
2017-06-26,-0.010332242565106266,0.0,-0.010332242565106266,0.29683694691533236
2017-06-27,0.013807957897548278,0.0,0.013807957897548278,0.30353026816477735
2017-06-28,0.012398948923360437,0.0,0.012398948923360437,0.29999959196760495
2017-06-29,-0.008605996776197736,0.0,-0.008605996776197736,0.3181093449621176
2017-06-30,-0.012181829277669287,0.0,-0.012181829277669287,0.3288030586322769
2017-07-01,-0.007898102674702588,0.0,-0.007898102674702588,0.3193665794756058
2017-07-02,0.016392764395035297,0.0,0.016392764395035297,0.33482938278594027
2017-07-03,-0.00013271866659319854,0.0,-0.00013271866659319854,0.34624605600257485
2017-07-04,0.002007704330481349,0.0,0.002007704330481349,0.3728653512058636
2017-07-05,-7.926734307086823e-05,0.0,-7.926734307086823e-05,0.3967024531278135
2017-07-06,-0.00036982672547642255,0.0,-0.00036982672547642255,0.4035253934779457
2017-07-07,-0.02462140078805033,0.0,-0.02462140078805033,0.4314848405474939
2017-07-08,0.008253328265359402,0.0,0.008253328265359402,0.35856395560702925
2017-07-09,-0.008222916556059402,0.0,-0.008222916556059402,0.37617604477367317
2017-07-10,-0.03776811899894057,0.0,-0.03776811899894057,0.3909083691254824
2017-07-11,-0.005905836543755252,0.0,-0.005905836543755252,0.2984262732969509
2017-07-12,0.019722895783216822,0.0,0.019722895783216822,0.308510145891622
2017-07-13,-0.010358536481325084,0.0,-0.010358536481325084,0.2943901920875014
2017-07-14,-0.015575289881447485,0.0,-0.015575289881447485,0.3056727025256419
2017-07-15,-0.03400501712978795,0.0,-0.03400501712978795,0.30117169189759624
2017-07-16,-0.007245516502284057,0.0,-0.007245516502284057,0.12683573520771788
2017-07-17,0.02149254355422169,0.0,0.02149254355422169,0.12144960145584402
2017-07-18,0.013051846131580079,0.0,0.013051846131580079,0.16081249862774558
2017-07-19,-0.010577567190775551,0.0,-0.010577567190775551,0.15852794751055635
2017-07-20,0.031768280300771265,0.0,0.031768280300771265,0.16499008683258723
2017-07-21,-0.008310570282757586,0.0,-0.008310570282757586,0.15859760017282687
2017-07-22,0.010427660576015935,0.0,0.010427660576015935,0.17289000502164417
2017-07-23,-0.003929908255688568,0.0,-0.003929908255688568,0.19372921580634814
2017-07-24,-0.0005689244969661959,0.0,-0.0005689244969661959,0.21318672242005401
2017-07-25,-0.013019702336997568,0.0,-0.013019702336997568,0.24131026825051727
2017-07-26,-0.0028407371496798764,0.0,-0.0028407371496798764,0.23664808398941006
2017-07-27,0.009411243551971546,0.0,0.009411243551971546,0.22847138136479006
2017-07-28,0.0056987145402105956,0.0,0.0056987145402105956,0.25191799280534666
2017-07-29,-0.002306583524772327,0.0,-0.002306583524772327,0.22621764607451844
2017-07-30,0.000657426236401857,0.0,0.000657426236401857,0.28770892212426286
2017-07-31,0.008193618954456522,0.0,0.008193618954456522,0.2598192164340961
2017-08-01,-0.002974474741395715,0.0,-0.002974474741395715,0.2720862267904529
2017-08-02,-0.005139186250488243,0.0,-0.005139186250488243,0.33116850659566305
2017-08-03,0.011693875976238123,0.0,0.011693875976238123,0.35495098278402654
2017-08-04,0.004865486763885593,0.0,0.004865486763885593,0.3454315498086967
2017-08-05,0.045196924648623696,0.0,0.045196924648623696,0.4018795181378174
2017-08-06,0.0070728514758390286,0.0,0.0070728514758390286,0.35099910112362653
2017-08-07,0.014832435072046797,0.0,0.014832435072046797,0.4016408067328007
2017-08-08,0.018705425342354486,0.0,0.018705425342354486,0.4287335261909504
2017-08-09,-0.004710867550922193,0.0,-0.004710867550922193,0.44991226448125143
2017-08-10,0.01004729912147629,0.0,0.01004729912147629,0.4642421225005081
2017-08-11,0.022829854566940613,0.0,0.022829854566940613,0.49427553827865583
2017-08-12,0.015743997791076672,0.0,0.015743997791076672,0.5028678299810556
2017-08-13,0.0070959942323863935,0.0,0.0070959942323863935,0.5260376554099879
2017-08-14,0.019749263288926122,0.0,0.019749263288926122,0.5534999031138563
2017-08-15,-0.021454186554590682,0.0,-0.021454186554590682,0.5744686726006021
2017-08-16,0.026920229705268597,0.0,0.026920229705268597,0.5470582657680518
2017-08-17,-0.0033602674562317855,0.0,-0.0033602674562317855,0.558121452747806
2017-08-18,-0.021716082501647006,0.0,-0.021716082501647006,0.5837963370047565
2017-08-19,0.005038912759902392,0.0,0.005038912759902392,0.5558363395465064
2017-08-20,-0.002395897350092951,0.0,-0.002395897350092951,0.5948115012371101
2017-08-21,0.010974435893443749,0.0,0.010974435893443749,0.6275399549931477
2017-08-22,0.0030265501157586095,0.0,0.0030265501157586095,0.6664356371521586
2017-08-23,0.00926017537710639,0.0,0.00926017537710639,0.6736703294687143
2017-08-24,0.022791302184741877,0.0,0.022791302184741877,0.7184899448081679
2017-08-25,0.008162289054316329,0.0,0.008162289054316329,0.7360509015882338
2017-08-26,0.0011592527622856078,0.0,0.0011592527622856078,0.7618003620083362
2017-08-27,0.012648157220726076,0.0,0.012648157220726076,0.7868554682454407
2017-08-28,0.005582138534940121,0.0,0.005582138534940121,0.80954473243732
2017-08-29,0.047349435579424295,0.0,0.047349435579424295,0.838424636955446
2017-08-30,0.009446779187060902,0.0,0.009446779187060902,0.8244353216355556
2017-08-31,0.01804004436682698,0.0,0.01804004436682698,0.8494702119685604
2017-09-01,0.01950732879520643,0.0,0.01950732879520643,0.8734039170287086
2017-09-02,-0.07389113322293282,0.0,-0.07389113322293282,0.896193294498425
2017-09-03,0.004277950565212226,0.0,0.004277950565212226,0.5466534680321892
2017-09-04,-0.04330248414451081,0.0,-0.04330248414451081,0.5848622082344358
2017-09-05,0.009805399095714812,0.0,0.009805399095714812,0.42765135158372625
2017-09-06,0.019138152727514252,0.0,0.019138152727514252,0.4637828434039021
2017-09-07,0.0009319275852742864,0.0,0.0009319275852742864,0.48552622878310936
2017-09-08,-0.03287358165476043,0.0,-0.03287358165476043,0.5016857951914576
2017-09-09,-0.0029973571231013403,0.0,-0.0029973571231013403,0.36551056305304314
2017-09-10,-0.005751056554685292,0.0,-0.005751056554685292,0.3902368152392342
2017-09-11,-0.0042260877680015034,0.0,-0.0042260877680015034,0.4000914612434435
2017-09-12,-0.004577131511134801,0.0,-0.004577131511134801,0.426446217224801
2017-09-13,-0.027703235739236737,0.0,-0.027703235739236737,0.45451768636447987
2017-09-14,-0.06068598357146922,0.0,-0.06068598357146922,0.31993119847864876
2017-09-15,0.027734117131834175,0.0,0.027734117131834175,0.14593504474060262
2017-09-16,-0.0007265196594107394,0.0,-0.0007265196594107394,0.13670628078559444
2017-09-17,0.0014089929390709074,0.0,0.0014089929390709074,0.1433095020008893
2017-09-18,0.02511390416876242,0.0,0.02511390416876242,0.15071564993309797
2017-09-19,-0.009173058264614432,0.0,-0.009173058264614432,0.18447343561852175
2017-09-20,-0.0010504896408721118,0.0,-0.0010504896408721118,0.175101188317287
2017-09-21,-0.018120282462361473,0.0,-0.018120282462361473,0.18823837169499802
2017-09-22,0.0016083228019124268,0.0,0.0016083228019124268,0.15509731010657452
2017-09-23,0.012505804575722946,0.0,0.012505804575722946,0.1597869011296588
2017-09-24,-0.0036998960709936552,0.0,-0.0036998960709936552,0.2016892840449489
2017-09-25,0.011887698393033948,0.0,0.011887698393033948,0.21517493128955484
2017-09-26,-0.002796787176960881,0.0,-0.002796787176960881,0.23557775550677443
2017-09-27,0.018106863451829887,0.0,0.018106863451829887,0.2446854028119319
2017-09-28,-0.003110598165508455,0.0,-0.003110598165508455,0.32829775400246675
2017-09-29,-0.005002799488309181,0.0,-0.005002799488309181,0.3440687026028945
2017-09-30,0.01396389247917829,0.0,0.01396389247917829,0.36702864284251835
2017-10-01,0.0029431273791603314,0.0,0.0029431273791603314,0.3819643767446296
2017-10-02,-0.003058646698900853,0.0,-0.003058646698900853,0.4116814741026958
2017-10-03,-0.006292053188455104,0.0,-0.006292053188455104,0.42591754010222793
2017-10-04,-0.005446339523063845,0.0,-0.005446339523063845,0.4663982786482014
2017-10-05,0.00854268057695259,0.0,0.00854268057695259,0.4947428148365318
2017-10-06,0.01158812733032051,0.0,0.01158812733032051,0.5234989303833083
2017-10-07,0.007439504763442746,0.0,0.007439504763442746,0.5532174948046406
2017-10-08,0.009805491742092573,0.0,0.009805491742092573,0.619765318083755
2017-10-09,0.0021444242871468174,0.0,0.0021444242871468174,0.6821223207576002
2017-10-10,-0.0013037669391226191,0.0,-0.0013037669391226191,0.6627636674050332
2017-10-11,0.010318471794457983,0.0,0.010318471794457983,0.704456065863919
2017-10-12,0.051924259902941104,0.0,0.051924259902941104,0.7433483819742068
2017-10-13,0.04835276761865638,0.0,0.04835276761865638,0.6499219982553239
2017-10-14,0.012605048723923686,0.0,0.012605048723923686,0.584485034978282
2017-10-15,-0.00875907258624154,0.0,-0.00875907258624154,0.6223817195570831
2017-10-16,0.0031595630278290366,0.0,0.0031595630278290366,0.6390894334709816
2017-10-17,-0.027843364736687335,0.0,-0.027843364736687335,0.6825373252244114
2017-10-18,-0.0027611446088009355,0.0,-0.0027611446088009355,0.6319957440622075
2017-10-19,0.0026027020384966596,0.0,0.0026027020384966596,0.6718679331744435
2017-10-20,0.013398880444659247,0.0,0.013398880444659247,0.6886185430219336
2017-10-21,-0.002318083579685598,0.0,-0.002318083579685598,0.667740119159358
2017-10-22,-0.007389915622007537,0.0,-0.007389915622007537,0.6781066545011274
2017-10-23,-0.017024612201525856,0.0,-0.017024612201525856,0.7099052008366298
2017-10-24,-0.019565530449577585,0.0,-0.019565530449577585,0.5941593501566396
2017-10-25,0.01630291190351182,0.0,0.01630291190351182,0.6484583588771549
2017-10-26,0.010081117264838348,0.0,0.010081117264838348,0.7000789138407769
2017-10-27,-0.008213013948199859,0.0,-0.008213013948199859,0.7014795161851078
2017-10-28,-0.0027949839741659645,0.0,-0.0027949839741659645,0.7383721644129593
2017-10-29,0.03881102412232568,0.0,0.03881102412232568,0.7135913956383148
2017-10-30,-0.0019870521309239483,0.0,-0.0019870521309239483,0.7216892395539904
2017-10-31,0.019783371768514434,0.0,0.019783371768514434,0.7730239911338623
2017-11-01,0.002462322465479053,0.0,0.002462322465479053,0.7950399041228321
2017-11-02,0.017702214347257158,0.0,0.017702214347257158,0.602046982730033
2017-11-03,0.01604652226213096,0.0,0.01604652226213096,0.5299046953569033
2017-11-04,0.006757063499349499,0.0,0.006757063499349499,0.8594248660960428
2017-11-05,-0.007824778271880115,0.0,-0.007824778271880115,0.8476395528977455
2017-11-06,-0.024246965956885382,0.0,-0.024246965956885382,0.6693793657784711
2017-11-07,0.005316719092831686,0.0,0.005316719092831686,0.6170194458576104
2017-11-08,0.03249296369218251,0.0,0.03249296369218251,0.6033384342699791
2017-11-09,-0.00870702085802236,0.0,-0.00870702085802236,0.8657995470552282
2017-11-10,-0.058821481942988633,0.0,-0.058821481942988633,0.8750910795884752
2017-11-11,-0.005140234335534482,0.0,-0.005140234335534482,0.4391475404299505
2017-11-12,-0.032518069544726365,0.0,-0.032518069544726365,0.5933270142756362
2017-11-13,0.04093624292462813,0.0,0.04093624292462813,0.5029111046844257
2017-11-14,0.01712967585458881,0.0,0.01712967585458881,0.44689295725635353
2017-11-15,0.01641514062592439,0.0,0.01641514062592439,0.4529493347533281
2017-11-16,0.015448851431008418,0.0,0.015448851431008418,0.4716556505044556
2017-11-17,-0.0009004883017720766,0.0,-0.0009004883017720766,0.5060063703834361
2017-11-18,0.016323051740025896,0.0,0.016323051740025896,0.5381372864396878
2017-11-19,0.014115588638923987,0.0,0.014115588638923987,0.5554053960505685
2017-11-20,0.019476246640002262,0.0,0.019476246640002262,0.5855905843124365
2017-11-21,-0.012348270930373656,0.0,-0.012348270930373656,0.6054397160168273
2017-11-22,0.02234606328918019,0.0,0.02234606328918019,0.6105559750663015
2017-11-23,0.024954360221650353,0.0,0.024954360221650353,0.6165917382897264
2017-11-24,0.056619449254134493,0.0,0.056619449254134493,0.5923508452384183
2017-11-25,0.012571188660148357,0.0,0.012571188660148357,0.4752636466592347
2017-11-26,0.019320883442885406,0.0,0.019320883442885406,0.491862079776211
2017-11-27,0.01454504944330086,0.0,0.01454504944330086,0.5128513773300944
2017-11-28,0.001326092267155,0.0,0.001326092267155,0.5443336312702813
2017-11-29,-0.02699334395981771,0.0,-0.02699334395981771,0.5683706210558835
2017-11-30,0.011640516562703748,0.0,0.011640516562703748,0.5056380764967663
2017-12-01,0.03769800957292333,0.0,0.03769800957292333,0.5397035826401289
2017-12-02,0.002546111287803511,0.0,0.002546111287803511,0.5182759986495953
2017-12-03,0.010485776264772158,0.0,0.010485776264772158,0.5498333182513535
2017-12-04,0.011144023006569014,0.0,0.011144023006569014,0.5877776362732541
2017-12-05,-0.00020467485800867391,0.0,-0.00020467485800867391,0.6277153405231086
2017-12-06,0.04859040867428134,0.0,0.04859040867428134,0.6599207940092295
2017-12-07,0.048669513238053984,0.0,0.048669513238053984,0.5044704344584938
2017-12-08,0.008635460564123053,0.0,0.008635460564123053,0.4288538365280304
2017-12-09,-0.0021499513023173363,0.0,-0.0021499513023173363,0.4122259090804218
2017-12-10,-0.015361002129592393,0.0,-0.015361002129592393,0.4299645568067223
2017-12-11,0.04627647476134368,0.0,0.04627647476134368,0.36237801541928716
2017-12-12,0.06959767452242055,0.0,0.06959767452242055,0.33651621004741666
2017-12-13,-0.006050219456965825,0.0,-0.006050219456965825,0.2201766645697952
2017-12-14,0.00031662098740007814,0.0,0.00031662098740007814,0.2231285869521497
2017-12-15,0.00884707518449071,0.0,0.00884707518449071,0.23465150198848905
2017-12-16,0.018696079544511635,0.0,0.018696079544511635,0.24770564299401776
2017-12-17,0.0007694523370428171,0.0,0.0007694523370428171,0.25736574253405753
2017-12-18,0.005462162413414286,0.0,0.005462162413414286,0.2692801017080817
2017-12-19,-0.006909088503087872,0.0,-0.006909088503087872,0.28318703448530824
2017-12-20,-0.014243708035622062,0.0,-0.014243708035622062,0.2842625657741073
2017-12-21,-0.007879411365325936,0.0,-0.007879411365325936,0.27710469536719384
2017-12-22,-0.027406820631568986,0.0,-0.027406820631568986,0.2626890143371485
2017-12-23,0.011715088394874694,0.0,0.011715088394874694,0.22334911619485975
2017-12-24,-0.013244650041024495,0.0,-0.013244650041024495,0.2348570065073406
2017-12-25,0.007455236803327715,0.0,0.007455236803327715,0.23730772382915588
2017-12-26,0.01700732925144275,0.0,0.01700732925144275,0.25081794039142163
2017-12-27,-0.00437467060818658,0.0,-0.00437467060818658,0.2539935345585469
2017-12-28,-0.013480465151975833,0.0,-0.013480465151975833,0.2675758094024575
2017-12-29,0.006956751147202636,0.0,0.006956751147202636,0.2695324505642567
2017-12-30,-0.01965984504932159,0.0,-0.01965984504932159,0.28611442596501896
2017-12-31,0.013232402682679913,0.0,0.013232402682679913,0.2612615917676211
2018-01-01,-0.0013797682728907891,0.0,-0.0013797682728907891,0.28289584901279463
2018-01-02,0.034868097706781925,0.0,0.034868097706781925,0.2894974646256335
2018-01-03,0.01862923838709161,0.0,0.01862923838709161,0.2738494505051272
2018-01-04,0.0022805015500798054,0.0,0.0022805015500798054,0.2841106267498841
2018-01-05,0.018236464057578762,0.0,0.018236464057578762,0.30297479933810156
2018-01-06,0.010297191708696607,0.0,0.010297191708696607,0.32975499705080114
2018-01-07,0.011383244113632993,0.0,0.011383244113632993,0.3510717221859773
2018-01-08,-0.004839181010829326,0.0,-0.004839181010829326,0.35064913336917836
2018-01-09,0.025012071945705025,0.0,0.025012071945705025,0.3448662905896255
2018-01-10,-0.005903445695444125,0.0,-0.005903445695444125,0.3283415574001506
2018-01-11,-0.027534148948018703,0.0,-0.027534148948018703,0.3324380266563237
2018-01-12,0.024594857223020735,0.0,0.024594857223020735,0.27034649887538886
2018-01-13,0.021807226323725802,0.0,0.021807226323725802,0.2640255445341122
2018-01-14,-0.007144230598045947,0.0,-0.007144230598045947,0.28303217692510924
2018-01-15,-0.012379969278661368,0.0,-0.012379969278661368,0.2825179748398363
2018-01-16,-0.05050524266359135,0.0,-0.05050524266359135,0.29793394948751206
2018-01-17,-0.007535952808032035,0.0,-0.007535952808032035,0.2013732204565407
2018-01-18,0.0014167181938617558,0.0,0.0014167181938617558,0.19535808965796475
2018-01-19,0.0029007489091687896,0.0,0.0029007489091687896,0.20165617873255073
2018-01-20,0.024578108575542885,0.0,0.024578108575542885,0.21008352417007053
2018-01-21,-0.023169048381680407,0.0,-0.023169048381680407,0.20945091385038414
2018-01-22,-0.01103336389833041,0.0,-0.01103336389833041,0.17615551342247027
2018-01-23,-0.0003575978122188447,0.0,-0.0003575978122188447,0.14611704408527731
2018-01-24,0.007999428350888916,0.0,0.007999428350888916,0.1540550122273868
2018-01-25,-0.000726161721858272,0.0,-0.000726161721858272,0.19181898075928572
2018-01-26,-0.0006883609246849616,0.0,-0.0006883609246849616,0.1681362295473069
2018-01-27,0.0065913891067660765,0.0,0.0065913891067660765,0.17841377769012184
2018-01-28,0.01390018209247932,0.0,0.01390018209247932,0.18583593072507484
2018-01-29,-0.007240052552551676,0.0,-0.007240052552551676,0.23716991722637562
2018-01-30,-0.01581034668761943,0.0,-0.01581034668761943,0.20316480419409869
2018-01-31,0.0050320536186596885,0.0,0.0050320536186596885,0.16808117337887454
2018-02-01,-0.011899231120030317,0.0,-0.011899231120030317,0.1859121045325496
2018-02-02,-0.01229824818844709,0.0,-0.01229824818844709,0.16792146725947235
2018-02-03,0.00651518798863767,0.0,0.00651518798863767,0.12840760244015084
2018-02-04,-0.016678571986809866,0.0,-0.016678571986809866,0.14405751513385798
2018-02-05,-0.021120626906743566,0.0,-0.021120626906743566,0.12357717991638296
2018-02-06,0.010698762340416926,0.0,0.010698762340416926,0.05623588718126842
2018-02-07,-0.0038034179479927302,0.0,-0.0038034179479927302,0.08342280100119417
2018-02-08,0.005965279555021381,0.0,0.005965279555021381,0.08466471012557965
2018-02-09,0.007162067955910153,0.0,0.007162067955910153,0.09314250826907007
2018-02-10,-0.0024956323750891024,0.0,-0.0024956323750891024,0.09332529452515767
2018-02-11,-0.003933760482098794,0.0,-0.003933760482098794,0.10044929886465333
2018-02-12,0.005802140276562113,0.0,0.005802140276562113,0.10628512824370949
2018-02-13,-0.00300312734548734,0.0,-0.00300312734548734,0.10874238915756357
2018-02-14,0.008809406893352202,0.0,0.008809406893352202,0.11669332768056215
2018-02-15,0.0010219070296581113,0.0,0.0010219070296581113,0.12295418812199022
2018-02-16,0.0010278870631451745,0.0,0.0010278870631451745,0.18052934010074115
2018-02-17,0.010584012595399706,0.0,0.010584012595399706,0.21111977602026016
2018-02-18,-0.0132419243946455,0.0,-0.0132419243946455,0.22647301729027455
2018-02-19,0.007378630047106858,0.0,0.007378630047106858,0.23850907052591205
2018-02-20,-0.008223668409277528,0.0,-0.008223668409277528,0.2577048033808369
2018-02-21,-0.014329457895361934,0.0,-0.014329457895361934,0.2711943184662081
2018-02-22,-0.010796676487490598,0.0,-0.010796676487490598,0.25118591829903214
2018-02-23,0.01282993540966688,0.0,0.01282993540966688,0.19540203816209625
2018-02-24,-0.007488913812202948,0.0,-0.007488913812202948,0.22896292527928605
2018-02-25,0.0014813274305326715,0.0,0.0014813274305326715,0.19412938745935832
2018-02-26,0.009201143635009006,0.0,0.009201143635009006,0.20935430130284127
2018-02-27,0.003898987871664481,0.0,0.003898987871664481,0.2382816387440225
2018-02-28,-0.0072293463639881905,0.0,-0.0072293463639881905,0.31046161229054386
2018-03-01,0.007379792864558594,0.0,0.007379792864558594,0.2587634192893009
2018-03-02,-0.002298304517984916,0.0,-0.002298304517984916,0.2978064157173571
2018-03-03,0.004071998314950424,0.0,0.004071998314950424,0.31226259651637667
2018-03-04,0.0019190740282512503,0.0,0.0019190740282512503,0.30561660893978937
2018-03-05,-0.0013550976798778831,0.0,-0.0013550976798778831,0.3091786570514133
2018-03-06,-0.017902277728129985,0.0,-0.017902277728129985,0.3252161588371827
2018-03-07,-0.015719033826645683,0.0,-0.015719033826645683,0.21731746989617112
2018-03-08,-0.008791778938189733,0.0,-0.008791778938189733,0.13668983645814356
2018-03-09,0.003072737827621896,0.0,0.003072737827621896,0.09903282632898178
2018-03-10,-0.0069578855924484675,0.0,-0.0069578855924484675,0.0872769863773063
2018-03-11,0.004163372743299099,0.0,0.004163372743299099,0.05219976514744812
2018-03-12,-0.002685645259252543,0.0,-0.002685645259252543,0.06905839241247841
2018-03-13,-0.0008637650859245914,0.0,-0.0008637650859245914,0.07096392074478707
2018-03-14,-0.0020431351494911557,0.0,-0.0020431351494911557,0.04028375217417958
2018-03-15,-2.9734130032251626e-05,0.0,-2.9734130032251626e-05,0.015677774840060284
2018-03-16,-0.00017034992121372353,0.0,-0.00017034992121372353,0.016161564243841332
2018-03-17,-0.0013672006823171367,0.0,-0.0013672006823171367,0.016713326579944503
2018-03-18,-1.406534863497411e-05,0.0,-1.406534863497411e-05,0.0
2018-03-19,0.0,0.0,0.0,0.0
2018-03-20,0.0,0.0,0.0,0.0
2018-03-21,0.0,0.0,0.0,0.0
2018-03-22,0.0,0.0,0.0,0.0
2018-03-23,0.0,0.0,0.0,0.0
2018-03-24,0.0,0.0,0.0,0.0
2018-03-25,0.0,0.0,0.0,0.0
2018-03-26,0.0,0.0,0.0,0.0
2018-03-27,0.0,0.0,0.0,0.0
2018-03-28,0.0,0.0,0.0,0.0
2018-03-29,0.0,0.0,0.0,0.0
2018-03-30,0.0,0.0,0.0,0.0
2018-03-31,0.0,0.0,0.0,0.0
2018-04-01,0.0,0.0,0.0,0.0
2018-04-02,0.0,0.0,0.0,0.0
2018-04-03,0.0,0.0,0.0,0.0
2018-04-04,0.0,0.0,0.0,0.0
2018-04-05,0.0,0.0,0.0,0.0
2018-04-06,0.0,0.0,0.0,0.0
2018-04-07,0.0,0.0,0.0,0.0
2018-04-08,0.0,0.0,0.0,0.0
2018-04-09,0.0,0.0,0.0,0.0
2018-04-10,0.0,0.0,0.0,0.0
2018-04-11,0.0,0.0,0.0,0.0
2018-04-12,0.0,0.0,0.0,0.0
2018-04-13,0.0,0.0,0.0,0.0
2018-04-14,0.0,0.0,0.0,0.0
2018-04-15,0.0,0.0,0.0,0.0
2018-04-16,0.0,0.0,0.0,0.0
2018-04-17,0.0,0.0,0.0,0.0
2018-04-18,0.0,0.0,0.0,0.0
2018-04-19,0.0,0.0,0.0,0.0
2018-04-20,0.0,0.0,0.0,0.0
2018-04-21,0.0,0.0,0.0,0.0
2018-04-22,0.0,0.0,0.0,0.0
2018-04-23,0.0,0.0,0.0,0.0
2018-04-24,0.004904291038279553,0.0,0.004904291038279553,0.051007925212451136
2018-04-25,-0.012177327124627681,0.0,-0.012177327124627681,0.11156071565395456
2018-04-26,-0.00010508214161144648,0.0,-0.00010508214161144648,0.0
2018-04-27,-0.0018473976763146052,0.0,-0.0018473976763146052,0.10393967402282969
2018-04-28,-5.6798746214659895e-05,0.0,-5.6798746214659895e-05,0.04839706507974827
2018-04-29,0.0007024429522543119,0.0,0.0007024429522543119,0.11609366346864414
2018-04-30,-0.0027728079506716074,0.0,-0.0027728079506716074,0.12584535711130868
2018-05-01,-0.0007319372026634146,0.0,-0.0007319372026634146,0.13144502951997442
2018-05-02,0.002061168105014282,0.0,0.002061168105014282,0.13695564149696546
2018-05-03,0.010760069011477557,0.0,0.010760069011477557,0.15312359041250506
2018-05-04,0.0008467018881455808,0.0,0.0008467018881455808,0.30061921395151403
2018-05-05,0.008287172145845132,0.0,0.008287172145845132,0.3231374064962886
2018-05-06,-0.008500416167917819,0.0,-0.008500416167917819,0.3457310801782171
2018-05-07,-0.015659955899382186,0.0,-0.015659955899382186,0.399377417188692
2018-05-08,-0.0007941025274335768,0.0,-0.0007941025274335768,0.30021402773290395
2018-05-09,0.00018550309347098416,0.0,0.00018550309347098416,0.2913329945940736
2018-05-10,-0.008693525313890097,0.0,-0.008693525313890097,0.3239296254957274
2018-05-11,-0.01928620969996904,0.0,-0.01928620969996904,0.29312553503817346
2018-05-12,0.0014718984041280506,0.0,0.0014718984041280506,0.16902231875641885
2018-05-13,0.011531362523868353,0.0,0.011531362523868353,0.16929732268915373
2018-05-14,-0.0012498754144789036,0.0,-0.0012498754144789036,0.19568251595086944
2018-05-15,-0.00498848943289226,0.0,-0.00498848943289226,0.2039338765768893
2018-05-16,-0.0002715404507153572,0.0,-0.0002715404507153572,0.18827148868342566
2018-05-17,-0.009387386163730638,0.0,-0.009387386163730638,0.19370145112504694
2018-05-18,0.0027746593282242213,0.0,0.0027746593282242213,0.0748559340080734
2018-05-19,-5.133336755256177e-05,0.0,-5.133336755256177e-05,0.16681612831414902
2018-05-20,0.00475763933168516,0.0,0.00475763933168516,0.17174583906061697
2018-05-21,-0.0037690541671113152,0.0,-0.0037690541671113152,0.17622991048982492
2018-05-22,-0.013017203662719237,0.0,-0.013017203662719237,0.18084105799227998
2018-05-23,-0.00015669307183859135,0.0,-0.00015669307183859135,0.0
2018-05-24,0.0,0.0,0.0,0.0
2018-05-25,0.0,0.0,0.0,0.0
2018-05-26,0.0,0.0,0.0,0.0
2018-05-27,0.0,0.0,0.0,0.0
2018-05-28,0.0,0.0,0.0,0.0
2018-05-29,0.0,0.0,0.0,0.0
2018-05-30,0.0,0.0,0.0,0.0
2018-05-31,0.0,0.0,0.0,0.0
2018-06-01,0.0,0.0,0.0,0.0
2018-06-02,0.0,0.0,0.0,0.0
2018-06-03,0.0,0.0,0.0,0.0
2018-06-04,0.0,0.0,0.0,0.0
2018-06-05,0.0,0.0,0.0,0.0
2018-06-06,0.0,0.0,0.0,0.0
2018-06-07,0.0,0.0,0.0,0.0
2018-06-08,0.0,0.0,0.0,0.0
2018-06-09,0.0,0.0,0.0,0.0
2018-06-10,0.0,0.0,0.0,0.0
2018-06-11,0.0,0.0,0.0,0.0
2018-06-12,0.0,0.0,0.0,0.0
2018-06-13,0.0,0.0,0.0,0.0
2018-06-14,0.0,0.0,0.0,0.0
2018-06-15,0.0,0.0,0.0,0.0
2018-06-16,0.0,0.0,0.0,0.0
2018-06-17,0.0,0.0,0.0,0.0
2018-06-18,0.0,0.0,0.0,0.0
2018-06-19,0.0,0.0,0.0,0.0
2018-06-20,0.0,0.0,0.0,0.0
2018-06-21,0.0,0.0,0.0,0.0
2018-06-22,0.0,0.0,0.0,0.0
2018-06-23,0.0,0.0,0.0,0.0
2018-06-24,0.0,0.0,0.0,0.0
2018-06-25,0.0,0.0,0.0,0.0
2018-06-26,0.0,0.0,0.0,0.0
2018-06-27,0.0,0.0,0.0,0.0
2018-06-28,0.0,0.0,0.0,0.0
2018-06-29,0.0,0.0,0.0,0.0
2018-06-30,0.0,0.0,0.0,0.0
2018-07-01,0.0,0.0,0.0,0.0
2018-07-02,0.0,0.0,0.0,0.0
2018-07-03,0.0,0.0,0.0,0.0
2018-07-04,0.0,0.0,0.0,0.0
2018-07-05,0.0,0.0,0.0,0.0
2018-07-06,0.0,0.0,0.0,0.0
2018-07-07,0.0,0.0,0.0,0.0
2018-07-08,0.0,0.0,0.0,0.0
2018-07-09,0.0,0.0,0.0,0.0
2018-07-10,0.0,0.0,0.0,0.0
2018-07-11,0.0,0.0,0.0,0.0
2018-07-12,0.0,0.0,0.0,0.0
2018-07-13,0.0,0.0,0.0,0.0
2018-07-14,0.0,0.0,0.0,0.0
2018-07-15,0.0,0.0,0.0,0.0
2018-07-16,0.0,0.0,0.0,0.0
2018-07-17,0.0,0.0,0.0,0.0
2018-07-18,0.0,0.0,0.0,0.0
2018-07-19,0.0,0.0,0.0,0.0
2018-07-20,0.0,0.0,0.0,0.0
2018-07-21,0.0,0.0,0.0,0.0
2018-07-22,0.0,0.0,0.0,0.0
2018-07-23,0.0,0.0,0.0,0.0
2018-07-24,0.007061948737586399,0.0,0.007061948737586399,0.08087834521699273
2018-07-25,-0.0034768624469667165,0.0,-0.0034768624469667165,0.1472319895816245
2018-07-26,-0.005080896292907897,0.0,-0.005080896292907897,0.15682996948999797
2018-07-27,0.004594977612114623,0.0,0.004594977612114623,0.15956011536272166
2018-07-28,0.0002919490864722984,0.0,0.0002919490864722984,0.1709153368150753
2018-07-29,0.000690631203987461,0.0,0.000690631203987461,0.18310467557273052
2018-07-30,-0.0014276535424576273,0.0,-0.0014276535424576273,0.19607309110337928
2018-07-31,-0.010658146400041514,0.0,-0.010658146400041514,0.20724465111746868
2018-08-01,-0.0016988852614788596,0.0,-0.0016988852614788596,0.09680152871753914
2018-08-02,-0.0006778528004455456,0.0,-0.0006778528004455456,0.08746931200232688
2018-08-03,-9.474050762965098e-05,0.0,-9.474050762965098e-05,0.0
2018-08-04,0.0,0.0,0.0,0.0
2018-08-05,0.0,0.0,0.0,0.0
2018-08-06,0.0,0.0,0.0,0.0
2018-08-07,0.0,0.0,0.0,0.0
2018-08-08,0.0,0.0,0.0,0.0
2018-08-09,0.0,0.0,0.0,0.0
2018-08-10,0.0,0.0,0.0,0.0
2018-08-11,0.0,0.0,0.0,0.0
2018-08-12,0.0,0.0,0.0,0.0
2018-08-13,0.0,0.0,0.0,0.0
2018-08-14,0.0,0.0,0.0,0.0
2018-08-15,0.0,0.0,0.0,0.0
2018-08-16,0.0,0.0,0.0,0.0
2018-08-17,0.0,0.0,0.0,0.0
2018-08-18,0.0,0.0,0.0,0.0
2018-08-19,0.0,0.0,0.0,0.0
2018-08-20,0.0,0.0,0.0,0.0
2018-08-21,0.0,0.0,0.0,0.0
2018-08-22,0.0,0.0,0.0,0.0
2018-08-23,0.0,0.0,0.0,0.0
2018-08-24,0.0,0.0,0.0,0.0
2018-08-25,0.0,0.0,0.0,0.0
2018-08-26,0.0,0.0,0.0,0.0
2018-08-27,0.0,0.0,0.0,0.0
2018-08-28,0.0,0.0,0.0,0.0
2018-08-29,-0.000714444129502992,0.0,-0.000714444129502992,0.0760448873103386
2018-08-30,-0.0007130839293083465,0.0,-0.0007130839293083465,0.07809939874269245
2018-08-31,0.0006246164941937311,0.0,0.0006246164941937311,0.06275168057320377
2018-09-01,0.0017941448677954953,0.0,0.0017941448677954953,0.08288117677730013
2018-09-02,0.0010101690839321514,0.0,0.0010101690839321514,0.08407010520206579
2018-09-03,-0.00031240682040958363,0.0,-0.00031240682040958363,0.08673523268790581
2018-09-04,0.0010846652113606077,0.0,0.0010846652113606077,0.10486017552296654
2018-09-05,-0.006071853311688892,0.0,-0.006071853311688892,0.10804598365945337
2018-09-06,-7.30484081008441e-05,0.0,-7.30484081008441e-05,0.0
2018-09-07,0.0,0.0,0.0,0.0
2018-09-08,0.0,0.0,0.0,0.0
2018-09-09,0.0,0.0,0.0,0.0
2018-09-10,0.0,0.0,0.0,0.0
2018-09-11,0.0,0.0,0.0,0.0
2018-09-12,0.0,0.0,0.0,0.0
2018-09-13,0.0,0.0,0.0,0.0
2018-09-14,0.0,0.0,0.0,0.0
2018-09-15,0.0,0.0,0.0,0.0
2018-09-16,0.0,0.0,0.0,0.0
2018-09-17,0.0,0.0,0.0,0.0
2018-09-18,0.0,0.0,0.0,0.0
2018-09-19,0.0,0.0,0.0,0.0
2018-09-20,0.0,0.0,0.0,0.0
2018-09-21,0.0,0.0,0.0,0.0
2018-09-22,0.0,0.0,0.0,0.0
2018-09-23,0.0,0.0,0.0,0.0
2018-09-24,0.0,0.0,0.0,0.0
2018-09-25,0.0,0.0,0.0,0.0
2018-09-26,0.0,0.0,0.0,0.0
2018-09-27,0.0,0.0,0.0,0.0
2018-09-28,0.0,0.0,0.0,0.0
2018-09-29,0.0,0.0,0.0,0.0
2018-09-30,0.0,0.0,0.0,0.0
2018-10-01,0.0,0.0,0.0,0.0
2018-10-02,0.0,0.0,0.0,0.0
2018-10-03,0.0,0.0,0.0,0.0
2018-10-04,0.0,0.0,0.0,0.0
2018-10-05,0.0,0.0,0.0,0.0
2018-10-06,0.0,0.0,0.0,0.0
2018-10-07,0.0,0.0,0.0,0.0
2018-10-08,0.0,0.0,0.0,0.0
2018-10-09,0.0,0.0,0.0,0.0
2018-10-10,0.0,0.0,0.0,0.0
2018-10-11,0.0,0.0,0.0,0.0
2018-10-12,0.0,0.0,0.0,0.0
2018-10-13,0.0,0.0,0.0,0.0
2018-10-14,0.0,0.0,0.0,0.0
2018-10-15,0.0,0.0,0.0,0.0
2018-10-16,0.0,0.0,0.0,0.0
2018-10-17,0.0,0.0,0.0,0.0
2018-10-18,0.0,0.0,0.0,0.0
2018-10-19,0.0,0.0,0.0,0.0
2018-10-20,0.0,0.0,0.0,0.0
2018-10-21,0.0,0.0,0.0,0.0
2018-10-22,0.0,0.0,0.0,0.0
2018-10-23,0.0,0.0,0.0,0.0
2018-10-24,0.0,0.0,0.0,0.0
2018-10-25,0.0,0.0,0.0,0.0
2018-10-26,0.0,0.0,0.0,0.0
2018-10-27,0.0,0.0,0.0,0.0
2018-10-28,0.0,0.0,0.0,0.0
2018-10-29,0.0,0.0,0.0,0.0
2018-10-30,0.0,0.0,0.0,0.0
2018-10-31,0.0,0.0,0.0,0.0
2018-11-01,0.0,0.0,0.0,0.0
2018-11-02,0.0,0.0,0.0,0.0
2018-11-03,0.0,0.0,0.0,0.0
2018-11-04,0.0,0.0,0.0,0.0
2018-11-05,0.0,0.0,0.0,0.0
2018-11-06,0.0,0.0,0.0,0.0
2018-11-07,0.0,0.0,0.0,0.0
2018-11-08,0.0,0.0,0.0,0.0
2018-11-09,0.0,0.0,0.0,0.0
2018-11-10,0.0,0.0,0.0,0.0
2018-11-11,0.0,0.0,0.0,0.0
2018-11-12,0.0,0.0,0.0,0.0
2018-11-13,0.0,0.0,0.0,0.0
2018-11-14,0.0,0.0,0.0,0.0
2018-11-15,0.0,0.0,0.0,0.0
2018-11-16,0.0,0.0,0.0,0.0
2018-11-17,0.0,0.0,0.0,0.0
2018-11-18,0.0,0.0,0.0,0.0
2018-11-19,0.0,0.0,0.0,0.0
2018-11-20,0.0,0.0,0.0,0.0
2018-11-21,0.0,0.0,0.0,0.0
2018-11-22,0.0,0.0,0.0,0.0
2018-11-23,0.0,0.0,0.0,0.0
2018-11-24,0.0,0.0,0.0,0.0
2018-11-25,0.0,0.0,0.0,0.0
2018-11-26,0.0,0.0,0.0,0.0
2018-11-27,0.0,0.0,0.0,0.0
2018-11-28,0.0,0.0,0.0,0.0
2018-11-29,0.0,0.0,0.0,0.0
2018-11-30,0.0,0.0,0.0,0.0
2018-12-01,0.0,0.0,0.0,0.0
2018-12-02,0.0,0.0,0.0,0.0
2018-12-03,0.0,0.0,0.0,0.0
2018-12-04,0.0,0.0,0.0,0.0
2018-12-05,0.0,0.0,0.0,0.0
2018-12-06,0.0,0.0,0.0,0.0
2018-12-07,0.0,0.0,0.0,0.0
2018-12-08,0.0,0.0,0.0,0.0
2018-12-09,0.0,0.0,0.0,0.0
2018-12-10,0.0,0.0,0.0,0.0
2018-12-11,0.0,0.0,0.0,0.0
2018-12-12,0.0,0.0,0.0,0.0
2018-12-13,0.0,0.0,0.0,0.0
2018-12-14,0.0,0.0,0.0,0.0
2018-12-15,0.0,0.0,0.0,0.0
2018-12-16,0.0,0.0,0.0,0.0
2018-12-17,0.0,0.0,0.0,0.0
2018-12-18,0.0,0.0,0.0,0.0
2018-12-19,0.0,0.0,0.0,0.0
2018-12-20,0.0,0.0,0.0,0.0
2018-12-21,0.0,0.0,0.0,0.0
2018-12-22,0.0,0.0,0.0,0.0
2018-12-23,0.0,0.0,0.0,0.0
2018-12-24,0.0,0.0,0.0,0.0
2018-12-25,0.0,0.0,0.0,0.0
2018-12-26,0.0,0.0,0.0,0.0
2018-12-27,0.0,0.0,0.0,0.0
2018-12-28,0.0,0.0,0.0,0.0
2018-12-29,0.0,0.0,0.0,0.0
2018-12-30,0.0,0.0,0.0,0.0
2018-12-31,0.0,0.0,0.0,0.0
2019-01-01,0.0,0.0,0.0,0.0
2019-01-02,0.0,0.0,0.0,0.0
2019-01-03,0.0,0.0,0.0,0.0
2019-01-04,0.0,0.0,0.0,0.0
2019-01-05,0.0,0.0,0.0,0.0
2019-01-06,0.0,0.0,0.0,0.0
2019-01-07,0.0,0.0,0.0,0.0
2019-01-08,0.0,0.0,0.0,0.0
2019-01-09,0.0,0.0,0.0,0.0
2019-01-10,0.0,0.0,0.0,0.0
2019-01-11,0.0,0.0,0.0,0.0
2019-01-12,0.0,0.0,0.0,0.0
2019-01-13,0.0,0.0,0.0,0.0
2019-01-14,0.0,0.0,0.0,0.0
2019-01-15,0.0,0.0,0.0,0.0
2019-01-16,0.0,0.0,0.0,0.0
2019-01-17,0.0,0.0,0.0,0.0
2019-01-18,0.0,0.0,0.0,0.0
2019-01-19,0.0,0.0,0.0,0.0
2019-01-20,0.0,0.0,0.0,0.0
2019-01-21,0.0,0.0,0.0,0.0
2019-01-22,0.0,0.0,0.0,0.0
2019-01-23,0.0,0.0,0.0,0.0
2019-01-24,0.0,0.0,0.0,0.0
2019-01-25,0.0,0.0,0.0,0.0
2019-01-26,0.0,0.0,0.0,0.0
2019-01-27,0.0,0.0,0.0,0.0
2019-01-28,0.0,0.0,0.0,0.0
2019-01-29,0.0,0.0,0.0,0.0
2019-01-30,0.0,0.0,0.0,0.0
2019-01-31,0.0,0.0,0.0,0.0
2019-02-01,0.0,0.0,0.0,0.0
2019-02-02,0.0,0.0,0.0,0.0
2019-02-03,0.0,0.0,0.0,0.0
2019-02-04,0.0,0.0,0.0,0.0
2019-02-05,0.0,0.0,0.0,0.0
2019-02-06,0.0,0.0,0.0,0.0
2019-02-07,0.0,0.0,0.0,0.0
2019-02-08,0.0,0.0,0.0,0.0
2019-02-09,0.0,0.0,0.0,0.0
2019-02-10,0.0,0.0,0.0,0.0
2019-02-11,0.0,0.0,0.0,0.0
2019-02-12,0.0,0.0,0.0,0.0
2019-02-13,0.0,0.0,0.0,0.0
2019-02-14,0.0,0.0,0.0,0.0
2019-02-15,0.0,0.0,0.0,0.0
2019-02-16,0.0,0.0,0.0,0.0
2019-02-17,0.0,0.0,0.0,0.0
2019-02-18,0.005007799245823755,0.0,0.005007799245823755,0.05795246423500795
2019-02-19,-0.0005549426336786098,0.0,-0.0005549426336786098,0.06319778257048109
2019-02-20,0.0025848059579004377,0.0,0.0025848059579004377,0.1641020281508304
2019-02-21,-0.002556884598749484,0.0,-0.002556884598749484,0.15432891019111303
2019-02-22,0.0029329792557524874,0.0,0.0029329792557524874,0.15646043266531184
2019-02-23,0.008649045201546428,0.0,0.008649045201546428,0.17731147267607295
2019-02-24,-0.028127400710049415,0.0,-0.028127400710049415,0.2554685271763514
2019-02-25,0.0026389584574913554,0.0,0.0026389584574913554,0.12642779530387233
2019-02-26,-0.0014874164208934196,0.0,-0.0014874164208934196,0.14146975465859907
2019-02-27,-0.0005618007278110588,0.0,-0.0005618007278110588,0.12200967569264441
2019-02-28,0.0001160514304940527,0.0,0.0001160514304940527,0.11883213074804282
2019-03-01,0.000499356512068249,0.0,0.000499356512068249,0.1228212648169516
2019-03-02,-0.0010203239957648842,0.0,-0.0010203239957648842,0.14771719065669212
2019-03-03,-0.001659454815648162,0.0,-0.001659454815648162,0.13474313014901357
2019-03-04,-0.0038798066623247926,0.0,-0.0038798066623247926,0.11678828879744353
2019-03-05,0.007676278134817887,0.0,0.007676278134817887,0.08641591589732445
2019-03-06,0.0008565234178760686,0.0,0.0008565234178760686,0.13693337594566524
2019-03-07,-0.00028556602882347454,0.0,-0.00028556602882347454,0.14158818038488985
2019-03-08,-0.0018095829939685443,0.0,-0.0018095829939685443,0.12143195710381902
2019-03-09,0.0032809918015449064,0.0,0.0032809918015449064,0.12495409614454837
2019-03-10,-0.0005648272801035992,0.0,-0.0005648272801035992,0.12741967227120737
2019-03-11,-0.0025226188883377934,0.0,-0.0025226188883377934,0.1476852782051119
2019-03-12,0.0004200371864797184,0.0,0.0004200371864797184,0.1760175916709771
2019-03-13,-0.0007625797539872613,0.0,-0.0007625797539872613,0.18218520681580247
2019-03-14,0.00011280992267479008,0.0,0.00011280992267479008,0.18838689569915518
2019-03-15,0.002848688064546485,0.0,0.002848688064546485,0.1950806805450155
2019-03-16,0.004140033371425201,0.0,0.004140033371425201,0.22161537025667052
2019-03-17,-0.003463844719933235,0.0,-0.003463844719933235,0.30042143787018627
2019-03-18,-0.001150783475433489,0.0,-0.001150783475433489,0.3079128259376049
2019-03-19,0.0014295627215488247,0.0,0.0014295627215488247,0.23548146209510853
2019-03-20,0.002178350162618216,0.0,0.002178350162618216,0.32939211626833226
2019-03-21,-0.007170391650389424,0.0,-0.007170391650389424,0.2966710434689749
2019-03-22,0.000830860739804903,0.0,0.000830860739804903,0.22904515188085856
2019-03-23,0.0005087141785044054,0.0,0.0005087141785044054,0.32877990781420763
2019-03-24,-0.00166759977542591,0.0,-0.00166759977542591,0.34051259589344307
2019-03-25,-0.005145953056607382,0.0,-0.005145953056607382,0.27154934338201264
2019-03-26,0.0003213842737845236,0.0,0.0003213842737845236,0.19841761712684725
2019-03-27,0.007469948520905508,0.0,0.007469948520905508,0.22952123777519268
2019-03-28,-0.0033847674545120976,0.0,-0.0033847674545120976,0.3686275564046976
2019-03-29,0.010139773957842105,0.0,0.010139773957842105,0.37863935096014584
2019-03-30,-0.0003522374475293607,0.0,-0.0003522374475293607,0.5510606044659832
2019-03-31,-0.000952160152487019,0.0,-0.000952160152487019,0.570246546590485
2019-04-01,0.00384380798435439,0.0,0.00384380798435439,0.5896456206390783
2019-04-02,0.09969571679146952,0.0,0.09969571679146952,0.6070256786775013
2019-04-03,-0.004772596858979238,0.0,-0.004772596858979238,0.3401524379555954
2019-04-04,-0.004818704732805317,0.0,-0.004818704732805317,0.3733333855625738
2019-04-05,0.01607047719275492,0.0,0.01607047719275492,0.40800404794404554
2019-04-06,-0.0001481710438219736,0.0,-0.0001481710438219736,0.446181709517005
2019-04-07,0.018171934650241667,0.0,0.018171934650241667,0.49616841014233337
2019-04-08,0.013342632396618696,0.0,0.013342632396618696,0.5337617575993906
2019-04-09,-0.011032264607269634,0.0,-0.011032264607269634,0.5876480967113643
2019-04-10,0.00875065494428935,0.0,0.00875065494428935,0.6103439646825979
2019-04-11,-0.03785840099947463,0.0,-0.03785840099947463,0.6638093438964652
2019-04-12,0.0009096825330764641,0.0,0.0009096825330764641,0.5542266997809108
2019-04-13,-0.0017760540876836943,0.0,-0.0017760540876836943,0.5971998802145828
2019-04-14,0.011669792706116918,0.0,0.011669792706116918,0.6412127542723145
2019-04-15,-0.021076021819979456,0.0,-0.021076021819979456,0.6826664448907733
2019-04-16,0.02307534573313177,0.0,0.02307534573313177,0.6687757001962187
2019-04-17,0.001085070592229579,0.0,0.001085070592229579,0.6751739488201558
2019-04-18,0.015743944583714177,0.0,0.015743944583714177,0.7271006181313939
2019-04-19,0.0011188718135477936,0.0,0.0011188718135477936,0.7620921233282808
2019-04-20,0.0014240013950229831,0.0,0.0014240013950229831,0.8276628258903598
2019-04-21,-0.008651997388219231,0.0,-0.008651997388219231,0.8916827299385773
2019-04-22,0.012337371720683062,0.0,0.012337371720683062,0.9046267545170446
2019-04-23,0.01658855666726537,0.0,0.01658855666726537,0.9573860858117712
2019-04-24,-0.0239224568479147,0.0,-0.0239224568479147,0.9848755514658378
2019-04-25,-0.06089157331701504,0.0,-0.06089157331701504,0.9028108458827622
2019-04-26,0.00242560227202756,0.0,0.00242560227202756,0.5678897532350418
2019-04-27,0.0057699519563059725,0.0,0.0057699519563059725,0.5879354920292188
2019-04-28,-0.005486325312886213,0.0,-0.005486325312886213,0.6102655323582731
2019-04-29,-0.0008694076599154377,0.0,-0.0008694076599154377,0.6040386260259784
2019-04-30,0.02024671331908611,0.0,0.02024671331908611,0.6477335261203394
2019-05-01,0.002854478505751062,0.0,0.002854478505751062,0.7330725682336268
2019-05-02,0.009186534413829071,0.0,0.009186534413829071,0.7819053989426707
2019-05-03,0.03661967800506876,0.0,0.03661967800506876,0.7941621614817315
2019-05-04,0.007843354658108096,0.0,0.007843354658108096,0.7747111633886
2019-05-05,-0.004995072083038532,0.0,-0.004995072083038532,0.7806586215394609
2019-05-06,0.008421464162149093,0.0,0.008421464162149093,0.786131399394556
2019-05-07,0.01035712859485965,0.0,0.01035712859485965,0.90826566836495
2019-05-08,0.011020333341938571,0.0,0.011020333341938571,0.9007897123727249
2019-05-09,0.02532135864183538,0.0,0.02532135864183538,0.9990783490148731
2019-05-10,0.026173206593250137,0.0,0.026173206593250137,1.008269763990279
2019-05-11,0.1623576496108926,0.0,0.1623576496108926,1.0796167158556618
2019-05-12,-0.01792300498757946,0.0,-0.01792300498757946,0.3075791968776078
2019-05-13,0.028192165644205066,0.0,0.028192165644205066,0.2877096343643165
2019-05-14,0.016613326067367106,0.0,0.016613326067367106,0.28252778377499743
2019-05-15,0.023652469855311976,0.0,0.023652469855311976,0.2919550557042564
2019-05-16,-0.001289011363066516,0.0,-0.001289011363066516,0.29621839367729796
2019-05-17,-0.02491552753773439,0.0,-0.02491552753773439,0.3073416390487318
2019-05-18,-0.005356510714161964,0.0,-0.005356510714161964,0.2746857510111626
2019-05-19,0.03966410050003149,0.0,0.03966410050003149,0.289458687179977
2019-05-20,-0.009178154945888575,0.0,-0.009178154945888575,0.25777678975562135
2019-05-21,0.0024074960441670765,0.0,0.0024074960441670765,0.26161199490454096
2019-05-22,-0.011937546880946453,0.0,-0.011937546880946453,0.2785306238667111
2019-05-23,0.004647720716501897,0.0,0.004647720716501897,0.27779941982772227
2019-05-24,0.0031521475926827736,0.0,0.0031521475926827736,0.29583868591322326
2019-05-25,0.002910954201804026,0.0,0.002910954201804026,0.3158660688594256
2019-05-26,0.02019672340452923,0.0,0.02019672340452923,0.3372737562044297
2019-05-27,0.0036935961852486987,0.0,0.0036935961852486987,0.3324622203669846
2019-05-28,-0.002352354256983061,0.0,-0.002352354256983061,0.3549067883436454
2019-05-29,-0.0024829581936106817,0.0,-0.0024829581936106817,0.37296547303806865
2019-05-30,-0.01659629953301703,0.0,-0.01659629953301703,0.39321649775556067
2019-05-31,0.013118798540018493,0.0,0.013118798540018493,0.3651665847449813
2019-06-01,-0.0007893063601610721,0.0,-0.0007893063601610721,0.3931290162612173
2019-06-02,0.007807695869706409,0.0,0.007807695869706409,0.4178200934916877
2019-06-03,-0.026693551105105025,0.0,-0.026693551105105025,0.4453273374029571
2019-06-04,-0.020838730273375006,0.0,-0.020838730273375006,0.3498665717578774
2019-06-05,0.008791976025656355,0.0,0.008791976025656355,0.3237273808963361
2019-06-06,0.00036268742417195255,0.0,0.00036268742417195255,0.368431654105442
2019-06-07,0.007877519211054236,0.0,0.007877519211054236,0.37874432646044986
2019-06-08,-0.006178556718422379,0.0,-0.006178556718422379,0.4153829865588978
2019-06-09,-0.01746322494608455,0.0,-0.01746322494608455,0.4062927830922062
2019-06-10,0.020684781448061854,0.0,0.020684781448061854,0.4011730677922705
2019-06-11,-0.002368355420215421,0.0,-0.002368355420215421,0.3894210984263238
2019-06-12,0.01575209776661579,0.0,0.01575209776661579,0.41493802359857773
2019-06-13,-0.0012425554439958796,0.0,-0.0012425554439958796,0.44177823192379445
2019-06-14,0.022031983319306336,0.0,0.022031983319306336,0.489575225952723
2019-06-15,0.007973444497676063,0.0,0.007973444497676063,0.5116341405948273
2019-06-16,0.006018531154968185,0.0,0.006018531154968185,0.5630378340937453
2019-06-17,0.013809170000539587,0.0,0.013809170000539587,0.5823484485267096
2019-06-18,-0.018695586356941955,0.0,-0.018695586356941955,0.629675816496903
2019-06-19,0.012614794163467226,0.0,0.012614794163467226,0.6056211260689186
2019-06-20,0.011220593514842519,0.0,0.011220593514842519,0.6365878803135394
2019-06-21,0.046467791876924645,0.0,0.046467791876924645,0.6726070702276588
2019-06-22,0.033059911786293424,0.0,0.033059911786293424,0.5822055801250117
2019-06-23,0.0017315954235126523,0.0,0.0017315954235126523,0.5678235600592381
2019-06-24,0.008766602514537897,0.0,0.008766602514537897,0.602730336618574
2019-06-25,0.025722829415430644,0.0,0.025722829415430644,0.6445618646648879
2019-06-26,0.04615934390672311,0.0,0.04615934390672311,0.6407611040916348
2019-06-27,-0.07006406893626978,0.0,-0.07006406893626978,0.5445855621283191
2019-06-28,0.022130337204397072,0.0,0.022130337204397072,0.2702570168337275
2019-06-29,-0.0004810918656617036,0.0,-0.0004810918656617036,0.2641170778811111
2019-06-30,-0.025198521492971283,0.0,-0.025198521492971283,0.27751400193719333
2019-07-01,-0.0021481250896106304,0.0,-0.0021481250896106304,0.24241852927496826
2019-07-02,0.0007277300264658693,0.0,0.0007277300264658693,0.25725713008581497
2019-07-03,0.019472778549031112,0.0,0.019472778549031112,0.2740766642701794
2019-07-04,-0.017704935040503078,0.0,-0.017704935040503078,0.2708920891541405
2019-07-05,2.7417401968119332e-06,0.0,2.7417401968119332e-06,0.24874521415206008
2019-07-06,0.002182847859635961,0.0,0.002182847859635961,0.25445990341334285
2019-07-07,0.01198057075283343,0.0,0.01198057075283343,0.2716250666679825
2019-07-08,0.013374187341725848,0.0,0.013374187341725848,0.2932272797736011
2019-07-09,0.0006342317970521126,0.0,0.0006342317970521126,0.3145463491555752
2019-07-10,-0.01455805150515094,0.0,-0.01455805150515094,0.3221906289747595
2019-07-11,-0.019460420133681617,0.0,-0.019460420133681617,0.2911564375945357
2019-07-12,0.010160067986798655,0.0,0.010160067986798655,0.2594610469310732
2019-07-13,-0.008896188745189573,0.0,-0.008896188745189573,0.2723501288778002
2019-07-14,-0.031082270658587458,0.0,-0.031082270658587458,0.270038929288404
2019-07-15,0.007811615866094224,0.0,0.007811615866094224,0.15879373768773236
2019-07-16,-0.023584112721619123,0.0,-0.023584112721619123,0.16619588722808223
2019-07-17,0.004841780475315843,0.0,0.004841780475315843,0.10361134964539236
2019-07-18,0.015536798972703495,0.0,0.015536798972703495,0.11710491565266772
2019-07-19,-0.0029749319203336328,0.0,-0.0029749319203336328,0.12099546513180892
2019-07-20,0.005862936524738132,0.0,0.005862936524738132,0.12896510075332265
2019-07-21,-0.004251440200241045,0.0,-0.004251440200241045,0.13595289041591554
2019-07-22,-0.004945887829659845,0.0,-0.004945887829659845,0.1443471776789812
2019-07-23,-0.006408899646122817,0.0,-0.006408899646122817,0.14285286045488005
2019-07-24,-4.145698141496917e-05,0.0,-4.145698141496917e-05,0.13681128664660738
2019-07-25,0.0018212944956282264,0.0,0.0018212944956282264,0.14589691241210212
2019-07-26,-0.000794536316443239,0.0,-0.000794536316443239,0.15530168822982915
2019-07-27,-0.007239832252942047,0.0,-0.007239832252942047,0.1659964977103403
2019-07-28,0.001859262329095501,0.0,0.001859262329095501,0.15600537073773463
2019-07-29,-0.0003331189732939285,0.0,-0.0003331189732939285,0.17788125257180862
2019-07-30,0.0008913907134520116,0.0,0.0008913907134520116,0.1873878506254335
2019-07-31,0.010284582680188142,0.0,0.010284582680188142,0.22568241427105556
2019-08-01,0.00617434931515712,0.0,0.00617434931515712,0.2290776559989794
2019-08-02,0.002439286498214137,0.0,0.002439286498214137,0.23806480939325
2019-08-03,0.0059425555225643785,0.0,0.0059425555225643785,0.2780819506976053
2019-08-04,0.00434520342246521,0.0,0.00434520342246521,0.3202338013994386
2019-08-05,0.02099697597380902,0.0,0.02099697597380902,0.36279898472069605
2019-08-06,-0.009792318476184503,0.0,-0.009792318476184503,0.3830679424008928
2019-08-07,0.012915197591735532,0.0,0.012915197591735532,0.37238828287514514
2019-08-08,-0.0016873170899571162,0.0,-0.0016873170899571162,0.3857022111831533
2019-08-09,-0.0063357609931974715,0.0,-0.0063357609931974715,0.40981220042477834
2019-08-10,-0.0163774234161193,0.0,-0.0163774234161193,0.3651188843338177
2019-08-11,0.007807025848394825,0.0,0.007807025848394825,0.3844848911784582
2019-08-12,-0.00481199696067767,0.0,-0.00481199696067767,0.3870213701624395
2019-08-13,-0.01842327739020367,0.0,-0.01842327739020367,0.42661113293736147
2019-08-14,-0.03289375031734916,0.0,-0.03289375031734916,0.37900539999389043
2019-08-15,0.006439191237617985,0.0,0.006439191237617985,0.2316194352666585
2019-08-16,0.0014517591536220727,0.0,0.0014517591536220727,0.2636933620062793
2019-08-17,-0.003809280714851577,0.0,-0.003809280714851577,0.2811442162523449
2019-08-18,0.0028570615410638857,0.0,0.0028570615410638857,0.27362318609814534
2019-08-19,0.01549584737400596,0.0,0.01549584737400596,0.29032507714853306
2019-08-20,-0.003133580646554279,0.0,-0.003133580646554279,0.3651390276156202
2019-08-21,-0.01872561164950811,0.0,-0.01872561164950811,0.3319937390890937
2019-08-22,0.0006473829052799008,0.0,0.0006473829052799008,0.26083013925108145
2019-08-23,0.008323846283089931,0.0,0.008323846283089931,0.29800163361000587
2019-08-24,-0.007487666087313654,0.0,-0.007487666087313654,0.29826312377005226
2019-08-25,-0.0013200969926232499,0.0,-0.0013200969926232499,0.2992120222717749
2019-08-26,0.007419190289896818,0.0,0.007419190289896818,0.30340320022455536
2019-08-27,-0.005459026672053415,0.0,-0.005459026672053415,0.3067162317972986
2019-08-28,-0.012518842917236291,0.0,-0.012518842917236291,0.3118334439367134
2019-08-29,-0.0043286384469416305,0.0,-0.0043286384469416305,0.16923323260935352
2019-08-30,0.0016668153118341532,0.0,0.0016668153118341532,0.1388117091367034
2019-08-31,0.0004771486838673259,0.0,0.0004771486838673259,0.13286054041258308
2019-09-01,0.0027540631479522244,0.0,0.0027540631479522244,0.1299095969402336
2019-09-02,0.010686034350423883,0.0,0.010686034350423883,0.13024109118591207
2019-09-03,0.00628749183784934,0.0,0.00628749183784934,0.274355815061023
2019-09-04,-0.0013902937095083539,0.0,-0.0013902937095083539,0.33983850156702927
2019-09-05,5.01682664218034e-05,0.0,5.01682664218034e-05,0.4001814079566855
2019-09-06,-0.009432914727819198,0.0,-0.009432914727819198,0.4275300275746371
2019-09-07,0.006250489506394833,0.0,0.006250489506394833,0.3566117406229604
2019-09-08,-0.0038364935863800806,0.0,-0.0038364935863800806,0.45471873720179967
2019-09-09,-0.0032535601065707535,0.0,-0.0032535601065707535,0.4271929601764778
2019-09-10,-0.010757329397135125,0.0,-0.010757329397135125,0.40413645272456944
2019-09-11,0.0008769575062132244,0.0,0.0008769575062132244,0.2011458709342273
2019-09-12,0.00520482956359901,0.0,0.00520482956359901,0.23091558978751273
2019-09-13,-0.003033010757617889,0.0,-0.003033010757617889,0.4924968583270398
2019-09-14,0.00035524889311551553,0.0,0.00035524889311551553,0.30770809805255545
2019-09-15,-0.0017032070444352374,0.0,-0.0017032070444352374,0.35078485941731996
2019-09-16,-0.0014399551464725133,0.0,-0.0014399551464725133,0.3341278689205656
2019-09-17,-0.0018555699387106,0.0,-0.0018555699387106,0.3143760743608377
2019-09-18,-0.0004263313165628215,0.0,-0.0004263313165628215,0.33099297618306767
2019-09-19,0.006800540453983176,0.0,0.006800540453983176,0.33911073635806427
2019-09-20,-0.004067183451007957,0.0,-0.004067183451007957,0.34450160815486885
2019-09-21,-0.005154854947486973,0.0,-0.005154854947486973,0.36125849743144045
2019-09-22,-0.00022065651755769438,0.0,-0.00022065651755769438,0.35386663045845723
2019-09-23,-0.012521186335023549,0.0,-0.012521186335023549,0.34266255182878463
2019-09-24,-0.020591498322043576,0.0,-0.020591498322043576,0.18373426346363808
2019-09-25,-0.0009891367523219379,0.0,-0.0009891367523219379,0.039160284696740974
2019-09-26,-0.0015129682139737488,0.0,-0.0015129682139737488,0.025721882956499457
2019-09-27,-3.6879449464233183e-05,0.0,-3.6879449464233183e-05,0.0
2019-09-28,0.0,0.0,0.0,0.0
2019-09-29,0.0,0.0,0.0,0.0
2019-09-30,0.0,0.0,0.0,0.0
2019-10-01,0.0,0.0,0.0,0.0
2019-10-02,0.0,0.0,0.0,0.0
2019-10-03,0.0,0.0,0.0,0.0
2019-10-04,0.0,0.0,0.0,0.0
2019-10-05,0.0,0.0,0.0,0.0
2019-10-06,0.0,0.0,0.0,0.0
2019-10-07,0.0,0.0,0.0,0.0
2019-10-08,0.0,0.0,0.0,0.0
2019-10-09,0.0,0.0,0.0,0.0
2019-10-10,0.0,0.0,0.0,0.0
2019-10-11,0.0,0.0,0.0,0.0
2019-10-12,0.0,0.0,0.0,0.0
2019-10-13,0.0,0.0,0.0,0.0
2019-10-14,0.0,0.0,0.0,0.0
2019-10-15,0.0,0.0,0.0,0.0
2019-10-16,0.0,0.0,0.0,0.0
2019-10-17,0.0,0.0,0.0,0.0
2019-10-18,0.0,0.0,0.0,0.0
2019-10-19,0.0,0.0,0.0,0.0
2019-10-20,0.0,0.0,0.0,0.0
2019-10-21,0.0,0.0,0.0,0.0
2019-10-22,0.0,0.0,0.0,0.0
2019-10-23,0.0,0.0,0.0,0.0
2019-10-24,0.0,0.0,0.0,0.0
2019-10-25,0.0,0.0,0.0,0.0
2019-10-26,0.0,0.0,0.0,0.0
2019-10-27,0.0017806582448267549,0.0,0.0017806582448267549,0.05503735809757361
2019-10-28,-0.0014194416145475591,0.0,-0.0014194416145475591,0.06467831779592076
2019-10-29,0.0006663571666018668,0.0,0.0006663571666018668,0.05724085698490673
2019-10-30,-0.004407381167255509,0.0,-0.004407381167255509,0.13248052688447068
2019-10-31,-0.0002343267366800583,0.0,-0.0002343267366800583,0.06372764618028225
2019-11-01,0.0005739167951073322,0.0,0.0005739167951073322,0.06779932462609575
2019-11-02,0.0002913151477721711,0.0,0.0002913151477721711,0.07249704770179732
2019-11-03,-0.0005402944965396285,0.0,-0.0005402944965396285,0.07755105234152525
2019-11-04,0.0012460445784300879,0.0,0.0012460445784300879,0.08142825635248685
2019-11-05,-0.0005221502438627657,0.0,-0.0005221502438627657,0.08648719636087734
2019-11-06,0.0011249610622908548,0.0,0.0011249610622908548,0.1774734070962969
2019-11-07,-0.0030401132455797194,0.0,-0.0030401132455797194,0.1854602491025305
2019-11-08,-0.0025922266499298317,0.0,-0.0025922266499298317,0.09903061686309678
2019-11-09,-5.2682769268977045e-05,0.0,-5.2682769268977045e-05,0.0
2019-11-10,0.0,0.0,0.0,0.0
2019-11-11,-0.0021540866184627467,0.0,-0.0021540866184627467,0.08456776337261691
2019-11-12,-8.267633650766146e-05,0.0,-8.267633650766146e-05,0.0
2019-11-13,0.0005962905856988514,0.0,0.0005962905856988514,0.08768137003392647
2019-11-14,-0.001534344919136501,0.0,-0.001534344919136501,0.09063446454779514
2019-11-15,-8.691168955895529e-05,0.0,-8.691168955895529e-05,0.0
2019-11-16,0.0,0.0,0.0,0.0
2019-11-17,0.0,0.0,0.0,0.0
2019-11-18,0.0,0.0,0.0,0.0
2019-11-19,0.0,0.0,0.0,0.0
2019-11-20,0.0,0.0,0.0,0.0
2019-11-21,0.0,0.0,0.0,0.0
2019-11-22,0.0,0.0,0.0,0.0
2019-11-23,0.0,0.0,0.0,0.0
2019-11-24,0.0,0.0,0.0,0.0
2019-11-25,0.0,0.0,0.0,0.0
2019-11-26,0.0,0.0,0.0,0.0
2019-11-27,0.0,0.0,0.0,0.0
2019-11-28,0.0,0.0,0.0,0.0
2019-11-29,0.0,0.0,0.0,0.0
2019-11-30,0.0,0.0,0.0,0.0
2019-12-01,0.0,0.0,0.0,0.0
2019-12-02,0.0,0.0,0.0,0.0
2019-12-03,0.0,0.0,0.0,0.0
2019-12-04,0.0,0.0,0.0,0.0
2019-12-05,0.0,0.0,0.0,0.0
2019-12-06,0.0,0.0,0.0,0.0
2019-12-07,0.0,0.0,0.0,0.0
2019-12-08,0.0,0.0,0.0,0.0
2019-12-09,0.0,0.0,0.0,0.0
2019-12-10,0.0,0.0,0.0,0.0
2019-12-11,0.0,0.0,0.0,0.0
2019-12-12,0.0,0.0,0.0,0.0
2019-12-13,0.0,0.0,0.0,0.0
2019-12-14,0.0,0.0,0.0,0.0
2019-12-15,0.0,0.0,0.0,0.0
2019-12-16,0.0,0.0,0.0,0.0
2019-12-17,0.0,0.0,0.0,0.0
2019-12-18,0.0,0.0,0.0,0.0
2019-12-19,0.0,0.0,0.0,0.0
2019-12-20,0.0,0.0,0.0,0.0
2019-12-21,0.0,0.0,0.0,0.0
2019-12-22,0.0,0.0,0.0,0.0
2019-12-23,0.0,0.0,0.0,0.0
2019-12-24,0.0,0.0,0.0,0.0
2019-12-25,0.0,0.0,0.0,0.0
2019-12-26,0.0,0.0,0.0,0.0
2019-12-27,0.0,0.0,0.0,0.0
2019-12-28,0.0,0.0,0.0,0.0
2019-12-29,0.0,0.0,0.0,0.0
2019-12-30,0.0,0.0,0.0,0.0
2019-12-31,0.0,0.0,0.0,0.0
2020-01-01,0.0,0.0,0.0,0.0
2020-01-02,0.0,0.0,0.0,0.0
2020-01-03,0.0,-0.0012240904305039864,-0.0012240904305039864,0.0
2020-01-04,0.0,0.0002158488395219896,0.0002158488395219896,0.0
2020-01-05,0.0,0.0002527788778983474,0.0002527788778983474,0.0
2020-01-06,0.0,0.00023987667720355994,0.00023987667720355994,0.0
2020-01-07,0.0,-0.0006891618082656441,-0.0006891618082656441,0.0
2020-01-08,-0.0007748681419009543,0.00053488683680616,-0.0002798772112415167,0.07458756395080342
2020-01-09,-0.0022254243438648708,0.0005397627100780509,-0.0017268332328827384,0.07627722020657018
2020-01-10,-7.187911786753583e-05,-0.0001576408249946356,-0.00022951994286217144,0.0
2020-01-11,-0.0009675189662792454,0.0006096798666193241,-0.0004031051911698203,0.0742456721769401
2020-01-12,0.0012116367044246934,0.00016931057485968364,0.0013681065027978364,0.0758415503413326
2020-01-13,-0.00038917268211208363,0.00029730855759503127,-0.00011506104868009621,0.07802306247316544
2020-01-14,0.006468978082065893,-0.0007121377240919251,0.005814862467504789,0.08147596675180577
2020-01-15,-0.0005657956176133237,0.0009854411684985032,0.00016677479859032339,0.25660664520455373
2020-01-16,-0.002781390564522885,0.0008218275244239398,-0.0021916669977272794,0.2824241714111824
2020-01-17,0.006715033776264007,0.0004384626025534714,0.007023425215323556,0.2966528108359247
2020-01-18,0.0028615613624028854,7.829363465441304e-05,0.0029111014310819173,0.36725292039766677
2020-01-19,-0.012163464489618796,0.0013411845734426803,-0.011343337481111044,0.38850548630859016
2020-01-20,-0.0014254074329807364,0.0008871874644636459,-0.0008820466008391206,0.3875467655867888
2020-01-21,0.0042100448091649525,0.0008480558693417766,0.00469906443911664,0.4233638989713695
2020-01-22,-0.004563299875860392,0.0003086090717816964,-0.004398935473001074,0.4674025558925031
2020-01-23,-0.01507844526855192,0.0002366129895836554,-0.014957161155954989,0.48741566213104914
2020-01-24,0.0007823284093367436,0.0010600999291970673,0.001612910664067988,0.21650569738238
2020-01-25,-0.0036731837665082896,6.268207912625184e-05,-0.003633679178897081,0.36976264728488406
2020-01-26,0.0063781270237235396,0.0012172437489617908,0.007346120766208664,0.2047658956468303
2020-01-27,0.013621413394463839,-0.0004736368340487163,0.013360443731457075,0.44900893628572636
2020-01-28,0.018289787670763277,6.757581431350985e-05,0.01832611521804457,0.46241791311971514
2020-01-29,9.146589472556563e-05,0.0032973382590124807,0.0009767613473429606,0.7315120915490994
2020-01-30,0.02021311547670221,1.0610273480860498e-05,0.02021542506411624,0.7823253643558644
2020-01-31,-0.01838378296263235,0.002788600291253804,-0.018355300739379923,0.9897861936894443
2020-02-01,0.008600958978565297,0.0016776374950945017,0.008653495533483815,0.9686842031892244
2020-02-02,0.007037713501687508,0.0010700347478676882,0.007037713501687508,1.0464624061661518
2020-02-03,-0.0019840204733390866,0.0003305790065554254,-0.0019840204733390866,1.0409437650620257
2020-02-04,-0.010387317558320263,0.0018506290337818366,-0.010387317558320263,1.0851346521823613
2020-02-05,0.07184403284276421,-0.00045315738026622854,0.07184403284276421,1.0805391082761941
2020-02-06,0.024386511552013435,0.0034438571646715384,0.024386511552013435,1.0470610355135737
2020-02-07,0.02618873881831007,0.00040572263745785036,0.02618873881831007,1.1327258477593833
2020-02-08,0.009602502095118131,0.0005417384539930683,0.009602502095118131,1.1744251778291932
2020-02-09,0.026431139403239844,0.0028957939460926246,0.026431139403239844,1.2209962370460614
2020-02-10,-0.029527829096049497,0.004201771043960112,-0.029527829096049497,1.2518443850923917
2020-02-11,0.05857801902043041,0.002065934056253639,0.05857801902043041,1.1390653527142456
2020-02-12,0.05516809130451541,0.005439297727371721,0.05548402414000873,0.9419166128922349
2020-02-13,-0.004731996832522775,0.0036988780624244277,-0.003872831881132542,0.7677228238156373
2020-02-14,0.02515915223148899,0.001975064965586815,0.02550281208144409,0.8260007362071773
2020-02-15,-0.04309725427588129,0.0024825122864875118,-0.04272391563947197,0.8496125725373329
2020-02-16,-0.002046399161612733,0.002475172492067021,-0.0010296351596073704,0.5892148909766441
2020-02-17,-0.005226423784403035,0.001285599043657864,-0.004741118763225221,0.6225067033365277
2020-02-18,0.03346462833917874,0.0002963590517989366,0.0335816402935081,0.6051682794263032
2020-02-19,-0.03864897796045721,0.0024871806764496327,-0.03764089681457282,0.594689217623148
2020-02-20,-0.0027743569848433887,-5.1805024279551374e-05,-0.002804396401798156,0.4201447181518919
2020-02-21,0.008485854457459653,0.0009489312595012804,0.009030141686620774,0.4264208037079765
2020-02-22,-0.004212088867616752,0.0004779044799886235,-0.003950562699109776,0.4527647689906531
2020-02-23,0.01878764404251098,0.0015379486174336983,0.01958846711461875,0.479291399576101
2020-02-24,-0.018700603156931162,0.0008002418149733421,-0.018311362873449314,0.513596670157987
2020-02-25,-0.02285351559728246,0.0005267161086300409,-0.022577506099439475,0.4759805266619399
2020-02-26,-0.03706785310552775,0.0018059461163136164,-0.03606105759599192,0.44251077014914253
2020-02-27,-0.00011209098825698346,0.0005557607832693688,0.00026592653058777314,0.3198197313941504
2020-02-28,0.0009176559675533843,1.542222559592645e-05,0.0009280787462155601,0.3241715602364893
2020-02-29,-0.00739470686120967,0.0017490491241153568,-0.006096103979165558,0.25753778773885183
2020-03-01,-0.0013887898760508006,0.0006850641431422064,-0.0008800929436522086,0.2574462734754516
2020-03-02,0.012051140955017092,0.00036017280926734614,0.012316658537431526,0.26280503252162934
2020-03-03,-0.005894230244268374,0.0004233062239861346,-0.005604350484846149,0.31520080972936326
2020-03-04,-0.00021265574216457336,0.000506820366954841,0.0001289778926377097,0.3259275730078869
2020-03-05,0.006485305559556202,0.0005049702500465584,0.0068174297790419445,0.3422895319969434
2020-03-06,0.015915713216165396,0.0010326974873125663,0.016578719188101415,0.35798626404970957
2020-03-07,-0.009864954970574146,0.0003593665111613308,-0.009635587759901098,0.36174572880532596
2020-03-08,-0.045347664102883094,0.0013263923184726703,-0.04451536217577206,0.3725069758626014
2020-03-09,-0.0016124036108275625,0.00023181497897097406,-0.001405450745878447,0.10724981678156181
2020-03-10,0.00037084622087078025,0.0002573160412612887,0.0006009048337573442,0.10592976730528257
2020-03-11,-0.0035032932818706217,0.0005130640346630475,-0.003044068928313388,0.10493754671611899
2020-03-12,-0.044593116438735904,0.005251309242772944,-0.03987978567804321,0.10244654374918805
2020-03-13,-6.137105985630973e-05,-0.011858271824108615,-0.011919642883964925,0.0
2020-03-14,0.0,-0.0004765063599681473,-0.0004765063599681473,0.0
2020-03-15,0.0,-0.0009856178673737484,-0.0009856178673737484,0.0
2020-03-16,0.0,-0.0005660736838477934,-0.0005660736838477934,0.0
2020-03-17,0.0,0.00029621394512292554,0.00029621394512292554,0.0
2020-03-18,0.0,-0.0005415182459836797,-0.0005415182459836797,0.0
2020-03-19,0.0,-0.00046759962019603376,-0.00046759962019603376,0.0
2020-03-20,0.0,0.000475627162617924,0.000475627162617924,0.0
2020-03-21,0.0,0.00011930129417944493,0.00011930129417944493,0.0
2020-03-22,0.0,0.0006279629157691637,0.0006279629157691637,0.0
2020-03-23,0.0,-0.0006301074678134043,-0.0006301074678134043,0.0
2020-03-24,0.0,0.0005036592009852348,0.0005036592009852348,0.0
2020-03-25,0.0,0.00017911565945270954,0.00017911565945270954,0.0
2020-03-26,0.0,0.00011216165741786853,0.00011216165741786853,0.0
2020-03-27,0.0,0.0005399404010094614,0.0005399404010094614,0.0
2020-03-28,0.0,-0.0003273259123129616,-0.0003273259123129616,0.0
2020-03-29,0.0,1.2858752579301101e-05,1.2858752579301101e-05,0.0
2020-03-30,0.0,-0.0008840663251169425,-0.0008840663251169425,0.0
2020-03-31,0.0,0.0002683723967862876,0.0002683723967862876,0.0
2020-04-01,0.0,-0.0005618235988134577,-0.0005618235988134577,0.0
2020-04-02,0.0,-0.0002623118018275437,-0.0002623118018275437,0.0
2020-04-03,0.0,0.0006404887259665235,0.0006404887259665235,0.0
2020-04-04,0.0,0.00021866023432877318,0.00021866023432877318,0.0
2020-04-05,0.0,2.749703222808771e-05,2.749703222808771e-05,0.0
2020-04-06,0.0,0.0002613845846522092,0.0002613845846522092,0.0
2020-04-07,0.0,-0.0003178543288503565,-0.0003178543288503565,0.0
2020-04-08,0.0,-0.00029716122420159636,-0.00029716122420159636,0.0
2020-04-09,0.0,0.0005165201964664911,0.0004955112190494581,0.04067406765651225
2020-04-10,0.0,0.0001508519377751164,0.00014856962407475163,0.015129495411369223
2020-04-11,0.0,0.00036334526283833286,0.00036334526283833286,0.0
2020-04-12,0.0,-0.00048486970708702746,-0.00048486970708702746,0.0
2020-04-13,0.0,0.00023844358741974286,0.00023844358741974286,0.0
2020-04-14,0.0,0.0003849242350059253,0.0003849242350059253,0.0
2020-04-15,0.0,0.0002567128020347871,0.0002567128020347871,0.0
2020-04-16,0.0,-0.00041663800723502583,-0.00041663800723502583,0.0
2020-04-17,-0.00041461165986179726,0.000502681507329018,4.850611093362906e-05,0.07870537498745941
2020-04-18,0.007227471056517217,-0.0005569672324157965,0.006704126488390441,0.060367401046531044
2020-04-19,-0.00520518203230377,0.00017389339509327325,-0.005055776348787955,0.1408202511908159
2020-04-20,-0.004689989823656689,-8.597272460574105e-05,-0.004768892935918707,0.08223087468896065
2020-04-21,0.0002167540687001806,0.00039633413356468896,0.0005993710099353925,0.03461017148864419
2020-04-22,0.005055715174210594,-6.4744572864480125e-06,0.005049472663074931,0.035824802068039875
2020-04-23,0.0013897062503377133,-0.0005917763185745086,0.000849112543082074,0.08648979303896383
2020-04-24,0.0016414653000655628,0.0002753101117800677,0.0018723034684931987,0.1615339991142729
2020-04-25,0.005354055499467575,0.0005303149373534582,0.005792616757145789,0.17301733972107464
2020-04-26,0.0028317459185968822,-0.0001742829585095901,0.002689853609250278,0.18585092564402284
2020-04-27,-0.00042799624865413546,0.0004661745920112446,-5.5340139885180013e-05,0.20060828034152794
2020-04-28,0.0007764010884357503,0.00031840225497112155,0.0010265123057265225,0.2144803832703486
2020-04-29,0.02069313425236203,-0.0004014163592448489,0.020383522553811935,0.22870184181695724
2020-04-30,-0.01231176109703284,0.0008139784109075451,-0.011845573429375054,0.42727268756672765
2020-05-01,0.011338584909705188,0.0004511137682116828,0.01158372139319742,0.45659720282089944
2020-05-02,0.004364585755303684,0.0008822729928665096,0.004829981768090642,0.4725033900506421
2020-05-03,-0.00703080349832934,0.00042698913255223266,-0.006833385068919781,0.5376499906928913
2020-05-04,-0.0040079959731329625,0.0002017196650622771,-0.003920052993134453,0.5640336802494748
2020-05-05,0.00011886354164187212,0.0007784813271005881,0.00045654225687695763,0.5662340206761904
2020-05-06,0.005392934063990328,0.0004435815440730828,0.005582168295166256,0.5733947146711069
2020-05-07,0.043017839198622,-0.00020624613550561773,0.04294709101689464,0.6569720855427317
2020-05-08,-0.005857656417811726,0.0011852179600419773,-0.005500748802161814,0.6988675267481842
2020-05-09,-0.012939923225544677,0.0007674150543702632,-0.012714949704374942,0.7068424447910414
2020-05-10,-0.07177518568089354,0.0015250164001244415,-0.07136272852621049,0.7295392005952208
2020-05-11,-0.004892051725650971,0.00017056027486567427,-0.0047814987802224235,0.35182476977353294
2020-05-12,0.008756760447023145,0.0005293137394760043,0.009090795942917153,0.3689272146521502
2020-05-13,0.019940911823107824,0.00012552313706934296,0.020014883210068952,0.4106952017916359
2020-05-14,0.016766870298665425,0.0005927002753971509,0.017082379169948324,0.46767551091234866
2020-05-15,-0.02073986127996918,0.00017849561910766355,-0.02065160507998782,0.50555537204457
2020-05-16,0.007130376932578646,8.733896233201747e-06,0.007135038831794363,0.4662291500561614
2020-05-17,0.013773285157652327,-8.900521335183573e-05,0.013728250217224642,0.49401907223498226
2020-05-18,0.008062949331662081,0.00026463917721699813,0.008184518021038305,0.5406247455321397
2020-05-19,-0.00037065646642195783,-0.00019535532618219787,-0.0004486313366631426,0.6008561846506218
2020-05-20,-0.013171933991230182,0.0006050553302140581,-0.012976528091793635,0.6770445781092198
2020-05-21,-0.02928133415950109,0.0005001132545025444,-0.029119360401451674,0.6761258443139496
2020-05-22,0.013970624291083845,-0.00010961273768542794,0.01391745134862287,0.5149017934979955
2020-05-23,0.0005644485304881968,0.00012780247278566025,0.0006211108514614261,0.5566414347220129
2020-05-24,-0.01909516094111299,0.0007769759822085439,-0.018783158962597902,0.5984406395314503
2020-05-25,0.006204656324301851,-0.0004352689822073899,0.006039174447438556,0.6198169784024512
2020-05-26,-0.00826622427905082,2.0008286500601166e-05,-0.008259864105957896,0.6821230497308134
2020-05-27,0.025759207840435665,0.00033080324878460306,0.025854907067183144,0.7107065087810125
2020-05-28,0.03640590806974536,-0.0002619176491080366,0.03632625844340944,0.6958982084362302
2020-05-29,-0.0035695615223117925,0.0003411015178831776,-0.0034631399052040277,0.6880060289142053
2020-05-30,0.04616759941143777,-4.3096102756743864e-05,0.04615940987585781,0.8099703904507409
2020-05-31,-0.024747069398230168,0.00039584164689345473,-0.02461237648299878,0.6597303080955498
2020-06-01,0.04855493900864551,-0.0026839050488938225,0.04751452691543296,0.6123513782123701
2020-06-02,-0.03028242775805774,0.003284165534725249,-0.0286913908710126,0.515543029051901
2020-06-03,0.009474165044103129,0.00026798376421400204,0.009626696904718093,0.43081678450804306
2020-06-04,0.0036716322561082732,4.8502867739873504e-05,0.003697085812754814,0.4752154288473943
2020-06-05,-0.007106879899256446,0.0003456488969989656,-0.006931233445009029,0.4918356292398569
2020-06-06,0.002361009048194979,0.00017240610624057103,0.002441563175884457,0.5327652282972235
2020-06-07,0.004577307847936143,0.00031475024124162686,0.004719010717083206,0.5497926591316555
2020-06-08,0.0024287256271534295,0.00010588756712489736,0.00247236888097295,0.5878340110690987
2020-06-09,-0.001611429637748986,0.00033481864063169214,-0.0014950414342717005,0.6523843378083752
2020-06-10,0.007818163765763254,0.0002497161931408522,0.00789411634550631,0.6958443952402571
2020-06-11,-0.045119251445156654,0.0007531325230226604,-0.04492458297566281,0.7415216266155289
2020-06-12,0.012076532023562963,0.0004892195953172841,0.012308170064913568,0.5265152018279754
2020-06-13,0.001201368962258708,-0.00014370530638323478,0.0011393608234562178,0.5685048773555632
2020-06-14,-0.01005455364059969,-2.1961698977786494e-05,-0.010064584907708682,0.5432381110797644
2020-06-15,0.001669576583101227,0.0004265078635320014,0.0018465309490818442,0.585108784360455
2020-06-16,0.007143476711280387,0.0004134675710488927,0.00730866384358352,0.6004834626229989
2020-06-17,-0.004063676027621981,0.00015503936126288784,-0.004007397374196234,0.6370040938809127
2020-06-18,-0.004689392446226764,-0.00012802203773469367,-0.004734038222250121,0.6512649164679079
2020-06-19,-0.0073082625088374395,0.0001517116011156599,-0.007261641287205948,0.6926983744904995
2020-06-20,0.002653837042192411,0.00031925651054658414,0.002752816408350018,0.6899691536810042
2020-06-21,-0.005028596727000641,-0.00016849954956370895,-0.0050675514227911805,0.7688142437685801
2020-06-22,0.04454633294801874,0.00019077556413698524,0.04458110016928351,0.8177585194306976
2020-06-23,-0.003408760784627777,7.826960386317524e-05,-0.003390945577564338,0.7723866458480868
2020-06-24,-0.026973489860055273,0.0005124449926460442,-0.026887436972035675,0.8320739020684735
2020-06-25,-0.00539062129037664,0.0004043535486938122,-0.005257070859661325,0.6697186629207916
2020-06-26,-0.0073513770660309785,0.00019762985065446088,-0.0072990768252689155,0.7353626459319382
2020-06-27,-0.01949042601367261,0.0003835142182392094,-0.01937848561198865,0.7081192916447819
2020-06-28,0.009816750414377295,9.764102602163703e-05,0.009850180306459119,0.6576245309587869
2020-06-29,0.008343192984322416,0.00031485740879597443,0.008434510093438234,0.709973128899787
2020-06-30,-0.004990572401378449,0.00021491289545840956,-0.004928484425453652,0.7111016731110347
2020-07-01,0.011925181449263958,5.882970344875493e-05,0.011939536370258083,0.755991953849807
2020-07-02,-0.012156690419121681,0.00018833868347887522,-0.012115283278714402,0.7801453230826895
2020-07-03,-0.004191745667282087,0.0005817818919936248,-0.004075670921242696,0.8004840858115547
2020-07-04,0.009387680134562502,5.633809961957257e-06,0.00938879106675206,0.8028097864396228
2020-07-05,-0.004147812416629171,0.00018720263298891457,-0.004126582803899518,0.8865955441400759
2020-07-06,0.03931335844421895,0.0006464061095329795,0.039391661962940576,0.8788632756299317
2020-07-07,-0.007522248997939556,-5.789682916256904e-05,-0.007531262803540347,0.8443126207226186
2020-07-08,0.022809974935491556,8.093335900854776e-05,0.022817906671191948,0.9019967069505221
2020-07-09,-0.023490578659917043,0.0003720301281574745,-0.023490578659917043,1.0921572332865483
2020-07-10,0.0009953402422038478,0.0002969615785517078,0.0010238531517291973,0.9039845165680762
2020-07-11,-0.006892250768320096,0.0003763707643342868,-0.006892250768320096,1.085426929452121
2020-07-12,0.00799083970848142,0.0003888870232306994,0.00799083970848142,1.127017132072363
2020-07-13,-0.008056707599643748,0.00011811129210084095,-0.008056707599643748,1.2180890567539806
2020-07-14,0.005002525089994397,0.00023742632667334953,0.005002525089994397,1.292158024166787
2020-07-15,-0.010585484395138851,0.000447912717593262,-0.010585484395138851,1.3662919035910999
2020-07-16,-0.01834580992562858,-1.7371703268842243e-05,-0.01834580992562858,1.2562650036962477
2020-07-17,-0.000276227332816316,0.0005260057657218586,-0.000276227332816316,1.1689476637857457
2020-07-18,0.008413953414508256,0.00012074405763840464,0.008413953414508256,1.2050658190390928
2020-07-19,0.012734167780692243,0.00015102892097677525,0.012734167780692243,1.3524446260188068
2020-07-20,-0.014381663111645179,0.0004229022803051561,-0.014381663111645179,1.5520688227562482
2020-07-21,0.0458729628146137,0.000465939114100644,0.0458729628146137,1.443150838436741
2020-07-22,0.06680875655898476,-0.0008321664445600209,0.06680875655898476,1.6211006961198804
2020-07-23,0.023194841814784418,0.0013571420725728423,0.023194841814784418,1.1364355160241713
2020-07-24,0.002506501046934581,0.0008878593920622481,0.002506501046934581,1.1832095487139616
2020-07-25,0.053965388447139,0.00041598965817813164,0.053965388447139,1.3089676078703731
2020-07-26,0.023118523697974187,0.0009919029282929217,0.023118523697974187,1.0537864356194024
2020-07-27,0.0940353107433441,0.0015020271601624622,0.0940353107433441,1.050675204147704
2020-07-28,-0.006626897097223168,0.0031621617089235988,-0.004985549154710195,0.4809411745512254
2020-07-29,0.0038503550687067115,0.0021310180927692213,0.004928487263233485,0.49407647068554017
2020-07-30,0.013493293015353281,0.0017264549194176168,0.014314130652242192,0.5245531014700321
2020-07-31,0.011811104558211168,0.002370440237171849,0.012889156397255977,0.5452102853556762
2020-08-01,0.041650913827543636,0.0008070891630099444,0.04198979497397526,0.5801193201903396
2020-08-02,-0.026659505637245354,0.001797421332868488,-0.025762054267854335,0.5007006131618662
2020-08-03,0.010190594418820573,0.0013500643357210295,0.010988537919585855,0.40895890688118575
2020-08-04,0.002145452652722906,0.0008191796607828193,0.0026078608730638517,0.4355228254824318
2020-08-05,0.015953588440622894,0.0014556329864100672,0.016736398266419913,0.46222033087638814
2020-08-06,-0.0025859655948575334,0.0011953763410716802,-0.0019595423710224926,0.4759615007325315
2020-08-07,-0.010763814512074435,0.0011400336280378265,-0.010188055480727024,0.49496311583511665
2020-08-08,0.00945874361897379,0.00019604360501184213,0.0095586852176439,0.4902073002377505
2020-08-09,-0.0033410682356518435,0.0007381879911474358,-0.0029879479488106432,0.5216390796437749
2020-08-10,0.008151295573876303,0.0016264232641403649,0.008889548626931655,0.5460879899270562
2020-08-11,-0.020684720251267837,0.001280050128335782,-0.020150087984123797,0.5823348982128336
2020-08-12,0.0091024087424761,0.00043197829282562536,0.009306931857240826,0.5265430736648498
2020-08-13,0.025398497444338773,-1.8525686721144417e-05,0.025390330190531454,0.5591389441991977
2020-08-14,0.007046553506134504,0.0023555475114946794,0.008139112618090846,0.5361761515635596
2020-08-15,-0.0002457652021075835,0.0016539775532897981,0.00046268877986772297,0.5716665074648832
2020-08-16,0.0011213273697991382,0.0011267483185915294,0.001568741402363666,0.6029157308849511
2020-08-17,0.011986582900541342,0.0015962376583812552,0.012559194766995976,0.6412740524895777
2020-08-18,-0.01415899862295882,0.0025328961721819542,-0.013303654564664027,0.6623059138038172
2020-08-19,-0.016080389421244578,0.001536490333599069,-0.015528145118756564,0.6405806854674836
2020-08-20,0.008865714657382241,0.0005675728105968916,0.009081122326838973,0.6204757073718935
2020-08-21,-0.025391729520974377,0.00024987023224473377,-0.025306291861975107,0.6580718790240345
2020-08-22,0.009438402331842037,0.0003473678563949011,0.00960890756972224,0.5091507900305949
2020-08-23,-0.002630867455827024,0.00035654174537308155,-0.0024658772667512526,0.5372486077243847
2020-08-24,0.012246560320669979,0.0005824867848269431,0.012496139777964104,0.5715276916226087
2020-08-25,-0.025582910383239593,0.0003959779101693126,-0.025444846603260664,0.6513346415715602
2020-08-26,0.0049281783899816425,0.0005249475759711474,0.0051762086405372065,0.5275142473099137
2020-08-27,-0.006903162994861787,0.00011399592448494122,-0.006851252205858558,0.5446259220426258
2020-08-28,0.013410524453938403,0.0008253901840246118,0.01376260010168623,0.5734433791893401
2020-08-29,0.0017768033982594052,0.0002499909936280004,0.001879856491903763,0.5877727747356125
2020-08-30,0.02124118850936441,5.964894958670587e-06,0.02124341003825686,0.6275661335458502
2020-08-31,0.0033417655017936414,6.4608161549242925e-06,0.003343906480049316,0.6686210837244081
2020-09-01,0.034148467189099106,0.000822989798136097,0.03442873974398004,0.6594458940855769
2020-09-02,-0.03966477287116556,0.0009231873997268371,-0.03933876550037058,0.6468676122622131
2020-09-03,-0.05327769900411915,0.0006994085474255579,-0.05290925365501817,0.4732043946886469
2020-09-04,0.0033412085187316926,0.0005729374797863558,0.003782929881754708,0.22902344739651204
2020-09-05,-0.017817565821585918,0.0003693900254475385,-0.01753521478118593,0.23562895327803712
2020-09-06,0.006172841597343195,0.00018952395750543527,0.0063340237493839085,0.14954207287439547
2020-09-07,0.0007264791219580712,9.018660996739783e-05,0.0008033155609104131,0.1480283050874392
2020-09-08,-0.0057784003816727025,0.0003478837380567827,-0.005502609006341312,0.2072311949046188
2020-09-09,0.004576001304065954,0.0005236287506935706,0.005019267628143868,0.15347214321064948
2020-09-10,0.0045312189468349855,0.0003280589326491403,0.004809503486111734,0.15172393865472114
2020-09-11,0.002178633225234759,0.00010470805277916767,0.0022611244820594885,0.21217848450771787
2020-09-12,0.003562481214792962,0.00027459686841059517,0.003775270385261946,0.2250852251133187
2020-09-13,-0.006331507036030529,0.00042900082607436155,-0.006010935737702924,0.2527489952384414
2020-09-14,0.006596297003407345,9.008220599052991e-05,0.006663807540708464,0.2505674504883233
2020-09-15,-0.0014434215879529724,4.1900014789622965e-05,-0.0014124562043964476,0.26096962705144955
2020-09-16,0.002619649471533597,0.00013862027709740272,0.002718680600183627,0.2855942094211423
2020-09-17,0.00506140652690421,3.4390966533577573e-05,0.005083960252668653,0.34419622250447524
2020-09-18,-0.003321119578239754,0.00012621032764625033,-0.0032483191853089548,0.42318196705068295
2020-09-19,0.004990226834767697,0.0003807664579328927,0.0052054723554577475,0.43470461694925505
2020-09-20,-0.010051961317882023,-0.0001517026182808785,-0.010126674238564759,0.5075040791688609
2020-09-21,-0.02527096779744826,-0.00011637795507087127,-0.025327017270986733,0.5183841002847832
2020-09-22,0.002006613898701861,0.00016580221421470256,0.0021055657092291036,0.40319367267853967
2020-09-23,-0.016518732879271712,-0.00010403823368696616,-0.016577991313686893,0.4304167581941185
2020-09-24,0.013888264562346181,0.0005621773958309013,0.014324207231374009,0.22454607342669503
2020-09-25,-0.0009149683102758133,-0.0004696309359001306,-0.0012044767279560855,0.3835405729280204
2020-09-26,0.002131528346335811,0.00021694570255372013,0.0022651282680901234,0.3841780676838691
2020-09-27,0.0007701975219395307,0.0004896564865208646,0.0010564236706233705,0.4154552087779937
2020-09-28,-0.0011099075001082836,0.0002243148618347226,-0.0009868549759674847,0.4514294633252376
2020-09-29,0.0051823916704062094,0.00012245660603776197,0.005244964787387571,0.4890180366254319
2020-09-30,-0.002036553736487782,0.00025686233782591585,-0.00191550270679496,0.5287318852681993
2020-10-01,-0.008192105381739605,0.0006134580424738092,-0.007893810405147224,0.5137483642899406
2020-10-02,-0.003766996827708205,-0.00011984589220952694,-0.0038288557074972166,0.4838464744301484
2020-10-03,-0.00011439683367643529,9.240050900201217e-05,-6.906080607357785e-05,0.5093530534353422
2020-10-04,0.006348081209446076,-6.601989610275413e-07,0.006347807450698961,0.5853390216055978
2020-10-05,0.004422015555691259,1.7523246308786614e-05,0.004428713018133363,0.6177955657254144
2020-10-06,-0.019529942565338406,-0.00010622216144552065,-0.019546884024800416,0.8405091815920174
2020-10-07,0.001888200807456088,0.0001714168078491852,0.0019896322287224315,0.4082761046653929
2020-10-08,0.014859828563514263,-0.0002627915928262039,0.01477566310203886,0.6797254410986164
2020-10-09,0.02309148505165629,0.0001470125795743433,0.023095697521654884,0.9713461935652669
2020-10-10,0.018117179165895125,0.00013564297880218064,0.018117179165895125,1.0328547985069938
2020-10-11,0.007556435193628832,0.00024177725463705302,0.007556435193628832,1.1035894942672217
2020-10-12,0.02739763184048044,0.0002227133374688932,0.02739763184048044,1.2575342055708068
2020-10-13,-0.014865091034298561,0.0005906163576922626,-0.014865091034298561,1.2667730801462007
2020-10-14,-0.004357981412451198,0.0002663808051112151,-0.004357981412451198,1.287963236489141
2020-10-15,0.005129037746537944,0.00043068592417430765,0.005129037746537944,1.3675732439121346
2020-10-16,-0.028749206617842322,0.0002524342909420837,-0.028749206617842322,1.4604896449862177
2020-10-17,0.00409715169160827,0.0003606550732712339,0.00409715169160827,1.3502167538661534
2020-10-18,0.022098327360623612,-9.939564209613221e-05,0.022098327360623612,1.4074659881632516
2020-10-19,0.023279086149325598,0.0004388189853964336,0.023279086149325598,1.467539978840138
2020-10-20,0.0013456067153691386,0.00042406163302946163,0.0013456067153691386,1.4515429430552782
2020-10-21,0.1137832088989122,-0.0008625875770608937,0.1137832088989122,1.5868571580689597
2020-10-22,0.01892064698316371,0.001783052153507748,0.01949427539764175,0.6782884822804778
2020-10-23,-0.004794346368402443,0.0006535304079737437,-0.00460521745720433,0.7106042673905519
2020-10-24,0.007025772862991492,0.0009083906165599676,0.0072618411972949415,0.740124644618822
2020-10-25,-0.006398132732514539,0.00044130910610732304,-0.006305917009122533,0.7910405153308115
2020-10-26,-0.008753820583682797,0.0006937347590291792,-0.008628562402147114,0.8194436996194744
2020-10-27,0.030116993142827366,6.269180457102824e-05,0.030126805330986113,0.8434853131779027
2020-10-28,-0.02567200516995135,0.0005921660113853058,-0.025550114495352508,0.79416131244397
2020-10-29,0.004090411195754812,7.080256385405166e-05,0.0041118726505316346,0.6968830843320559
2020-10-30,0.0014940218849897225,-4.8149737037648363e-05,0.0014804094305529477,0.7172891219295505
2020-10-31,0.009510411645545636,-4.539369081557371e-05,0.00949875585997435,0.7432289518241236
2020-11-01,0.004635565300855412,-0.0002585865721667776,0.004587674838631576,0.8147991141900889
2020-11-02,-0.01479074778457583,0.0002912486898404839,-0.014758308236816172,0.888619077471472
2020-11-03,0.019672203236427616,-0.0001525304991702071,0.019650304202747174,0.8564284926648986
2020-11-04,0.015494806166545822,-0.0001503339959114876,0.01547518314047939,0.8694704684229541
2020-11-05,0.07130751893418967,0.00048028415795641285,0.07132551767615194,0.9625248060671725
2020-11-06,0.02722436466656909,0.0010563914356864729,0.02766779093394369,0.5802443560265609
2020-11-07,-0.024025470473489643,0.0015417479158907027,-0.023311020676610655,0.5365975270566625
2020-11-08,0.02175738961016571,0.0008057440908890874,0.02218385521215607,0.47071830024868216
2020-11-09,-0.008958208278075716,0.0005615036906117995,-0.008665427933091092,0.4785780576693677
2020-11-10,0.0036683639400786954,0.0006622090173984655,0.004006766735071729,0.48897887811544294
2020-11-11,0.014244790544754938,0.0004090130835705993,0.014440760817859196,0.520870404942847
2020-11-12,0.00938343466944945,0.0006106687442143251,0.00965976692268233,0.547492391167976
2020-11-13,0.007775390627124321,0.0003006996974305572,0.007902672985173421,0.5767127165849772
2020-11-14,-0.011209589585953087,0.0008362807877217951,-0.010884955754591672,0.6118124006581738
2020-11-15,-0.008891407308967987,0.0002546665008845269,-0.008791686197095097,0.608424698472197
2020-11-16,0.022870197779971572,0.00021784534010879994,0.022952941922555,0.6201702430627984
2020-11-17,0.030075391072215518,-0.00016451864821567675,0.030012909068351745,0.6202132430491241
2020-11-18,0.0009051260368705488,0.0011209352508689406,0.0013581659837598541,0.5958375414297017
2020-11-19,-0.004875315421571607,0.0007964854899907923,-0.004581141082504734,0.6306595126167667
2020-11-20,0.040855974890732324,0.0011735942300171017,0.04125921139461395,0.6564089243385676
2020-11-21,0.023157694819723545,-0.0007061089098566542,0.022866565124803603,0.5876985959870633
2020-11-22,0.003741671056199754,0.003077394149517675,0.00498494540094197,0.5959976901440862
2020-11-23,0.01700890973178515,0.002865851057135351,0.018087400624815425,0.623675176577978
2020-11-24,0.013404263671654742,0.001753650917723203,0.014042935458929668,0.635804491749062
2020-11-25,-0.023437338208624262,0.00214049224326837,-0.022705371718675576,0.6580382422544877
2020-11-26,-0.05347689745169283,0.0008745952123126339,-0.05311006523707028,0.5805691484949185
2020-11-27,-0.000785373029178154,0.0005106209826387817,-0.00046201980428756464,0.36674512821708183
2020-11-28,0.015120384171608266,0.0006931261877650164,0.01555548019712942,0.3722701101164271
2020-11-29,0.015615193381868892,0.00018667999937248188,0.01572733540729442,0.3992820559112462
2020-11-30,0.028858173011859625,-0.0003756394778213241,0.02863620743684791,0.40909944743002613
2020-12-01,-0.016961995748490877,0.001341373663660852,-0.0161244132046526,0.3755785084132624
2020-12-02,0.007736559999895837,0.0010662667541385933,0.008420000962801065,0.35903378750905424
2020-12-03,0.008389226472361497,0.00020465046846421242,0.008515666919226896,0.3821639021192391
2020-12-04,-0.021587354083273932,0.00029022449543042667,-0.02141507116976503,0.406380521901176
2020-12-05,0.011199061392053948,0.0009170416060985101,0.011776930113291907,0.36985550339808415
2020-12-06,0.0049472019418664035,-0.0002029941156789906,0.004823106067494504,0.38867255360179387
2020-12-07,-0.0050433197186356415,0.00029639092727190303,-0.004869912484846596,0.4149374429738688
2020-12-08,-0.020724930489903842,0.000834150473065781,-0.0202437650232481,0.423167063746547
2020-12-09,0.008708835773620211,0.00028591240206998504,0.008895723312359643,0.34634686223339983
2020-12-10,-0.007360989362752238,-0.0002019713195211743,-0.007483657791055998,0.39264431903213953
2020-12-11,-0.007220739285544643,0.0007014860253125786,-0.006808292525866204,0.41203852279928954
2020-12-12,0.015884797698338674,0.0002844032176756924,0.016046308660979954,0.4321057125821589
2020-12-13,0.010519397296133496,0.00013213974135902682,0.010591425200847977,0.4549111117239232
2020-12-14,0.000692325726365343,0.0004419481150158602,0.0009159848119059651,0.49392456276774577
2020-12-15,0.002903150852458752,0.00015080983343977405,0.0029797928258057365,0.4917972416063218
2020-12-16,0.04772416609310047,0.00019985234303100907,0.04781144760931496,0.5632699877782094
2020-12-17,0.017273355918962063,0.0014735136154732332,0.01811800796505603,0.42677689759744797
2020-12-18,0.005545530331855974,0.0010589562453440459,0.006143708703804594,0.43512456290932344
2020-12-19,0.010871612846877121,0.0011751449091543143,0.011500601360721726,0.46475663644132903
2020-12-20,-0.009715005869532733,0.001959807907345369,-0.008721772911803833,0.49319882116698344
2020-12-21,-0.014049928618541273,0.0005286138798867323,-0.01378299223201593,0.4950257708281501
2020-12-22,0.015368867142856143,0.00014049272367662748,0.015441412259593409,0.48363790779483073
2020-12-23,-0.018418446565205707,0.001219181190839976,-0.01780849985874367,0.49970790966533474
2020-12-24,0.011441002032628628,0.00011596875842979516,0.011506607851166329,0.434280236970749
2020-12-25,0.014443234193677889,-9.434015943574008e-06,0.01443839261370418,0.4867954429304627
2020-12-26,0.02195070701688832,0.0002850122030533787,0.0220918915406551,0.504636916404809
2020-12-27,0.014828244914967375,0.0007891341097780449,0.015227202871221085,0.4944357982879199
2020-12-28,0.018201851888907265,0.0018935541405254476,0.019157281820542514,0.4954303596673903
2020-12-29,0.0023062432779030347,0.001057703707786608,0.0028248280722046465,0.509706933535458
2020-12-30,0.021412174283856587,0.0019503320322904918,0.022306000174966558,0.541705783265913
2020-12-31,-0.0016188426839729008,0.00141397997854298,-0.0009763848894620276,0.5456386906037477
2021-01-01,0.001249427898798824,0.0013133312676383456,0.0018147098767885932,0.569581573271861
2021-01-02,0.046331046982664395,0.0014726148470453702,0.04691656033669651,0.6023988518064478
2021-01-03,0.08508074915879586,0.001840515531566003,0.08597864118524738,0.5121518883964308
2021-01-04,-0.005375480493378285,0.005590492341149314,-0.0015407515833560127,0.3140623980831867
2021-01-05,0.02155449664604112,0.0018925093917981682,0.022873391334515374,0.30309741436944493
2021-01-06,0.026448891980512822,0.0040580029120344694,0.02925740635793599,0.3079072543062504
2021-01-07,0.0176639515214154,0.004106044746681581,0.020507708218149498,0.307421893287363
2021-01-08,0.009238694434237813,0.004013286859958163,0.011969280469882113,0.31961354098850403
2021-01-09,0.0042002556362946385,0.0016750476808802645,0.005307297866599596,0.3390980788539768
2021-01-10,-0.014077553273254311,0.00407755969497612,-0.011434989798453761,0.35192525125839347
2021-01-11,-0.03629606715988845,0.00404196566342485,-0.03356409166921321,0.32409730359748323
2021-01-12,-0.011026756374795109,0.0007842574311053736,-0.01043115334959487,0.2405516332044646
2021-01-13,0.024212658980495405,0.00038670815014465386,0.024506363046956327,0.24050200040764713
2021-01-14,0.015721654267638028,0.0010851312622839032,0.01655750939932548,0.2297197945175698
2021-01-15,-0.01385748829427293,0.002819735763989346,-0.011715850729968816,0.24048288791637062
2021-01-16,0.004307321152761149,0.00045779088252562785,0.004657502787132778,0.23506201687617456
2021-01-17,0.00062945571867339,0.0014848973163067672,0.0017448301022369428,0.24885419933432903
2021-01-18,0.0031407387767919755,0.0006695901219905332,0.003633183864695121,0.26455741844096703
2021-01-19,0.012080573291431598,0.005429416145797316,0.015977929529621158,0.28217765344689233
2021-01-20,-0.004741813490605435,0.0013130832263624338,-0.0038128784038765906,0.2925542965755304
2021-01-21,-0.0414597726616947,0.0015699381986401097,-0.04032695936104293,0.278434462176267
2021-01-22,0.01889495369637164,-0.00043418855083202725,0.018537457177117234,0.17663301215717725
2021-01-23,-0.004161601632381768,0.0007913112507250287,-0.003522805297408568,0.19273694846634537
2021-01-24,0.016596463941981325,0.0014676897540578482,0.017774245495821635,0.19752689518749128
2021-01-25,-0.005397945479957962,0.0020426982819281214,-0.003785526464887806,0.21064259497580892
2021-01-26,0.004578744870802686,-0.00016861765101545297,0.004447545269868494,0.2219106354282659
2021-01-27,-0.020960428167730277,0.0011086548688953202,-0.02011435760992966,0.23684946367154458
2021-01-28,0.022940823549554977,3.318670199633383e-05,0.022966429144402386,0.22843809998841505
2021-01-29,0.006851068149702852,0.0023440554122018285,0.008680052627526438,0.21973496517918206
2021-01-30,0.00038371204062863465,0.0013263410569200813,0.0013996863499643837,0.23400221682426092
2021-01-31,-0.01105265949127492,0.0023981145771578794,-0.009253126564983057,0.24960510918349263
2021-02-01,0.007004836537917169,0.0007482789886583512,0.007560615333394072,0.25725724776342707
2021-02-02,0.023685907627263802,0.0015449876110092966,0.02480825177142837,0.27355783556647967
2021-02-03,0.021112314733371777,0.004113808773567677,0.024059377965466693,0.2836168635181617
2021-02-04,-0.00665339408394379,0.0027815968503941482,-0.0047053374899026085,0.2996624964666808
2021-02-05,0.014418278359899376,0.0021398851181956974,0.01588828896364094,0.3130422791196189
2021-02-06,0.0014527249378457337,0.0023606544509397484,0.0030359200751816535,0.32934058319900694
2021-02-07,-0.008282846814053049,0.0034149233690312347,-0.00605703368439176,0.3482099335386491
2021-02-08,0.04986039611814165,0.0015419994426899095,0.05086675328271469,0.34736865869580114
2021-02-09,0.0037990824826483133,0.005531560801421184,0.007774153462809284,0.28138347875708347
2021-02-10,-0.006812728666900517,0.003825755663529053,-0.004135328118674925,0.3001642593777577
2021-02-11,0.01258807985138633,0.002121648566052064,0.014051729907013647,0.3101354865990562
2021-02-12,0.00434230381490318,0.0032399111439295252,0.0065242729231231875,0.32653427477223745
2021-02-13,-0.0034554400360636414,0.003694098563948714,-0.0010429502865962306,0.3469341145871754
2021-02-14,0.0044913921973904316,0.0033453821204734403,0.006617345680629639,0.364511016475947
2021-02-15,-0.004468196204192847,0.0020475511319815913,-0.0032154074389224773,0.38815263477306244
2021-02-16,0.0038316185252041204,0.0030449025617375887,0.005639866540277564,0.406139284128173
2021-02-17,0.019302169202358988,0.00390706073801142,0.021515708834402562,0.43345144074463465
2021-02-18,0.007713298292476611,0.0037020784731254374,0.009765823022509024,0.4455750344212469
2021-02-19,0.0210572029068947,0.0023808516940702004,0.02231983193956315,0.4696733795669914
2021-02-20,-0.005327150661110822,0.004801549792926732,-0.002830332220405454,0.4799973865972429
2021-02-21,0.009275612828048103,0.002375180179289989,0.010470833409797547,0.49678740494258844
2021-02-22,-0.033193175576801875,0.002339525617162825,-0.0320956526412172,0.530878000423155
2021-02-23,-0.04758213712630733,0.00012667420841327938,-0.04750762956596804,0.41181743882536614
2021-02-24,0.007776196081812138,0.001272120489621284,0.008671834524443528,0.29594841845678777
2021-02-25,-0.017103133676263687,0.0007519913768205068,-0.016585636530382416,0.3118310105239487
2021-02-26,-0.008738177785764004,0.00010454815464725488,-0.008661637004774807,0.26788969879530933
2021-02-27,-0.00038932923704628055,0.0011884030226820789,0.0004651067650164417,0.2810216856110263
2021-02-28,-0.0040813197815345904,6.001082574488401e-05,-0.004039297397694075,0.2997532808636861
2021-03-01,0.026674528404714307,0.00059078680498696,0.027076622704163365,0.3193918752841258
2021-03-02,-0.010607211313757624,0.0011224581008989645,-0.009824655472150773,0.3028195520348511
2021-03-03,0.016100444199307045,0.00019310431797510318,0.016238240735262532,0.2864140097931172
2021-03-04,-0.011307580140317085,0.000502673831764507,-0.0109638697214169,0.3162357035899803
2021-03-05,0.0005250728749967906,0.0002825365898356468,0.0007245701052896942,0.29390656831756823
2021-03-06,0.011330010758785983,0.000686678264432432,0.011809297013452036,0.30202209755073234
2021-03-07,0.01205239382129028,0.0009315763582987868,0.01267007008165439,0.3369558438643836
2021-03-08,0.01206053010335648,0.0004304162711214068,0.012331144737766192,0.3712722948306445
2021-03-09,0.011650822577861587,0.0014251884346152583,0.012488260806356758,0.4124017511261618
2021-03-10,-0.0004044328655384069,0.0012408240553826114,0.00028356253002941105,0.4455334802840579
2021-03-11,0.010323537325615086,0.0019196541519464654,0.011340085751905982,0.47045230764085855
2021-03-12,-0.008639671498311576,0.002430848624525299,-0.007422773995334256,0.49939396032323546
2021-03-13,0.0347797995296604,0.0013845983990851364,0.03544829736410639,0.517190085668383
2021-03-14,-0.01149871737278602,0.0027258677947512126,-0.010048650837146992,0.46803489940664056
2021-03-15,-0.024597725212912976,0.0020278637767022975,-0.0235362005805905,0.476530601060037
2021-03-16,0.0016879161563626947,0.0005866966223722729,0.0020230754574058836,0.4287349061462259
2021-03-17,0.01205395049061755,0.0009756258233292914,0.012582336011454288,0.4584137604787458
2021-03-18,-0.008170687281530085,0.0014031406170845477,-0.007465076601122114,0.4971204797177834
2021-03-19,0.005808886258278162,0.00042812458431321304,0.006014476938277098,0.5197877264424337
2021-03-20,0.0006726262614841381,0.0018409637860832139,0.0015240698318648312,0.5375011845332374
2021-03-21,-0.008198204839438988,0.0005216548597865827,-0.007976349270083727,0.5747081327948809
2021-03-22,-0.02944665259022037,0.0015678182316709202,-0.028824939650971822,0.6034534318522691
2021-03-23,-0.0019875723747580848,0.0004390407336177085,-0.0017432992540735053,0.4436208260865415
2021-03-24,-0.021243072688663486,0.001497007312998016,-0.020424132525539842,0.45294845521925153
2021-03-25,-0.004724586284407102,-0.00022461216578682812,-0.004848424880354527,0.44865588418324764
2021-03-26,0.03125387566906465,0.001113202856689931,0.0317881079372798,0.5200944149535622
2021-03-27,0.008773305554381532,-2.1957558077908898e-05,0.008761436624149783,0.4594603739798412
2021-03-28,-0.006023689396836028,0.0004782305460745621,-0.005777612460196592,0.4854428713111334
2021-03-29,0.026355883593187513,0.0006308427033668869,0.026661856975859134,0.5149767429525585
2021-03-30,0.01039203369823464,0.0010151649518142481,0.010793202692543928,0.6048238332180986
2021-03-31,0.010913330419956725,0.0015959135827774947,0.011487255349216468,0.6403784418822372
2021-04-01,0.0074390062947311455,0.0029777220547312104,0.008409832627729078,0.6739701304709026
2021-04-02,0.02780765842519748,0.0018653285485705996,0.02833495196424103,0.7173186785525711
2021-04-03,-0.02871956535930097,0.0025050296424217883,-0.027994942511306815,0.7107328249842139
2021-04-04,0.013231351300504984,0.002313878656868362,0.014082856148776957,0.6320010793373183
2021-04-05,0.006648026291382231,0.0007464089746184824,0.006877437911052875,0.6926462201396971
2021-04-06,-0.0021401487514247984,0.0027447512610104877,-0.0014263522077327805,0.7399412639565628
2021-04-07,-0.031818017217073856,0.0014246036184468404,-0.03151135427097461,0.7847380547625016
2021-04-08,0.024269357556608914,0.0010158488201089974,0.0246056343575136,0.6689696397259148
2021-04-09,-0.0010898191215413585,0.0011107054706559671,-0.0007501801581413804,0.6942132974285325
2021-04-10,0.020666643184833217,0.0022151637945781147,0.021240310130631584,0.7410273013659359
2021-04-11,0.003952711354298625,0.0018646774533253821,0.004407731233747679,0.7559793096454339
2021-04-12,-0.0004898783104632939,0.003412259568914845,0.00016105858447790515,0.8092358210755322
2021-04-13,0.050200256579967385,0.0021242576694143634,0.050561851180465515,0.8297783711908095
2021-04-14,0.015502846988240225,0.0033300740452832087,0.016533184790272167,0.6905961284880936
2021-04-15,0.013451333114805756,0.0022978914503521356,0.014094376935705361,0.7201591829757392
2021-04-16,-0.022437023298334316,0.0032347540007599887,-0.02167567998006342,0.7646364087989311
2021-04-17,-0.01973988577462717,0.0023205770115440234,-0.01908253412426793,0.716729224201931
2021-04-18,-0.040273803893338324,0.002263801091021305,-0.03960065337834555,0.7026459092794745
2021-04-19,-0.012727929300837326,-2.0188089684112544e-05,-0.012737916140661817,0.5053103101503105
2021-04-20,0.024496599536928048,0.0008000311594854947,0.02489863097839304,0.49748027098901687
2021-04-21,-0.0072687396537387166,-0.00029713299502870166,-0.0074211067849823545,0.48720898118729705
2021-04-22,-0.003760554113930336,0.00038941678135820157,-0.0035576547825664504,0.47896613326160087
2021-04-23,-0.010800524845137327,0.0008511398776559862,-0.010375689131460166,0.5008626374701811
2021-04-24,-0.0159662443828603,-0.0001265208033526134,-0.0160269012891115,0.5205776074457269
2021-04-25,0.0007756880176895866,0.0012470504526469678,0.0013906290188098656,0.5068836230202108
2021-04-26,0.037082389000583076,0.00012030583943407205,0.03715273446555355,0.41527805049713024
2021-04-27,0.015250103701830725,0.00021055677576510264,0.015374951022184242,0.40706101762881636
2021-04-28,0.008827559774160394,0.0006028210508846757,0.009174606395799246,0.42429578209065466
2021-04-29,-0.001978103367474875,3.315364642624642e-05,-0.001959955184931697,0.4526037253986369
2021-04-30,0.01488650162153784,0.0008003807013641371,0.015303467088887709,0.4790410780279816
2021-05-01,0.018542512648407727,-9.394687600840356e-05,0.01849923262292868,0.5393138407798386
2021-05-02,-0.0052978727291250576,0.0007750860661489471,-0.0049478022126711145,0.5483462653466535
2021-05-03,0.05056184564752889,0.0009371698686652715,0.050964896907708945,0.5699272099367831
2021-05-04,-0.02358980288356418,0.0008474688337003077,-0.02312314621463177,0.4493524122948047
2021-05-05,0.026011044056154932,0.001487056631163223,0.026976410447297716,0.35082069444279185
2021-05-06,-0.003960093317439014,0.0023030446075944424,-0.0025595109504247347,0.3918561705684007
2021-05-07,0.0015150517820395253,0.0012857552481550284,0.0022967941977532725,0.39199749187452676
2021-05-08,0.02907510956728381,0.0007843403638857045,0.02950295250317849,0.4545187834333744
2021-05-09,-0.00033249886346641656,0.001449862945930364,0.00048051234516842026,0.43924961258104656
2021-05-10,-0.008274270414496045,0.0018137338703185244,-0.007305625579856348,0.4659388290137708
2021-05-11,0.014306850286945519,0.001356083830550944,0.01509902197041428,0.41583870729664185
2021-05-12,-0.03426953659506025,0.001055054126753043,-0.03367635504866748,0.437771455178038
2021-05-13,-0.018976834244113297,0.000306646014467765,-0.018750774099304358,0.2627977076391991
2021-05-14,0.024090089284234267,0.0001841436846861951,0.024229616654823014,0.2422907642663924
2021-05-15,-0.020992958772166347,0.0009953957781151665,-0.020224308302083153,0.227794122717023
2021-05-16,-0.0059252603851085925,0.0013324180307250615,-0.00484374685247452,0.18830764242544382
2021-05-17,-0.012718339487048555,0.0006055037663384379,-0.01221555498546137,0.16964265205551252
2021-05-18,0.003345208126140593,0.000713107526566583,0.003956688674107251,0.14251283966841782
2021-05-19,-0.036323171476828515,-0.0015745630103855975,-0.03764763578671781,0.15883689560004105
2021-05-20,0.010308422388679694,0.0014243633452912245,0.01162639107182522,0.07469629325791508
2021-05-21,-0.015356517864290887,0.0003501986403902571,-0.015038663957344024,0.09236110513549965
2021-05-22,-0.003991438151169451,-0.0002150112767422048,-0.004190411481566866,0.07459118697304096
2021-05-23,-0.009260840745492641,-1.448877687053226e-05,-0.009274278937660755,0.07251024098214859
2021-05-24,0.022606832545713138,0.00010542122053160412,0.022707784437012764,0.04239496763024883
2021-05-25,0.001569348134503329,-8.855203787482445e-05,0.0014861475430107628,0.06043278631060934
2021-05-26,0.003954882022639987,0.0008886562722737997,0.004786919970108568,0.06371228850987583
2021-05-27,-0.00287475213982345,-8.045914035911716e-05,-0.0029491215919777826,0.07568671722819989
2021-05-28,-0.0075234062167380865,0.00029411754870240176,-0.0072505248726116205,0.07220311970375888
2021-05-29,-0.002924058427323805,0.0003287147571282796,-0.002616638655131871,0.06478256444092481
2021-05-30,0.0023854900402687407,4.162167397908383e-05,0.0024255637214593605,0.03719198774277662
2021-05-31,0.0071149242838730135,0.000516487325275688,0.007597331877402623,0.06598367487118363
2021-06-01,-0.0016774224190558773,0.0001557193258760347,-0.0015317711466440987,0.06465513132436139
2021-06-02,0.0020011656281569918,9.43742575365363e-05,0.0020889103939049055,0.07024682325109914
2021-06-03,0.003340341813812538,0.00026415635812228853,0.0035819716412793545,0.08527726084504625
2021-06-04,-0.0038759022709994426,0.0005255951887961608,-0.0034052834753338585,0.1045983568770796
2021-06-05,-0.0019373362543274523,0.00041983560643630083,-0.0015589630320750616,0.09875861777388563
2021-06-06,0.0023283891779261874,5.2963468120916285e-05,0.002375760470532256,0.10558552363074931
2021-06-07,-0.00502360284799546,0.00011894200234288767,-0.0049197277206964405,0.1266741331664636
2021-06-08,-0.003815577845666528,0.0006268418542291797,-0.0032654705636542113,0.1224145638954225
2021-06-09,0.004088618890600547,2.9874889686791062e-05,0.004115132030603265,0.11252760158504263
2021-06-10,-0.00584409648784994,-2.6266508100491933e-05,-0.005866799139913936,0.13568061741824436
2021-06-11,-0.006450870152637381,0.00046249496018525057,-0.006045410636769593,0.1233212234239628
2021-06-12,0.0017051676029544531,-3.577935318490523e-05,0.0016719047544840155,0.07033399126760177
2021-06-13,0.00588542601759503,0.00044849926523779775,0.006297538276764584,0.08113058122614997
2021-06-14,0.003421496805574056,0.00022233782714145613,0.003612211317539093,0.14223092661735687
2021-06-15,-0.0011446600510188576,-0.00018102555536943677,-0.001301976378246288,0.13097171884721248
2021-06-16,-0.0090410309119648,0.0004686001045064446,-0.008637072728583849,0.1379468773136031
2021-06-17,0.0003515958595663681,0.0005292795304266428,0.0008416544696125091,0.07410246972688807
2021-06-18,-0.00684056748706326,0.00020927790615973387,-0.006646788809611401,0.0740605111752465
2021-06-19,-0.0023860705721379136,-0.0003599703919468258,-0.002721527979944622,0.06809722323978881
2021-06-20,0.0007077964016338322,-6.176544125413087e-05,0.0006475876563971587,0.025203349734883647
2021-06-21,-0.003963784347177214,-0.0001694601840969291,-0.0041250204775500265,0.04853089100512466
2021-06-22,-0.0003810065590928852,0.00016354877825406955,-0.00022036048098786652,0.017748222762884788
2021-06-23,-2.1723033635283217e-05,0.0001826627712586735,0.0001609397376233903,0.0
2021-06-24,0.0,-0.0005127793912638083,-0.0005033641836854643,0.018361127102123086
2021-06-25,0.0,0.0003853754924836227,0.00037809476009220526,0.01889256720632505
2021-06-26,0.0,-8.233410074681446e-05,-8.233410074681446e-05,0.0
2021-06-27,0.0,-0.0007385330374363262,-0.0007385330374363262,0.0
2021-06-28,0.0,-0.00014963576627642985,-0.0001468680344943476,0.018496458774229684
2021-06-29,0.0,-0.00013290450197890212,-0.00013043826792836005,0.018556437244944185
2021-06-30,0.0,0.0005186573721986168,0.0005088591138441196,0.018891582149814828
2021-07-01,-0.003748113761708679,0.00036312813969319554,-0.0034043165408416537,0.053234428052044605
2021-07-02,0.0008334931058251027,0.00015194981305442605,0.0009834372790728987,0.013199356855487851
2021-07-03,0.0015484970423971715,-0.0004064498501635405,0.0011500391832170408,0.019662920235286086
2021-07-04,0.00258094571998027,4.146314028496728e-05,0.0026209933077989906,0.03414002066698507
2021-07-05,-0.002510447253649691,0.0003520099954828806,-0.002182820528082258,0.06926868619738774
2021-07-06,0.002333533171076214,-0.0002473434868615936,0.0020948413994400766,0.0349785447566582
2021-07-07,-2.4037615733106985e-05,0.00043601985477158825,0.00038063752661914827,0.07188826856463479
2021-07-08,-0.004637733064990357,-2.6132647446002935e-05,-0.004661814531372203,0.07849113138629764
2021-07-09,0.0008194349214010558,-0.0006997713992054682,0.00014473954468450037,0.035834591864406726
2021-07-10,-0.0008624720200801657,0.00010615982763832426,-0.0007601606873722169,0.03625189505287215
2021-07-11,0.0005438678800341388,0.0003264804553956024,0.0008603847117165959,0.03051828539344622
2021-07-12,-0.002518494044560862,0.0004775827415996061,-0.0020559628882869004,0.031516183510381955
2021-07-13,-0.002200403849576587,4.916704414033033e-05,-0.0021520167920926064,0.015864013588518484
2021-07-14,-4.580099904699553e-05,0.00023824164411514386,0.00019244064506814833,0.0
2021-07-15,0.0,-2.3095554435744862e-05,-2.3095554435744862e-05,0.0
2021-07-16,0.0,-7.135829950249273e-05,-7.135829950249273e-05,0.0
2021-07-17,0.0,0.0006600740432608504,0.0006600740432608504,0.0
2021-07-18,0.0,1.9001572982811605e-05,1.9001572982811605e-05,0.0
2021-07-19,0.0,-9.388402007600726e-05,-9.388402007600726e-05,0.0
2021-07-20,0.0,-0.0002731415086910769,-0.0002731415086910769,0.0
2021-07-21,0.0,-0.0007824286773522346,-0.0007824286773522346,0.0
2021-07-22,0.0,0.00022316371251918966,0.00022316371251918966,0.0
2021-07-23,0.0,-0.0004787790479577227,-0.0004787790479577227,0.0
2021-07-24,0.0,0.0005749812505140647,0.0005554024301205022,0.03405123275942984
2021-07-25,0.00014228879109047922,-0.00031670600800893974,-0.0001578493044936105,0.05231322427070072
2021-07-26,0.0012891841517383095,-0.00012178320180049568,0.0011739946584752876,0.054143005274861974
2021-07-27,0.0010803139999836931,0.00029571208954665953,0.00135954457852928,0.05573499218898927
2021-07-28,0.0002586537080997177,7.804353836142521e-05,0.00033206126728675136,0.05940247292379292
2021-07-29,0.00209271155722981,-1.4087192928219023e-05,0.0020796873000873332,0.07545405185819194
2021-07-30,0.004068968064720744,0.0001277420206900834,0.0041777536682652385,0.1483960958436635
2021-07-31,0.005687773790132583,0.0004532020719950285,0.006024972399540767,0.25596410465686625
2021-08-01,-0.0016106092203004693,0.00017973050837667503,-0.0015049679569654872,0.41222408878084466
2021-08-02,0.006784542107862285,8.158568397896502e-05,0.006837435147242755,0.3516872470652268
2021-08-03,-0.015619917133865057,0.0006466692439846173,-0.015221553790627453,0.3839766666758625
2021-08-04,0.019240557528362977,-0.0004062663373792351,0.01892634677376322,0.2265892453047299
2021-08-05,0.01621486318992368,0.00020091704318726851,0.01631967859858827,0.47831499507537995
2021-08-06,0.013173844046466933,0.0004642086357545186,0.013408710179363431,0.4940504876331099
2021-08-07,0.038380474201181944,-0.00043953882307560534,0.03816602899246182,0.5121131571050327
2021-08-08,-0.01617205377287791,0.0006978712299564764,-0.015812132515122854,0.48425835267990147
2021-08-09,0.022771606335822685,0.00011016737174276964,0.02282890732815731,0.47987329253513844
2021-08-10,-0.009754446784259239,0.0005063005508775757,-0.00965730383253875,0.8081318466825504
2021-08-11,0.005248956823581922,0.0005965633903278246,0.005368320684284087,0.7999142041945079
2021-08-12,-0.02878201556272172,0.0005782453936992356,-0.028690508877083628,0.8417511204841719
2021-08-13,0.046644514920058965,0.00019196920788338423,0.04673728496064294,0.5167452030102332
2021-08-14,-0.0110539783758222,0.00012102663757221532,-0.011030361532698506,0.8048624369192905
2021-08-15,0.004049589145780641,-2.356610188415295e-05,0.0040454280031104895,0.8234267724629596
2021-08-16,-0.02684154692306219,0.0010194928677486146,-0.02671596519366596,0.8768194134858871
2021-08-17,-0.027599981222560303,4.2845682958184025e-05,-0.027591620878400027,0.8048731264609308
2021-08-18,0.0035897114825121437,0.0007265590550162942,0.0038719664575113354,0.6115181924298481
2021-08-19,0.024966915158571946,-0.0001925597934036984,0.024900075009809532,0.6528862667489207
2021-08-20,0.03618788690881556,0.0006295249721744874,0.03630775354329973,0.8095919307694299
2021-08-21,-0.0060938523588135556,0.0001473147648476777,-0.006056049234637305,0.7433853679545397
2021-08-22,0.003596869804184712,0.00026434345714781033,0.003654665269011977,0.7813622268133222
2021-08-23,0.010372471383671032,0.0012213327894618656,0.010534129927675486,0.867637596075937
2021-08-24,-0.03322225939956564,0.0005425413104993508,-0.0331790750557439,0.920403584047832
2021-08-25,0.016491638221345823,0.0009497117664906724,0.01665582648809198,0.8271177924299524
2021-08-26,-0.03133264377177983,0.0004511971740753175,-0.03127172476010155,0.8649836143076008
2021-08-27,0.03484980370118029,0.0002396711383780834,0.034903425000357126,0.776271354407966
2021-08-28,-0.0045581693275551964,-7.431323532466182e-05,-0.0045780613686026575,0.732321692622371
2021-08-29,-0.00041322700751528744,0.00047601184847669497,-0.00029315943214887764,0.7477634732189062
2021-08-30,-0.01675762000794461,0.0003434447482938655,-0.016699281043357606,0.8301358082287811
2021-08-31,0.02473886581400855,0.000426207121829306,0.024827263751220807,0.7925939462652662
2021-09-01,0.055807434814151964,0.000360921152325295,0.055886162013990985,0.7818714715615694
2021-09-02,0.004905339706766163,0.0012092764473052417,0.005317851512958077,0.6588771681519487
2021-09-03,0.01362746241297046,0.0010868268073904227,0.013920427351883329,0.7304400876747723
2021-09-04,-0.0018664047570345068,0.0013710665190456563,-0.0015092492548135208,0.7395053432786125
2021-09-05,0.020719369137436456,0.0011184601626938505,0.020962937568349296,0.7822287828954071
2021-09-06,0.005200696023662077,0.0011473288922351148,0.0054403380209600075,0.7911305128635926
2021-09-07,-0.09147141934122242,0.0010823419051555275,-0.09129897099737633,0.8406711012253455
2021-09-08,0.00042999178255836263,0.00032047518123499904,0.0006559205030058979,0.2950196031502807
2021-09-09,-0.0022245147582308686,-9.11462135148277e-05,-0.0022870821939061647,0.31354871187142064
2021-09-10,-0.014960393653107007,0.0003952826011097968,-0.014697020147428505,0.33370832680453794
2021-09-11,0.0028539584358874648,0.0002954445240034441,0.0030821120353582325,0.2277616238095911
2021-09-12,0.008613119023421097,0.00012074362703164666,0.008702106303138259,0.2630064053497541
2021-09-13,-0.009814175434158582,0.00036959656717705497,-0.009570741513931757,0.3413523234640655
2021-09-14,0.009287156116596505,0.0005841075272473232,0.009717790710755183,0.2627477406632739
2021-09-15,0.011149881982889296,0.00016423410934911876,0.011258594759685487,0.33806212834207366
2021-09-16,-0.002277211706511509,-0.00010542638841358438,-0.002339521688482514,0.40897167294999215
2021-09-17,-0.011768214760391015,0.00044618251380736633,-0.011507988966292538,0.4167727644054932
2021-09-18,0.006373246337173714,0.000549519993757094,0.006695253051007121,0.414021841804459
2021-09-19,-0.010693703591631024,9.28939146960219e-06,-0.010688752936432807,0.4670635622992684
2021-09-20,-0.041547389659891194,0.00016008028706390108,-0.04145743127102963,0.43804205682334174
2021-09-21,-0.017106647022766566,0.0006546736469481367,-0.016583973353504252,0.20162714399939974
2021-09-22,0.009890036153424337,0.0003921417751116563,0.01024817377460066,0.08671392872042509
2021-09-23,0.002619667507933348,0.000565852921860692,0.003099928881235787,0.1512611232558499
2021-09-24,-0.009069166027864964,-0.00025637059317141125,-0.009285313928005417,0.15689277203514496
2021-09-25,-7.916304379619875e-05,-3.763100358895722e-05,-0.0001110305064677557,0.1531593730625771
2021-09-26,0.004104004139635401,0.00018631953510762285,0.0042612981504875375,0.15578358028169356
2021-09-27,-0.003729965564820754,0.00044846367531994994,-0.003352521630266571,0.15836230373641536
2021-09-28,-0.005752419372647834,-3.007665668877368e-05,-0.005777599321635703,0.1628075803629079
2021-09-29,0.0011386352933898825,0.00019994923333888198,0.0013127807548244405,0.1290516171201849
2021-09-30,0.007656574974616995,1.896153320783491e-05,0.007673044901086306,0.13140323154324518
2021-10-01,0.014207601974202125,-3.6726871696915795e-06,0.014204519763423244,0.1607750302509831
2021-10-02,0.0018458278431999176,-4.365056565075008e-07,0.00184552686949937,0.31049301180705086
2021-10-03,0.002625956304320104,0.00016753340743670244,0.0027378478310052592,0.33212409156406325
2021-10-04,0.0022448969593099467,0.0004745399737423363,0.0025227849282893765,0.4144055625326176
2021-10-05,0.01937869899340188,-0.0002634030843429668,0.019237364874758182,0.463430282161486
2021-10-06,0.02266969622600646,0.00012635134360016072,0.022733345047873464,0.49625528266308205
2021-10-07,-0.007390997315721687,0.00041011886418688124,-0.007200180711174371,0.5347285355292355
2021-10-08,-0.0017025986558910744,0.0008002340388102369,-0.0013797312323031365,0.5965337539653185
2021-10-09,0.007611112859232267,0.00010976465240663792,0.007650622935432314,0.6400473619350839
2021-10-10,-0.013766866723838098,0.00032076139625808453,-0.013664673135003752,0.6814030926835031
2021-10-11,0.025466490531868873,0.0004556040402619102,0.02560588655368448,0.6940412957368098
2021-10-12,-0.009708048182745262,0.00029988479362736076,-0.009614820030329964,0.6891201074665221
2021-10-13,0.01765319240395643,3.1684594931930025e-05,0.017662125818488764,0.7180517992568523
2021-10-14,0.017991484570109538,0.00046272847979751295,0.01810970631491535,0.7445116305407783
2021-10-15,0.03239462789558828,0.000684400005162365,0.032556278709000464,0.763806528064191
2021-10-16,-0.00535119121756083,0.0008823546580054844,-0.005127988441524122,0.7470373460245037
2021-10-17,0.003201672521343838,0.0010057679630425312,0.0034195077784613874,0.7834140029092
2021-10-18,-0.006029474097237923,0.0008507097038313134,-0.00589082234691072,0.8370163762059348
2021-10-19,0.030062007305372073,0.00039288731042461095,0.030111622441731586,0.8737166229525393
2021-10-20,0.040847590907685624,0.0009327772313413743,0.0409747140277594,0.8637154555209656
2021-10-21,-0.03205043007468399,0.0014178912634176988,-0.031757588086281874,0.7934665400954288
2021-10-22,-0.017381213025376284,0.0010638705979353557,-0.017052374689217775,0.6909038215769083
2021-10-23,0.019708014972369244,0.0006048988464269402,0.01989586840047492,0.6894465426487346
2021-10-24,-0.009624655872588775,0.000910508582150502,-0.009358568530418403,0.7077596550030222
2021-10-25,0.02493104673302406,0.0007591532731665907,0.025132745403916832,0.7343110040855857
2021-10-26,-0.02220450736777875,0.0015060853514465948,-0.02180990959572184,0.7379977358667621
2021-10-27,-0.027027538261731664,0.0007951755742490265,-0.02679455707696643,0.7070066129920249
2021-10-28,0.04252342057004695,0.00014129822443117453,0.04257437703109638,0.6393694170286746
2021-10-29,0.01772263094356438,0.0007248477938486754,0.018021552328918475,0.5876080635260921
2021-10-30,-0.00896898305414943,0.000877178517129259,-0.008627563766499521,0.6107755935846775
2021-10-31,-0.002816938740768022,0.0006393029748011193,-0.002582811656028973,0.6337775765678487
2021-11-01,5.856869038017709e-05,0.0007596262427515356,0.0003253766324142805,0.6487641855714916
2021-11-02,0.030418151471789025,0.000785007560938299,0.030685373591794896,0.6595929347655383
2021-11-03,0.000534497666008197,0.0010810715292223828,0.0008964652492065366,0.6651770272234403
2021-11-04,-0.01314269753916862,0.0011849578126686725,-0.012798297097885608,0.7093563689770699
2021-11-05,-0.0064857414778561025,0.0004120816610456245,-0.006355690890005658,0.6844057861724508
2021-11-06,0.005458357560535972,0.001172195967655391,0.005752041952420579,0.7494579404909318
2021-11-07,0.017538651599939364,0.000668223448987597,0.01767167387498422,0.8009314470385712
2021-11-08,0.05094862327898838,0.00040032218074094114,0.05100174308926153,0.8673073518563617
2021-11-09,-0.007835867257083984,0.0012031904248571404,-0.007470987367031423,0.6967396992908375
2021-11-10,-0.020734089902518547,0.0010826525764314097,-0.020432041565300044,0.721010835983874
2021-11-11,0.008897861562073481,0.0004187915888642903,0.009028287166738397,0.688566799971765
2021-11-12,-0.009446603352169358,0.0008258106770741163,-0.009224546245718184,0.7311040985351119
2021-11-13,0.00046654927409525286,0.0003784260978927918,0.0005580359065827005,0.7582443890712689
2021-11-14,0.001013786969777763,1.938433457092129e-05,0.0010174798119685672,0.8094934764310173
2021-11-15,-0.01167071929629601,0.0005583580375723379,-0.011593985866250801,0.8625730716104056
2021-11-16,-0.051070251719991626,0.0007007686650115645,-0.050994493329711954,0.891892440312777
2021-11-17,0.0008137764043644124,0.00040216398717515085,0.0010125596180147875,0.5057160263238567
2021-11-18,-0.030706609151439614,0.00013908340402754674,-0.03064259255102514,0.5397250961603235
2021-11-19,0.023723785411587577,0.000597725201204679,0.02406654116612462,0.4265663320766123
2021-11-20,0.013179417393171867,0.00015231574751524223,0.013268495046450767,0.4151776508204714
2021-11-21,-0.00783190092596366,-1.7526013760907677e-05,-0.007842021504099926,0.42253964453445614
2021-11-22,-0.021361382875482844,0.0004131032726104694,-0.021132134954846105,0.4450590546327945
2021-11-23,0.017516459974160004,4.933294840117459e-05,0.017546496742906054,0.39114182874712755
2021-11-24,-0.006200378044928481,0.00031035263600872996,-0.006020988884736844,0.4219828047905114
2021-11-25,0.020569066344400457,0.0003278612213635244,0.02074997022357975,0.4482303261515801
2021-11-26,-0.044105082391715664,0.00080783868773666,-0.0436644891709605,0.45460247516792757
2021-11-27,0.002362766742849437,0.0002976679606272971,0.0025925318851514985,0.2281159792345106
2021-11-28,0.014182725049948323,-0.00010488153471273194,0.014107895361527387,0.28653133627483884
2021-11-29,0.007189563822250084,0.0003608046398967821,0.007443990735946407,0.2948346956704642
2021-11-30,0.0044463077018573795,0.0005137538546283994,0.004784399605535329,0.34191850702026727
2021-12-01,-0.0025853640694987663,0.000145659444779772,-0.0024941991866279088,0.37412309233573454
2021-12-02,-0.004205468948827904,0.0002748804563448587,-0.004040364813345444,0.3993602248850912
2021-12-03,-0.0213505260909329,0.000991766196792206,-0.020763841976891816,0.40844513965219775
2021-12-04,-0.014229752627955818,0.0003587660689160946,-0.01396137084138991,0.251930966111862
2021-12-05,0.0044176731210644315,1.770451578762697e-06,0.004419113506698767,0.18643037086513678
2021-12-06,0.007688128530650447,0.0005994414100451306,0.008172819726861158,0.1914285731874626
2021-12-07,-0.0017747569254487536,-4.3681049851997426e-06,-0.0017778852120409507,0.2838343852090488
2021-12-08,0.0057764589349762144,0.00039322962555737124,0.0060675192467693935,0.2598209980221493
2021-12-09,-0.01745422625812206,0.00022168568443202338,-0.0173024992072673,0.31557578359875327
2021-12-10,-0.01087329464462888,0.00022409178375934998,-0.010698363096454994,0.2193754485807298
2021-12-11,0.00786234328769345,1.4255920987334592e-05,0.007873513905296921,0.21642259287239077
2021-12-12,0.0032516359712782042,0.0003081573760079779,0.0034941007885835795,0.21317860228957203
2021-12-13,-0.01804030247084397,0.0004299164918904517,-0.017706406732017725,0.22334745206442008
2021-12-14,0.0021621360610548667,0.00021841314441607397,0.0023560424258597624,0.11220377636472745
2021-12-15,0.004364664819042815,-0.00022926935925119963,0.004159844413270916,0.10663855632148697
2021-12-16,-0.0023275387155617853,0.000281215336158456,-0.0021005153502377054,0.1927063138684616
2021-12-17,-0.004234919841646894,0.0004455151619836938,-0.0038806040759183954,0.20470548263525393
2021-12-18,0.002041524106135428,0.0004310537160319291,0.002428412079735774,0.10245995055593372
2021-12-19,-0.001447572038355194,9.924966675786731e-05,-0.0013672513362382364,0.1907206871242123
2021-12-20,0.00010154163907871613,0.00024907752218280015,0.00030692062430264443,0.1754415114455857
2021-12-21,0.004301406193189512,7.350725578032173e-05,0.004361298188073864,0.18522335994502898
2021-12-22,-0.0021234287660195383,0.00041603653754310774,-0.0018167013297548987,0.26273918613973185
2021-12-23,0.0056285507002869105,0.00013041662511908744,0.0057263739050969235,0.2499176794316879
2021-12-24,-0.00421391086822884,0.00031254532938732136,-0.0040151893300493305,0.3641833056054265
2021-12-25,0.0037641558657920213,8.48956321700531e-05,0.003820419307539691,0.33726341026627593
2021-12-26,-0.0018927026786843698,0.00041865881002096244,-0.001639935843729901,0.3962462298552546
2021-12-27,-0.0024811514462583684,-3.066140587211337e-05,-0.0024980773347961878,0.44797415329172413
2021-12-28,-0.02609618595547313,0.0005337238863017046,-0.025791046558754003,0.428282292491147
2021-12-29,-0.0059251702765816955,0.00040658343661825725,-0.0055705994671822025,0.1279260848680351
2021-12-30,0.0009545617456606399,9.28086881499071e-05,0.00104238634649804,0.05370280963843076
2021-12-31,-0.000310903463901247,-0.00010426784484231657,-0.00041006939381508546,0.04893085625960468
2022-01-01,0.0010930499629423559,0.0006390447657438539,0.0017034315090243162,0.0448532265631332
2022-01-02,0.0010505754620071764,2.4079757725904646e-05,0.0010735973629212193,0.04393137272821064
2022-01-03,-0.0009849981459417623,0.00013839252397425064,-0.0008592785254389997,0.09157216811686969
2022-01-04,0.0004596523413177442,-2.29062560851763e-05,0.0004377716178063141,0.04477085080742771
2022-01-05,-0.0036943973871747648,0.0009408317643149391,-0.0028398304345017508,0.09168994384956632
2022-01-06,-0.0019586872063499243,-0.0001268247405231415,-0.002082280215592942,0.02548186786578996
2022-01-07,-0.003304098943140037,0.0004054376152380808,-0.002909068404233199,0.02566874887800217
2022-01-08,-4.739995601766815e-05,-0.00018177177146609378,-0.00022917172748376194,0.0
2022-01-09,0.0,0.0005382770965580788,0.0005382770965580788,0.0
2022-01-10,0.0,2.409833900470572e-05,2.409833900470572e-05,0.0
2022-01-11,0.0,0.00047679793128752306,0.00047679793128752306,0.0
2022-01-12,0.0,-0.00038025560159860364,-0.00038025560159860364,0.0
2022-01-13,0.0,-7.635600642807869e-05,-7.635600642807869e-05,0.0
2022-01-14,0.0,0.00013784414223120094,0.00013784414223120094,0.0
2022-01-15,0.0,0.00017653362759793772,0.00017653362759793772,0.0
2022-01-16,0.0,2.644986549519456e-05,2.644986549519456e-05,0.0
2022-01-17,0.0,0.00019523844927574977,0.00019523844927574977,0.0
2022-01-18,0.0,4.125850726769497e-05,4.125850726769497e-05,0.0
2022-01-19,0.0,0.0001582816963842018,0.0001582816963842018,0.0
2022-01-20,0.0,0.0004937913234430421,0.0004937913234430421,0.0
2022-01-21,0.0,0.00011525462694819352,0.00011525462694819352,0.0
2022-01-22,0.0,0.00028977729764576054,0.00028977729764576054,0.0
2022-01-23,0.0,-0.00030391785835694424,-0.00030391785835694424,0.0
2022-01-24,0.0,0.00016498971776384742,0.00016498971776384742,0.0
2022-01-25,0.0,0.00022703742134524084,0.00022703742134524084,0.0
2022-01-26,0.0,-0.00020144170897957038,-0.00020144170897957038,0.0
2022-01-27,0.0,-5.37428368466897e-05,-5.37428368466897e-05,0.0
2022-01-28,0.0,-0.00015197219138181673,-0.00015197219138181673,0.0
2022-01-29,0.0,-3.670423692302609e-05,-3.670423692302609e-05,0.0
2022-01-30,0.0,6.456164680354125e-06,6.456164680354125e-06,0.0
2022-01-31,0.0,0.0001910880233873364,0.0001910880233873364,0.0
2022-02-01,0.0,-0.0003984666458371207,-0.0003984666458371207,0.0
2022-02-02,0.0,0.0002032657993253871,0.0002032657993253871,0.0
2022-02-03,0.0,-0.00031438502342803624,-0.00031438502342803624,0.0
2022-02-04,0.0,0.00015869932137228053,0.00015869932137228053,0.0
2022-02-05,0.0,2.4600503191342694e-06,2.4600503191342694e-06,0.0
2022-02-06,0.0,0.0003311820271443855,0.0003311820271443855,0.0
2022-02-07,0.0,-1.1477838471143752e-05,-1.1477838471143752e-05,0.0
2022-02-08,0.0,0.00036182675984959914,0.00036182675984959914,0.0
2022-02-09,0.0,0.00017227357636671612,0.00017227357636671612,0.0
2022-02-10,0.0,0.00010118320077321676,0.00010118320077321676,0.0
2022-02-11,0.0,-0.00022575420414262866,-0.00022575420414262866,0.0
2022-02-12,0.0,0.000434082783759709,0.000434082783759709,0.0
2022-02-13,0.0,-9.983385108363508e-05,-9.983385108363508e-05,0.0
2022-02-14,0.0,0.00018238160227471435,0.00018238160227471435,0.0
2022-02-15,0.0,-6.945987125748021e-05,-6.945987125748021e-05,0.0
2022-02-16,0.0,0.00033609049937064275,0.00033609049937064275,0.0
2022-02-17,0.0,0.00040637101000034646,0.00040637101000034646,0.0
2022-02-18,0.0,-0.00023366795074992834,-0.00023366795074992834,0.0
2022-02-19,0.0,0.0004957835237322425,0.0004957835237322425,0.0
2022-02-20,0.0,-9.998227661622396e-05,-9.998227661622396e-05,0.0
2022-02-21,0.0,1.7746801826038474e-05,1.7746801826038474e-05,0.0
2022-02-22,0.0,-0.00013707623374522681,-0.00013707623374522681,0.0
2022-02-23,0.0,0.000138410525923308,0.000138410525923308,0.0
2022-02-24,0.0,-0.00041784967142565344,-0.00041784967142565344,0.0
2022-02-25,0.0,0.0004473416352126021,0.0004473416352126021,0.0
2022-02-26,0.0,0.00015983462753698763,0.00015983462753698763,0.0
2022-02-27,0.0,0.0001635428980733957,0.0001635428980733957,0.0
2022-02-28,0.0,-0.0005421164806930806,-0.0005421164806930806,0.0
2022-03-01,0.0,0.00043581477515699374,0.00043581477515699374,0.0
2022-03-02,0.0,-0.0001047848431797698,-0.0001047848431797698,0.0
2022-03-03,0.0,0.00041026551086599083,0.00041026551086599083,0.0
2022-03-04,0.0,0.0005721333926218926,0.0005721333926218926,0.0
2022-03-05,0.0,0.00010976743979425576,0.00010976743979425576,0.0
2022-03-06,0.0,7.576652707891742e-05,7.576652707891742e-05,0.0
2022-03-07,0.0,-5.945656553466216e-05,-5.945656553466216e-05,0.0
2022-03-08,0.0,-3.6614904033543194e-05,-3.6614904033543194e-05,0.0
2022-03-09,0.0,4.2776926142780087e-05,4.2776926142780087e-05,0.0
2022-03-10,0.0,0.0003115349671013402,0.0003115349671013402,0.0
2022-03-11,0.0,-5.862469435362125e-05,-5.862469435362125e-05,0.0
2022-03-12,0.0,0.00010030948674024879,0.00010030948674024879,0.0
2022-03-13,0.0,0.0002843745240895428,0.0002843745240895428,0.0
2022-03-14,0.0,-0.0004182039822062719,-0.0004182039822062719,0.0
2022-03-15,0.0,1.3767582732599912e-05,1.3767582732599912e-05,0.0
2022-03-16,0.0,0.0002950936466092502,0.0002950936466092502,0.0
2022-03-17,0.0,0.0004052798876341978,0.0004052798876341978,0.0
2022-03-18,0.0,-1.8614112573685015e-05,-1.8614112573685015e-05,0.0
2022-03-19,0.0,0.0003228473641352561,0.0003228473641352561,0.0
2022-03-20,0.0,0.00015609037078411823,0.00015609037078411823,0.0
2022-03-21,0.0,0.0003758148339385427,0.0003758148339385427,0.0
2022-03-22,0.0,0.00021708805748137268,0.00021708805748137268,0.0
2022-03-23,0.0005359863928927504,7.968057509703904e-05,0.0006098023853992987,0.07360115791519448
2022-03-24,0.0021528709730386625,0.0001729720316032527,0.0023126811121471974,0.07609260510339258
2022-03-25,0.0004029445552374115,0.0002270612767400113,0.0005902525154990657,0.17507748150238445
2022-03-26,0.001441189927103683,0.00026276183913262566,0.0016564228200994383,0.18088222511215102
2022-03-27,0.007863961087680093,-0.00025017890530151625,0.007660595389290706,0.18711892138031933
2022-03-28,0.0023518717276146983,2.0940127400880182e-05,0.0023687075515022703,0.19600184061609943
2022-03-29,0.0024270948905941152,0.0006891827588614132,0.002887834579635388,0.33146950773630396
2022-03-30,-0.0018761370392934545,0.00014412595006290958,-0.0017880893024650338,0.3890917160303978
2022-03-31,-0.010349116701396379,9.321287082031855e-05,-0.010291878950001465,0.38594583675844346
2022-04-01,0.006201930330988485,0.0004755014347735463,0.006569533686143924,0.22691430924807574
2022-04-02,-0.0006329045509648476,0.0002318754264225466,-0.00045830261764196085,0.24700113325200007
2022-04-03,0.006492175975306852,0.0002998953163218157,0.006673495392124397,0.39539096828383885
2022-04-04,0.0014532455569852961,1.046323489482721e-05,0.0014558916845199485,0.7471023482460033
2022-04-05,-0.019178470731039433,0.0006200394561939589,-0.019043623767795715,0.7825187382889136
2022-04-06,-0.028165862602040515,4.3970393119760934e-05,-0.028141044064536585,0.43556252871488593
2022-04-07,0.002513694553210038,0.0003145531766174685,0.002760308829564711,0.21598542094971956
2022-04-08,-0.004757134292828781,-6.32622366722711e-05,-0.004806015911557678,0.22731757047845924
2022-04-09,0.0033534249447590573,0.0002751148892705723,0.003576808177155023,0.18803655815127066
2022-04-10,-0.0022114879669521835,0.0003567764879378272,-0.0019199267692079109,0.18279032503094506
2022-04-11,-0.013600021426065936,6.19658397273238e-05,-0.013547623010200979,0.1543983572960177
2022-04-12,0.0012959643863997563,-0.000283030443213385,0.001029116078724033,0.05717454049796909
2022-04-13,0.002940282812255535,1.849842178453217e-05,0.0029576197968498663,0.06278574484511357
2022-04-14,-0.003196010898440967,0.0002071378693903064,-0.0030014047735473933,0.06049953363727737
2022-04-15,0.0006344265681969589,-0.00028872652522725996,0.00036184544776508224,0.05591936793017227
2022-04-16,0.0008542728565494223,-8.055572400270251e-05,0.0007780635460652058,0.053955365336176835
2022-04-17,-0.0009977670167820518,0.00031670806591686747,-0.0006942623309642642,0.04168943427713552
2022-04-18,0.0008401905763044722,-0.00044669786874422046,0.000412249081006213,0.04198894769453487
2022-04-19,0.0006274368830876488,0.00013019355033139923,0.00075048960184847,0.0548478135238004
2022-04-20,-0.00035128141075853813,0.0003750794752024926,-1.4238057512134725e-05,0.10140816672401162
2022-04-21,-0.0027277916463570072,-5.457229440230961e-05,-0.0027751562784116856,0.13207548677532485
2022-04-22,-0.00033755624578300954,-0.000178520269522891,-0.0005062967671554356,0.05478228425602331
2022-04-23,-0.0003071856657151616,-0.0001673446189449788,-0.0004672787304114476,0.04333305901564168
2022-04-24,-0.00023523915637779625,-0.00043736132082509147,-0.0006529971569516595,0.04482179680234685
2022-04-25,0.0012014762434356442,-0.00044407608089082714,0.0007780033260619305,0.046395571397997826
2022-04-26,-0.002873669767540677,0.0004799754781070087,-0.002422254644509938,0.059503779628305296
2022-04-27,-3.829313296762232e-05,-0.00024417582748070403,-0.00028246896044832636,0.0
2022-04-28,0.0,-0.00016928281421545546,-0.00016928281421545546,0.0
2022-04-29,0.0,0.0004070723827943955,0.0003909961176323976,0.039492399488367476
2022-04-30,0.0,-0.00018268766250759027,-0.00018268766250759027,0.0
2022-05-01,0.0,3.308976264185023e-05,3.308976264185023e-05,0.0
2022-05-02,0.0,-0.00021765692087002316,-0.00021765692087002316,0.0
2022-05-03,0.0,0.0003361481684447416,0.0003361481684447416,0.0
2022-05-04,0.0,0.00010642350781967941,0.00010642350781967941,0.0
2022-05-05,0.0,0.0005155102956293221,0.0004962535117545569,0.03735479977418674
2022-05-06,0.0,-0.00015148394425694705,-0.00015148394425694705,0.0
2022-05-07,0.0,-0.00015943725840040647,-0.00015943725840040647,0.0
2022-05-08,0.0,0.00026839484665724353,0.00026839484665724353,0.0
2022-05-09,0.0,0.0004979567383134242,0.0004979567383134242,0.0
2022-05-10,0.0,0.00017891346104951703,0.00017891346104951703,0.0
2022-05-11,0.0,0.00036109100599341173,0.00036109100599341173,0.0
2022-05-12,0.0,-0.0012870074930511686,-0.0012870074930511686,0.0
2022-05-13,0.0,9.192337429596341e-05,9.192337429596341e-05,0.0
2022-05-14,0.0,0.00018500345191768252,0.00018500345191768252,0.0
2022-05-15,0.0,0.00011646607801498349,0.00011646607801498349,0.0
2022-05-16,0.0,0.00015389208223054741,0.00015389208223054741,0.0
2022-05-17,0.0,1.9152415870379104e-05,1.9152415870379104e-05,0.0
2022-05-18,0.0,0.00010569146508487801,0.00010569146508487801,0.0
2022-05-19,0.0,-0.00039258951454199,-0.00039258951454199,0.0
2022-05-20,0.0,0.0004943692761141034,0.0004943692761141034,0.0
2022-05-21,0.0,0.0002758616177880071,0.0002758616177880071,0.0
2022-05-22,0.0,-0.00012984271410797815,-0.00012984271410797815,0.0
2022-05-23,0.0,0.0003581906491705985,0.0003581906491705985,0.0
2022-05-24,0.0,-0.0001248317846317021,-0.0001248317846317021,0.0
2022-05-25,0.0,4.702126307364472e-05,4.702126307364472e-05,0.0
2022-05-26,0.0,0.0002443662763408712,0.0002443662763408712,0.0
2022-05-27,0.0,7.917716185208937e-05,7.917716185208937e-05,0.0
2022-05-28,0.0,0.0002310670568865275,0.0002310670568865275,0.0
2022-05-29,0.0,0.00039911314676162085,0.00039911314676162085,0.0
2022-05-30,0.0,-1.638259364804063e-05,-1.638259364804063e-05,0.0
2022-05-31,0.0,4.499341313325966e-05,4.499341313325966e-05,0.0
2022-06-01,0.0,0.0004856649798110718,0.0004856649798110718,0.0
2022-06-02,0.0,6.951489128771547e-05,6.951489128771547e-05,0.0
2022-06-03,0.0,0.00018694716280875617,0.00018694716280875617,0.0
2022-06-04,0.0,9.017623753469693e-05,9.017623753469693e-05,0.0
2022-06-05,0.0,1.498127620937867e-05,1.498127620937867e-05,0.0
2022-06-06,0.0,0.0002389649644655565,0.0002389649644655565,0.0
2022-06-07,0.0,-4.348384317251068e-05,-4.348384317251068e-05,0.0
2022-06-08,0.0,0.0003570350886993365,0.0003570350886993365,0.0
2022-06-09,0.0,0.00028135136704051224,0.00028135136704051224,0.0
2022-06-10,0.0,0.0001687406653876517,0.0001687406653876517,0.0
2022-06-11,0.0,-0.00027785162990314957,-0.00027785162990314957,0.0
2022-06-12,0.0,-6.206637260102225e-05,-6.206637260102225e-05,0.0
2022-06-13,0.0,0.0002270623649483373,0.0002270623649483373,0.0
2022-06-14,0.0,-0.0002106046024906524,-0.0002106046024906524,0.0
2022-06-15,0.0,5.853886979198102e-05,5.853886979198102e-05,0.0
2022-06-16,0.0,-0.00011453689196084006,-0.00011453689196084006,0.0
2022-06-17,0.0,-0.00014005170831934781,-0.00014005170831934781,0.0
2022-06-18,0.0,-3.977422677602541e-05,-3.977422677602541e-05,0.0
2022-06-19,0.0,-0.00036735786647160623,-0.00036735786647160623,0.0
2022-06-20,0.0,-0.00012090583757449954,-0.00012090583757449954,0.0
2022-06-21,0.0,0.00027196643900661297,0.00027196643900661297,0.0
2022-06-22,0.0,9.01759363740046e-05,9.01759363740046e-05,0.0
2022-06-23,0.0,-1.0054266518013092e-06,-1.0054266518013092e-06,0.0
2022-06-24,0.0,-0.00012063394900998776,-0.00012063394900998776,0.0
2022-06-25,0.0,0.00020733934457396784,0.00020733934457396784,0.0
2022-06-26,0.0,5.2629202321571735e-05,5.2629202321571735e-05,0.0
2022-06-27,0.0,8.549615997207946e-05,8.549615997207946e-05,0.0
2022-06-28,0.0,-8.377213286459847e-06,-8.377213286459847e-06,0.0
2022-06-29,0.0,0.0002522877214384714,0.0002522877214384714,0.0
2022-06-30,0.0,-0.00035447081607140757,-0.00035447081607140757,0.0
2022-07-01,0.0,-0.0002288918100605069,-0.0002288918100605069,0.0
2022-07-02,0.0,6.648293040346065e-05,6.648293040346065e-05,0.0
2022-07-03,0.0,-2.452363136441837e-05,-2.452363136441837e-05,0.0
2022-07-04,0.0,0.00021536564720891322,0.00021536564720891322,0.0
2022-07-05,0.0,-1.627672794111408e-05,-1.627672794111408e-05,0.0
2022-07-06,0.0,0.0001207211225916486,0.0001207211225916486,0.0
2022-07-07,0.0,0.000372650735301453,0.000372650735301453,0.0
2022-07-08,0.0,8.665134438399224e-05,8.665134438399224e-05,0.0
2022-07-09,0.0,0.00027214668483174044,0.00027214668483174044,0.0
2022-07-10,0.0,0.00017789337686509717,0.00017789337686509717,0.0
2022-07-11,0.0,0.00013332143145095013,0.00013332143145095013,0.0
2022-07-12,0.0,8.715966357319976e-05,8.715966357319976e-05,0.0
2022-07-13,0.0,-7.715653137923726e-06,-7.715653137923726e-06,0.0
2022-07-14,0.0,-0.0002950469285492271,-0.0002950469285492271,0.0
2022-07-15,0.0,0.00013286174769041461,0.00013286174769041461,0.0
2022-07-16,0.0,0.00014889384849299384,0.00014889384849299384,0.0
2022-07-17,0.0,-3.961739969569071e-05,-3.961739969569071e-05,0.0
2022-07-18,0.0,0.0003992017003576516,0.0003992017003576516,0.0
2022-07-19,0.0,0.00027710737949810114,0.00027710737949810114,0.0
2022-07-20,0.0,-0.00021525875202199483,-0.00021525875202199483,0.0
2022-07-21,0.0,0.00031738246751799166,0.00031738246751799166,0.0
2022-07-22,0.0,0.00046623892358914625,0.00046623892358914625,0.0
2022-07-23,0.0,0.00018218913148872453,0.00018218913148872453,0.0
2022-07-24,0.0,-2.042770185055982e-05,-2.042770185055982e-05,0.0
2022-07-25,0.0,0.0002980042631634234,0.0002980042631634234,0.0
2022-07-26,0.0,0.00039596849045034756,0.00039596849045034756,0.0
2022-07-27,0.0,-0.00016256982979622993,-0.00016256982979622993,0.0
2022-07-28,0.0,0.00026642678727054867,0.00026642678727054867,0.0
2022-07-29,0.0,-3.23362317970648e-05,-3.23362317970648e-05,0.0
2022-07-30,0.0,0.0005631857080113967,0.0005631857080113967,0.0
2022-07-31,0.0,5.805547458650837e-05,5.805547458650837e-05,0.0
2022-08-01,0.0,0.0004545341529966978,0.0004545341529966978,0.0
2022-08-02,0.0,0.0002430493608683923,0.0002430493608683923,0.0
2022-08-03,0.0,6.4382195090056e-05,6.4382195090056e-05,0.0
2022-08-04,0.0,2.5554450208159198e-05,2.5554450208159198e-05,0.0
2022-08-05,0.0,-0.00014605744908840885,-0.00014605744908840885,0.0
2022-08-06,0.0,0.00044735122578992275,0.00042829289237606067,0.042602618066395835
2022-08-07,0.0,6.040733583999176e-05,5.7769559144256194e-05,0.04366649611435542
2022-08-08,0.0,0.00012125169663805262,0.00011577702756734744,0.04515127806456652
2022-08-09,0.0,0.00011337261842532394,0.00010818338432802081,0.045771493764353396
2022-08-10,0.004560850791727997,-3.624682323165711e-05,0.004526544921865332,0.0535482339124409
2022-08-11,0.0008534843184206444,0.0003585896088808825,0.0011936973422767279,0.05124684198783726
2022-08-12,0.0023962413571873573,7.743426707384014e-05,0.002469571307694544,0.05300387957103592
2022-08-13,0.0008250199639144093,-6.081960047223887e-06,0.000819267873039168,0.05423731320516695
2022-08-14,-0.001398803815253702,5.038083514271597e-05,-0.0013512502546301139,0.05611805582656765
2022-08-15,-0.0010792932255489233,-0.00013135498049604956,-0.0012031865297685823,0.05680543096434065
2022-08-16,-0.000784887910986466,0.0001589193310512731,-0.0006352902736344993,0.05865676401758122
2022-08-17,-0.001356831156154986,4.146177558507789e-05,-0.0013179137406384728,0.06136640393858191
2022-08-18,0.0005005884613286107,7.261225956254896e-05,0.0005686237608675969,0.06303288247930267
2022-08-19,-0.007300139489948641,0.0002319651306863625,-0.007083481263643971,0.06598795403602564
2022-08-20,-0.0012610553386853036,0.00012797170779810208,-0.001137246372670198,0.03252861007031297
2022-08-21,0.001438941550385536,-0.0001620432228504749,0.0012811177084144604,0.026038613680824118
2022-08-22,-0.00042530727871153344,-2.2555986204424982e-05,-0.0004470939772198017,0.034105699887588596
2022-08-23,0.0017634279845104906,6.237523151742041e-05,0.001823603981471808,0.03525813856881584
2022-08-24,-0.00016164550343527573,-0.00011737886372558347,-0.0002748286828960316,0.035744802187185426
2022-08-25,0.001144073944004691,-4.102820591997439e-05,0.001104562554679393,0.03697009315091253
2022-08-26,-0.0058560300850596094,0.00016002749823964882,-0.005702072567985161,0.03793086333269101
2022-08-27,-4.770983608347758e-05,-0.00023433490418105744,-0.000282044740264535,0.0
2022-08-28,0.0,-0.0005496760227750149,-0.0005496760227750149,0.0
2022-08-29,0.0,-0.00010841048459403443,-0.00010841048459403443,0.0
2022-08-30,0.0,-0.00016154097782226037,-0.00015886564850570975,0.016561304460433534
2022-08-31,0.0,-3.6751225564667057e-06,-3.612263713653202e-06,0.01710387663205905
2022-09-01,0.0,-5.117043853525088e-05,-5.026960935566487e-05,0.017604484256382478
2022-09-02,0.0,0.00015321595749851865,0.00015045047847886455,0.018049549569148702
2022-09-03,0.0,-3.0881919945815995e-05,-3.030557183241774e-05,0.018662962484505146
2022-09-04,0.0,-7.611854454199843e-05,-7.465222615574779e-05,0.01926361565467919
2022-09-05,0.0,7.4157420515406935e-06,7.2685804431289875e-06,0.019844488574293377
2022-09-06,0.0,-0.00019166638784167618,-0.0001838805157177975,0.040622000610300635
2022-09-07,0.0,-0.0004404971004675244,-0.0004313977366959912,0.020657034431953332
2022-09-08,0.0,0.0002524747729480779,0.00024439232315325547,0.03201290053832289
2022-09-09,0.0,-0.0002141889197573334,-0.0002070926705952617,0.03313079486143092
2022-09-10,0.002223083307032507,3.570376436349507e-05,0.0022565344043455468,0.0630932645510709
2022-09-11,-0.0007806752118628146,-0.0001951891438771979,-0.0009633563453395215,0.06408148605006611
2022-09-12,-0.0017492696798013922,-0.00021671460487511716,-0.0019517307513350094,0.0657709864534213
2022-09-13,-0.01273187293570628,-1.2175508617905887e-05,-0.012742295897320517,0.14394035261001525
2022-09-14,0.0021518247139350214,-0.001954562352203889,0.00027038893648527094,0.03741327293636018
2022-09-15,-0.005987176668302384,-0.002717012785417698,-0.008571841749841267,0.048710740188316004
2022-09-16,-5.5020727962983945e-05,-4.303951509411884e-05,-9.806024305710278e-05,0.0
2022-09-17,0.0,0.0003015680693190093,0.0003015680693190093,0.0
2022-09-18,0.0,0.00016916481635042554,0.00016916481635042554,0.0
2022-09-19,0.0,-0.000165220796314893,-0.000165220796314893,0.0
2022-09-20,0.0,-4.38518723781908e-05,-4.38518723781908e-05,0.0
2022-09-21,0.0,0.0003751263117462329,0.0003751263117462329,0.0
2022-09-22,0.0,-0.0007762151983951621,-0.0007762151983951621,0.0
2022-09-23,0.0,-5.624859909427897e-05,-5.624859909427897e-05,0.0
2022-09-24,0.0,0.00014765487995405433,0.00014765487995405433,0.0
2022-09-25,0.0,-0.00011901190846852616,-0.00011901190846852616,0.0
2022-09-26,0.0,0.00024409190986820746,0.00024409190986820746,0.0
2022-09-27,0.0,3.14860571781912e-05,3.14860571781912e-05,0.0
2022-09-28,0.0,-0.00012923510419916953,-0.00012923510419916953,0.0
2022-09-29,0.0,0.00028553544877804295,0.00028553544877804295,0.0
2022-09-30,0.0,0.00026867066503282,0.00026867066503282,0.0
2022-10-01,0.0,-5.850961773989147e-05,-5.850961773989147e-05,0.0
2022-10-02,0.0,0.00019151848902255908,0.00019151848902255908,0.0
2022-10-03,0.0,-1.7710993466936136e-05,-1.7710993466936136e-05,0.0
2022-10-04,0.0,0.00024858136329425275,0.00024858136329425275,0.0
2022-10-05,0.0,0.00014853222026778578,0.00014853222026778578,0.0
2022-10-06,0.0,0.00011631274739621631,0.00011631274739621631,0.0
2022-10-07,0.0,0.00024747564119188066,0.00024747564119188066,0.0
2022-10-08,0.0,0.00023905439722288934,0.00023905439722288934,0.0
2022-10-09,0.0,-0.00010311559358371024,-0.00010311559358371024,0.0
2022-10-10,0.0,0.0001052738324387489,0.0001052738324387489,0.0
2022-10-11,0.0,0.00011919870625309924,0.00011919870625309924,0.0
2022-10-12,0.0,0.00021720973744740615,0.00021720973744740615,0.0
2022-10-13,0.0,0.00014589529642791569,0.00014589529642791569,0.0
2022-10-14,0.0,0.0003173683797771898,0.0003173683797771898,0.0
2022-10-15,0.0,-3.774042125450515e-05,-3.774042125450515e-05,0.0
2022-10-16,0.0,-5.3489058578301554e-05,-5.3489058578301554e-05,0.0
2022-10-17,0.0,0.00015939098297568214,0.00015939098297568214,0.0
2022-10-18,0.0,0.00016512326740066025,0.00016512326740066025,0.0
2022-10-19,0.0,0.00018697807238902934,0.00018697807238902934,0.0
2022-10-20,0.0,-4.140655209480216e-06,-4.140655209480216e-06,0.0
2022-10-21,0.0,0.00034102872350177737,0.00034102872350177737,0.0
2022-10-22,0.0,-0.0001398635350160688,-0.0001398635350160688,0.0
2022-10-23,0.0,0.00021721403822027007,0.00021721403822027007,0.0
2022-10-24,0.0,0.00025964553083416577,0.00025964553083416577,0.0
2022-10-25,0.0,-8.829104637793375e-05,-8.829104637793375e-05,0.0
2022-10-26,0.0,0.00018249713571855895,0.00018249713571855895,0.0
2022-10-27,-0.005440419616458286,-0.0001086785367976149,-0.005533093801151987,0.1472632276391227
2022-10-28,0.0015078367433322077,9.385300933186124e-05,0.001596194172789811,0.058555180205523846
2022-10-29,0.005870476604199618,0.0002603925817568479,0.006092509879357745,0.14731336177057527
2022-10-30,-0.002765773621504404,7.764836803640506e-05,-0.0026996794962894327,0.14880213343333398
2022-10-31,-0.0017278734307309954,6.367637965008641e-05,-0.0016737637952413398,0.15024007666582168
2022-11-01,0.0008558577931605416,2.4741047288180783e-05,0.0008773635835237088,0.13076475249126576
2022-11-02,-0.0057321398154035535,0.00027084967984953174,-0.00550428562853298,0.15874300830942076
2022-11-03,0.00025237992999640097,-0.00020629485094044234,5.668059929301198e-05,0.05136105040310621
2022-11-04,0.010116357506891065,0.00016650622925609078,0.01026026420681415,0.13572783092844976
2022-11-05,-0.00031328990998055,0.00017223558435046577,-0.0002082692530269496,0.390249945447371
2022-11-06,-0.008500636272286964,0.00012873818038784557,-0.00842366672479457,0.4021233851487529
2022-11-07,-0.0030731389444766423,0.00024041372235088405,-0.00289343832591468,0.2525359334535443
2022-11-08,-0.021066663906806442,0.00030929663921558414,-0.020797485473733092,0.1297078631180087
2022-11-09,-0.00012093499983284062,-0.00044338339022349094,-0.0005643183900563316,0.0
2022-11-10,0.0,-0.0020063992129911775,-0.0020063992129911775,0.0
2022-11-11,0.0,-0.0004208475564703495,-0.0004208475564703495,0.0
2022-11-12,0.0,-8.604137440955467e-05,-8.604137440955467e-05,0.0
2022-11-13,0.0,0.00012803873011316564,0.00012803873011316564,0.0
2022-11-14,0.0,1.6944753519894124e-05,1.6944753519894124e-05,0.0
2022-11-15,0.0,-0.00019773110253312544,-0.00019773110253312544,0.0
2022-11-16,0.0,-0.0001448619888793792,-0.0001448619888793792,0.0
2022-11-17,0.0,-5.2285656656271444e-05,-5.2285656656271444e-05,0.0
2022-11-18,0.0,-0.00015202352302187458,-0.00015202352302187458,0.0
2022-11-19,0.0,0.00012754740858295582,0.00012754740858295582,0.0
2022-11-20,0.0,7.695805217189228e-07,7.695805217189228e-07,0.0
2022-11-21,0.0,-0.00010294019911175614,-0.00010294019911175614,0.0
2022-11-22,0.0,-2.8202922196575223e-05,-2.8202922196575223e-05,0.0
2022-11-23,0.0,0.00014150848778499278,0.00014150848778499278,0.0
2022-11-24,0.0,9.107786617245564e-05,9.107786617245564e-05,0.0
2022-11-25,0.0,1.8321408347366462e-05,1.8321408347366462e-05,0.0
2022-11-26,0.0,3.93194760151332e-05,3.93194760151332e-05,0.0
2022-11-27,0.0,-0.00017758925209593698,-0.00017758925209593698,0.0
2022-11-28,0.0,-6.480891169153397e-06,-6.480891169153397e-06,0.0
2022-11-29,0.0,0.00019366468629784185,0.00019366468629784185,0.0
2022-11-30,0.0,8.858363078693016e-05,8.858363078693016e-05,0.0
2022-12-01,0.0,8.455736486997912e-05,8.455736486997912e-05,0.0
2022-12-02,0.0,0.00012302039772122216,0.00012302039772122216,0.0
2022-12-03,0.0,1.8474615839044304e-05,1.8474615839044304e-05,0.0
2022-12-04,0.0,1.4623678074285115e-05,1.4623678074285115e-05,0.0
2022-12-05,0.0,0.0001455267441614987,0.0001455267441614987,0.0
2022-12-06,0.0,8.417679499601547e-05,8.417679499601547e-05,0.0
2022-12-07,0.0,-5.180214192436539e-05,-5.180214192436539e-05,0.0
2022-12-08,0.0,3.399728444705285e-05,3.399728444705285e-05,0.0
2022-12-09,0.0,0.00021083070726915344,0.00021083070726915344,0.0
2022-12-10,0.0,-3.9775555994598876e-05,-3.9775555994598876e-05,0.0
2022-12-11,0.0,6.054622790130148e-05,6.054622790130148e-05,0.0
2022-12-12,0.0,3.830882700866776e-05,3.830882700866776e-05,0.0
2022-12-13,0.0,-0.0004361582309143541,-0.0004361582309143541,0.0
2022-12-14,0.0,0.0003165524345778821,0.0003165524345778821,0.0
2022-12-15,0.0,0.000564788624706604,0.000564788624706604,0.0
2022-12-16,0.0,0.0003274329771112014,0.0003274329771112014,0.0
2022-12-17,0.0,0.00014660212043557516,0.00014660212043557516,0.0
2022-12-18,0.0,8.117963284006292e-05,8.117963284006292e-05,0.0
2022-12-19,0.0,0.00010052458302117903,0.00010052458302117903,0.0
2022-12-20,0.0,0.00012971069257295892,0.00012971069257295892,0.0
2022-12-21,0.0,2.8668420293047954e-05,2.8668420293047954e-05,0.0
2022-12-22,0.0,0.00012724467472010516,0.00012724467472010516,0.0
2022-12-23,0.0,0.0001603107794749443,0.0001603107794749443,0.0
2022-12-24,0.0,0.00028454873754087866,0.00028454873754087866,0.0
2022-12-25,0.0,7.657518795047692e-05,7.657518795047692e-05,0.0
2022-12-26,0.0,1.3213850325210239e-05,1.3213850325210239e-05,0.0
2022-12-27,0.0,8.530929939216595e-05,8.530929939216595e-05,0.0
2022-12-28,0.0,0.000123775691885912,0.000123775691885912,0.0
2022-12-29,0.0,7.012439338301084e-05,7.012439338301084e-05,0.0
2022-12-30,0.0,0.0003986789715746988,0.0003986789715746988,0.0
2022-12-31,0.0,0.00011441139181677232,0.00011441139181677232,0.0
2023-01-01,0.0,0.0003903945708731768,0.0003903945708731768,0.0
2023-01-02,0.0,0.0002508961181455007,0.0002508961181455007,0.0
2023-01-03,0.0,3.91187267523356e-06,3.91187267523356e-06,0.0
2023-01-04,0.0,0.00025357738782806616,0.00025357738782806616,0.0
2023-01-05,0.0,7.934435054189138e-05,7.934435054189138e-05,0.0
2023-01-06,0.0,0.00034066167428322314,0.00034066167428322314,0.0
2023-01-07,0.0,7.533349868910159e-05,7.533349868910159e-05,0.0
2023-01-08,0.0,0.00011061692434424397,0.00011061692434424397,0.0
2023-01-09,0.0,0.00010684514757559082,0.00010684514757559082,0.0
2023-01-10,0.0015237915620637298,0.00035896961059645865,0.001830087967200702,0.14673444187090223
2023-01-11,0.004976562188033863,-6.0963460816973195e-05,0.004924848907966245,0.15173319600614893
2023-01-12,0.007705410103871324,0.00025025738124283183,0.007881640779980619,0.29580228469547887
2023-01-13,0.02532294639270286,0.0002268932297318988,0.02537380537236461,0.7758461998983002
2023-01-14,0.06277950971273241,0.0002927744309328561,0.06278089138247411,0.9952807704644901
2023-01-15,-0.0029523631689427525,0.0002364968864309475,-0.0029109497491968447,0.8248880973830497
2023-01-16,0.014541707372410593,0.000683066595737996,0.014604286009554041,0.9083857452056526
2023-01-17,-0.002372504548062005,0.0003674436431158538,-0.0023681626717377566,0.9881835584705443
2023-01-18,-0.025466725860214222,0.00013861718658434227,-0.025466725860214222,1.017317310216212
2023-01-19,0.017588537583630406,0.00044638076281699037,0.017591539772921366,0.9932743757324733
2023-01-20,0.07388722878157002,0.0001825694302220096,0.07388722878157002,1.050519001041953
2023-01-21,-0.004795671461851612,4.6434847207420954e-05,-0.004787269284581382,0.8190544865433097
2023-01-22,-0.0015791491898061304,0.0003643303075699159,-0.0015291841953632191,0.8628579796828382
2023-01-23,0.0043586540121613,0.0002870826862641615,0.004381421569474461,0.9206933806791435
2023-01-24,-0.024640201766663133,0.0004528894960447846,-0.024621409790190098,0.9585064863787934
2023-01-25,0.024136408703200034,0.0003138026838258105,0.024197594054728037,0.8050196678306101
2023-01-26,-0.00351916760645787,0.00036647793533375504,-0.0034677562763576718,0.8597150738328145
2023-01-27,0.0003550226925522208,0.00026667153340930485,0.00037758703024719426,0.9153852778866343
2023-01-28,-0.00827640881526652,0.00028454454933184804,-0.008262297570492058,0.9504076082019584
2023-01-29,0.036892884790903135,-0.0002625803700536813,0.03689192375210295,0.9963400203907563
2023-01-30,-0.044521134286563735,0.0006530990641853138,-0.044521134286563735,1.0356739949119165
2023-01-31,0.008861547033994688,0.0002567824145803277,0.008943651749158926,0.6802556931383881
2023-02-01,0.024467630996221276,7.932959272596951e-05,0.024482327596644933,0.8147399990514882
2023-02-02,-0.003396220355516306,-1.4506342388681504e-05,-0.003398758721030286,0.8250168480815557
2023-02-03,0.002983492281711965,0.0006133692915428659,0.003058037016975463,0.8784667959558442
2023-02-04,-0.0009874629896147692,0.00023273427699045709,-0.000974985938711623,0.9463892853923801
2023-02-05,-0.019726855659145327,0.0002780636060835019,-0.01972060307174651,0.9775138232331695
2023-02-06,-0.009492545476085747,0.000375953252717703,-0.0094829324958974,0.9744303843127968
2023-02-07,0.026626141270631138,0.00031968647821857587,0.026657606259432125,0.9015754780235843
2023-02-08,-0.013983694942101948,0.00018671231396667081,-0.013983694942101948,1.0104222931438416
2023-02-09,-0.05162977196289967,0.00032368412423627125,-0.051611858387266236,0.9446572312568677
2023-02-10,-0.008733400185390375,0.0003606908438144095,-0.008591744322176333,0.6072651534039759
2023-02-11,0.008321397731226683,0.00021791171404954336,0.008405677885564141,0.6132371556753595
2023-02-12,-0.005917124394897753,3.026505483635785e-05,-0.005905586156331132,0.6187603614463165
2023-02-13,-0.000850752086772047,8.245310112022048e-05,-0.0008204933962625394,0.6330193758826728
2023-02-14,0.015465017967590507,0.0003621252826386494,0.015600752870193387,0.625171427927267
2023-02-15,0.05213933920514896,-0.0005778877768515089,0.05193433882076616,0.6452591790404397
2023-02-16,-0.011536210686665709,4.42071252549025e-05,-0.011516028029836124,0.5434524024530313
2023-02-17,0.01907088082963196,0.0004711643345726976,0.01928042951875786,0.5552534991513256
2023-02-18,-0.0004486928560421311,0.0004315766731196359,-0.0002773085545481961,0.6028879405017653
2023-02-19,-0.005138802356817867,0.0003166428005972838,-0.0050307794231725005,0.6588492350320192
2023-02-20,0.009639426740189866,5.110814671030574e-05,0.009654588156530274,0.7033463876836215
2023-02-21,-0.01463172650787947,0.0007965881563125319,-0.014436535846323142,0.7549666537098916
2023-02-22,-0.006041650418693263,0.0004516667438052277,-0.005911586447962835,0.7120355383381615
2023-02-23,-0.00298954036812417,9.965269806079644e-05,-0.0029673265667887177,0.7770878082809151
2023-02-24,-0.02308293361772186,8.669784682771591e-05,-0.023070256646274226,0.8537798583069136
2023-02-25,-0.003538530343410376,0.0002155848699839455,-0.003484104577865269,0.7475436678410687
2023-02-26,0.017264195050152288,3.4342333987739995e-05,0.01727247319825321,0.7589520821771816
2023-02-27,-0.002192130163819002,0.0002206791816022401,-0.0021624653307640448,0.8655748456217036
2023-02-28,-0.014801767575499936,3.228698736272135e-05,-0.014799362311654985,0.9255036148795657
2023-03-01,0.021178677496876762,0.00018140280668405646,0.021214611378324973,0.8019111054285061
2023-03-02,-0.005685679926053576,0.0001685379703448139,-0.005661966268059766,0.8592978309558781
2023-03-03,-0.04215481275273349,0.00012860090646887168,-0.04214233583288263,0.902979534177035
2023-03-04,-0.0010119743730046648,8.697847598438763e-05,-0.0009669958501969262,0.4828775475922105
2023-03-05,0.0007979148228318893,4.094899080347162e-05,0.0008188744082488477,0.4881537980373985
2023-03-06,0.0004323258540627011,0.0002131858726194902,0.0005396187241611683,0.496716790938716
2023-03-07,-0.003996317025251694,5.9094438102916934e-05,-0.0039674019198588165,0.5106966692445761
2023-03-08,-0.009315083858401622,0.0001371713401391828,-0.009249199362804465,0.5196919740646456
2023-03-09,-0.029931149794880353,0.00041538018840518677,-0.029722793412086015,0.49839595481358395
2023-03-10,-0.0011750733576901535,-0.00022825361510924407,-0.0013543430785081009,0.21460292871091086
2023-03-11,0.0029775910080522944,3.393826507738741e-05,0.003006899585803865,0.13641496744928183
2023-03-12,0.02085692708162222,9.508426427146498e-05,0.020924607273308728,0.28820828340976196
2023-03-13,0.02626426998662536,-0.0005478520696492039,0.02592076835352006,0.3730029470815923
2023-03-14,0.009197239829467635,0.000243046605047002,0.009327022319726527,0.4660180905065767
2023-03-15,-0.011662908030306458,0.0008442581332581159,-0.011268626976434479,0.5329851874208289
2023-03-16,0.010908627532269852,0.0007222358415812258,0.011234083657459737,0.549376939702483
2023-03-17,0.04617951320260053,-7.908024390504119e-05,0.046150456563789105,0.632567663216658
2023-03-18,-0.008364924971244202,0.00015850980496557218,-0.00828747531877739,0.5113888854785085
2023-03-19,0.016756690964337975,0.0006205811331313722,0.017028071501338452,0.5626993433862127
2023-03-20,-0.01296549719858947,0.0002825633502204774,-0.012854488406838279,0.6071366238240954
2023-03-21,0.013538558736580891,0.00014653028692352034,0.013595404669354392,0.6120533579302248
2023-03-22,-0.019549724787157267,4.686448500326688e-05,-0.019532802571944813,0.6389117428415941
2023-03-23,0.024531183273360728,-4.448778691486772e-05,0.02451429014065285,0.6202748241848426
2023-03-24,-0.020626573036908912,0.00040307377892128977,-0.02046938401515026,0.6100241941330851
2023-03-25,-0.0010590521456149918,3.0304718445458714e-05,-0.0010466467706319448,0.5906454301704254
2023-03-26,0.011975438403937078,8.739201135136022e-05,0.012007704642510272,0.6307873216984727
2023-03-27,-0.0220291671338385,-6.360977563347519e-05,-0.022050543500638457,0.6639452570446422
2023-03-28,0.012962652907458181,4.313273596051503e-05,0.012978052393541759,0.6429745124984778
2023-03-29,0.01630326874744675,0.00025937915411224565,0.01638971034323026,0.6667365344783975
2023-03-30,-0.004660258944974986,7.968201773347422e-05,-0.0046356988001450055,0.6917730558464137
2023-03-31,0.011547795097096511,7.886713857604204e-05,0.011568545954981262,0.7368884143711754
2023-04-01,-0.0007331084732991303,0.0002786102908957942,-0.0006704243885115554,0.77501159563765
2023-04-02,-0.010421493936420155,0.00015017193616133692,-0.01039545097835391,0.8265790617611373
2023-04-03,-0.0006407463828526128,2.454327629366335e-05,-0.0006358618928473572,0.8009845977035803
2023-04-04,0.01868834326270211,8.469120805656249e-05,0.018695762491999092,0.9123967001152313
2023-04-05,0.011995014759315215,0.00025965183069944745,0.01201956921319713,0.9054331571020728
2023-04-06,-0.01223698329821691,-4.136760667402879e-05,-0.012237475822207319,0.9880939694120903
2023-04-07,-0.0034471935781204026,7.831241873177842e-05,-0.003445689939952664,0.9807994926974659
2023-04-08,-0.0037135613436654934,3.542324337123681e-06,-0.0037135613436654934,1.034082398931244
2023-04-09,0.010834687205934512,8.075350875750393e-05,0.010834687205934512,1.1487616851003786
2023-04-10,0.0438546648608434,0.00014817694633940064,0.0438546648608434,1.2151023768533884
2023-04-11,0.003894059985529633,0.00014861836659857386,0.003894059985529633,1.0433501852879572
2023-04-12,0.002516296475186025,-2.3879390481484555e-05,0.002516296475186025,1.1041605942294817
2023-04-13,0.03603409047676809,0.00011244469159190677,0.03603409047676809,1.1640696689918768
2023-04-14,0.02572289619026515,0.0002264988262370466,0.02572289619026515,1.0947706933464292
2023-04-15,-0.004126796087355004,3.284831554334023e-05,-0.004126796087355004,1.0940862746487368
2023-04-16,0.005761143003637197,0.0005436397647696233,0.005761143003637197,1.1454452045227956
2023-04-17,-0.027888251561996046,-7.187926964465899e-05,-0.027888251561996046,1.2234417310937769
2023-04-18,0.02501227385510829,0.00037952144866617774,0.02501227385510829,1.0890731824232667
2023-04-19,-0.0742353673476434,0.0001346743710752659,-0.0742353673476434,1.0917020693877157
2023-04-20,-0.00547723714103615,0.0002870833691727556,-0.005360377734943065,0.5929426130471397
2023-04-21,-0.02409672632560291,0.00016285981757938647,-0.024035832991730607,0.6260997047806409
2023-04-22,0.009853330838613209,9.685894799541528e-05,0.00990122108512532,0.5055671416710144
2023-04-23,-0.004347983930605973,9.189801526637382e-05,-0.004306266626850407,0.5460478266625797
2023-04-24,-0.003913505793467483,8.70650127882285e-05,-0.003879316655323555,0.6073148438272479
2023-04-25,0.012463598394665501,0.00020347215368036247,0.012539768107119138,0.6256504338510485
2023-04-26,0.0007225546347634097,0.0002778620262075659,0.0008237453660908371,0.6358238197981152
2023-04-27,0.02009365119730831,-1.681422585822821e-05,0.020088264019204986,0.6796059391169121
2023-04-28,-0.003680202068149275,0.000142968812295861,-0.003637219745786837,0.6993587505400136
2023-04-29,0.00042910180191351593,0.00021949533613172488,0.0004853297962875772,0.7438305735101478
2023-04-30,-0.0015919542863231865,0.00021201881026816055,-0.0015482116434232483,0.7936850846176681
2023-05-01,-0.02812491105750366,-0.0001577338983233419,-0.028149216098067392,0.8459111147186054
2023-05-02,0.01352963589429465,0.00013803767662254847,0.013580790740196582,0.6294138879067803
2023-05-03,0.010521293343157568,-8.594545953461294e-06,0.010519091970605564,0.7438640081833329
2023-05-04,-0.008143154570307502,0.00043146118110191396,-0.008077015582301726,0.8467092964496538
2023-05-05,0.036443348725484624,0.00014542917714190442,0.0364590442378979,0.8920745291850092
2023-05-06,-0.029758315931623487,0.00024366443347599996,-0.02971860171297293,0.8370126567755076
2023-05-07,-0.0023147180530696926,7.756767209873482e-05,-0.002295097716232558,0.7470552318218299
2023-05-08,-0.024737124612029905,7.529082954392337e-05,-0.024721962257369237,0.7986161827075868
2023-05-09,-0.0014856721252496051,0.0002340587608431871,-0.0013916986382665256,0.5985047231535201
2023-05-10,-0.000791273710289318,0.00013918888528955607,-0.0007324849746397755,0.577633404224456
2023-05-11,-0.014346674381702097,6.43628625582711e-05,-0.0143217156835181,0.6122189537266001
2023-05-12,-0.0009395559445305068,-2.083423510394315e-05,-0.0009476695280970429,0.6105648455027504
2023-05-13,-0.00029784948443174807,5.414989459404896e-05,-0.00027748112685722107,0.6238523135229612
2023-05-14,0.0009926505853920372,0.00019414614288680386,0.0010626946059050762,0.6392201283448729
2023-05-15,0.006522863934608071,-0.00018661587527049188,0.006459508622574084,0.660504166957095
2023-05-16,-0.0023452179304171952,0.00010145507599930865,-0.002312913786632396,0.6815916456952922
2023-05-17,0.005000399792398152,9.570355407800867e-05,0.00503140732647028,0.6760043618980577
2023-05-18,-0.011116225762710092,0.00034286874873006707,-0.011034264885616967,0.7609555335775126
2023-05-19,0.0022703714314704555,0.00010986900575320469,0.002300982886224189,0.7213822538587877
2023-05-20,0.004238792633082351,8.34100750613036e-05,0.004258930116345356,0.758572531577209
2023-05-21,-0.007222579032866875,0.00018552488744159098,-0.007186551240884396,0.8058061509735618
2023-05-22,0.0035328775675741177,-7.221813181879655e-05,0.003521316134637047,0.8399095539319734
2023-05-23,0.013412044030816193,0.00022557363596889697,0.013449333130473936,0.8346921195042256
2023-05-24,-0.03148942419062805,0.0003187937071732963,-0.03148942419062805,1.0444047484829875
2023-05-25,0.001996796173159483,6.836048559154589e-05,0.002023760732823488,0.6055534212393066
2023-05-26,0.0075958054572808666,0.0002641375331142772,0.007679748011294776,0.6822013402480288
2023-05-27,0.0022253995319250815,9.204257214689706e-05,0.0022282417875095547,0.9691202068979888
2023-05-28,0.04776680620666642,-0.00011970313561325221,0.04776680620666642,1.1116769491812555
2023-05-29,-0.00992879622583017,0.0005289494733548728,-0.009924271475605847,0.9914457798858816
2023-05-30,0.0009648413640970798,0.00011315056359095362,0.0009648413640970798,1.0342566362889727
2023-05-31,-0.01949441844070077,5.3041580217869406e-05,-0.01949441844070077,1.19852094397478
2023-06-01,-0.010531149597546901,0.00035710484818047845,-0.010531149597546901,1.0936454033101362
2023-06-02,0.018720039434830738,0.00020798421033436823,0.018752887366555487,0.8420652622045726
2023-06-03,-0.009562141149267808,0.00018903915538883434,-0.009562141149267808,1.2485141736265186
2023-06-04,0.001259878992754485,0.00022553388192377846,0.001259878992754485,1.204541827910378
2023-06-05,-0.06068937680006253,-3.135563930204376e-05,-0.06068937680006253,1.3237226938537408
2023-06-06,0.018980885097691868,0.00010861925573326189,0.01904006001919815,0.4552078164519907
2023-06-07,-0.020016891868533167,0.00016458070969890172,-0.019964898880685394,0.68408820242122
2023-06-08,0.0029630121283472973,9.102822944246596e-05,0.0030172891629021716,0.40373404066724106
2023-06-09,-0.0016536184713905726,0.00011574070600766315,-0.0015892310233445717,0.4436922819380615
2023-06-10,-0.016493472487869094,0.00024625606634369425,-0.016356410103821245,0.44341519751007463
2023-06-11,-8.0333178686611e-05,0.00013844809592682996,2.690774249007019e-05,0.22540703460914188
2023-06-12,-0.000682559677919713,6.726917020204802e-05,-0.0006298040979456911,0.2157539655154584
2023-06-13,-0.0003465527190965161,0.0002547002780063064,-0.0001303157998593967,0.15101420018173153
2023-06-14,-0.005761685523942829,2.9490555304894685e-05,-0.005736553710909662,0.1478012952507632
2023-06-15,0.002210186335462077,0.00012016684709821281,0.002320777151005558,0.07968946332514777
2023-06-16,0.0026843329264814556,-0.0003009586940973732,0.0024036349049898487,0.06732044298149074
2023-06-17,0.0005986362788862354,0.00016166768312940612,0.000743898517310356,0.10147633953629331
2023-06-18,-0.00045623886694495954,0.0002350871591508817,-0.00024651058092831893,0.10787009050530674
2023-06-19,0.001052178948188729,0.0001980669216195804,0.0012274623181174383,0.11502956427338573
2023-06-20,0.011632142924170833,-4.521201719582931e-05,0.01159661410256735,0.2141730493997968
2023-06-21,0.04222464425922609,-3.598845825093554e-05,0.0422133076774835,0.6849939593536142
2023-06-22,-0.006699196463769996,0.00029063900079899567,-0.006657331344052639,0.8559549145081496
2023-06-23,0.015749175329185013,0.00025476221282822093,0.01575623622817641,0.9722843552306567
2023-06-24,-0.0059034378910285245,7.751714426073434e-05,-0.0059034378910285245,1.0843135994427417
2023-06-25,0.004300980524595257,0.0002915177065366475,0.004300980524595257,1.1855244199722463
2023-06-26,-0.017863265480663557,0.0003534046417832437,-0.017863265480663557,1.284477234042789
2023-06-27,0.019446649261662768,0.00012657823015918587,0.019446649261662768,1.2550174279292163
2023-06-28,-0.029545878736879968,0.0002598367674101203,-0.029545878736879968,1.2543884744766105
2023-06-29,0.011691133812218221,0.00011931352305693507,0.011696590276811816,0.9542678444672863
2023-06-30,0.021792620230678232,0.00019030539913145072,0.021792620230678232,1.2029570028377232
2023-07-01,-0.001192899356230079,0.0002767825610158443,-0.001192899356230079,1.2816164475240743
2023-07-02,0.004024622584939345,4.350716937954032e-06,0.004024622584939345,1.3872430482816087
2023-07-03,0.020892968606570948,0.00046927396445766524,0.020892968606570948,1.5028064775006529
2023-07-04,-0.014938346868841646,0.0002947762410596783,-0.014938346868841646,1.5653853348765527
2023-07-05,-0.018102006287132308,0.00034837896111538215,-0.018102006287132308,1.5667710812346143
2023-07-06,-0.03636644179640491,0.000454850398604057,-0.03636644179640491,1.6449386904766496
2023-07-07,0.010778255031166209,-9.735381194088862e-05,0.010778255031166209,1.0446195914911658
2023-07-08,-0.0038192464922136345,7.760882288196634e-06,-0.0038192464922136345,1.359288402775187
2023-07-09,-0.0032117969491031375,0.0001346077661652279,-0.0032117969491031375,1.1976363792274314
2023-07-10,0.009575263134897849,0.00012535269004473087,0.009575263134897849,1.156461339408413
2023-07-11,0.0054074198253394315,6.15108869919501e-05,0.0054074198253394315,1.5816443521150243
2023-07-12,-0.009459033991617537,0.00024114102267656413,-0.009459033991617537,1.5936156610466392
2023-07-13,0.07793995769490512,-0.0002789815642413028,0.07793995769490512,1.6795458854551222
2023-07-14,-0.03887987597101176,0.0006498131024272588,-0.03887987597101176,1.1016158612360036
2023-07-15,-0.001425250540632219,-3.0009989651952785e-05,-0.0014313575609840074,0.7965004179402986
2023-07-16,-0.0017522870086256425,0.0001852504412671673,-0.0017258033880641432,0.8570388260327833
2023-07-17,-0.004296928640869409,-9.232740311763717e-06,-0.004297587045402903,0.9286880697104423
2023-07-18,-0.008797226994179643,0.0001850454641618126,-0.00878714066318373,0.9454926872074396
2023-07-19,-0.0002702785423131596,0.0002900859230987325,-0.0002683954067232282,0.9935083523880943
2023-07-20,-0.001611298351240581,8.046069928016728e-05,-0.001611298351240581,1.0575282569853872
2023-07-21,0.0023987471453944414,6.05934859346753e-05,0.0023987471453944414,1.212148163573826
2023-07-22,-0.013090313001187077,5.764962343326768e-05,-0.013090313001187077,1.1898088285753965
2023-07-23,0.011129398424226207,0.0001621273117569353,0.011137725478949768,0.9486387911245566
2023-07-24,-0.031403863728881605,0.00020697675581580279,-0.031403863728881605,1.2562659565147487
2023-07-25,0.0012756204013980906,0.00016521720549696268,0.0013066337481752938,0.8122874268214559
2023-07-26,0.004378849854148877,0.0003323043541655536,0.004412170386853601,0.8997288711777658
2023-07-27,-0.006850619091352489,9.399730107562781e-05,-0.006850619091352489,1.1277077939554792
2023-07-28,0.005948417041531835,0.00014553637452342422,0.005948417041531835,1.0855989644830037
2023-07-29,0.0024568339793536575,0.00013796140571717863,0.0024568339793536575,1.272393412844456
2023-07-30,-0.007661551888332993,0.00018911463968704026,-0.007661551888332993,1.2924605317264581
2023-07-31,-0.0028588975079060727,5.4674561889758184e-05,-0.0028588975079060727,1.3448916674516638
2023-08-01,0.010418882863841007,1.0937226998088304e-05,0.010418882863841007,1.2774856983847842
2023-08-02,-0.018665907285857663,0.0005217960304729134,-0.018665907285857663,1.4107462227454821
2023-08-03,0.0008626347048212506,0.00029298839645103974,0.0008626347048212506,1.1108432531236772
2023-08-04,-0.004693943791878202,0.00015463429974190492,-0.004687824726445248,0.9604287959193609
2023-08-05,0.00028110920678549534,0.0002767915584748695,0.00028110920678549534,1.0868313469514446
2023-08-06,-0.0006713966357805279,0.00017872091660059016,-0.0006713966357805279,1.076105344199923
2023-08-07,0.003765619781107122,0.0001897219918467651,0.003765619781107122,1.093610695070534
2023-08-08,0.0232919904198901,0.0002477953900369736,0.0232919904198901,1.1180769207280146
2023-08-09,-0.009062770090318688,9.536043046597995e-05,-0.009062770090318688,1.7417740145571137
2023-08-10,-0.00768739081469391,0.0003795517183563229,-0.00768739081469391,1.8044579389093829
2023-08-11,-0.0022408469449829754,7.46951359662181e-05,-0.0022408469449829754,1.4158539827155279
2023-08-12,0.00074853324682033,0.0001855990692968254,0.00074853324682033,1.4569314195044303
2023-08-13,-0.006799718155684133,0.00016827674475549607,-0.006799718155684133,1.4860534516389072
2023-08-14,0.005469704429768084,0.0002843100760971264,0.005469704429768084,1.42676905984576
2023-08-15,-0.012752401278439057,0.00024687792954682,-0.012752401278439057,1.5319535124780677
2023-08-16,-0.018831299464030567,0.0003055605798142735,-0.018831299464030567,1.365793658690877
2023-08-17,-0.0908891394700051,0.00019796629084203296,-0.0908891394700051,1.2615356789269485
2023-08-18,-0.0012902171554034524,0.00010454757429631345,-0.001185669581107139,0.0
2023-08-19,0.0,-8.127523112592261e-05,-8.127523112592261e-05,0.0
2023-08-20,0.0,-6.684701418258765e-05,-6.684701418258765e-05,0.0
2023-08-21,0.0,-0.0001712999672341213,-0.0001712999672341213,0.0
2023-08-22,0.0,-9.014967659677174e-05,-9.014967659677174e-05,0.0
2023-08-23,0.0,0.00011551647383532996,0.00011551647383532996,0.0
2023-08-24,0.0,8.894390170428602e-05,8.894390170428602e-05,0.0
2023-08-25,0.0,-0.00020007696998684149,-0.00020007696998684149,0.0
2023-08-26,0.0,0.00016961507501197989,0.00016961507501197989,0.0
2023-08-27,0.0,5.2557242982220877e-05,5.2557242982220877e-05,0.0
2023-08-28,0.0,-1.3352724020230522e-05,-1.3352724020230522e-05,0.0
2023-08-29,0.0,5.0130281963296566e-05,5.0130281963296566e-05,0.0
2023-08-30,-0.0011672487613265982,3.254008445162487e-05,-0.0011373304420401152,0.08057032454969594
2023-08-31,-7.957653172100105e-05,0.0001063185287326622,2.6741997011661144e-05,0.0
2023-09-01,0.0,0.00014539608190296732,0.00014539608190296732,0.0
2023-09-02,0.0,5.3274329278481114e-05,5.3274329278481114e-05,0.0
2023-09-03,0.0,-4.292550113236591e-05,-4.292550113236591e-05,0.0
2023-09-04,0.0,-7.236222148001016e-05,-7.236222148001016e-05,0.0
2023-09-05,0.0,0.00015563690795460534,0.00015563690795460534,0.0
2023-09-06,0.0,3.142492919633771e-05,3.142492919633771e-05,0.0
2023-09-07,0.0,0.00016499631568554562,0.00016499631568554562,0.0
2023-09-08,0.0,-6.737472977192874e-05,-6.737472977192874e-05,0.0
2023-09-09,0.0,2.9825439988668593e-05,2.9825439988668593e-05,0.0
2023-09-10,0.0,0.00018142416543960726,0.00018142416543960726,0.0
2023-09-11,0.0,2.080520126653044e-05,2.080520126653044e-05,0.0
2023-09-12,0.0,-2.6999751584053637e-05,-2.6999751584053637e-05,0.0
2023-09-13,0.0,6.919118575069599e-05,6.919118575069599e-05,0.0
2023-09-14,0.0,-4.048788001661783e-05,-4.048788001661783e-05,0.0
2023-09-15,0.0,-8.663286694829476e-05,-8.663286694829476e-05,0.0
2023-09-16,0.0,0.00010065302327416231,0.00010065302327416231,0.0
2023-09-17,0.0,8.341052125342847e-05,8.341052125342847e-05,0.0
2023-09-18,0.0,2.2587169334487817e-05,2.2587169334487817e-05,0.0
2023-09-19,0.0,-9.555391269732192e-05,-9.555391269732192e-05,0.0
2023-09-20,0.0,7.036458218022111e-05,7.036458218022111e-05,0.0
2023-09-21,0.0,0.00015368981413158911,0.00015368981413158911,0.0
2023-09-22,0.0,-2.2430205328325205e-05,-2.2430205328325205e-05,0.0
2023-09-23,0.0,8.69323659590034e-05,8.69323659590034e-05,0.0
2023-09-24,0.0,6.71801277422347e-05,6.71801277422347e-05,0.0
2023-09-25,0.0,5.4821157548622554e-05,5.4821157548622554e-05,0.0
2023-09-26,0.0,5.722843316230472e-05,5.722843316230472e-05,0.0
2023-09-27,0.0,0.0001527250680935313,0.0001527250680935313,0.0
2023-09-28,0.0,-3.7645910780373e-05,-3.7645910780373e-05,0.0
2023-09-29,0.0,8.913011705303481e-05,8.913011705303481e-05,0.0
2023-09-30,0.0,-8.99829045274495e-05,-8.99829045274495e-05,0.0
2023-10-01,0.0,-0.00010032185095507172,-0.00010032185095507172,0.0
2023-10-02,-0.0015798639249386317,0.00034503559888457533,-0.0012717901274536445,0.1071246025600763
2023-10-03,-0.00010581904292618837,-1.7514915306287464e-05,-0.00012333395823247584,0.0
2023-10-04,0.0,0.00017612150312009702,0.00017612150312009702,0.0
2023-10-05,0.0,-0.00018444754544624158,-0.00018444754544624158,0.0
2023-10-06,0.0,0.00016921520492527083,0.00016921520492527083,0.0
2023-10-07,1.4781157033478024e-05,1.1234275679294406e-06,1.5741564826440035e-05,0.14510928841446202
2023-10-08,-0.00018916328870856574,0.0002988982617788658,6.148168424563959e-05,0.16143716774224595
2023-10-09,-0.0017918726421438293,7.904673892535332e-05,-0.0017267255148407273,0.17584041810221987
2023-10-10,-0.0001435707047312366,0.00010530853183714744,-3.826217289408915e-05,0.0
2023-10-11,0.0,0.0001959768925012349,0.0001959768925012349,0.0
2023-10-12,0.0,0.00022616874783808248,0.00022616874783808248,0.0
2023-10-13,0.0,-4.0442885122764555e-05,-4.0442885122764555e-05,0.0
2023-10-14,0.0,0.00018247039484394238,0.00018247039484394238,0.0
2023-10-15,0.0,-2.4160049319295663e-05,-2.4160049319295663e-05,0.0
2023-10-16,0.0,0.00019023747500235004,0.00019023747500235004,0.0
2023-10-17,-0.0020929801270111593,0.00010176360376945275,-0.002050686824634406,0.5843965739207728
2023-10-18,-0.0027804396847918057,-3.2641454823737186e-05,-0.0027897016473610605,0.7162515390545897
2023-10-19,0.009822496939477786,2.809438488581209e-05,0.009828888339313776,0.7725025886144778
2023-10-20,0.029448747669075973,4.786361079184713e-05,0.02945667384282996,0.8344008397431664
2023-10-21,0.006146319826861875,2.646078053423141e-05,0.0061508640315048576,0.828266417269737
2023-10-22,0.0018095818863901134,8.73320181996868e-05,0.0018169766201473299,0.9153262009781087
2023-10-23,0.10384408560815436,-0.0005717374733437083,0.10384408560815436,1.0498667648349242
2023-10-24,0.01360398690737562,0.0007766807430939177,0.0139094061146007,0.6067635126262578
2023-10-25,0.008123941714007784,0.00023697143249315107,0.00820587580269179,0.6542448690038942
2023-10-26,-0.0011466072259433682,3.8577166221204254e-05,-0.001141124803882488,0.857884272021343
2023-10-27,-0.009649817629424315,0.00010816675084346825,-0.0096429751954774,0.936741800104397
2023-10-28,0.0020781350468138306,0.0002173470861371437,0.0021239765277027136,0.7890862872670046
2023-10-29,0.011075319981194206,0.0003515139754705992,0.011128040393024327,0.8500190162865047
2023-10-30,0.0017743085361508224,7.968631685118428e-05,0.0017743085361508224,1.133161185860149
2023-10-31,0.003786444762475399,0.00017446101242047282,0.003786444762475399,1.2243607261015979
2023-11-01,0.026176258793073528,0.00016368504942164327,0.026176258793073528,1.3284594352443932
2023-11-02,-0.02974484365020922,0.0008970701661554818,-0.02974484365020922,1.4332950090060272
2023-11-03,0.007404528712076791,0.00046990694539190286,0.007404528712076791,1.2202591127347282
2023-11-04,0.015550717999455841,-0.00022297803946384471,0.015550717999455841,1.2989221824794623
2023-11-05,0.01556237885026672,0.00013271838189982344,0.01556237885026672,1.4950648911272795
2023-11-06,-0.0009012945148721276,0.0002951796308249409,-0.0009012945148721276,1.5881848851246685
2023-11-07,0.0026246833747420157,0.00036445975039482877,0.0026246833747420157,1.6922549815720358
2023-11-08,0.01150091375730587,0.0003786615546312103,0.01150091375730587,1.7863795785501586
2023-11-09,0.14062849919342615,7.969698028357232e-05,0.14062849919342615,1.9031445538961451
2023-11-10,0.003008895826989039,0.0004118066434270367,0.003120469572800752,0.7290627832440948
2023-11-11,-0.00923398374488681,0.00037853352376964735,-0.00914683714918055,0.7697783941606908
2023-11-12,0.0007387607748703069,0.0006207691115894412,0.0008791338889222776,0.7738722635658304
2023-11-13,-0.004089143643876396,0.000566741648277781,-0.00398827549131664,0.822020928113762
2023-11-14,-0.026293153726727827,0.0007312047455289638,-0.026178828143937714,0.8436476465871288
2023-11-15,0.041022452426483856,1.4093135198390977e-05,0.041025883212176976,0.7565633448606653
2023-11-16,-0.028158071688522374,0.0005362394715271669,-0.027951255704333836,0.6143215947913281
2023-11-17,0.003708855074125404,0.00031025653948305135,0.003854708164365193,0.5298951942066753
2023-11-18,0.00055104508288051,0.00015926727460861985,0.0006203563014525637,0.5648119254732163
2023-11-19,0.014443011227102214,0.0001403211779898075,0.014498802111598628,0.6024058143207249
2023-11-20,0.002603051073221053,0.000285036502191505,0.0027100937646518503,0.6244597074136147
2023-11-21,-0.023991684257994167,0.000582004817278668,-0.023797609203966955,0.6665404679386235
2023-11-22,0.02899326354752786,8.589472234195115e-05,0.029032047443178624,0.5484717268616272
2023-11-23,-0.0009855305287811578,0.0003655332554157439,-0.0008214001920479588,0.5509838453781085
2023-11-24,0.00583414670597586,0.0003805002870550183,0.005998260021094055,0.5686906930126302
2023-11-25,0.0014257562412728902,0.00045201526771346365,0.0016037084012632773,0.6063138289762537
2023-11-26,-0.005388714686042383,0.00023971373722214917,-0.0053089594659731345,0.6672897390301125
2023-11-27,-0.007347249201629179,0.0001589645777112174,-0.007299744228916737,0.7011600106361922
2023-11-28,0.009442583027646072,0.00024261585485396199,0.00951300499289747,0.7097388161470894
2023-11-29,-0.0034154338483874057,0.0004821613420097877,-0.0033055607181347443,0.7721237256502597
2023-11-30,0.00232302775361359,9.844209666627917e-05,0.0023462731261149118,0.763867559829366
2023-12-01,0.018528308069952974,0.0004457022793192965,0.01858531681058134,0.8720923287279723
2023-12-02,0.024646601156988614,-1.103003440257412e-05,0.024645332850756003,0.8850133928579698
2023-12-03,0.011745059062439268,5.897646357763545e-05,0.011752208324486313,0.8787777087102917
2023-12-04,0.03166370520413495,0.00032543827494810676,0.03168559559592899,0.9327356568690919
2023-12-05,0.03495571714371682,0.00012926753051353682,0.03497342140292028,0.8630417156332666
2023-12-06,-0.013525717436559111,0.00022976737039942258,-0.013483654244034709,0.8169313926025241
2023-12-07,0.017334975605374385,1.891020414163817e-05,0.017338795682487543,0.7979885841239651
2023-12-08,0.009412237629654976,0.00013279089442538893,0.00943980886128698,0.7923710676751552
2023-12-09,-0.007260706027147233,0.0008387174683624117,-0.0071275139974516484,0.8411955936059843
2023-12-10,0.0014490493743276231,0.0005893002748167525,0.0015319741061606414,0.8592827199023377
2023-12-11,-0.048635659148975524,0.0005544668080277361,-0.04858731370665312,0.9128073283694362
2023-12-12,-0.001019592143565889,5.204051190868631e-05,-0.0009994456728823417,0.612869475248486
2023-12-13,0.019275380892004746,0.0004984600847549545,0.0194489886076698,0.6517119003612886
2023-12-14,0.008401698400306053,0.00023634073641411705,0.008484294400888907,0.6505215231362874
2023-12-15,-0.020637548847775248,7.519488035316592e-05,-0.02061392020802063,0.6857679719198582
2023-12-16,0.0021477106917167036,0.0005576983832944759,0.002349025382400994,0.6390258664637514
2023-12-17,-0.009161644297334275,-7.688593587251981e-06,-0.00916408446708904,0.6826246924000321
2023-12-18,0.011394450584134732,0.0004866896048320631,0.01156579321463202,0.647942695311089
2023-12-19,-0.008540618095498208,0.0001583177768896197,-0.008489759151019481,0.6787540510110436
2023-12-20,0.014558536839066119,7.436277454703663e-05,0.014582210960859392,0.6816401494231619
2023-12-21,0.007830620521993915,0.000853045757252909,0.008087162914476871,0.6992630344835091
2023-12-22,0.014722783622030767,0.000951869743263225,0.01494445607332771,0.7671189226616246
2023-12-23,-0.00437752507823026,0.0005207435259746863,-0.0042674111198884685,0.7885447387258655
2023-12-24,-0.013824603035324106,0.000562590096789369,-0.01374769958473938,0.8633046492933242
2023-12-25,0.006687432446024109,0.0003432236087499437,0.0067418022649969175,0.8415906785351145
2023-12-26,-0.021324106189335834,0.0010045449037419775,-0.021282873360321107,0.9589537223660867
2023-12-27,0.040767990026717216,0.000949959605726654,0.04091173836791975,0.8486795224386621
2023-12-28,-0.012200958753407713,0.000926409390478752,-0.011996290102541489,0.7790732121568252
2023-12-29,-0.014106245726938133,0.001424004404000418,-0.013723888757383047,0.7314917225810954
2023-12-30,0.0015287286171655173,0.0007741410061367783,0.0017051925274487521,0.7720519790524358
2023-12-31,-0.0020923151898144922,0.0007305176728153466,-0.001963975273998649,0.8243164805017882
2024-01-01,0.03139051054483047,0.0005738994688554239,0.03145996538563495,0.8789773391095904
2024-01-02,0.010872770232455479,0.0017723578744504504,0.011173128856221544,0.8305316166131533
2024-01-03,-0.04750942823774468,0.0008968543229213407,-0.04739670159247281,0.8743088566438784
2024-01-04,0.01688207667727151,0.0003692416529291607,0.01705394504600898,0.53453688831134
2024-01-05,-0.0011903935261573378,0.00029934044336090397,-0.0010726368576970669,0.6066129015573883
2024-01-06,-0.005051750772496667,0.00048702948521283225,-0.0048672883279472084,0.6212499445103442
2024-01-07,-0.002847451538009688,0.00029185096253591726,-0.0027413257594876297,0.6363699554049009
2024-01-08,0.03819688915416225,-0.0003259362592403059,0.03808310641763708,0.6509049444502748
2024-01-09,-0.005120786559767189,0.0005184699197295143,-0.00490216909942427,0.5783410916934737
2024-01-10,0.031557289821778946,-2.136404408557313e-05,0.03154884949317059,0.6049283284311704
2024-01-11,0.00010518640853092376,0.0005037523309398042,0.000343955642345445,0.5260186024964459
2024-01-12,-0.0328598474652391,0.0001577973085038871,-0.03278999861330891,0.5573508027960241
2024-01-13,0.005157355451613881,0.0004202425807230836,0.005403847780502604,0.4134522768620903
2024-01-14,-0.012960617717647126,1.817407072833002e-05,-0.012950423526737007,0.43908048656220144
2024-01-15,0.005889695179794549,0.00043767905500789663,0.0061503777344760055,0.40439792195047397
2024-01-16,0.00961515084526678,0.0004286224317785613,0.009852481819164153,0.4462936227752431
2024-01-17,-0.007789070706445118,6.555102517557584e-05,-0.0077556564339813765,0.49025553186632
2024-01-18,-0.011568624504028563,0.00036693328748925365,-0.011379605164521018,0.48486728799964285
2024-01-19,0.0036307760854388292,0.00018509304460430647,0.003728354098152252,0.47281642634370297
2024-01-20,-0.0020439475983625712,0.00037247313961942573,-0.0018587460929010778,0.5027788966186313
2024-01-21,-0.002316428051503969,0.0002709406323068006,-0.0021906385619211706,0.5357304347014282
2024-01-22,-0.028114596965423722,0.00024024736719438844,-0.028011635395158496,0.5714351775521458
2024-01-23,-0.0057450136641363555,0.0005314623823308016,-0.005445676701415842,0.4367673561245673
2024-01-24,0.0018337332936039577,0.00014281702973749767,0.0019154100336722217,0.42810223529792957
2024-01-25,-0.002603069317013588,0.0003219172871213483,-0.002425063618360878,0.44704523250529893
2024-01-26,0.016903574475031397,0.00042230283656871995,0.017127697018156834,0.46928477926771905
2024-01-27,0.0016384839996895608,0.000245928869955535,0.001774145821764083,0.44836967656928417
2024-01-28,-0.0019361898021352905,0.00010182295432174153,-0.0018834467846732279,0.48201250088065034
2024-01-29,0.013184688057152436,0.00033725993610091306,0.013338415693367687,0.5441864871573279
2024-01-30,0.0011545453666967692,0.0002946513738737411,0.0012494366848180972,0.67795392611341
2024-01-31,-0.012321404477408055,0.00021514872964334495,-0.012264466083156626,0.7353533328046281
2024-02-01,0.00592865929900565,9.802581584858812e-05,0.005965183198534634,0.6274052991775261
2024-02-02,0.0019825755129275315,0.00033269996422945967,0.0020693211380141186,0.7392677054008956
2024-02-03,-0.003927484636226691,0.0002145893300096508,-0.003897020583842076,0.8580355678297451
2024-02-04,-0.006000429814391425,0.0001669473522991545,-0.00597413362318147,0.8424881206691179
2024-02-05,0.0017666767723793996,0.0002675515233244089,0.001808038050888742,0.8454081741138453
2024-02-06,0.016603050381812326,0.00024295180905799997,0.016635258100699428,0.8674316564590244
2024-02-07,0.025780415427487907,0.00018816641679033724,0.025780415427487907,1.0846609058854604
2024-02-08,0.012995248008541363,0.00014355286243481245,0.012995248008541363,1.1173556696474716
2024-02-09,0.03907346696210459,0.0002765218482607979,0.03907346696210459,1.159722560848447
2024-02-10,0.009196943344895939,0.0002057779322434952,0.009196943344895939,1.0378730942068504
2024-02-11,0.005596992472569305,4.848268619093369e-05,0.005596992472569305,1.107269927450571
2024-02-12,0.05650074199124397,-0.0003298610104480701,0.05650074199124397,1.1843552336572156
2024-02-13,-0.006771369830529345,0.0005287969654757938,-0.0067562164320485105,0.9713436357048679
2024-02-14,0.04728053291091871,-6.372820855300303e-05,0.04728053291091871,1.0011932439816014
2024-02-15,0.007132171260388227,0.00028051219944320903,0.007174874590884681,0.8477665834811594
2024-02-16,-0.0012181910393560351,0.00023027697420027366,-0.0011957545162332515,0.9025672314798165
2024-02-17,-0.007059391011116433,0.00025706828576165555,-0.0070455132841921835,0.9460154064390636
2024-02-18,0.019086528512481216,0.0002125535345639854,0.019093250778176456,0.9683737760040981
2024-02-19,0.0077785833158521165,0.00046754245603186845,0.0077785833158521165,1.0086625316919202
2024-02-20,0.01572790060988781,0.00036767828145759635,0.01572790060988781,1.061678443729759
2024-02-21,-0.013731414196675356,0.0004892908727915264,-0.013731414196675356,1.125577635717879
2024-02-22,-0.003917752961112317,0.0003354998546305552,-0.003917752961112317,1.099239901311918
2024-02-23,-0.014890510852314713,0.00031652419902414655,-0.014890510852314713,1.1463096708939369
2024-02-24,0.021602090400309252,0.00011805059897379787,0.021602090400309252,1.1389276967788202
2024-02-25,0.02301532411990818,0.0002932983821819518,0.02301532411990818,1.1738567446846382
2024-02-26,0.047627023591347364,0.0007842072628442915,0.047627023591347364,1.1941420062832315
2024-02-27,0.03446955640647216,0.0011132176250575239,0.034478554755649655,0.9919168103567996
2024-02-28,0.07003408199544936,0.0006456433188511926,0.07006202215305685,0.956725088308517
2024-02-29,-0.008348046380618078,0.0017879114619959238,-0.007765068061450225,0.6739333397879507
2024-03-01,0.015330079087961237,0.0016615760247599312,0.015877678834444398,0.6704335291776493
2024-03-02,-0.004217423802609386,0.0011890614897418729,-0.0038721852951314976,0.7096546221904521
2024-03-03,0.011391158220158185,0.0008937041620228871,0.011636033649473599,0.7259994529273077
2024-03-04,0.04017749733378835,0.0016457703577680031,0.04054830376510156,0.7746912687040398
2024-03-05,-0.026835853897942293,0.0020952051951126627,-0.026166137648536602,0.6803576800172644
2024-03-06,0.036769349052981584,0.000521591916764414,0.03699526106835265,0.5668797615337574
2024-03-07,0.006740568154457647,0.0012162173039916013,0.00733815732653479,0.5086493424194282
2024-03-08,0.006278977500722595,0.0012406351118086256,0.006846517416165905,0.5425408244202142
2024-03-09,0.0019145633131404823,0.0008236554263091345,0.0022626896392059616,0.5773398499595142
2024-03-10,-0.0024334490215123317,0.0011701875291383927,-0.0019772868328313976,0.6101802682713551
2024-03-11,0.031100990136619825,0.0009910808381706354,0.03146659442382301,0.6311054829008378
2024-03-12,-0.011677380478727375,0.0015592788926112881,-0.011076588822340146,0.6146990386170771
2024-03-13,0.00952097074089283,0.0012928566110001413,0.010038918181192905,0.599377505677605
2024-03-14,-0.016632655123045993,0.0009765787353596587,-0.016280282789653235,0.6391767292956826
2024-03-15,-0.02105779151613477,0.0008342662350585636,-0.020726999261302927,0.6034931764814588
2024-03-16,-0.03574448382770624,0.000572720532144006,-0.035492312043975634,0.5596948780820126
2024-03-17,0.016005505070688555,0.0005092731695842106,0.0163010139434939,0.4197438811736133
2024-03-18,-0.008109175221123244,0.0005902570017306965,-0.007780847237350332,0.4437541904454839
2024-03-19,-0.040086435477954485,0.0007263207466696494,-0.03967029366705981,0.42705504034852254
2024-03-20,0.029928500307696053,0.0005661915771808903,0.030329695276254336,0.2914148059992984
2024-03-21,-0.006857019447047286,0.0002807434137845936,-0.006650919357839583,0.2658773845151087
2024-03-22,-0.012237151236722945,0.00043638752559146997,-0.01191187104802837,0.25460704163416115
2024-03-23,0.0037659684172023484,0.0004468738822575684,0.00409653221461307,0.2602749667518218
2024-03-24,0.011393882404593563,0.0001650859578176205,0.011513284286385117,0.27672902426101836
2024-03-25,0.01262032085992228,0.0005914482972679273,0.01304304784098349,0.2852680732806062
2024-03-26,-5.013796241909809e-05,0.0005821459488619358,0.0003523272814024265,0.30865233261809577
2024-03-27,-0.005982837206817417,0.0005679673153120994,-0.005601872637190938,0.32924913220202134
2024-03-28,0.006583676373560538,0.0009287278982602434,0.007191500299819365,0.3455306689963288
2024-03-29,-0.0042639858454856456,0.0008790211031026367,-0.003706403324182277,0.3656778894894588
2024-03-30,-0.0013147358292698395,0.0007033060081400419,-0.0008935313575334166,0.40110781528749173
2024-03-31,0.011062205185178585,0.0009625270930509823,0.01161298930855766,0.4277728623375987
2024-04-01,-0.013030552435950403,0.0013397055910242279,-0.01233092244472277,0.4777733287708733
2024-04-02,-0.028097432561827725,0.00045540604896841244,-0.02784819004903323,0.45270267411010634
2024-04-03,0.0035801691205796524,0.0003947883368054153,0.0038295043695881657,0.368433092461375
2024-04-04,0.008091382324170306,0.00033511998937286574,0.008311023160342379,0.3445904656922951
2024-04-05,-0.00193563260690854,0.00029849669024739124,-0.001760829775368331,0.4143893810168075
2024-04-06,0.006167501989667327,0.00032247584545630286,0.00634207069831784,0.45866113350753934
2024-04-07,0.0047880572154089,0.00025823833056664875,0.004921196834341093,0.48443122816025563
2024-04-08,0.025326509946500986,-2.082077799535322e-05,0.025316470586159677,0.5178201149088222
2024-04-09,-0.02281361685057087,0.0006525730620279666,-0.02250691408561465,0.5300100742695453
2024-04-10,0.008732269960871942,0.000325507991473604,0.008905336182493308,0.46831959228441855
2024-04-11,-0.0044633257346354815,0.0004009684065553177,-0.0042671836316319845,0.5108290334180298
2024-04-12,-0.02878834747490076,0.0006259854308908993,-0.028463791766270764,0.48152833498362857
2024-04-13,-0.023791176758558595,0.0006017213187605728,-0.02342372634416239,0.38933455913930104
2024-04-14,0.011849066048862253,0.0007261757799473171,0.012318311981331171,0.3538121961283792
2024-04-15,-0.009514330253181593,-6.3324397383584005e-06,-0.009518435782728618,0.3516670167177263
2024-04-16,0.0005332186425048406,0.00020484945950164697,0.0006644499482784561,0.35937685121126484
2024-04-17,-0.012380816752521376,0.00020625894222882246,-0.012252046391556403,0.37568592385140276
2024-04-18,0.009044465727897709,6.963783516933064e-06,0.009049266607654864,0.31059319327180007
2024-04-19,0.0003305454626941278,0.0001561940761154653,0.0004254489712773908,0.39240007724040504
2024-04-20,0.00912954657069229,0.00020082127104454839,0.009251953798782426,0.39046681930928884
2024-04-21,-0.00012774968597626638,4.5771467737178165e-05,-0.00010055197767434686,0.40579339823468213
2024-04-22,0.010379349193391427,8.178584826638014e-05,0.010423499934290523,0.4601664978115205
2024-04-23,-0.002321466057889185,-5.3656204457626105e-05,-0.0023478723737428665,0.5078609059174988
2024-04-24,-0.014853332365806998,0.00027095449079081766,-0.014713265175120224,0.4830600877735258
2024-04-25,0.002825434672852575,-0.00011486463429283763,0.002766389768433636,0.4859609767405953
2024-04-26,-0.005649445733308548,8.702114738883836e-05,-0.005607468591999347,0.5176213763117385
2024-04-27,0.006292495584097249,0.00033830765728439806,0.0064543174503752295,0.5216724694411966
2024-04-28,-0.0014882796368690713,-8.188881262838288e-06,-0.0014912135548694019,0.6417193135227326
2024-04-29,0.0016434963441890969,0.00016444836395830746,0.001699783682157913,0.6577202921697254
2024-04-30,-0.04027008391674554,0.00021010005909902495,-0.040214312488909845,0.7345482525095123
2024-05-01,-0.012898695981859252,0.0005123335302005723,-0.012576679984686845,0.3714719451480316
2024-05-02,0.0028715759617873758,-0.0001930466284239478,0.0027228068104603316,0.22936156646914452
2024-05-03,0.012813046879008336,0.0001239963021870002,0.012909558933345324,0.22165377003390313
2024-05-04,0.003342808210024995,0.00014832511602467737,0.0034423559601064516,0.3288543926377595
2024-05-05,0.0014767922515579789,4.157841020470258e-05,0.001502654816955966,0.37798089752209807
2024-05-06,-0.005991025975246433,0.00012407219633684446,-0.005921852553668389,0.4424744332707371
2024-05-07,-0.005380973458211565,0.00011948218876665581,-0.00530909141285743,0.3983869387049969
2024-05-08,-0.007261976446963689,0.00035146242694984937,-0.00705605207292506,0.4140927784920453
2024-05-09,0.010641438422935188,0.00013884322311675645,0.010722701705825975,0.41471192423665515
2024-05-10,-0.013302927399163812,0.0001207719360932843,-0.013232446008884421,0.41640920432912765
2024-05-11,-0.00023358708503428387,0.0001453887016187264,-0.00012619244622553942,0.2613274785933451
2024-05-12,0.0018518577981386098,0.0002967123387540657,0.00208429151462004,0.21663616195588634
2024-05-13,0.004256839702174858,0.00018288054097452788,0.004390124767459827,0.2711905565527998
2024-05-14,-0.009472891046828321,0.00019334074748183103,-0.009372855973037199,0.48259704643728674
2024-05-15,0.01873195111113489,0.00030256432267021727,0.01895457066655782,0.2642240385176684
2024-05-16,-0.01130993083466584,4.692657165113453e-06,-0.011308129551428955,0.6161485543254783
2024-05-17,0.01869231920745057,0.0002713777823035587,0.018807024348301928,0.5773230222544555
2024-05-18,0.001287962195835425,-2.599803532871961e-07,0.001287875683362492,0.667234574308088
2024-05-19,-0.009697478979968787,0.00015696410689663978,-0.009663115833438868,0.7810764052411897
2024-05-20,0.08056383857193831,-0.0008325275691446642,0.08034734126513332,0.7399517867889691
2024-05-21,0.001930177933081949,0.0002960362800513198,0.002045741362102784,0.6096308567287717
2024-05-22,-0.009701305654652945,0.00013761397501715601,-0.00965497419946266,0.6633230368899012
2024-05-23,-0.006069519608035839,0.0005529977814181855,-0.005905669608181822,0.7037058640021716
2024-05-24,0.002622436204657624,0.0002197589203128039,0.002676855633794829,0.7523675987316263
2024-05-25,0.00611657134306962,0.0002639647860691884,0.006174486658704805,0.7805945387730436
2024-05-26,0.0013109652173085207,0.00040505713467995155,0.0013793031812841315,0.83128808722353
2024-05-27,0.012536747775082544,0.00011823542642955365,0.01255066672288102,0.8822776876711529
2024-05-28,-0.011350204006338353,0.00011024729848743449,-0.011342507760708014,0.9301910728341691
2024-05-29,-0.013604652513602912,0.00035020603233770233,-0.013592052882247158,0.9640222320796443
2024-05-30,0.004404051382715291,0.00029178569438718336,0.004404292612511058,0.9991732638014554
2024-05-31,-0.00775764613137995,0.0004293206613674233,-0.00775764613137995,1.062435011084167
2024-06-01,0.010254704535595533,0.00039770533443407173,0.010254704535595533,1.1133079336184921
2024-06-02,-0.003094965166580665,7.364806134029594e-05,-0.003094965166580665,1.1978815782456915
2024-06-03,0.009164011842327138,0.00043546809820572616,0.009164011842327138,1.1872189877558745
2024-06-04,0.024053705437260414,0.00018597185826948532,0.024053705437260414,1.2182178574225264
2024-06-05,0.012184028426802367,0.0004773981669822907,0.012184028426802367,1.2506532344661017
2024-06-06,-0.010168472390527778,0.0003750181712895404,-0.010168472390527778,1.2927839171551625
2024-06-07,-0.03367264661052518,0.00046928653350673203,-0.03367264661052518,1.3272402879782372
2024-06-08,-0.0004945842814784436,0.00028261773228569035,-0.0004945842814784436,1.1370782467619729
2024-06-09,0.006858709047526083,0.0002832889601702691,0.006858709047526083,1.2697311116491128
2024-06-10,-0.006742056565583744,0.0001974359923095719,-0.006742056565583744,1.1991541557245362
2024-06-11,-0.04279517593931636,0.00043977646974838295,-0.04279517593931636,1.2375953692883348
2024-06-12,0.01543901901657128,0.000326423545398261,0.01543901901657128,1.0275295136615612
2024-06-13,-0.0255309483040896,0.00027785437289741093,-0.0255309483040896,1.1024921069087887
2024-06-14,-0.006190707856041095,0.0005122356544362838,-0.006190707856041095,1.0359606687500618
2024-06-15,0.01209697138414991,0.00027184920798057976,0.01215345584317114,0.7922213588892806
2024-06-16,0.009031251926013182,0.00038650629622859125,0.009084968496917796,0.8610201918344812
2024-06-17,-0.01672382403189651,0.0003753826473496068,-0.016687612799067598,0.9035351445129849
2024-06-18,-0.013085474632806373,7.205721789012419e-05,-0.013083237846049863,0.9689581859804807
2024-06-19,0.01051865856409602,0.00036095413250007724,0.010574491282244212,0.8453190776305071
2024-06-20,-0.006473832985451759,1.4691278655569673e-05,-0.006470885260477408,0.7993554513899629
2024-06-21,-0.003488983060100998,0.00010861694733447892,-0.003472798642254797,0.8509954639365622
2024-06-22,-0.002601124018466427,0.00020565858283196772,-0.0025610740312836037,0.8052598309716745
2024-06-23,-0.01521567963243463,0.0001032850153449094,-0.015196406729376116,0.8134007823482015
2024-06-24,-0.022792753906740678,0.00016507071265124367,-0.02273992535251009,0.6799640991300488
2024-06-25,0.004646166980644882,0.0004242862230644528,0.004937698420395441,0.3128896864834745
2024-06-26,-0.004168901130288782,-4.8513723937158045e-05,-0.004194713106121978,0.467944867175518
2024-06-27,0.005800954416656988,0.0003233980504124145,0.0060326930005459335,0.28342615673341326
2024-06-28,-0.00989462231352959,0.00014644739872370004,-0.009813809486211054,0.44817847211472506
2024-06-29,0.0006040231597870502,0.00037540103459246624,0.0008813901201301314,0.2611449229377067
2024-06-30,0.006439878399617033,0.00030182313925663075,0.006657471915224289,0.27906947047475017
2024-07-01,-0.00011295549208856375,0.0003716930576433575,9.090872532725844e-05,0.4515253561409492
2024-07-02,-0.0036983765580031742,0.00012870099803854624,-0.0036373555372356705,0.5258698712714893
2024-07-03,-0.01896964948260634,0.00016458157893005284,-0.018891095171965907,0.522702898154735
2024-07-04,-0.010388153184298084,0.0002486057132917137,-0.010175043216295322,0.14277928217724128
2024-07-05,-0.00016793143953334114,0.0004898534760481587,0.00032192203651481763,0.0
2024-07-06,0.0,7.627477187458184e-05,7.627477187458184e-05,0.0
2024-07-07,0.0,0.0002291352447207007,0.0002291352447207007,0.0
2024-07-08,0.0,0.0003260397457919418,0.0003260397457919418,0.0
2024-07-09,0.0,0.00014736955097224613,0.00014736955097224613,0.0
2024-07-10,0.0,0.00016189722604014622,0.00016189722604014622,0.0
2024-07-11,0.0,0.00016828842477217712,0.00016828842477217712,0.0
2024-07-12,0.0,1.4210087233725343e-05,1.4210087233725343e-05,0.0
2024-07-13,0.0009641083524094287,0.00048463649970550504,0.0014184954504903717,0.06241668063165565
2024-07-14,0.001490266391443437,0.00012279882606652462,0.0016003668920844545,0.10340754738671543
2024-07-15,0.008248813088305105,0.00019859977141203686,0.008418954046857661,0.1432973092423036
2024-07-16,-0.0025420482813442277,-1.1817379604643067e-05,-0.002545503482531039,0.7076169758096067
2024-07-17,-0.010372815169820113,5.225132875181412e-05,-0.010358601177627812,0.7279687898500151
2024-07-18,0.0030743478396475783,0.0001389687218357872,0.003146036154794299,0.48414064546530483
2024-07-19,0.013018449131321592,0.00015181267753008415,0.01308996727523306,0.5289053254640426
2024-07-20,0.004559092772888406,0.00016577193701319148,0.004564252093031665,0.9688769991096337
2024-07-21,0.008973104588028547,-2.7273310677898034e-05,0.008973104588028547,1.1151037353315445
2024-07-22,-0.018155121306074298,0.0001949503409200688,-0.018155121306074298,1.2208949963351163
2024-07-23,-0.009778229341400473,9.098137023160543e-05,-0.009778229341400473,1.2233666060536859
2024-07-24,-0.03145522128985192,0.0002848966017586755,-0.03145522128985192,1.2887803126073012
2024-07-25,-0.002707177896882312,0.00024031739998049188,-0.0026687235423525505,0.8399851424287902
2024-07-26,0.024376446602970763,0.00012824775181908242,0.024410170152264526,0.7370437390486382
2024-07-27,0.001105004732380458,1.4030126258288912e-05,0.0011077896019954178,0.8015078721537213
2024-07-28,0.0014327199850896336,0.0004640941951420749,0.0015204317387759003,0.8110044154734254
2024-07-29,-0.014498422685494401,5.106262204748417e-05,-0.014493549689998138,0.9045682477540862
2024-07-30,-0.009013431657336105,0.00019109915620757267,-0.008981370467782912,0.8322274666751146
2024-07-31,-0.018368789113915818,0.00021074486026428018,-0.01833701424405965,0.8492258847199292
2024-08-01,0.00249433824615936,0.0002910953057005813,0.002629442601929838,0.5358758690892607
2024-08-02,-0.026605506738117478,0.00013839448268787466,-0.02653387128526578,0.48238216249371496
2024-08-03,-0.001878815115098203,0.0002030330475119026,-0.0016992451750317743,0.11556299692589886
2024-08-04,-0.00011423973236145489,0.00015329753679278778,3.9057804431332895e-05,0.0
2024-08-05,0.0,2.51094861608954e-05,2.51094861608954e-05,0.0
2024-08-06,0.0,0.0001598355321163584,0.0001598355321163584,0.0
2024-08-07,0.0,-5.218984863459632e-05,-5.218984863459632e-05,0.0
2024-08-08,0.0,-0.0002046862682497218,-0.0002046862682497218,0.0
2024-08-09,0.0,8.841755324693759e-05,8.477706450606281e-05,0.041173823603865393
2024-08-10,0.0,4.827652381991083e-05,4.827652381991083e-05,0.0
2024-08-11,0.0,-0.00014307816025063946,-0.00014307816025063946,0.0
2024-08-12,0.0,0.00018329932006028608,0.00018329932006028608,0.0
2024-08-13,0.0,0.0001426574993847938,0.0001426574993847938,0.0
2024-08-14,0.0,5.804755625215841e-07,5.804755625215841e-07,0.0
2024-08-15,0.0,-7.894519153266309e-05,-7.894519153266309e-05,0.0
2024-08-16,0.0,-0.00014162237609134355,-0.00014162237609134355,0.0
2024-08-17,0.0,5.5460108103352714e-05,5.5460108103352714e-05,0.0
2024-08-18,0.0,0.00010968435519027897,0.00010968435519027897,0.0
2024-08-19,0.0,-0.00010473980029766565,-0.00010473980029766565,0.0
2024-08-20,0.0,-4.176326169723584e-05,-4.176326169723584e-05,0.0
2024-08-21,0.0,3.1527096670853036e-05,3.1527096670853036e-05,0.0
2024-08-22,0.0,-0.0001576704979198451,-0.0001576704979198451,0.0
2024-08-23,0.0,-4.624079550220523e-05,-4.624079550220523e-05,0.0
2024-08-24,-0.00044826669303803956,0.00028856913039139453,-0.00021584887514497107,0.19458530585779027
2024-08-25,0.0014417956383221315,-6.464411907120305e-05,0.0013910022478291941,0.21426123176045708
2024-08-26,-0.008461727899812014,2.4714956998672186e-05,-0.008445752444171973,0.3536118375241798
2024-08-27,-0.00034825498177016846,0.00022188156371685043,-0.00012637341805331803,0.0
2024-08-28,0.0,-0.00014240993970028427,-0.00014240993970028427,0.0
2024-08-29,0.0,0.00012798359905312866,0.00012798359905312866,0.0
2024-08-30,0.0,-3.754801300948493e-05,-3.754801300948493e-05,0.0
2024-08-31,0.0,0.0001738583546771664,0.0001738583546771664,0.0
2024-09-01,0.0,9.972956013292003e-05,9.972956013292003e-05,0.0
2024-09-02,0.0,-8.220117535875845e-05,-8.220117535875845e-05,0.0
2024-09-03,0.0,0.0002628132419712591,0.0002628132419712591,0.0
2024-09-04,0.0,-5.078209699879008e-05,-5.078209699879008e-05,0.0
2024-09-05,0.0,0.0002475497009000016,0.0002475497009000016,0.0
2024-09-06,0.0,0.00012119156042464115,0.00012119156042464115,0.0
2024-09-07,0.0,-0.0001707169355712707,-0.0001707169355712707,0.0
2024-09-08,0.0,4.953435996740935e-05,4.953435996740935e-05,0.0
2024-09-09,0.0,-9.161922564839976e-05,-9.161922564839976e-05,0.0
2024-09-10,0.0,-0.0001750797505521492,-0.0001750797505521492,0.0
2024-09-11,0.0,6.247128020978423e-05,6.247128020978423e-05,0.0
2024-09-12,0.0,-4.395693019884302e-05,-4.395693019884302e-05,0.0
2024-09-13,0.0,9.253814882601599e-05,9.253814882601599e-05,0.0
2024-09-14,0.0,-9.138659052798802e-05,-9.138659052798802e-05,0.0
2024-09-15,0.0,6.295981662356553e-05,6.295981662356553e-05,0.0
2024-09-16,0.0,-2.7123521704227596e-05,-2.7123521704227596e-05,0.0
2024-09-17,0.0,0.00019767279380313057,0.00019767279380313057,0.0
2024-09-18,0.0,-6.350329143840686e-05,-6.350329143840686e-05,0.0
2024-09-19,0.0023216510666140577,6.017150169946971e-05,0.0023765589270767634,0.08747731215108422
2024-09-20,0.00037601284826405037,0.00029178057234165926,0.0006131682426925957,0.1872132111974568
2024-09-21,0.0006350857940572293,0.00017500853925494464,0.00077244702560629,0.21511697581248376
2024-09-22,0.0008003307220729456,0.00013535349453204162,0.0008984057185668182,0.2754158521510822
2024-09-23,-0.0010246465243603376,0.0002546984962323275,-0.0008387776050790763,0.2702394319920999
2024-09-24,0.004376748909497489,-3.897099771469645e-05,0.004349208026182563,0.29329796695095883
2024-09-25,-0.011163184310819012,0.0001449270709638435,-0.011097436036275074,0.5463354492250623
2024-09-26,0.011076319620441855,0.00020315082824439367,0.011207265003757945,0.355427765430715
2024-09-27,0.006353560831585078,4.087698780687302e-05,0.0063697320926788025,0.604392056231555
2024-09-28,-2.284511644396521e-05,0.00033421932153215254,9.141153394633648e-05,0.6581387040506275
2024-09-29,-0.0015287728616715326,0.00012478914751796078,-0.0014916824154446243,0.7027750652630282
2024-09-30,-0.03083387485541613,1.4231830927936524e-05,-0.03083177865393244,0.852710343854803
2024-10-01,-0.015536032477296994,0.00037176359556410357,-0.015311978794679795,0.3973221550183603
2024-10-02,-0.0003882691887147412,0.00023600814878618206,-0.00015226103992855915,0.0
2024-10-03,0.0,9.071212100630468e-05,9.071212100630468e-05,0.0
2024-10-04,0.0,0.00012532330884801118,0.00012532330884801118,0.0
2024-10-05,-0.00018880224634990961,0.000164165001259335,-4.7504096031256594e-05,0.13929187564503304
2024-10-06,0.0017050408522352278,7.96532861167298e-05,0.001773272792288535,0.1433882595463179
2024-10-07,-0.0008368566103494313,6.017420648733601e-05,-0.0007856375561974061,0.14882044746523454
2024-10-08,-0.0006509412932149952,0.00015089834929970448,-0.0005233460522594618,0.1544291799898223
2024-10-09,-0.0033918708924290026,0.0001871883757729634,-0.0032344450872028928,0.15899796354316298
2024-10-10,-0.0001365250982795979,0.00027049289188186247,0.00013396779360226458,0.0
2024-10-11,0.0,4.481577818101934e-05,4.481577818101934e-05,0.0
2024-10-12,0.0014135969003166628,0.00017904052107679754,0.001569316543653853,0.130254746798934
2024-10-13,-0.002487886081858511,5.50262174340969e-05,-0.002450840893696734,0.32677203905310775
2024-10-14,0.0066580201363628634,8.848195683343617e-05,0.0067350733109879015,0.12916511588811522
2024-10-15,0.007558134144275403,0.0003273698806051732,0.007679107166281607,0.6304699082805825
2024-10-16,0.007498384098791564,0.00020375058454389023,0.007560725807750885,0.6940293000931603
2024-10-17,-0.003732433253576136,0.00022523957365488213,-0.0036790680161483957,0.7630734397077676
2024-10-18,0.012672851535276454,0.0003016244918594519,0.012728951540675616,0.8140071283558001
2024-10-19,-0.0003896187156184615,0.00021398159403774228,-0.00035435488373156213,0.8352015646697187
2024-10-20,0.007815349387839418,6.30332159959743e-05,0.007824088793473918,0.8613523759432087
2024-10-21,-0.0234288090618408,0.00026440491784996805,-0.02342719544116878,0.9938971608957112
2024-10-22,-0.00029758078390490787,0.0004878869563405575,-0.00022855029491803853,0.8585113045352983
2024-10-23,-0.010282848064096375,0.00023750058381909593,-0.010256091164427465,0.8873396467551794
2024-10-24,0.01980202842463592,0.0002182647463417316,0.019823723601255935,0.900601553921822
2024-10-25,-0.024465879617272045,0.0003529773791895764,-0.024430058408048263,0.8985169834224835
2024-10-26,0.00909324088054656,0.0001205986174784931,0.009117508790824725,0.798771239790605
2024-10-27,0.01166913368840497,0.0003289847970150905,0.011728633649976873,0.8191406955222493
2024-10-28,0.024438494966700402,0.00027312541009395195,0.02446698207307671,0.8956995382944781
2024-10-29,0.03621098091444998,-0.00015550854666594927,0.036192479815290834,0.8810284093331098
2024-10-30,-0.0019517749105410786,0.0003053962095697322,-0.0019248933585495815,0.9119781086040001
2024-10-31,-0.028329035442660758,0.0001716813915121977,-0.028320604401154033,0.9508913491877963
2024-11-01,-0.010470350003832998,0.0003916032866238948,-0.01039316797206999,0.8029075996056823
2024-11-02,-0.002874442881739438,0.0004296936141770439,-0.002795066155886777,0.8152713393130491
2024-11-03,-0.005945614569374273,0.00026504052836930607,-0.005903448128588005,0.8409056869690773
2024-11-04,-0.011552453509259883,0.00034871464790635516,-0.011484929994787507,0.80636455945347
2024-11-05,0.02133269354934983,0.00033016889784499403,0.02139759287682115,0.8034359750572544
2024-11-06,0.07312588910659233,-0.0002592831793385232,0.07308970917538635,0.8604617110207855
2024-11-07,0.005042451573248363,0.00037811383409890433,0.005219610583795285,0.5314664670518717
2024-11-08,0.006131858865586184,0.0004166562978507712,0.006288467612656532,0.6241296534381459
2024-11-09,0.01727186805755345,5.412068227353507e-05,0.017283199474703262,0.7906268606788698
2024-11-10,0.02890132355785559,1.9238874856768068e-05,0.028904220522979997,0.849421281339257
2024-11-11,0.07486418317717844,0.00014935104817118288,0.07488561425049259,0.8565053705576724
2024-11-12,-0.012128067289102469,0.001539389262443187,-0.01149542853906283,0.5890326342568029
2024-11-13,0.003746139077604722,0.0004236369710896029,0.003918621113574734,0.5928541469683706
2024-11-14,-0.02227732720215432,9.215896634438261e-05,-0.022243418520439543,0.6320631289627743
2024-11-15,0.01834105233555654,0.0004468161727413958,0.018534208094889544,0.5677064280195703
2024-11-16,0.0007179796921155744,0.0002373221372766357,0.0008105412814512535,0.6099749041625045
2024-11-17,-0.008127558264084839,0.0003502384754050965,-0.007997974789483418,0.6300135944472081
2024-11-18,0.014524419149251748,0.000538149707741501,0.014710644295553013,0.6539528989380825
2024-11-19,-0.0010232054546158494,0.0008243771200595225,-0.0007672180142077739,0.6894777472844074
2024-11-20,0.00473279291117508,0.0005754132345104606,0.004889209979110225,0.7281656754589283
2024-11-21,0.051534425119777905,-0.0001195515178318277,0.0515073879369443,0.7738449220557904
2024-11-22,-0.0015410719965145826,0.0006343074044812286,-0.0013108851687665323,0.6371052487771134
2024-11-23,0.00042132624917014705,0.0003790966923328425,0.0005458189769836462,0.6716069268570775
2024-11-24,-0.0014487118191577717,0.0006009861131644164,-0.0012707973320186432,0.7039623990605335
2024-11-25,-0.01430035474961565,0.0004964999508283759,-0.014172528655083278,0.7425456048503054
2024-11-26,-0.014518932277815364,0.0005180235765900902,-0.014366517513054997,0.7057763938783554
2024-11-27,0.04522223435098085,0.0005916278672762831,0.04539874773794992,0.7016479501182042
2024-11-28,-0.006230137769506446,0.0002746513810038355,-0.006108285757889716,0.556339344912933
2024-11-29,0.00645226882453006,0.0004293447024654812,0.006632809204645359,0.5794978275531103
2024-11-30,0.004042671546797955,0.0003780532302611645,0.004187347986800163,0.6173119856633317
2024-12-01,0.004177088114263353,0.0001435352759810691,0.004227005836737932,0.6522267983714146
2024-12-02,-0.013016507285319018,0.0008992789547697803,-0.012743211335196633,0.6960943557359796
2024-12-03,0.00015104095069772762,0.0005422213881421034,0.00031199469315834095,0.7031586249075974
2024-12-04,0.030373619298615782,0.0004307201153688887,0.03048154020771339,0.7494407499283381
2024-12-05,-0.012620622950102724,0.0012949381312220855,-0.012292409355939659,0.7465411001116196
2024-12-06,0.030193811937946555,0.00034488497935152555,0.030288069143307676,0.7266995926051986
2024-12-07,-0.00042102896188675373,0.0004940405593651002,-0.0002872359372056544,0.7291861525437527
2024-12-08,0.003322265514960727,0.00044709236867039267,0.003423387806756393,0.7738223712106886
2024-12-09,-0.036015477764480226,0.0007807897197631877,-0.0358792037490947,0.8254664323361529
2024-12-10,-0.00872268134442555,0.0005863809907598435,-0.008523299473639112,0.6599789660164888
2024-12-11,0.03337291959255694,0.000531965181484563,0.03356760523228862,0.6340255969603802
2024-12-12,-0.0017540172526815299,0.00027994417286879216,-0.0016474730048969162,0.6194089461024425
2024-12-13,0.0067381724494314,0.0004035081613968829,0.006877853341409374,0.6538337874148061
2024-12-14,-0.0024032520280866843,0.00024528719709702036,-0.0023289233180475706,0.6969727286267057
2024-12-15,0.0196852063917847,-3.443742718295555e-05,0.01967625764766432,0.7401448118399028
2024-12-16,0.009017169408004266,0.00048122069589874805,0.00913634112583105,0.7523553769768498
2024-12-17,-0.007275898188210493,0.00043093288733349745,-0.007190492633394352,0.8018123997344264
2024-12-18,-0.0448981186729718,4.1173930763246546e-05,-0.044891130411387196,0.8302746068917868
2024-12-19,-0.022765851430585505,0.00012282906300539991,-0.022714609167166937,0.5828164591932419
2024-12-20,0.002308606126280829,0.0004501957649422119,0.002529737607142125,0.5088103929860804
2024-12-21,-0.01081336114587503,0.00016462227551437397,-0.010736739632028355,0.5345616891318961
2024-12-22,-0.009388510717545304,0.00021874257278494625,-0.00927368377608847,0.4750590157421115
2024-12-23,0.008053170315694327,0.00025059484756623533,0.008179125649396763,0.4973746071569016
2024-12-24,0.01672393975960097,0.0002124511469641062,0.016819573231164897,0.5498566473727549
2024-12-25,0.0019463080772519994,0.0002506369910207217,0.0020446320487155986,0.6077036711014854
2024-12-26,-0.023858633706529513,0.00027861233093064586,-0.02375278904951156,0.620100601203114
2024-12-27,-0.005642887212635058,0.00017205370254827918,-0.005562812908485847,0.5345970300944745
2024-12-28,0.007618755609042789,0.00022961859626031473,0.007739523102300447,0.4740517744444969
2024-12-29,-0.008479637638296823,0.00014835548132611818,-0.008404378431466178,0.4927103052888923
2024-12-30,-0.0024549262541619875,0.00028023939882996216,-0.0023189853188858313,0.5149114084467494
2024-12-31,0.0018036573528985142,0.0001609455451173947,0.001872833144155155,0.5701913264751526
2025-01-01,0.00527306175004181,0.00015833774886152204,0.005336189046364537,0.6013124048016074
2025-01-02,0.015299950965968702,0.00026198369387570735,0.015396287044426,0.6322821583582894
2025-01-03,0.01844702860675786,0.0003199521209676018,0.018527828257386726,0.7474633067456725
2025-01-04,0.005256739113826149,0.0002646617746240377,0.0052901645868328896,0.8737049464199255
2025-01-05,-0.0007231151253065247,0.00016471153146971687,-0.0007216628877707524,0.9911831459351147
2025-01-06,0.028708280763213655,0.000479329941330993,0.028708280763213655,1.0317385002360167
2025-01-07,-0.06518599862588598,0.00021239790116203306,-0.06518599862588598,1.020904058629779
2025-01-08,-0.009412267439604308,0.0003185121201114781,-0.00924345702670884,0.4700031733913772
2025-01-09,-0.01391124353779448,8.944549025478651e-05,-0.01386212079050513,0.45080800441226293
2025-01-10,0.010315577717971982,0.00023843202393364712,0.010447587197778397,0.44634333245792446
2025-01-11,0.00038385801933593546,1.8805029548676975e-05,0.00039417629169120075,0.45130251837380275
2025-01-12,-0.0022425475117856235,0.00030375607730436996,-0.002074480937920978,0.4467054771179464
2025-01-13,-0.006451792197187026,0.00015981359383147647,-0.006372090026409944,0.5012804050878943
2025-01-14,0.010281059976649708,0.00022231032310577914,0.010403934066710365,0.44728572050074383
2025-01-15,0.024351074326408817,0.00010241249072002155,0.024396686368238114,0.5546242308080152
2025-01-16,-0.00624660172610282,0.0001458760798466096,-0.006188769183383311,0.603550199728971
2025-01-17,0.025609170331560745,0.00014346325144479522,0.02566866482225589,0.5852980460432655
2025-01-18,-0.00632841394238425,0.00021055934353699863,-0.006245041724438712,0.6040440830359606
2025-01-19,-0.018454625964458224,0.000214090546943377,-0.01836992917785387,0.6043880133261817
2025-01-20,0.008492755607112476,0.00020139995760528782,0.00858938132344463,0.5202297086798524
2025-01-21,0.015243685230429838,0.0003320148833820811,0.015383035256765843,0.5802898203944661
2025-01-22,-0.012980058888465817,0.00028858123805542335,-0.012873216272191054,0.6297658954036232
2025-01-23,0.0030028189996328955,0.00022886354223124807,0.0031088130986051455,0.5368676988091386
2025-01-24,0.0013073989781533628,0.0004208483212396536,0.0014434465281327393,0.6767302063160572
2025-01-25,0.0013530145045002515,3.969614682254218e-05,0.0013639451971314187,0.7246409662874391
2025-01-26,-0.01700710450752142,0.00045058319040235215,-0.016921830833322053,0.8107482125038399
2025-01-27,-0.006803603819164115,9.07585738655691e-06,-0.006800522333906271,0.6604744734741644
2025-01-28,-0.006319917354856078,0.000216086956106353,-0.006257244335234085,0.7099638925398755
2025-01-29,0.019428995215889613,8.381562105408039e-05,0.019452501273508546,0.7195503973684372
2025-01-30,0.009383765304248518,0.0002636522008699272,0.009456746176393112,0.7231926306558675
2025-01-31,-0.016982532911419695,0.00022265725363274086,-0.016928904803439133,0.7591450217516033
2025-02-01,-0.014046285755464447,9.563586707587871e-05,-0.01401992264355279,0.7243386532926954
2025-02-02,-0.023840717615294646,0.00020353304512982706,-0.023770210408991986,0.6535834942297197
2025-02-03,0.017532869007887263,-0.0001357176191470165,0.01745361650892303,0.4160485612528943
2025-02-04,-0.01882521260602271,6.786079035652128e-05,-0.018791949122279033,0.5098276402482527
2025-02-05,-0.00495715731016543,4.406435562990567e-05,-0.004929227178804043,0.3661513719621619
2025-02-06,-6.781284659417345e-05,-4.1263396999486793e-05,-9.304029662421238e-05,0.38862401390867807
2025-02-07,-0.0007272453089580654,0.0001779685324138031,-0.0006231081771509803,0.41485648954529303
2025-02-08,0.0010387606404230346,-3.166869039281202e-05,0.0010226063074903664,0.48989576985049993
2025-02-09,-0.0014905670012408574,8.441077085377549e-05,-0.0014502385499499705,0.52223571846361
2025-02-10,0.005966105456364991,0.00020530886526466948,0.006059683274746707,0.5442095583106845
2025-02-11,-0.008813054250340811,9.47421859746778e-05,-0.008772002365020404,0.5666989852716694
2025-02-12,0.006425578042722207,6.75473981501357e-05,0.00647108463404463,0.3263013444089054
2025-02-13,-0.007259535675267098,0.0001690772184314658,-0.007185536205270085,0.5623332895850321
2025-02-14,0.0023950732114441475,0.00015001404653064098,0.00250125713526061,0.2921734579383273
2025-02-15,0.0006795464638729714,-1.7556654830999232e-05,0.0006712127793348306,0.5253261729890437
2025-02-16,-0.007549914721569103,0.00019856860872967521,-0.0074598936097753175,0.5466498336787098
2025-02-17,-0.0014781173214994299,1.741367090096448e-05,-0.001466120016461963,0.3110410145168067
2025-02-18,-0.001122127291517341,0.0002875168518599896,-0.000924449294393168,0.312464657826613
2025-02-19,0.0039033400125897274,0.00015216497082181003,0.004007900081996774,0.31285059338992416
2025-02-20,0.005633568205139243,8.513205528978734e-05,0.005691558312089787,0.31882172052409474
2025-02-21,-0.01787604835521264,0.0002472927034363771,-0.017810046471685343,0.7331021796836942
2025-02-22,0.001428622314492681,-9.212778670457408e-05,0.0013657384620706509,0.3174279479471312
2025-02-23,-0.0016965231088038706,4.845025669324161e-05,-0.0016638756872230413,0.3261661793139015
2025-02-24,-0.013956797901020985,0.00011224365741468651,-0.013881820809971704,0.33201489708878046
2025-02-25,-0.007046205442060662,9.254058124730275e-05,-0.006972709110124707,0.20579349140301811
2025-02-26,-0.00423020498428678,0.0001232930213149794,-0.0041163101789852335,0.07622666646657021
2025-02-27,0.0005497677337029434,0.00018034161268441892,0.0007215457947930124,0.04748516699434922
2025-02-28,-0.00032892708659346646,0.00015564884583978538,-0.00017929883061825432,0.03868059433457308
2025-03-01,0.0013799632088866607,-2.8772938309268386e-05,0.0013523193002369601,0.03923928962111724
2025-03-02,0.007304165598439844,-1.981313368231845e-05,0.007285120307961847,0.03875425344786845
2025-03-03,-0.0068481445961157544,-6.492594116332758e-05,-0.006907600902315276,0.08424421526745693
2025-03-04,0.00022032840032818317,4.397678621480901e-05,0.0002632830241195166,0.023243226971673647
2025-03-05,0.0008872783653883247,0.00015540519392465236,0.0010389768029489647,0.023852203844676317
2025-03-06,-0.00010687759096380561,5.60083367223195e-05,-5.3532164103946796e-05,0.04754488382083133
2025-03-07,-0.0009868629746886545,6.039150377182668e-05,-0.0009279531024399897,0.024533774299772694
2025-03-08,-0.00010294830439413315,6.573520409069356e-06,-9.653542104819816e-05,0.024436991617571735
2025-03-09,-0.001487501924417513,0.0002474955227111787,-0.0012462510376462855,0.025231308718414364
2025-03-10,-2.1751216547778728e-05,-0.00015309341887909496,-0.0001748446354268737,0.0
2025-03-11,0.0,0.00018753567571438994,0.00018753567571438994,0.0
2025-03-12,0.0,8.660378101346774e-05,8.660378101346774e-05,0.0
2025-03-13,0.0,-9.550607149581945e-06,-9.317961373205798e-06,0.024359265618660718
2025-03-14,0.0,0.00018371470720208218,0.00018371470720208218,0.0
2025-03-15,0.0,-3.1373993058287226e-05,-3.060428205313791e-05,0.02453340904740202
2025-03-16,0.0,1.4145508526492878e-05,1.3787327340585907e-05,0.025321195433599314
2025-03-17,0.0,0.00014096132184128205,0.00014096132184128205,0.0
2025-03-18,0.0,7.80782276335725e-05,7.80782276335725e-05,0.0
2025-03-19,0.0,3.829152615254699e-05,3.829152615254699e-05,0.0
2025-03-20,0.0,0.00010187825971810163,9.775235355757532e-05,0.04049839653663839
2025-03-21,0.0,7.18234648273503e-05,7.18234648273503e-05,0.0
2025-03-22,0.0,4.711465408074923e-05,4.711465408074923e-05,0.0
2025-03-23,0.0,3.2083347176195084e-05,3.2083347176195084e-05,0.0
2025-03-24,0.0009762434809572997,-5.68915237265964e-06,0.0009708770511461606,0.05672594797627741
2025-03-25,6.625871762575322e-05,-6.3901050342623594e-06,6.02392283203988e-05,0.057998378261511885
2025-03-26,-0.0003873120287477419,3.486253307366415e-05,-0.0003545402986297876,0.05997277797605913
2025-03-27,0.0002476461316946915,0.00012047270711861387,0.0003606653657151136,0.061868561572649874
2025-03-28,-0.001917939280467112,8.591710127200876e-05,-0.00183751764994773,0.06396247861328984
2025-03-29,-5.582243479633771e-05,9.208839042003535e-05,3.626595562369764e-05,0.0
2025-03-30,0.0,-1.95341496655625e-05,-1.95341496655625e-05,0.0
2025-03-31,0.0,5.9681744667427887e-05,5.9681744667427887e-05,0.0
2025-04-01,0.0,6.417415287540007e-05,6.417415287540007e-05,0.0
2025-04-02,0.0,0.00010557527051329393,0.00010557527051329393,0.0
2025-04-03,0.0,5.639571402705687e-06,5.639571402705687e-06,0.0
2025-04-04,0.0,0.0001294409632271017,0.0001294409632271017,0.0
2025-04-05,0.0,0.00011277120067893698,0.00011277120067893698,0.0
2025-04-06,0.0,0.00010419628199487964,0.00010419628199487964,0.0
2025-04-07,0.0,-0.00010340509095066705,-0.00010340509095066705,0.0
2025-04-08,0.0,0.00010322573887328604,0.00010322573887328604,0.0
2025-04-09,0.0,1.7306951776036314e-05,1.7306951776036314e-05,0.0
2025-04-10,0.0,0.000212060512432399,0.000212060512432399,0.0
2025-04-11,0.0,6.600786282574096e-06,6.600786282574096e-06,0.0
2025-04-12,0.0,-5.4474764763322006e-05,-5.4474764763322006e-05,0.0
2025-04-13,0.0,0.0002929745531187003,0.0002929745531187003,0.0
2025-04-14,0.0,8.266848754084395e-05,8.266848754084395e-05,0.0
2025-04-15,0.0,5.0607682691153986e-05,5.0607682691153986e-05,0.0
2025-04-16,0.0,1.1051557132979887e-05,1.1051557132979887e-05,0.0
2025-04-17,0.0,9.899757793961541e-05,9.899757793961541e-05,0.0
2025-04-18,0.0,0.00012534992595552118,0.00012534992595552118,0.0
2025-04-19,0.0,1.7604899457520295e-06,1.7604899457520295e-06,0.0
2025-04-20,0.0,6.768207016808047e-05,6.768207016808047e-05,0.0
2025-04-21,0.0,0.0002118172430268185,0.0002118172430268185,0.0
2025-04-22,0.0,-0.0001524981778194954,-0.0001524981778194954,0.0
2025-04-23,0.0003672617332681844,0.0002073837753946864,0.0005078656869247572,0.32201083045681966
2025-04-24,0.0005306874392455654,9.168145730223767e-05,0.0005889083749001622,0.36496498454790877
2025-04-25,0.003900757149935613,3.170597611559926e-05,0.003919600494588699,0.4056847647779853
2025-04-26,-0.00047861945174520603,-1.674963484244411e-05,-0.00048717019538207324,0.4894967133731575
2025-04-27,-0.00455584506539698,2.0206572088863454e-05,-0.004546354926715483,0.5303439574133639
2025-04-28,0.0074016907600710155,-0.0002332528374313879,0.007298951179570228,0.5595355596434766
2025-04-29,-0.005702567291240169,0.00026765772070404915,-0.005593355417321529,0.5919718899519593
2025-04-30,0.0008208973534062674,-0.00020743104827291846,0.0007412920826217703,0.6162326158629833
2025-05-01,0.014231372686984028,0.00013688199322080835,0.01427935854944897,0.6494362674312156
2025-05-02,0.0027763887973818674,-0.00019771630827355375,0.0027114377283219454,0.6714936181690281
2025-05-03,-0.006537636100602984,7.521600293318669e-06,-0.0065353548409101255,0.6967055408561106
2025-05-04,-0.011339029130754276,4.9729690686026104e-05,-0.011324621858127517,0.7102883121127748
2025-05-05,0.0034860884255243983,-9.578191033070017e-05,0.0034586331304101085,0.7133561544189627
2025-05-06,0.013315150131459513,3.0397771093764497e-05,0.013323103726731499,0.7383493925442126
2025-05-07,0.0037102809640152047,0.0001366248358482247,0.003737170077883646,0.8031901469341045
2025-05-08,0.04910161762572158,2.5765237823135678e-05,0.04910595192317413,0.8317773163088942
2025-05-09,-0.0009883917962534195,0.00019034043202639708,-0.0009409284701619139,0.7506398110679757
2025-05-10,0.011219109706378213,0.0002810762275459266,0.011283380376610712,0.7713407825569354
2025-05-11,-0.006936468234615145,0.00026078004373386175,-0.006894280329968097,0.8382241829436023
2025-05-12,-0.008299520670605387,0.00024197328424385652,-0.008253158612999736,0.8084000977606797
2025-05-13,0.01568233971383772,3.7834264833349604e-05,0.015689123840955613,0.8206882795853756
2025-05-14,-0.006787950351834193,0.00028038317450619366,-0.006760970476937999,0.9037749859858383
2025-05-15,-0.0011649192400387661,0.00014537390961289062,-0.0011545902486539347,0.92894879547275
2025-05-16,-0.0009684797668140311,0.0002676980450619636,-0.0009583842249448078,0.9622875771584869
2025-05-17,-0.005812183397957808,-4.085005040720167e-05,-0.005812315053949939,0.9967770910728454
2025-05-18,0.023601472748926634,0.00010066196887032151,0.023605345226506,0.9615298843959934
2025-05-19,-0.001166645285045674,0.00017163129461270378,-0.0011580852832065122,0.9501256349637295
2025-05-20,0.010451039705286986,0.00014329083283962882,0.010451039705286986,1.0494399220928534
2025-05-21,0.02630156300718958,1.7011279700475627e-05,0.02630156300718958,1.0848545824537827
2025-05-22,0.02051672048344734,0.00027343044823981643,0.02051672048344734,1.0852451716715472
2025-05-23,-0.04219704661534136,0.0002611611110982934,-0.04219704661534136,1.1361854532699693
2025-05-24,0.005064381025518157,0.00020762156321145963,0.005068510135831863,0.9801123243181569
2025-05-25,0.008500189624249919,0.00010651494637957294,0.008500331721209564,0.9986659434710786
2025-05-26,0.004694563851795619,0.0001857152899180326,0.004694563851795619,1.0705649595857754
2025-05-27,0.005367670313424644,0.00012537641836959446,0.005367670313424644,1.1108572761951705
2025-05-28,-0.008824302512818643,0.00025495545498745934,-0.008824302512818643,1.1254191504696442
2025-05-29,-0.02202269314568175,0.00014062306481702088,-0.02202269314568175,1.167173627257791
2025-05-30,-0.022785214254619796,0.0002142957123889719,-0.022785214254619796,1.0789799237438602
2025-05-31,0.0065251034423277204,7.483906598232085e-05,0.0065251034423277204,1.0340646415105559
2025-06-01,0.00897683864246653,0.0001975847914652778,0.00897683864246653,1.087007985929092
2025-06-02,0.006803139127799178,-3.0461396916038396e-05,0.006803139127799178,1.0504704361924082
2025-06-03,-0.0048187741035266626,0.0001909668351827125,-0.0048187741035266626,1.179329806258941
2025-06-04,-0.004742581018438049,0.00011284197163581919,-0.004742581018438049,1.1493255623486782
2025-06-05,-0.04681103379151725,0.00011802430624565388,-0.04681103379151725,1.185376586336586
2025-06-06,0.026917199303208746,-0.00011152376439647252,0.026917199303208746,1.0203861098087543
2025-06-07,0.012603877618683233,0.0001347299430150309,0.012612917233567696,0.9329056727690094
2025-06-08,-0.0009623158321246245,0.00023706177137430064,-0.0009543667674520223,0.9664683823692041
2025-06-09,0.047490429813419825,-0.00012961261065063442,0.047490429813419825,1.0242963629784227
2025-06-10,0.014482590754484558,0.00018724280594120273,0.014482590754484558,1.085766745025873
2025-06-11,-0.014267762111303402,0.0003492526261456829,-0.014267762111303402,1.14478692928668
2025-06-12,-0.0342659625522931,0.00022041361415507714,-0.0342659625522931,1.179226682268683
2025-06-13,-0.00931591425408947,-0.00011215277180969644,-0.009319789901765326,0.9654431396271548
2025-06-14,-0.006528632842776793,0.00012837244603039035,-0.0065116550200316715,0.8677455850525563
2025-06-15,0.001150384339277728,0.0001483364837515553,0.0011709025029484278,0.8616782388811031
2025-06-16,0.012172790308461514,9.567920445748434e-06,0.012174143533514448,0.8585664397393454
2025-06-17,-0.0251952959726786,9.215802102431817e-05,-0.0251952959726786,1.0708876019061984
2025-06-18,0.0015099909228803849,0.00024125153114536776,0.0015509898565284463,0.8300573121612344
2025-06-19,-0.0008198441684160113,-2.5317405753016074e-05,-0.0008218615934247292,0.9203147025252574
2025-06-20,-0.01891492079598287,0.00018000676447531551,-0.01891492079598287,1.004118657376131
2025-06-21,-0.020515790038419718,1.97690855722014e-05,-0.020511811974173545,0.7987734823826154
2025-06-22,-0.005225523238796929,0.0002234340225868709,-0.0051647114686316385,0.7278311983948308
2025-06-23,0.03488111751900468,-0.00011334640084577298,0.034854640428606365,0.7664055479420007
2025-06-24,0.0034621712062583155,-2.6912986756708037e-05,0.003454810442975507,0.7264977183933795
2025-06-25,0.008253737102820183,0.00011492247199431534,0.008279699147424088,0.7740907922239145
2025-06-26,-0.002150082797173901,-3.392216931962286e-07,-0.0021501465883588954,0.8119483916443988
2025-06-27,0.0006440506798771967,1.3139149762166143e-05,0.000644996982396494,0.9279784052677279
2025-06-28,0.0025373767303568735,0.00012088604960105407,0.002538314943911819,0.9922388600004569
2025-06-29,0.010685022024287606,9.976386508057828e-05,0.010685022024287606,1.1005584017927696
2025-06-30,-0.012140670291924019,0.00021095314308419705,-0.012140670291924019,1.1624857997118276
2025-07-01,-0.019080430021569426,4.311330201295223e-05,-0.019080430021569426,1.111643153377052
2025-07-02,0.03382710998831369,3.904805138692382e-05,0.033831054628521484,0.8989798448914592
2025-07-03,0.0070753170997941974,0.0001277833201311753,0.0070753170997941974,1.2578976150627224
2025-07-04,-0.022394477994573527,0.00016034581759180757,-0.022394477994573527,1.3134877747829174
2025-07-05,0.002325364899271446,6.161034691687893e-05,0.002325364899271446,1.2773617739371859
2025-07-06,0.014436377974267804,0.000157416537554593,0.014436377974267804,1.358119574884625
2025-07-07,-0.012942056424177234,7.677697699883116e-05,-0.012942056424177234,1.4463159477978074
2025-07-08,0.017391953486823566,0.00013220660826569104,0.017391953486823566,1.4829440564520726
2025-07-09,0.04703860339515965,5.015045902127333e-06,0.04703860339515965,1.5326304945199758
2025-07-10,0.06343212993534281,7.089163177646271e-05,0.06343212993534281,1.3600161486575821
2025-07-11,0.011313480224602929,0.00033871485198306444,0.011313480224602929,1.0140386279778233
2025-07-12,-0.003253701449349568,0.00025525821166274155,-0.003253701449349568,1.0985149680928097
2025-07-13,0.013835712747175813,0.00029760239057546737,0.013835712747175813,1.1722069619473499
2025-07-14,0.011749932111420919,7.84084558839647e-05,0.011749932111420919,1.2412986783828344
2025-07-15,0.0005236468923248302,6.172460189602833e-05,0.0005236468923248302,1.3232949055329293
2025-07-16,0.04031562456148223,0.00040536521214986325,0.04031562456148223,1.3236261145298323
2025-07-17,0.019305098344818444,4.0010671465760555e-05,0.019305098344818444,1.2391004327175246
2025-07-18,-0.005980365614837796,0.0004031248808670083,-0.005980365614837796,1.329560414600895
2025-07-19,0.005076405878692239,0.0002667627395978128,0.005076405878692239,1.3514379085001678
2025-07-20,0.016283681064926905,0.0003829843277316018,0.016283681064926905,1.4421737887618942
2025-07-21,0.0022982397627378886,0.0003048892929443898,0.0022982397627378886,1.5102215934523653
2025-07-22,0.021529924854693988,-0.00020921657571863482,0.021529924854693988,1.6021503930329095
2025-07-23,-0.029637854677895707,0.0006261012908342474,-0.029637854677895707,1.6090750228981099
2025-07-24,0.007597402058404498,0.0002675257082298541,0.007597402058404498,1.4326765099337984
2025-07-25,-0.006056710567352674,0.00020900107780222433,-0.006056710567352674,1.526875964680016
2025-07-26,0.006573681215854293,0.000296291212470994,0.006573681215854293,1.5169668181968095
2025-07-27,0.03143814740377673,4.9984666935838236e-05,0.03143814740377673,1.6976397173185713
2025-07-28,-0.02388310205702854,0.0006327849324104745,-0.02388310205702854,1.690572704598061
2025-07-29,-0.0015792613322073554,0.0002713860996329173,-0.0015792613322073554,1.5184070082399101
2025-07-30,0.00012828814429549537,0.00012209361621900037,0.00012828814429549537,1.5931349356974966
2025-07-31,-0.03074559607189291,0.00022695123673168615,-0.03074559607189291,1.6159872152972927
2025-08-01,-0.05370660165907499,-2.4008771654859956e-06,-0.05370660165907499,1.436553699424962
2025-08-02,-0.01300966201246929,2.1885019164779787e-05,-0.01300966201246929,1.0173813783328418
2025-08-03,0.020856562999124955,0.0002466664112441003,0.020856562999124955,1.0622141883128478
2025-08-04,0.02482766909716564,3.211801170440296e-05,0.02482766909716564,1.028854649060175
2025-08-05,-0.01565860135124802,0.00017149689098860563,-0.01565860135124802,1.0254247983183158
2025-08-06,0.01162576511447647,0.00016719035511447944,0.01162576511447647,1.0157628236431113
2025-08-07,0.03506060587875277,0.00013172102651700407,0.03506060587875277,1.112882272958835
2025-08-08,0.0048944747027376365,-2.9010996270136676e-05,0.0048944747027376365,1.0544091945218765
2025-08-09,0.01902662618551745,0.0003202318665032109,0.01902662618551745,1.0462036146300175
2025-08-10,0.015518360115235373,0.0002797735951211338,0.015518360115235373,1.071246855400322
2025-08-11,-0.004744725417653068,0.00028597275953873237,-0.004744725417653068,1.1311281410379936
2025-08-12,0.040503245205687134,0.00015994686866394552,0.040503245205687134,1.2482714545249225
2025-08-13,0.0339983590950146,-4.264941886777966e-05,0.0339983590950146,1.1261733023104699
2025-08-14,-0.04243396974857755,0.0005695701008749169,-0.04243396974857755,1.0402975576536209
2025-08-15,-0.012098121844563384,0.00028502307909590303,-0.01202247626705642,0.7345984130586387
2025-08-16,0.0002646616005984699,9.106609936952693e-05,0.00029051626432925645,0.7160890396120534
2025-08-17,0.003982259297189675,9.377774323812936e-05,0.0040044157932918505,0.7637339592837722
2025-08-18,-0.01410000557948841,5.3162209296487764e-05,-0.014090208165386474,0.8157071680882283
2025-08-19,-0.026774016917409348,0.00027326941227108264,-0.026711484782239208,0.7711703821864022
2025-08-20,0.01764811283200764,0.0001266284132271946,0.017697654308121445,0.608764929993103
2025-08-21,-0.012356511399559502,8.705863885236347e-05,-0.012322169151415872,0.6055273939916666
2025-08-22,0.04731530132070317,0.00016708205321406871,0.047378782009016754,0.6200627949415329
2025-08-23,-0.006585569425779155,0.00029627731570709963,-0.006449717228342065,0.5414694604179753
2025-08-24,-0.00433791041324959,0.00027602205451401283,-0.0041905404007422,0.4660933425524218
2025-08-25,-0.022591356224116187,0.00020328082084895046,-0.022487552029543778,0.4893556896371376
2025-08-26,0.010127402004036251,0.0001153385253972479,0.010206279606834363,0.3161209359453595
2025-08-27,-0.004852653566250307,0.00010306116582323216,-0.00479389698381502,0.42988630134394956
2025-08-28,0.001523396939512645,0.00013525833285218535,0.0016157428524911318,0.3172626703938058
2025-08-29,-0.014881033151881357,-1.4502627236554458e-05,-0.01488894521768412,0.4544391389430113
2025-08-30,0.00039113180272196894,0.00020293583259384246,0.0005336666825327778,0.2976357206660517
2025-08-31,0.0002966373428895977,4.515420541714707e-05,0.00032795060585994254,0.3065260991514699
2025-09-01,-0.0024448880030636696,4.573410120253452e-05,-0.0024125790594270113,0.29354807928601423
2025-09-02,0.003491708981345897,0.00018221936688714774,0.0036185727237279318,0.3037856263620739
2025-09-03,0.007578996917901165,5.9984060969418106e-05,0.007617164633236373,0.36370237829233565
2025-09-04,-0.009428590811038992,4.633250336164925e-05,-0.009407051499850529,0.5351144525833815
2025-09-05,-0.0008166493067454551,4.527300915702463e-05,-0.0007896556683392421,0.40375868737621484
2025-09-06,-0.0023172936393656197,8.083531991490667e-05,-0.00226979611057457,0.4124161462953405
2025-09-07,0.003587584679028935,0.00025667610003758635,0.0037320580591217838,0.43713738804784497
2025-09-08,0.0006292297876652601,0.00012922860663845806,0.0007022961881436713,0.43459577272369326
2025-09-09,-0.002602294813743805,0.00010249575578412121,-0.002576202319765079,0.7454285420980501
2025-09-10,0.007765813044900762,0.00023866195884426027,0.007872488103681633,0.5530286464694505
2025-09-11,0.014146227408812197,0.00015611342911452607,0.014170770743589071,0.8427852432933893
2025-09-12,0.019587855679209343,9.019801409567238e-05,0.019589624302100598,0.980391775706059
2025-09-13,-0.003518957770354821,0.00020725933556604652,-0.003518957770354821,1.0474274062378315
2025-09-14,-0.008848110590347309,0.00020950515336049885,-0.008848110590347309,1.1727251950303683
2025-09-15,-0.007336054477834769,0.00011771115282937638,-0.007336054477834769,1.2526843252644206
2025-09-16,0.008475210603457859,5.101919383576335e-05,0.008475210603457859,1.3234951054603843
2025-09-17,0.007035616419397926,0.00019083347384708126,0.007035616419397926,1.3871034688955697
2025-09-18,0.0028069632518072634,0.0001811720589026542,0.0028069632518072634,1.5466067128253527
2025-09-19,-0.027840978212250626,4.1924452626649276e-05,-0.027840978212250626,1.653972708974421
2025-09-20,0.0034434009623168695,4.606818505387828e-06,0.0034434009623168695,1.5676916909652387
2025-09-21,-0.008164615183066559,-3.4136805849408944e-05,-0.008164615183066559,1.668905917102164
2025-09-22,-0.05504431837592997,8.084844929798966e-05,-0.05504431837592997,1.650434528209775
2025-09-23,-0.005766151173552801,0.0001104396253115389,-0.005731870294411249,0.6895962020438843
2025-09-24,0.003328153544327842,9.849836551345234e-05,0.003354230748855861,0.7352524136610381
2025-09-25,-0.03399357229154321,-3.9262790653446744e-05,-0.03400321287289537,0.7544601086241484
2025-09-26,0.011485193720879272,0.0002035410942995454,0.01160833505414259,0.3950050544481475
2025-09-27,-0.0008484838511438425,4.392141770412477e-05,-0.0008210106733967062,0.3744924644234275
2025-09-28,0.01103056931948754,0.00021557472031577679,0.011164695797120731,0.37781908084249716
2025-09-29,0.01060576634613344,1.0681902617710028e-05,0.010610880053662624,0.5212737175954665
2025-09-30,-0.007866490374196369,0.00010354352049077138,-0.00785626023093593,0.9011995805053745
2025-10-01,0.03783279818879477,-3.7265585146338464e-05,0.03783116543496518,0.9561860139005848
2025-10-02,0.020800848856833788,0.00021235566440658006,0.02081427120082431,0.9367930964872968
2025-10-03,0.013432371039065893,0.00010871098577550003,0.013432371039065893,1.0488480604335675
2025-10-04,-0.0022454944430419866,0.00022456389004708242,-0.0022454944430419866,1.1419073217566575
2025-10-05,0.009935409825451248,0.00022141996258344133,0.009935409825451248,1.2138720218106362
2025-10-06,0.024836143955663186,8.454388544110103e-05,0.024836143955663186,1.2874365816372701
2025-10-07,-0.04325993591866024,0.0003391427401433577,-0.04325993591866024,1.2858081346614678
2025-10-08,0.014665460229026614,0.0001989439928071303,0.014665460229026614,1.0132976948015613
2025-10-09,-0.021926709930394854,0.00015694165707065484,-0.021926709930394854,1.049342394053579
2025-10-10,-0.08263126220484743,0.000733704119362137,-0.08262078949388547,0.9857262475627748
2025-10-11,-0.005645376777121021,-0.0007774816718828586,-0.00628271803142852,0.18024915910361722
2025-10-12,0.008652550923252532,-7.287473788459706e-05,0.00858818101669766,0.11670479478351128
2025-10-13,0.0017827731774860685,-0.00014704663575298345,0.0016664077709736406,0.20864965106781147
2025-10-14,-0.003901043290667063,5.780681994034237e-05,-0.0038559190654938323,0.2193961677912766
2025-10-15,-0.004981749635628184,9.946764276902667e-05,-0.004899953369261382,0.1776595474697184
2025-10-16,-0.002611176639211706,5.717678530773446e-05,-0.0025592057639559503,0.0910493659963565
2025-10-17,-0.0013987180064097327,-9.367643167455553e-05,-0.0014844419280329473,0.08489339217113828
2025-10-18,0.0007848386703183988,9.966096355361367e-05,0.0008795484457238536,0.04968031585903125
2025-10-19,0.001635849176985597,-1.339266057841578e-05,0.0016231212616793728,0.04963504214113089
2025-10-20,-9.993046104244864e-05,3.272895325518253e-05,-6.962361113120645e-05,0.07400491317444749
2025-10-21,-0.0016525912360341836,-9.745714857857868e-06,-0.0016615737248001632,0.07831401831573526
2025-10-22,-0.0013529900053079772,-4.124828885503811e-05,-0.001390922351094735,0.08038983338033295
2025-10-23,0.0009384559912392395,0.0001715896732446664,0.0011006344537862586,0.05484718584566622
2025-10-24,0.0012629967377926021,5.005383830773851e-05,0.001308929264933587,0.08233756503178177
2025-10-25,0.00036264011535368083,0.0001457136467413113,0.000491761259123454,0.1138706177671554
2025-10-26,0.004911833784055556,0.00019752617747970428,0.005079469023149982,0.1513264660242282
2025-10-27,-0.001686857219730368,0.00013120664363750557,-0.0015961009255497053,0.3082949790911364
2025-10-28,-0.004046748271315685,0.00020345316924122277,-0.0039034397350184904,0.29561905163894453
2025-10-29,-0.005983281021067891,3.0514856634204692e-05,-0.005961303549594063,0.2797779869234933
2025-10-30,-0.003174455731104852,5.0418583572153184e-05,-0.003131370526203237,0.14544991451501635
2025-10-31,0.0009360119449025228,7.194383013958426e-06,0.0009426205684680642,0.0814189969147595
2025-11-01,0.0005587312767496769,0.00023832564672558287,0.0007564019758300217,0.17058570155502284
2025-11-02,0.0005973800976550407,0.00017338611597194167,0.0007461415600504712,0.14202206121565164
2025-11-03,-0.007404271817329237,0.00011508391100706594,-0.0073092641946846905,0.17444913182770744
2025-11-04,-0.005284079581307584,0.00025929808729942847,-0.0050305931563052,0.02241305501931189
2025-11-05,-5.499740062803616e-05,1.7120040386901585e-06,-5.3285396589346e-05,0.0
2025-11-06,0.0,0.00011891351348225244,0.00011654754312295128,0.019896564234091616
2025-11-07,0.0,0.0001604435680953949,0.0001604435680953949,0.0
2025-11-08,0.0,0.00017467248916800624,0.00017095961716526124,0.021256192205366863
2025-11-09,0.0,0.00021792535507084891,0.00021792535507084891,0.0
2025-11-10,0.0,6.634663132172881e-05,6.492805480435075e-05,0.021381289285044097
2025-11-11,0.0,8.286159347145657e-05,8.103068282606471e-05,0.022096010572407863
2025-11-12,0.0,5.4313274741692606e-05,5.4313274741692606e-05,0.0
2025-11-13,0.0,0.0001240620062271267,0.0001240620062271267,0.0
2025-11-14,0.0,0.00020039541854694975,0.00020039541854694975,0.0
2025-11-15,0.0,0.00011959289628503683,0.00011959289628503683,0.0
2025-11-16,0.0,0.0002400257267018788,0.0002400257267018788,0.0
2025-11-17,0.0,0.00028297695829960763,0.00028297695829960763,0.0
2025-11-18,0.0,0.0002083772787314299,0.0002083772787314299,0.0
2025-11-19,0.0,0.00016806151393926615,0.00016806151393926615,0.0
2025-11-20,0.0,0.0001516993355194698,0.0001516993355194698,0.0
2025-11-21,0.0,9.030246991501875e-05,9.030246991501875e-05,0.0
2025-11-22,0.0,0.00017531209503522305,0.00017531209503522305,0.0
2025-11-23,0.0,-6.557503533835802e-05,-6.557503533835802e-05,0.0
2025-11-24,0.0,0.00017801030123956504,0.00017801030123956504,0.0
2025-11-25,0.0,-3.444850471463756e-05,-3.444850471463756e-05,0.0
2025-11-26,0.0,0.00011397738900667545,0.00011397738900667545,0.0
2025-11-27,0.0,4.349618354817034e-06,4.349618354817034e-06,0.0
2025-11-28,0.0,2.7137635190272973e-05,2.7137635190272973e-05,0.0
2025-11-29,0.0,-2.1455533861465384e-05,-2.1455533861465384e-05,0.0
2025-11-30,0.0,0.00014274306018869645,0.00014274306018869645,0.0
2025-12-01,0.0,0.00017848382928066915,0.00017848382928066915,0.0
2025-12-02,0.0,-3.7245439754448066e-05,-3.7245439754448066e-05,0.0
2025-12-03,0.0,0.00013211701484908787,0.00013211701484908787,0.0
2025-12-04,0.0,0.00011556117084182325,0.00011556117084182325,0.0
2025-12-05,0.0,0.00014291213349953578,0.00014291213349953578,0.0
2025-12-06,0.0,6.063043919305223e-05,6.063043919305223e-05,0.0
2025-12-07,0.0,0.00013785442694410455,0.00013785442694410455,0.0
2025-12-08,0.0,-0.0001281956988886157,-0.0001281956988886157,0.0
2025-12-09,0.0,0.0002652536763546532,0.0002652536763546532,0.0
2025-12-10,0.0,8.840755528621495e-05,8.840755528621495e-05,0.0
2025-12-11,0.0,0.00010255030895338879,0.00010255030895338879,0.0
2025-12-12,0.0,9.18131855267994e-05,9.18131855267994e-05,0.0
2025-12-13,0.0,0.00012301361581571038,0.00012301361581571038,0.0
2025-12-14,0.0,0.00017614612164959406,0.00017614612164959406,0.0
2025-12-15,0.0,3.465189283984915e-05,3.465189283984915e-05,0.0
2025-12-16,0.0,5.792055161817657e-06,5.792055161817657e-06,0.0
2025-12-17,0.0,0.0001493109242624879,0.0001493109242624879,0.0
2025-12-18,0.0,5.74941407767807e-05,5.74941407767807e-05,0.0
2025-12-19,0.0,0.00012485024298874078,0.00012485024298874078,0.0
2025-12-20,0.0,0.00014826816457864627,0.00014826816457864627,0.0
2025-12-21,0.0,0.00011231396166644799,0.00011231396166644799,0.0
2025-12-22,0.0,7.67673694191816e-06,7.67673694191816e-06,0.0
2025-12-23,0.0,0.00012971714974888908,0.00012971714974888908,0.0
2025-12-24,0.0,0.00019317701840097993,0.00019317701840097993,0.0
2025-12-25,0.0,0.00023861121539787207,0.00023861121539787207,0.0
2025-12-26,0.0,0.00012416983726812333,0.00012416983726812333,0.0
2025-12-27,0.0,0.00011478363908213315,0.00011478363908213315,0.0
2025-12-28,0.0,5.755716094516449e-05,5.755716094516449e-05,0.0
2025-12-29,0.0,0.0002236471807627613,0.0002236471807627613,0.0
2025-12-30,0.0,0.00013344454962026963,0.00013344454962026963,0.0
2025-12-31,0.0,9.454642378486884e-05,9.454642378486884e-05,0.0
2026-01-01,0.0,0.00023147661360081498,0.00023147661360081498,0.0
2026-01-02,0.0,0.00013280105665049903,0.00013280105665049903,0.0
2026-01-03,0.0,5.3598220096056395e-05,5.3598220096056395e-05,0.0
2026-01-04,0.0,0.00011423455115679328,0.00011423455115679328,0.0
2026-01-05,0.0,0.00015533839744652337,0.00015533839744652337,0.0
2026-01-06,0.0,0.00012344300382222706,0.00012344300382222706,0.0
2026-01-07,0.0,0.00013686550847165965,0.00013686550847165965,0.0
2026-01-08,0.0,0.00019630105445279065,0.00019630105445279065,0.0
2026-01-09,0.0,8.674294479689825e-05,8.674294479689825e-05,0.0
2026-01-10,0.0,0.00017829618198158392,0.00017829618198158392,0.0
2026-01-11,0.0,0.00025554938419660675,0.00025554938419660675,0.0
2026-01-12,0.0,0.0001663770864842833,0.0001663770864842833,0.0
2026-01-13,0.0,-2.2376564835147957e-05,-2.2376564835147957e-05,0.0
2026-01-14,0.0,0.00023933409548636264,0.00023933409548636264,0.0
2026-01-15,-0.0012916100067719533,6.267721947875317e-05,-0.0012349292201056775,0.09567164692923125
2026-01-16,-9.459789215351354e-05,0.0001387492702477011,4.415137809418757e-05,0.0
2026-01-17,0.0,0.00011316691963662432,0.00011316691963662432,0.0
2026-01-18,0.0,0.00015479925150418456,0.00015479925150418456,0.0
2026-01-19,0.0,2.089258942056943e-05,2.089258942056943e-05,0.0
2026-01-20,0.0,0.00018391585793323822,0.00018391585793323822,0.0
2026-01-21,0.0,0.00011061178457884299,0.00011061178457884299,0.0
2026-01-22,0.0,9.327240506160304e-05,9.327240506160304e-05,0.0
2026-01-23,0.0,8.827816698542786e-05,8.827816698542786e-05,0.0
2026-01-24,0.0,7.562095191035373e-05,7.562095191035373e-05,0.0
2026-01-25,0.0,0.0001650767483389424,0.0001650767483389424,0.0
2026-01-26,0.0,4.956085157424265e-05,4.956085157424265e-05,0.0
2026-01-27,0.0,0.00026609974855727536,0.00026609974855727536,0.0
2026-01-28,0.0,4.121524712555164e-05,4.121524712555164e-05,0.0
2026-01-29,0.0,0.0001895460489682682,0.0001895460489682682,0.0
2026-01-30,0.0,7.851198861847675e-05,7.851198861847675e-05,0.0
2026-01-31,0.0,-3.2755087123409826e-05,-3.2755087123409826e-05,0.0
2026-02-01,0.0,-0.00013221902943313566,-0.00013221902943313566,0.0
2026-02-02,0.0,-7.734198219054366e-05,-7.734198219054366e-05,0.0
2026-02-03,0.0,-0.00010112296067260422,-0.00010112296067260422,0.0
2026-02-04,0.0,-7.432380238570273e-05,-7.432380238570273e-05,0.0
2026-02-05,0.0,0.0002758483228484741,0.0002758483228484741,0.0
2026-02-06,0.0,-0.0006566081562317018,-0.0006566081562317018,0.0
2026-02-07,0.0,-1.264465578482729e-06,-1.264465578482729e-06,0.0
2026-02-08,0.0,-3.762075596902247e-05,-3.762075596902247e-05,0.0
2026-02-09,0.0,-0.00017320703498399333,-0.00017320703498399333,0.0
2026-02-10,0.0,-0.00014461948969203323,-0.00014461948969203323,0.0
2026-02-11,0.0,-0.00022686635835080188,-0.00022686635835080188,0.0
2026-02-12,0.0,-0.00010186741757167862,-0.00010186741757167862,0.0
2026-02-13,0.0,8.315748759396967e-05,8.315748759396967e-05,0.0
2026-02-14,0.0,-2.7094511603036538e-05,-2.7094511603036538e-05,0.0
2026-02-15,0.0,2.8355797734708652e-05,2.8355797734708652e-05,0.0
2026-02-16,0.0,-0.00015390000275471952,-0.00015390000275471952,0.0
2026-02-17,0.0,5.532828145787793e-05,5.532828145787793e-05,0.0
2026-02-18,0.0,0.00012340415673967484,0.00012340415673967484,0.0
2026-02-19,0.0,-0.00021554602986774416,-0.00021554602986774416,0.0
2026-02-20,0.0,4.947067941423274e-05,4.947067941423274e-05,0.0
2026-02-21,0.0,7.089069211410654e-05,7.089069211410654e-05,0.0
2026-02-22,0.0,-5.046889097718961e-05,-5.046889097718961e-05,0.0
2026-02-23,0.0,-0.00014235021249477952,-0.00014235021249477952,0.0
2026-02-24,0.0,-1.7731630121309748e-05,-1.7731630121309748e-05,0.0
2026-02-25,0.0,9.661518683644392e-05,9.661518683644392e-05,0.0
2026-02-26,0.0,5.527349919377589e-05,5.527349919377589e-05,0.0
2026-02-27,0.0,6.5669309859439875e-06,6.5669309859439875e-06,0.0
2026-02-28,0.0,-0.000206967205614398,-0.000206967205614398,0.0
2026-03-01,0.0,2.8032977955193276e-05,2.8032977955193276e-05,0.0
2026-03-02,0.0,-0.00021116966381401025,-0.00021116966381401025,0.0
2026-03-03,0.0,0.00013750919759518936,0.00013750919759518936,0.0
2026-03-04,0.0,-6.190912246770787e-05,-6.190912246770787e-05,0.0
2026-03-05,0.0,-3.1072728745241794e-05,-3.1072728745241794e-05,0.0
2026-03-06,0.0,6.764921716208388e-06,6.764921716208388e-06,0.0
2026-03-07,0.0,5.893357783673158e-06,5.893357783673158e-06,0.0
2026-03-08,0.0,-9.632324082752343e-05,-9.632324082752343e-05,0.0
2026-03-09,0.0,-0.00022830096590504146,-0.00022830096590504146,0.0
2026-03-10,0.0,0.00019277527595335517,0.00019277527595335517,0.0
2026-03-11,0.0,-0.00014825817841775533,-0.00014825817841775533,0.0
2026-03-12,0.0,-1.780354071210705e-05,-1.780354071210705e-05,0.0
2026-03-13,0.0,-8.561197028964337e-05,-8.561197028964337e-05,0.0
2026-03-14,0.0,-0.00010569527733964693,-0.00010569527733964693,0.0
2026-03-15,0.0,-0.00011018189646120678,-0.00011018189646120678,0.0
2026-03-16,0.0,0.00030202312875812634,0.00030202312875812634,0.0
2026-03-17,0.0,-5.842407339486516e-05,-5.842407339486516e-05,0.0
2026-03-18,0.0,0.0001168181400419833,0.0001168181400419833,0.0
2026-03-19,0.0,-4.772333424706567e-05,-4.772333424706567e-05,0.0
2026-03-20,0.0,-0.00010276481698092217,-0.00010276481698092217,0.0
2026-03-21,0.0,9.539063485661862e-05,9.539063485661862e-05,0.0
2026-03-22,0.0,-0.00021700990600205747,-0.00021700990600205747,0.0
2026-03-23,0.0,3.3565282717231666e-05,3.3565282717231666e-05,0.0
2026-03-24,0.0,-4.9096558102318255e-06,-4.9096558102318255e-06,0.0
2026-03-25,0.0,8.573747918514054e-05,8.573747918514054e-05,0.0
2026-03-26,0.0,2.0048407465009065e-05,2.0048407465009065e-05,0.0
2026-03-27,0.0,-7.716109133458097e-05,-7.716109133458097e-05,0.0
2026-03-28,0.0,-0.00011169079211151662,-0.00011169079211151662,0.0
2026-03-29,0.0,-0.00011209432595601331,-0.00011209432595601331,0.0
2026-03-30,0.0,-7.991305514148797e-05,-7.991305514148797e-05,0.0
2026-03-31,0.0,7.067012235253991e-05,7.067012235253991e-05,0.0
2026-04-01,0.0,4.878592855354341e-05,4.878592855354341e-05,0.0
2026-04-02,0.0,-0.0001569203191733835,-0.0001569203191733835,0.0
2026-04-03,0.0,-7.704123073445006e-05,-7.704123073445006e-05,0.0
2026-04-04,0.0,7.00620267557277e-05,7.00620267557277e-05,0.0
2026-04-05,0.0,7.32129366641228e-06,7.32129366641228e-06,0.0
2026-04-06,0.0,0.00014152563540393686,0.00014152563540393686,0.0
2026-04-07,0.0,-4.398748602751921e-05,-4.398748602751921e-05,0.0
2026-04-08,0.0,0.0001920470223891544,0.0001920470223891544,0.0
2026-04-09,0.0,9.27200436043816e-05,9.27200436043816e-05,0.0
2026-04-10,0.0,1.8609416092130817e-05,1.8609416092130817e-05,0.0
2026-04-11,0.0,-0.0002622726016390147,-0.0002622726016390147,0.0
2026-04-12,0.0,-6.192779491445333e-05,-6.192779491445333e-05,0.0
2026-04-13,0.0,-8.379608004050902e-05,-8.379608004050902e-05,0.0
2026-04-14,-0.001570840104864837,0.0001321613380808245,-0.00144809064394936,0.07121505655149736
2026-04-15,-6.982511559508761e-05,-6.468737788199661e-05,-0.00013451249347708422,0.0
2026-04-16,-0.00030043260618798,2.7890205973208926e-05,-0.00027462028403321724,0.07450227583267663
2026-04-17,0.0051477632341505,-3.783759421154269e-05,0.005117001867920331,0.1870158007882663
2026-04-18,-0.004079773662579558,-0.00017641416754400082,-0.004222887501026463,0.18876221542008495
2026-04-19,-0.005546627698416048,-0.0003183575239205529,-0.005804905301624379,0.18871839425166334
2026-04-20,-0.00018086717865960306,9.541946261761007e-06,-0.00017132523239784205,0.0
2026-04-21,0.0005717816342709673,-0.0001965013603596618,0.0004121572050142933,0.18766756136187035
2026-04-22,0.005149887775851824,9.70195360183625e-06,0.00515770653790956,0.1941043650985746
2026-04-23,-0.0018452844535001378,-1.2035969316193232e-06,-0.0018462531954845885,0.1951275721952259
2026-04-24,-0.0016361346684693856,-0.00019293021715440357,-0.0017905571195358295,0.199594271213314
2026-04-25,0.0003832358085726868,-8.108869605171913e-05,0.00031872182509292297,0.20440225800873438
2026-04-26,0.0029875838814371752,-4.04871670551657e-05,0.002955659289654471,0.21148862455094072
2026-04-27,-0.004225364552681278,-0.00011978997730607171,-0.004319176889470859,0.21685988344513982
2026-04-28,-0.0017370383743912567,-0.00016300449442146564,-0.0018697576854815794,0.1857935478321071
2026-04-29,-0.001852668936131521,4.7017853486934895e-05,-0.0018145734886471944,0.18976634067498754
2026-04-30,0.0008146793068521249,-0.00012697314461611583,0.0007124705459947895,0.1950363900465077
2026-05-01,0.003874559500799619,-4.1348232243307076e-05,0.0038415418417388518,0.20147350274904233
2026-05-02,0.0017156623570474107,-0.00013102920665190548,0.0016109761370187803,0.2010466772744677
2026-05-03,-0.00022457570348027425,6.715112850074892e-05,-0.00018457178838037066,0.40427039734027087
2026-05-04,0.005508360214256782,4.146361102289842e-05,0.005532889614202742,0.40841139155937417
2026-05-05,0.004937478447107966,-1.478408147982178e-05,0.004929986736293453,0.4932582842743887
2026-05-06,0.0012705464442090298,-0.00011363496304248337,0.001216007131623694,0.5200481337337539
2026-05-07,-0.009835826827360143,-0.00025388022821752995,-0.009953678437536728,0.5357983920055119
2026-05-08,0.0018254091782817809,-0.00010350780635782114,0.0017744208082757043,0.5073958979498374
2026-05-09,0.00346110642118744,0.00018559810023075515,0.0035475903244782396,0.534025923846884
2026-05-10,0.011756885422646232,5.0457562508898315e-05,0.01177691088544586,0.6031226677646813
2026-05-11,-0.00503799132857855,0.00022724383567266339,-0.004949128647615962,0.6089544928708606
2026-05-12,-0.010180110770919414,8.784627295282117e-05,-0.01014698995891543,0.6229685006468942
2026-05-13,-0.008233563014966193,-5.216194455334944e-05,-0.00825568964981584,0.5758088576046609
2026-05-14,0.012712170334174324,0.00021112727724835963,0.012801534537353816,0.5767282923164454
2026-05-15,-0.01576332884229045,-5.0275665978852634e-05,-0.015785099781954522,0.5669686469547535
2026-05-16,-0.005074589995277562,0.00016982124672919552,-0.004973129747639708,0.40254679793013687
2026-05-17,-0.003329067984896695,1.5247593200181492e-05,-0.003319073658851702,0.3445309096471784
2026-05-18,-0.0020724996963774563,0.00014393615819292574,-0.001969855387918891,0.2868761418448773
2026-05-19,-0.0004600612240432602,9.726566650537297e-05,-0.000375850286828522,0.1342172398511621
2026-05-20,0.0010478981660331816,0.00015929439427272253,0.001186057786437891,0.13267744897431202
2026-05-21,0.0005195738678140823,6.294818287640359e-05,0.0005654515284235628,0.27118371789127443
2026-05-22,-0.007100444934608211,5.7169811321238715e-05,-0.007059301350344508,0.2803267439083128
2026-05-23,0.0008938072989423461,0.0001672966391446409,0.001048098508854611,0.07773873581005869
2026-05-24,0.00032110033548994984,0.00017042105868019376,0.00047321218799673903,0.10743511579612346
2026-05-25,0.0005964099375994438,0.0002482737213718142,0.000789685654607293,0.22152164981488348
2026-05-26,-0.00399889052436334,-7.891473133020486e-05,-0.0040597555073393675,0.228724701331756
2026-05-27,-0.0017279378997677422,0.00031773605983158293,-0.0014361162660005914,0.08155960037450022
2026-05-28,-0.000895006954484105,8.30304794519106e-05,-0.0008186684007416218,0.08059601430223265
2026-05-29,-0.00016879272297255947,0.0002760394946700116,8.443310219172128e-05,0.0826463964260014
2026-05-30,0.00045627938664698995,3.3953916530159125e-05,0.00048732991723313997,0.08550960362496668
2026-05-31,-0.00022608689881471183,7.939659039177424e-05,-0.00015360943826664381,0.08714643550263916
2026-06-01,-0.002439703965672885,0.00016841778379325873,-0.0022864845255440506,0.09024191698829799
2026-06-02,-7.708824708436706e-05,0.0003503196922066981,0.000273231445122331,0.0
2026-06-03,0.0,8.860375062656948e-05,8.860375062656948e-05,0.0
2026-06-04,0.0,0.00021546388129058204,0.00021546388129058204,0.0
2026-06-05,0.0,5.1002214613024804e-05,5.1002214613024804e-05,0.0
2026-06-06,0.0,-4.178315941242351e-05,-4.178315941242351e-05,0.0
2026-06-07,0.0,-0.00017953412681440283,-0.00017953412681440283,0.0
2026-06-08,0.0,2.10980330557173e-05,2.10980330557173e-05,0.0
2026-06-09,0.0,-7.412754923223778e-05,-7.412754923223778e-05,0.0
2026-06-10,0.0,-0.00010688976644707525,-0.00010688976644707525,0.0
2026-06-11,0.0,-7.04369794738173e-06,-7.04369794738173e-06,0.0
2026-06-12,0.0,8.229231707563095e-06,8.229231707563095e-06,0.0
2026-06-13,0.0,5.144188712304877e-05,5.144188712304877e-05,0.0
2026-06-14,0.0,-2.1425350534389695e-05,-2.1425350534389695e-05,0.0
2026-06-15,0.0,2.8822998121330086e-05,2.8822998121330086e-05,0.0
2026-06-16,0.0,-0.00014029124661695485,-0.00014029124661695485,0.0
2026-06-17,0.0,0.00012720027953337187,0.00012720027953337187,0.0
2026-06-18,0.0,1.0556201414465584e-05,1.0556201414465584e-05,0.0
2026-06-19,0.0,3.366657512225709e-05,3.366657512225709e-05,0.0
2026-06-20,0.0,0.00011447910451333295,0.00011447910451333295,0.0
2026-06-21,0.0,-6.338771883473565e-05,-6.338771883473565e-05,0.0
2026-06-22,0.0,0.0001758655460364945,0.0001758655460364945,0.0
2026-06-23,0.0,4.288507073090955e-05,4.288507073090955e-05,0.0
2026-06-24,0.0,-4.2382386942156175e-05,-4.2382386942156175e-05,0.0
2026-06-25,0.0,1.9066875926164368e-05,1.9066875926164368e-05,0.0
2026-06-26,0.0,7.365314687931342e-05,7.365314687931342e-05,0.0
2026-06-27,0.0,0.00011568861746039157,0.00011568861746039157,0.0
2026-06-28,0.0,-4.317038845936409e-06,-4.317038845936409e-06,0.0
2026-06-29,0.0,0.00017295298152379142,0.00017295298152379142,0.0
2026-06-30,0.0,-8.376230397285654e-05,-8.376230397285654e-05,0.0
2026-07-01,0.0,0.00019961480681720916,0.00019961480681720916,0.0
2026-07-02,0.0,8.020015555846801e-05,8.020015555846801e-05,0.0
2026-07-03,0.0,0.00021713341149293556,0.00021713341149293556,0.0
2026-07-04,0.0,0.0002774458902266777,0.0002774458902266777,0.0
2026-07-05,0.0,0.00019289207883167432,0.00019289207883167432,0.0
2026-07-06,0.0,0.00012306100336057768,0.00012306100336057768,0.0
2026-07-07,0.0,0.0002510698919652322,0.0002510698919652322,0.0
2026-07-08,0.0,0.0001626316324515422,0.0001626316324515422,0.0
2026-07-09,0.0,0.00014007596158259488,0.00014007596158259488,0.0
2026-07-10,0.0,0.0001204532006351032,0.0001204532006351032,0.0
2026-07-11,0.0,0.00021039767595990063,0.00021039767595990063,0.0
2026-07-12,0.0,1.3579610009709923e-05,1.3579610009709923e-05,0.0
2026-07-13,0.0,4.462529411104361e-05,4.462529411104361e-05,0.0
2026-07-14,0.0,0.00012170269036515828,0.00012170269036515828,0.0
2026-07-15,0.0,0.00026468067956491334,0.00026468067956491334,0.0
2026-07-16,0.0,0.00010869606272375482,0.00010869606272375482,0.0
2026-07-17,0.0,4.895986921064992e-05,4.895986921064992e-05,0.0
2026-07-18,0.0,0.0001366476529064804,0.0001366476529064804,0.0
2026-07-19,0.0,7.334694425300315e-05,7.334694425300315e-05,0.0
2026-07-20,0.0,0.00024303177878633067,0.00024303177878633067,0.0
2026-07-21,0.0,2.038449839873122e-05,2.038449839873122e-05,0.0
2026-07-22,0.0,0.00011022534401623475,0.00011022534401623475,0.0
2026-07-23,0.0,3.0769016982822053e-06,3.0769016982822053e-06,0.0
2026-07-24,0.0,3.5977235845649025e-05,3.5977235845649025e-05,0.0
2026-07-25,0.0,0.0002137810695941958,0.0002137810695941958,0.0
2026-07-26,0.0,-2.5742431899731845e-05,-2.5742431899731845e-05,0.0
2026-07-27,0.0,0.0002766222829580049,0.0002766222829580049,0.0
2026-07-28,0.0,-0.00011307280825829228,-0.00011307280825829228,0.0
2026-07-29,0.0,0.00024996980206194795,0.00024996980206194795,0.0
2026-07-30,0.0,0.0001727140659382532,0.0001727140659382532,0.0
2026-07-31,0.0,0.00011089910092006699,0.00011089910092006699,0.0
2026-08-01,0.0,0.00010200868677990901,0.00010200868677990901,0.0
2026-08-02,0.0,0.00010155758283512976,0.00010155758283512976,0.0
2026-08-03,0.0,9.751341509616198e-05,9.751341509616198e-05,0.0
2026-08-04,0.0,0.00023710638058428734,0.00023710638058428734,0.0
2026-08-05,0.0,7.34624591596174e-05,7.34624591596174e-05,0.0
2026-08-06,0.0,3.2797621294488456e-05,3.2797621294488456e-05,0.0
2026-08-07,0.0,0.00020919520835807243,0.00020919520835807243,0.0
2026-08-08,4.370008071214208e-05,1.1408251618467581e-05,5.3630678804742186e-05,0.1295249767699251
2026-08-09,-0.000412068164488626,0.0002169632263602193,-0.00022419736755296992,0.13408921830956605
2026-08-10,-0.002537734633721249,6.615096588171475e-05,-0.00247938840233601,0.11798368160536879
2026-08-11,-0.00012711861910253019,7.805334796214049e-05,-4.90652711403897e-05,0.0
2026-08-12,0.0,0.00024242675665504373,0.00024242675665504373,0.0
2026-08-13,0.0,0.0001816651215730261,0.0001816651215730261,0.0
2026-08-14,0.0,5.292054681366596e-05,5.292054681366596e-05,0.0
2026-08-15,-8.012005877967172e-05,0.00019559659214263682,9.502420197549491e-05,0.10456384318063947
2026-08-16,-0.00036890848520214933,-2.673405573722815e-05,-0.00039210234531279894,0.1324226919168379
2026-08-17,0.002089770790140545,0.00020440379941670035,0.0022712715668391182,0.11204793053497406
2026-08-18,0.0003054519655901663,9.713534289650516e-05,0.0003867300810058536,0.16324879295184302
2026-08-19,0.028565784975927818,2.3433559320089522e-05,0.028585254993261266,0.16913956315819167
2026-08-20,0.035876155530490374,0.0002549332118570488,0.03592861035514881,0.7942409140169215
2026-08-21,0.05657019481944635,0.00015218762187757485,0.05660553196130839,0.7678054139615321
2026-08-22,-0.018351222815646544,0.0002021697310363722,-0.01830842269688079,0.7882961086887321
2026-08-23,0.00973242805980441,0.00032928389450394806,0.009788097594241311,0.8309375728176269
2026-08-24,0.01115388200451252,0.0004768634908435698,0.011203718076855987,0.8954919525180921
2026-08-25,-0.00855371447678086,0.00012280596435756256,-0.008549290497497109,0.9639758597483841
2026-08-26,0.014324769285630782,0.0002133060915522083,0.014324769285630782,1.0165653981938925
2026-08-27,0.01004295688845845,0.00021170326938359165,0.01004295688845845,1.0843408316131986
2026-08-28,-0.03193910640358432,8.708284479076385e-05,-0.03193910640358432,1.147648528614851
2026-08-29,0.005895945586175319,0.0001623282732806932,0.005895945586175319,1.1264658696222545
2026-08-30,-0.012930632165127395,0.00028761678558486103,-0.012930632165127395,1.175851334237053
2026-08-31,0.01805909068672768,4.376558074781801e-05,0.01805909068672768,1.2110644534402768
2026-09-01,-0.02056070704906995,0.00020858294251210164,-0.02056070704906995,1.260144073554554
2026-09-02,-0.006316484183364019,0.00012196401032357733,-0.006316484183364019,1.2783690550687905
2026-09-03,0.0640119760745804,0.00020190596726442527,0.0640119760745804,1.3221668382946872
2026-09-04,-0.021093396953799765,0.00022278703565336568,-0.021093396953799765,1.0353918738608212
2026-09-05,0.005572748927863408,-2.4821277216848443e-05,0.005572447357046848,0.9878503102831784
2026-09-06,0.009789462515688083,0.00011174859590070198,0.009789462515688083,1.0850637414481565
2026-09-07,-0.014603396866746172,0.00010099746536566997,-0.014603396866746172,1.1538283281775914
2026-09-08,-0.006699565498285075,9.441772888352907e-05,-0.006699565498285075,1.1721383670915142
2026-09-09,-0.004698387140791468,0.00021819043814050372,-0.004698387140791468,1.1883273267656147
2026-09-10,-0.020987293058770545,1.9373806630873484e-05,-0.020987293058770545,1.16118494919077
2026-09-11,0.021709038652606844,5.8514459100235654e-05,0.021709038652606844,1.1019979122919978
2026-09-12,0.002311105034125201,0.0001362933969386046,0.002311105034125201,1.1886215509855622
2026-09-13,-0.015272542643937913,0.00018597120492676376,-0.015272542643937913,1.2709970431130606
2026-09-14,0.020819646267271858,0.00017744409126369844,0.020819646267271858,1.3089296527743857
2026-09-15,-0.049025203260780775,-1.9354700224917456e-05,-0.049025203260780775,1.32102527715218
2026-09-16,0.007127042119731717,-9.845243792005255e-05,0.007122406511074628,0.952915247656408
2026-09-17,0.006924645884255938,0.00017260071022903018,0.006924645884255938,1.0331899506781215
2026-09-18,0.06641673853262972,0.0001164281922961751,0.06641673853262972,1.0571165824745838
2026-09-19,0.004590977875021791,0.0002617810605364698,0.004641113516224831,0.8084825498823452
2026-09-20,0.0012934234661011249,0.0003134874684002877,0.0013315280045776293,0.8784495639619978
2026-09-21,0.053287023248768196,0.0002429536197225481,0.05330219685346349,0.937545261879106
2026-09-22,-0.004864313834171317,0.00010853100163464073,-0.004833136895466052,0.7127370222729582
2026-09-23,-0.016899235018149245,0.00011943676854900711,-0.016868969045461382,0.7465941765207538
2026-09-24,0.0004951051682069999,0.00010536797826419145,0.0005235638585981221,0.7299113937655035
2026-09-25,-0.000928105315983646,2.6559220973512045e-05,-0.0009222245952309072,0.7785808266513674
2026-09-26,0.0023104793687891627,8.115842689724878e-05,0.0023243899008219856,0.8286002752316244
2026-09-27,-0.0010276238438554415,0.00016023290019399775,-0.0010092866907905178,0.885559376116125
2026-09-28,-0.005861149592902617,3.250319617852572e-05,-0.005859318181226055,0.9436544127382521
2026-09-29,-0.0009259983186946694,0.00012614928297006626,-0.0009251218814570639,0.9930523803467557
2026-09-30,0.0010548329801303136,0.0002145725645183881,0.0010548329801303136,1.0591512771886813
2026-10-01,0.012391242255527169,1.907977243724616e-05,0.012391242255527169,1.1323783562907446
2026-10-02,-0.010173687080180401,-8.198866897841276e-05,-0.010173687080180401,1.1903957014749573
2026-10-03,0.005684212500626559,2.3217523049437595e-05,0.005684212500626559,1.2340216920671043
2026-10-04,0.023104952700658404,1.5840948369367396e-05,0.023104952700658404,1.3178660653324314
2026-10-05,-0.010224885702961897,2.5301342343416216e-05,-0.010224885702961897,1.3288526353688124
