open_time,B1 TSMOM-LS,B2 TSMOM-LO
2020-12-01,0.0,0.0
2020-12-02,0.0,0.0
2020-12-03,0.0,0.0
2020-12-04,0.0,0.0
2020-12-05,0.0,0.0
2020-12-06,-0.0001527505437339832,-0.00014786768944657783
2020-12-07,-0.0023069379549823968,-0.0024101977032708697
2020-12-08,-0.009175033444927245,-0.00943629622178084
2020-12-09,0.0036196703581929507,0.0036642180542795348
2020-12-10,-0.0037793337237318077,-0.003927938596814098
2020-12-11,-0.0033371033379107364,-0.003397362246456568
2020-12-12,0.00490966828694962,0.005028165439817775
2020-12-13,0.00547600620082429,0.005701720518739852
2020-12-14,-0.00013477291207804546,-0.00012709918875068878
2020-12-15,-0.0009461913562599606,-0.0008923141388299616
2020-12-16,0.022817106261480202,0.021516810233879448
2020-12-17,0.0029836105793477254,0.0028171903560439103
2020-12-18,0.0039755310260159785,0.003754512392334911
2020-12-19,0.004640873617034978,0.004383921405982164
2020-12-20,-0.0019962729065233233,-0.0018845375012275455
2020-12-21,-0.011499945293156648,-0.011151691908068018
2020-12-22,0.003704633759648893,0.0035912031768226605
2020-12-23,-0.022194725313459045,-0.021517627220425262
2020-12-24,0.013592841614827243,0.013169062777574198
2020-12-25,0.005836843682264127,0.005657234609531169
2020-12-26,0.0017596858087726287,0.001705845158102369
2020-12-27,0.0025345033171184548,0.0024588241940230295
2020-12-28,0.004375548831403552,0.004329472431721114
2020-12-29,0.001065823868638981,0.0010546501424526513
2020-12-30,9.73222234255043e-05,9.630313263844282e-05
2020-12-31,-0.0018178296928990337,-0.0017987987013546802
2021-01-01,0.00033453236011497464,0.00033102416580018334
2021-01-02,0.003792813620304838,0.0037530567104849108
2021-01-03,0.011960373914836396,0.011836767184576075
2021-01-04,-0.0002575428513586034,-0.00020998780631149172
2021-01-05,0.00357626836477583,0.003482426733640104
2021-01-06,0.010836174344797188,0.010857254327254755
2021-01-07,-0.00203388765332598,-0.0016031657381263141
2021-01-08,-0.001243135912882404,-0.001256597665962093
2021-01-09,0.007766618644316375,0.007705626582784651
2021-01-10,-0.0022546572719987635,-0.0022940755166700314
2021-01-11,-0.009208419135294164,-0.009155243391162103
2021-01-12,-0.0014823272554336687,-0.0014736888170665122
2021-01-13,0.0061256624279834235,0.006089913029759035
2021-01-14,0.002412354810203052,0.0023983621634658114
2021-01-15,-0.002125060656947359,-0.002112765138004419
2021-01-16,0.0019156337373835428,0.0019045278677759286
2021-01-17,0.0018124988421364112,0.0018020915835675803
2021-01-18,0.001146824727756681,0.0011419881507309896
2021-01-19,-0.0012805612365942019,-0.001275167492498641
2021-01-20,0.0008001246006341138,0.0007967508875391171
2021-01-21,-0.007637328392661077,-0.007605153272579062
2021-01-22,0.0037148737297066086,0.0036991042970057958
2021-01-23,0.0002719227366576302,0.0002707726997001669
2021-01-24,0.0012412942756294817,0.0012360322782077934
2021-01-25,-0.0013879346355592421,-0.0013824731097256359
2021-01-26,-1.7662200359661887e-05,-1.7592609377564743e-05
2021-01-27,-0.0040340141058572525,-0.004018119917689664
2021-01-28,0.004009978361297071,0.003994115556721098
2021-01-29,0.001590463692487193,0.0015841972913909804
2021-01-30,0.001757899795967525,0.0017509855713810129
2021-01-31,-0.0016903069556951488,-0.0016836651102284212
2021-02-01,0.0022288747052336263,0.002220388193426239
2021-02-02,0.0015797201686563863,0.001573719026847017
2021-02-03,0.0027536167873155578,0.0027431736292904936
2021-02-04,-0.0005916375584437398,-0.0005894003240548052
2021-02-05,0.005857408149481729,0.0058352494794453105
2021-02-06,0.0013289316695881904,0.001323934538066101
2021-02-07,-0.0008041164406054238,-0.0008010793519703393
2021-02-08,0.004209839236866359,0.004205149080461911
2021-02-09,0.0056079611562817756,0.005601740715368761
2021-02-10,0.0026355601396709683,0.0026326539430290624
2021-02-11,0.0038942970247532465,0.0038900158702549394
2021-02-12,0.003832709167284465,0.0038285131524452877
2021-02-13,0.003939986134958287,0.003935690651843347
2021-02-14,-0.003636617098563317,-0.0036326507289493664
2021-02-15,-0.0021531170437500196,-0.0021531655932356124
2021-02-16,-0.00020442841164840437,-0.00020443303064953083
2021-02-17,0.003319969591829425,0.0033200446098424507
2021-02-18,0.0011073784326288837,0.0011074033677941453
2021-02-19,0.006709109960582523,0.006709260810813645
2021-02-20,-0.004523999918940367,-0.004524100923599672
2021-02-21,0.002383037862115456,0.002383090118610337
2021-02-22,-0.005750730411757511,-0.0057513716985154095
2021-02-23,-0.009926517677800603,-0.009927630887382834
2021-02-24,0.0017813022313669306,0.0017815039959767482
2021-02-25,-0.0036743133186928766,-0.0036747287521135276
2021-02-26,1.1622779475244548e-05,1.162409840638572e-05
2021-02-27,0.001643817367424061,0.0016440039007579407
2021-02-28,-0.002155951049352868,-0.002156195517622923
2021-03-01,0.004359464549401749,0.004359750170422375
2021-03-02,-0.0007200385181760689,-0.0007200854874156148
2021-03-03,0.001864184464849455,0.0018643061528656854
2021-03-04,-0.0017266350243369734,-0.00172674751958915
2021-03-05,-0.000810188851619957,-0.0008102417271761982
2021-03-06,0.0009998914858079966,0.0009999567933507362
2021-03-07,0.0019318199437738431,0.0019319458587863036
2021-03-08,0.0019403204838402822,0.0019404301931053797
2021-03-09,0.002495231207096844,0.0024953720100758083
2021-03-10,-0.0019290093986455998,-0.0019291179619667217
2021-03-11,0.0006125120576511546,0.0006125465910389666
2021-03-12,-0.0015633895908307748,-0.001563477669932165
2021-03-13,0.004138706027020631,0.0041389395303746855
2021-03-14,-0.0035048950131952405,-0.0035032705656945708
2021-03-15,-0.0021525320400569634,-0.0021703869904193753
2021-03-16,0.0019805872116686603,0.0020797097428041627
2021-03-17,0.0014278259438405302,0.00146628427854454
2021-03-18,-0.001540810813565918,-0.0015518596279637477
2021-03-19,0.0017600990847833398,0.001744359622997034
2021-03-20,-0.0011474804036368557,-0.0009071854252117263
2021-03-21,-0.0005798800387071308,-0.0006179786680119602
2021-03-22,-0.002527521143794671,-0.0025141111292690988
2021-03-23,-0.0007500606966875916,-0.0007460715156599614
2021-03-24,-0.0034286680393925658,-0.003410419874821072
2021-03-25,-0.0004815437477624781,-0.0004789722031147023
2021-03-26,0.004022841714296471,0.004001348930762848
2021-03-27,-0.0003596138623548165,-0.0003577002689957449
2021-03-28,-0.0003012326932178509,-0.00029926022729191416
2021-03-29,0.004209392329597797,0.004171257087024483
2021-03-30,0.0010864353766082886,0.001076635437419831
2021-03-31,0.0016089110573785444,0.0015944184443083833
2021-04-01,0.0028464436391560915,0.0028208523012061967
2021-04-02,0.0057826648934741235,0.005730843744603937
2021-04-03,-0.008321334075080362,-0.00824722523421611
2021-04-04,0.00788060727495299,0.007809877475267236
2021-04-05,0.010307379070776211,0.010215200516150238
2021-04-06,0.0030107186948568894,0.0029840776838114223
2021-04-07,-0.010102793855418965,-0.01001372051524441
2021-04-08,0.008481894637351448,0.008406378389458131
2021-04-09,-0.0010382957632241211,-0.0010291307148787327
2021-04-10,0.009926534946602452,0.009838850769505756
2021-04-11,0.0007016442936647711,0.000695715328260207
2021-04-12,0.00038095236416452476,0.00037872363186628464
2021-04-13,0.005130208516667961,0.005100218369608085
2021-04-14,0.0025655400562038903,0.0025506255999941134
2021-04-15,0.001953288565456139,0.0019419685010782979
2021-04-16,0.0018464350818154134,0.0018357595088838042
2021-04-17,-0.004116139442581348,-0.0040923965415150705
2021-04-18,-0.005633274294650073,-0.0056004704416362325
2021-04-19,-0.004164644785298667,-0.004169450105907926
2021-04-20,0.003640040852534743,0.003644258299185131
2021-04-21,-0.002867129494867998,-0.002870439282657206
2021-04-22,-0.0028068522400343373,-0.002810101647158748
2021-04-23,-0.0007926531261931283,-0.000793573301235114
2021-04-24,-0.004001896638172012,-0.004006545917384259
2021-04-25,0.0011496462695850423,0.0011510046412101938
2021-04-26,0.00790580660124124,0.007911110757243447
2021-04-27,0.0031238208056747242,0.0031259001338965935
2021-04-28,0.0003416692573719735,0.0003418959662312206
2021-04-29,-0.00041352108055771634,-0.00041379535542906786
2021-04-30,0.004265553630986113,0.004268383815026983
2021-05-01,0.0023889680355224895,0.0023905462496599246
2021-05-02,-0.0006927504553795219,-0.00069320842454093
2021-05-03,0.003024524944256406,0.0030264052459714383
2021-05-04,-0.0020702100182786853,-0.002071493000859274
2021-05-05,0.010384557286952971,0.010391005636432658
2021-05-06,0.0038337125663328647,0.003836068400500155
2021-05-07,-0.0020576351760510465,-0.002058894486614057
2021-05-08,0.0012029170310659221,0.0012036546463497179
2021-05-09,0.0011621311750734619,0.001162842664254405
2021-05-10,-0.0047403500769980355,-0.004743548442838682
2021-05-11,0.005044756829357618,0.005048176308946429
2021-05-12,-0.00932337546156899,-0.009329663156050319
2021-05-13,0.001981066462072508,0.001982414991362231
2021-05-14,0.0030762459121838857,0.0030783357479436863
2021-05-15,-0.00319643497571681,-0.003198599741432594
2021-05-16,0.00030831968532900425,0.0003101474960929121
2021-05-17,-0.0024991690008449364,-0.0026025160273571157
2021-05-18,0.0017376380036286181,0.0017131153122438576
2021-05-19,-0.011509741251751521,-0.011731969150403414
2021-05-20,0.004060241692351931,0.004197966052478376
2021-05-21,-0.003921913306072415,-0.004040635322825868
2021-05-22,-0.002100340471828567,-0.0020939504434425104
2021-05-23,-0.002792207691182174,-0.00288964555512033
2021-05-24,0.0005381387149140793,0.0015429201709688558
2021-05-25,0.00011648422109573233,8.958847369860516e-05
2021-05-26,0.00016466232910667615,0.00062915052932038
2021-05-27,-0.00033173826293436513,-0.00045216914984847254
2021-05-28,-0.00020074437800373128,-0.0006665932833234531
2021-05-29,-5.1284512834428385e-05,-0.00035382105424967364
2021-05-30,0.00019095008047563685,0.00037581500113027447
2021-05-31,0.00021094648518461817,0.00034625543275736565
2021-06-01,-3.2958861929317625e-05,-5.755762653808808e-05
2021-06-02,8.988458610436073e-05,0.00012854785790246339
2021-06-03,0.00023908263532507434,0.0002626505573670823
2021-06-04,-0.00020186126564959657,-0.0003289350155980745
2021-06-05,-3.003619218960595e-05,-9.382101314760073e-05
2021-06-06,7.511816798714258e-05,7.907920311014653e-05
2021-06-07,-0.0001947862763273417,-0.00029931113294589384
2021-06-08,-2.789727430362374e-06,-1.9119797197938763e-05
2021-06-09,2.1424411668116615e-05,0.00014807479165744573
2021-06-10,-0.0001623830268153676,-0.00020925699725377213
2021-06-11,-0.00014476977477399105,-0.00017685042931456934
2021-06-12,8.5744277861661e-05,2.6111669301629416e-05
2021-06-13,9.343590383622472e-05,0.00019634264749869164
2021-06-14,-3.3017871652711895e-05,7.322190273000587e-05
2021-06-15,1.293239539695407e-05,-4.847661204305172e-05
2021-06-16,-5.551939669527892e-05,-0.0001431415864668765
2021-06-17,2.9189687327162966e-05,2.0729960893734814e-05
2021-06-18,-6.136334811394525e-05,-0.00017628571143149803
2021-06-19,-3.491244053773443e-05,-7.84273838205533e-05
2021-06-20,-4.89611228821417e-05,2.332097381711344e-05
2021-06-21,-0.0013581947489215943,-0.00140993082394711
2021-06-22,-0.00019397600292038851,-0.00010641784841730433
2021-06-23,0.0005824927082501866,0.0005279421559820232
2021-06-24,0.00040375015264484536,0.00028606528269170794
2021-06-25,-0.00041173734097860686,-0.0005180231328395256
2021-06-26,1.981612745945814e-05,6.099088984633078e-05
2021-06-27,0.0001736802317936341,0.00028442669950576083
2021-06-28,-0.0008968010285317767,0.00013607949831785301
2021-06-29,0.0004084321992425149,0.0006461365985831867
2021-06-30,0.0005228403237820862,0.00015242377571381626
2021-07-01,-0.00018242830357954488,-0.0006794831608594198
2021-07-02,0.000235572974736398,0.00015247772426819892
2021-07-03,-0.00014212103854329772,0.00023510229144008173
2021-07-04,-0.00032962175003319456,0.00015221752225994678
2021-07-05,0.0011567624691614195,-0.0002832041124072027
2021-07-06,-0.0009993278159714607,0.00016578138557615032
2021-07-07,-7.953245050580358e-05,-4.823865654811067e-06
2021-07-08,0.0013637463471400009,-0.00044788913469052564
2021-07-09,-0.0011245199881728392,9.886144810861517e-05
2021-07-10,0.0004820859971653205,-0.0001288128243134148
2021-07-11,-0.0004957553555286806,6.308852398450054e-05
2021-07-12,0.0003368126433732871,-0.00028686017547091444
2021-07-13,0.0002800122576720267,-0.00034171808809003133
2021-07-14,0.0005988993067389049,0.0001023883886628251
2021-07-15,0.0002797171458216184,-0.0003280599663820645
2021-07-16,0.000472681144836542,-0.0003652411706982847
2021-07-17,0.00039929485782954976,8.002774153952049e-05
2021-07-18,-0.0003576849098786561,-2.6904512611531177e-05
2021-07-19,0.005306395974538298,-0.0002159253774408975
2021-07-20,0.003856291035433531,-0.00026995218870311255
2021-07-21,-0.0072845842632411695,0.0009672269713819153
2021-07-22,-0.002101881258846741,0.0002040257270729906
2021-07-23,0.0015129815983678419,0.001568623263041428
2021-07-24,-0.001529726249462081,4.834423636272741e-05
2021-07-25,-0.0008174794031571431,0.00011385704943943882
2021-07-26,-0.0013175391735380537,0.00011994574461205564
2021-07-27,-0.00024408588890114993,0.0005711596240210406
2021-07-28,-0.0006779177209704829,8.041317405841272e-05
2021-07-29,-0.0010003916634765298,0.0002136837329073702
2021-07-30,-0.00203464253865748,0.0004609835252752474
2021-07-31,-0.001780594100739186,9.28793309264203e-05
2021-08-01,-0.0022172131540669857,-0.0005218753199500192
2021-08-02,0.00021908487578196337,0.00016943530522981555
2021-08-03,-0.0016083669826908935,-0.0004326460899316755
2021-08-04,0.0033830019326725564,0.0010138987795603996
2021-08-05,0.0015716197939828272,0.0004253394405332545
2021-08-06,0.0014235365059696034,0.00047353178993206346
2021-08-07,1.2155156691435273e-05,0.0009519672270028984
2021-08-08,-0.0016608173356011144,-0.0009397005844537338
2021-08-09,0.001566788025364997,0.000893924299349123
2021-08-10,0.005060945329695911,0.0013161366391618227
2021-08-11,0.004669622187886182,0.001449756965102676
2021-08-12,-0.0012478007844239486,-0.0005713224213674017
2021-08-13,0.006274776259804065,0.0024014263039672233
2021-08-14,0.0021361801048937297,0.00044850513832578483
2021-08-15,0.0033155921300581656,0.0009375988944292816
2021-08-16,-0.00104839172140184,-0.00040157398309551
2021-08-17,-0.0023270171929094434,-0.001046807179535614
2021-08-18,0.0024224020859703976,0.0006975548672011873
2021-08-19,0.0043044242961500475,0.0017541112900424784
2021-08-20,0.0023932021093650267,0.0010844405662094826
2021-08-21,-0.00040744727037515273,-0.00027863482467861824
2021-08-22,0.0011897353028387878,0.0004109859775273905
2021-08-23,0.008057454027011435,0.0028441205889686645
2021-08-24,-0.01671317684084649,-0.005931282522221808
2021-08-25,0.006308921083576938,0.002215165059161161
2021-08-26,-0.013229059414220737,-0.00466417951059845
2021-08-27,0.015495324909625647,0.0054165382669916174
2021-08-28,-0.0016396584177988678,-0.000578926015025944
2021-08-29,-0.0012419631792623981,-0.00042518455322816695
2021-08-30,-0.0016747511453532428,-0.0014699468691057056
2021-08-31,0.0023186233567410062,0.002002123197695516
2021-09-01,0.0045875899327546795,0.003957343708479881
2021-09-02,0.0008119546390008901,0.000674029843371473
2021-09-03,0.0025602970823584746,0.0025171601812801676
2021-09-04,0.0022590263249710413,0.0016070632095038062
2021-09-05,0.005129289608819721,0.004623191466205908
2021-09-06,-0.0005748968752005321,-0.0004465741728224297
2021-09-07,-0.020434630528677094,-0.015872358576828713
2021-09-08,0.0003841817887561313,0.0002970282154512574
2021-09-09,0.0011628692325406189,0.0008991515691938572
2021-09-10,-0.002212371819095284,-0.0017111099870408038
2021-09-11,0.002200128940372163,0.001700800325529288
2021-09-12,0.002806737289427281,0.0021863435051320016
2021-09-13,-0.002143283386432855,-0.0024299227327284974
2021-09-14,0.0010558222885575959,0.00133647065489543
2021-09-15,0.001015217195254492,0.0013872077184196381
2021-09-16,-0.00045655964150392967,-0.0005482208150262827
2021-09-17,-0.001665817342764155,-0.0015911325399249618
2021-09-18,0.0008287562758732005,0.0008537425382863546
2021-09-19,-0.0009617217264603498,-0.0013713963250292732
2021-09-20,-0.005570037218116205,-0.005692373722847152
2021-09-21,-0.0023769111662539076,-0.0024717871312583827
2021-09-22,0.0055001206907510595,0.005484793049664762
2021-09-23,0.0011408211112141867,0.0011795685279477662
2021-09-24,-0.001648039485290253,-0.0017936692176124813
2021-09-25,-0.0007029573047614296,-0.0006834228820675581
2021-09-26,-0.0008312316406009377,-0.0007479034474584228
2021-09-27,-0.00032822535492366334,-0.00037232708798449343
2021-09-28,-0.000958823877005088,-0.0012122535326743165
2021-09-29,0.000566098193589969,0.0007011996927533159
2021-09-30,0.0007018080031727965,0.001077986198172538
2021-10-01,0.0014212353907881242,0.002420018542036044
2021-10-02,0.0009296611407291735,0.0007377189109299239
2021-10-03,0.0013939439847465707,0.001383664098135923
2021-10-04,-0.0006371552086794441,-0.0004714117835454407
2021-10-05,-0.0005283607375537231,-0.00013204287065961894
2021-10-06,-0.000825662951963546,-0.00048669532193833904
2021-10-07,0.0012670652704583711,0.0009509677299209302
2021-10-08,0.00011056239839985417,0.00011144028805206773
2021-10-09,-0.000602946560452425,-0.00014325716422628759
2021-10-10,-0.0011330481664395971,-0.0014164445889852406
2021-10-11,0.0006424624868838508,0.0005297405531487708
2021-10-12,-0.0001221205604033041,-0.00018464280207332892
2021-10-13,0.001142943557074867,0.0008801654786115342
2021-10-14,0.0006184240508150364,0.0005512448465457053
2021-10-15,0.0006795984001605795,0.0004678694348801198
2021-10-16,-0.00014237146106223111,-0.00011288736141528663
2021-10-17,-0.00023357313710854353,-0.0002537314924329109
2021-10-18,-0.0006238763124290412,-0.0004503902562354339
2021-10-19,0.0013614265916609336,0.0010136894175312486
2021-10-20,0.0030913909946690163,0.0026989711381503845
2021-10-21,-0.0017047722054452444,-0.001473402770494081
2021-10-22,0.0008057465219082344,0.0006671012624696048
2021-10-23,0.00018509055292640185,0.00036878472774393546
2021-10-24,-0.0010301018422452137,-0.0007020683664658135
2021-10-25,0.005827200934537354,0.003688068192562478
2021-10-26,-0.0008644499301681672,-0.0005898585268434555
2021-10-27,-0.012113925968469622,-0.007868830535521794
2021-10-28,0.01319555770924365,0.008328545571356403
2021-10-29,0.0036048661556927083,0.002336332331967666
2021-10-30,-0.006138840870128462,-0.0038034141750344624
2021-10-31,0.0016128583481019687,0.0011296382301819352
2021-11-01,0.0019303598518381438,0.0014709318136443968
2021-11-02,0.004153775759525949,0.003264752761497136
2021-11-03,0.004030429754487408,0.0031049276064352076
2021-11-04,-0.00034104460051230707,-0.00034375833864367267
2021-11-05,-0.0020193972393799785,-0.0015282981359356497
2021-11-06,0.0028565559934362584,0.0021447486897500233
2021-11-07,0.001930265471793333,0.0015423693321365305
2021-11-08,0.004455833535069049,0.004608277576722425
2021-11-09,-0.004038230875854925,-0.0030688453956996976
2021-11-10,-0.005181107423733385,-0.005847623522019969
2021-11-11,0.002479569490750558,0.0021462132767968174
2021-11-12,-0.002560829990141449,-0.002434576510140798
2021-11-13,0.0030009964307890404,0.0029602406983537284
2021-11-14,-0.00018036079090585368,-0.0002688472867641311
2021-11-15,-0.002665777121456489,-0.0028195674734153055
2021-11-16,-0.00655989530116408,-0.007336217445130527
2021-11-17,0.002138571924819644,0.0019223608029490082
2021-11-18,-0.0072363753780655925,-0.007713994920023473
2021-11-19,0.008177857979571176,0.008014303828788028
2021-11-20,0.002790578839601174,0.0027599476421623784
2021-11-21,-0.0018776636970896914,-0.002167636948207758
2021-11-22,-0.0012076136141335818,-0.0014034866278190927
2021-11-23,0.0021701856393989173,0.002310828287700083
2021-11-24,0.00033348867106804277,-0.00030429553811928
2021-11-25,0.0021705481993148077,0.0023019200419205784
2021-11-26,-0.006501004756047276,-0.006947495639180559
2021-11-27,0.0007969880882326132,0.0007555943118226861
2021-11-28,0.0026043917461887737,0.002503680610713176
2021-11-29,0.00038644255990776314,0.0011664500452406113
2021-11-30,0.00017581582666682056,-2.258785220878068e-05
2021-12-01,0.0006154369872255215,0.00034812477968196564
2021-12-02,-0.0025689494599045915,-0.0011889553666047685
2021-12-03,-0.001290773277203477,-0.003135197029124913
2021-12-04,-0.0003368060816512022,-0.00401120037679798
2021-12-05,-0.000913032611355794,-0.0019253298380619284
2021-12-06,0.0010286653763842955,0.0016805659351233476
2021-12-07,-0.0005507526892939038,-8.594144819647181e-05
2021-12-08,-0.00039394845947720864,0.001186892431087122
2021-12-09,-0.00015090238785186332,-0.003010135279179299
2021-12-10,0.0006389301077611176,-0.00162584312498571
2021-12-11,-0.001992525588099107,0.0012079551675891725
2021-12-12,0.0004300694849840066,0.000631975458128014
2021-12-13,-0.0013860818284449166,-0.0035666834485901812
2021-12-14,-0.001717013600265492,0.0013027420171996423
2021-12-15,0.0029087831720584385,0.0018937346141395465
2021-12-16,0.001251386006884076,-0.0006087343024294605
2021-12-17,0.0019712875959410434,0.0003071501597690841
2021-12-18,0.001155121450093772,0.001634586810964617
2021-12-19,-0.0007960878593762866,-0.0005159782626641028
2021-12-20,-0.00016514158680533617,-8.173639766561572e-05
2021-12-21,0.0024190511924932433,0.0014687737024307174
2021-12-22,-0.00037947635613265734,0.000175948412348827
2021-12-23,0.0032413505560174136,0.00237201280718964
2021-12-24,-0.0007943919044496847,-0.000759724526362046
2021-12-25,0.0020625032385936607,0.0011376712517865736
2021-12-26,0.0014879374837320255,0.0007777260199282241
2021-12-27,-0.0031875587867042925,-0.00107362243131055
2021-12-28,-0.0050640276561952045,-0.002922063604299237
2021-12-29,-0.0010976794664871248,-0.0008541499500677209
2021-12-30,0.0006570982922064913,0.0004588437118182589
2021-12-31,0.0005308922661489846,2.2936272818924683e-06
2022-01-01,0.004042263545369683,0.001829476619067535
2022-01-02,-0.0018022855550244518,-0.0003625988111022211
2022-01-03,0.002062024329730648,0.00017902233702416762
2022-01-04,-0.0012166721902186167,-0.0006721912251677033
2022-01-05,-0.0022017591721755483,-0.0016636127043031248
2022-01-06,3.100024538307587e-05,0.00021333612062297098
2022-01-07,-0.005803391555482087,-0.0023196005753368166
2022-01-08,-0.0028888646958965753,-0.0012669961917209142
2022-01-09,0.002444943846712475,0.0009029453102148384
2022-01-10,0.0007205035370146063,-0.000457949437999104
2022-01-11,0.005273973535038247,0.0028859585033170804
2022-01-12,0.0019319532836096266,0.002270182630566126
2022-01-13,3.590681172018933e-05,-0.001100401613382983
2022-01-14,0.0019885346251767235,0.0013600002212490613
2022-01-15,0.00012516107856489056,9.253860410928335e-05
2022-01-16,0.001629816569812295,0.0011953714969774269
2022-01-17,-0.009939212489718628,-0.004483506334299691
2022-01-18,-0.0022686513880947356,-0.0009681143748268535
2022-01-19,-0.006413095251589049,-0.002898278038257922
2022-01-20,-0.004435555799278197,-0.002207240973856196
2022-01-21,-0.014917172853299989,-0.007560948088588112
2022-01-22,-0.008492557371569839,-0.004207539081268477
2022-01-23,0.00631315013855034,0.0030327928887755426
2022-01-24,0.002762044541618068,-0.00012075736306404657
2022-01-25,-0.0013317659266686957,2.9622265300069665e-05
2022-01-26,-4.856407951557142e-05,-0.0001951417527271655
2022-01-27,0.0006566693753447905,-1.54166495795021e-05
2022-01-28,-0.0014604654737460183,-4.805739002875723e-06
2022-01-29,-0.0009574821209885403,0.00026390330255338486
2022-01-30,0.0009347956183621281,-0.00010798200935885122
2022-01-31,-0.0011496058135474375,0.00020452027256079728
2022-02-01,-0.0011679911149000514,2.484918261442962e-05
2022-02-02,0.0038860214101881095,-0.00021939988512943668
2022-02-03,-0.0013730918809781736,7.186493878917757e-05
2022-02-04,-0.006149861913076085,0.00033569526702402686
2022-02-05,-0.00040256225416847763,7.123986702268088e-05
2022-02-06,-0.0030208786417595516,0.0001289803237602931
2022-02-07,-0.00567420231909346,3.16373537008279e-05
2022-02-08,0.0012053958087400536,9.854508467729188e-05
2022-02-09,-0.001705504129487847,-9.45315485909266e-05
2022-02-10,0.0029239385092257133,-0.0003084560435470046
2022-02-11,0.004182191954650266,-0.0002476412961588676
2022-02-12,-0.0008090205348578981,1.3329339694654915e-05
2022-02-13,0.00047246928440028814,-0.00011423001976636427
2022-02-14,-0.0006312063715576175,2.211200100248474e-05
2022-02-15,-0.006333918844790192,0.00011708263748924075
2022-02-16,0.0016210443472433093,-5.715011950935037e-05
2022-02-17,0.006783693181332146,-0.00016077387098442224
2022-02-18,0.0016354199387833548,-2.1683799685448996e-05
2022-02-19,-0.0005382100684371218,-2.1666067942877387e-05
2022-02-20,0.004177217168073132,-7.716630536200273e-05
2022-02-21,0.00413302661109572,-0.00020791562633206204
2022-02-22,-0.0020077779621771046,0.00021622694443968724
2022-02-23,0.0020427282715686054,1.1355200282720288e-05
2022-02-24,0.0005058966501934494,9.511331555168196e-05
2022-02-25,-0.0029648072951988175,0.0002731838161912616
2022-02-26,-0.0005090780419461026,-5.114548706719691e-07
2022-02-27,0.0023691440051472924,-9.196122105152833e-05
2022-02-28,-0.013922382212736187,0.00034516384209104447
2022-03-01,-0.0011025453494616165,0.00013002445527172482
2022-03-02,0.0011144110914686172,-0.00014941376501443994
2022-03-03,0.002684709863230412,-0.0001553427217038484
2022-03-04,0.009832424426272286,-0.00014727696270612573
2022-03-05,-0.001994735615710348,8.299490767663245e-05
2022-03-06,0.0050893825157758464,-0.00016513004989820654
2022-03-07,0.0019029110925668164,-0.00019719934047700123
2022-03-08,-0.000762629244191942,0.00043174713007311256
2022-03-09,-0.0027472329375388574,0.0013288467280686605
2022-03-10,0.00410285796691913,-0.00016578572031090353
2022-03-11,-0.0005450974967880738,-0.0009374032242877382
2022-03-12,-0.0005129584182809604,-0.00012343327131554414
2022-03-13,0.0022020165133591054,-9.984446665916261e-05
2022-03-14,-0.00197041815816024,0.0003599706165094323
2022-03-15,-0.0009213933439662112,-0.0002075493154808788
2022-03-16,-0.005355853860827035,0.00015405337767455005
2022-03-17,0.00039184081442508734,-0.00011867944261972743
2022-03-18,-0.0019232832855083778,0.0003347100981976865
2022-03-19,-0.00239319840567583,0.00013799715432693418
2022-03-20,0.0032715753740021085,-0.00017035860891531147
2022-03-21,-0.0002543235628036564,0.0003827871033507919
2022-03-22,-0.0015304282047352478,5.044223191791731e-05
2022-03-23,-0.0017021268553289368,0.0007634624816188217
2022-03-24,-0.0015531055647235131,0.00020898074406828062
2022-03-25,0.001390589842091261,-0.00021358958420970763
2022-03-26,-0.00021451809605899856,0.0008741487976340108
2022-03-27,-0.0017845511095260756,0.0006289647161143543
2022-03-28,0.0019208561305650044,0.0011615322448700512
2022-03-29,0.0030096940271982,0.0024524124913825225
2022-03-30,-0.00013143411141705862,0.0001545351229457686
2022-03-31,-0.0005639071522500596,-0.0008303709073059371
2022-04-01,0.0007908459059309849,0.0007444221900366494
2022-04-02,-0.0005990960425222512,-0.00038941977363925585
2022-04-03,0.0002775746373729233,0.00042174982221471414
2022-04-04,-0.0009578554019912585,-0.0010035659268271427
2022-04-05,-0.0014259580995612266,-0.0013045103531703264
2022-04-06,-0.001488455376195541,-0.0034524406885172855
2022-04-07,0.001669645774310347,0.0017236507700748615
2022-04-08,-0.0015125187417956334,-0.002033978074658081
2022-04-09,0.0005716171568995832,0.0008063875646195613
2022-04-10,-0.0021803023882965133,-0.0017448037691219092
2022-04-11,0.0007222140523675451,-0.002892237632898162
2022-04-12,-0.0015326473225133904,0.0008976568175191199
2022-04-13,0.0018504188065396568,0.0014071445937745427
2022-04-14,-0.0009585673507610113,-0.0014536517114910406
2022-04-15,-0.0013493396301351868,5.3453472168084645e-05
2022-04-16,-0.00019488624134882617,-0.0002034176699235019
2022-04-17,1.5523766214225944e-06,-0.0012690370632889537
2022-04-18,-0.0026313871806363616,0.0006449754914829984
2022-04-19,-0.0028772568224958916,0.0006261553475102839
2022-04-20,0.0022913477193075836,6.890892096580792e-06
2022-04-21,0.004414420598055122,-0.0006098105103661906
2022-04-22,0.0009166357387592052,3.727815458853292e-05
2022-04-23,0.0009235554969026833,-0.0003126892887345441
2022-04-24,0.001123679068776716,-0.0002104017827137514
2022-04-25,-0.00042917183984465053,0.00036331514826870847
2022-04-26,0.0065880930686089585,-0.0015620599498120697
2022-04-27,-0.000421718910596467,0.0006393424678761313
2022-04-28,-0.0006752185261464373,-0.0003226245859656628
2022-04-29,0.004402328744649329,-0.0012986785326231526
2022-04-30,0.004352585699782436,-0.0021100096222369485
2022-05-01,-0.0045667335523016305,0.0008651494781972192
2022-05-02,0.00294136084503509,0.0
2022-05-03,0.004745049736151354,0.0
2022-05-04,-0.030122605959908188,0.0
2022-05-05,0.031805821157112876,0.0
2022-05-06,0.0034854274466642457,0.0
2022-05-07,0.006829562179697803,0.0
2022-05-08,0.0063959232437675075,-2.898088997960544e-06
2022-05-09,0.023484176623344503,-0.0010602026543925012
2022-05-10,-0.007006521010060997,-0.0003528566297954412
2022-05-11,0.025133962886366126,-0.0006915689548410853
2022-05-12,0.004824910445915658,-0.00010486640508588524
2022-05-13,-0.007881810249882545,0.00013232992103410314
2022-05-14,-0.003933678200659005,4.965026616898042e-05
2022-05-15,-0.0065142803970388566,3.395211999397003e-05
2022-05-16,0.004154769271562864,-1.2795077674367467e-05
2022-05-17,-0.0021024733331766257,1.2640229380376444e-05
2022-05-18,0.004283194391289559,-4.838387218811659e-06
2022-05-19,-0.002401570264433909,1.0466185482342987e-05
2022-05-20,0.0015779826945819498,-9.53302152213442e-06
2022-05-21,-0.0011518501581813754,1.1543153484464968e-05
2022-05-22,-0.0013129513562537686,1.6362929169420113e-05
2022-05-23,0.0015387705362956113,-3.4329659844151143e-05
2022-05-24,-0.00047733810021642164,1.3144792901221112e-05
2022-05-25,0.0007036270011601868,1.6404726005500202e-05
2022-05-26,0.0025372470956706653,-2.613196777223718e-05
2022-05-27,0.0011065451837564647,-1.4006767990638758e-05
2022-05-28,-0.001039409813396575,9.413818392237296e-06
2022-05-29,-0.0008070706860923819,-3.770852484632593e-06
2022-05-30,-0.005243555062930886,0.0
2022-05-31,0.00045528248437952157,0.0
2022-06-01,0.004565114824628749,0.0
2022-06-02,-0.0014978232141794436,0.0
2022-06-03,0.001976364429646838,0.0
2022-06-04,-0.0008467139695420497,0.0
2022-06-05,0.00021861247849011285,0.0
2022-06-06,-0.0016416753197823566,0.0
2022-06-07,0.0012207331332122645,0.0
2022-06-08,0.0006444644079570655,0.0
2022-06-09,-0.00011296772275818072,0.0
2022-06-10,0.0026233427126983477,0.0
2022-06-11,0.0026675776221533817,0.0
2022-06-12,0.0030422493701019186,-3.894121621007286e-06
2022-06-13,0.005296779913403369,-0.0006085980272720788
2022-06-14,-0.0012799721194683552,-0.0003843941759955852
2022-06-15,-0.006089725057946248,0.00038411832681313165
2022-06-16,0.009698357622650899,-0.00020542111905832164
2022-06-17,-0.0018503660493842896,5.6369783119945426e-05
2022-06-18,0.004182208833642828,2.1727613219247577e-05
2022-06-19,-0.0051134533887227385,2.9854741747211645e-05
2022-06-20,-0.0015885262310859087,0.0
2022-06-21,-0.002301985735713044,0.0
2022-06-22,0.003702609079401665,0.0
2022-06-23,-0.005572743145966185,0.0
2022-06-24,-0.006328255195253963,0.0
2022-06-25,-0.002491121031773167,0.0
2022-06-26,0.005243300744672734,0.0
2022-06-27,0.00044040774596862837,0.0
2022-06-28,0.003185437339851861,0.0
2022-06-29,0.0011528395306721541,0.0
2022-06-30,0.0005738863374162959,0.0
2022-07-01,0.0015116841289724823,0.0
2022-07-02,-0.00018150810824600386,0.0
2022-07-03,-0.0006541425137962079,0.0
2022-07-04,-0.004574703598723447,0.0
2022-07-05,0.001368734429429659,0.0
2022-07-06,-0.0023024842953558236,0.0
2022-07-07,-0.0037586665320884015,0.0
2022-07-08,0.0012629292997431228,0.0
2022-07-09,-0.0012809105129115781,0.0
2022-07-10,0.004024674540907206,0.0
2022-07-11,0.004531082504308026,0.0
2022-07-12,0.0020369796052632887,0.0
2022-07-13,-0.0041952623433416485,0.0
2022-07-14,-0.002920041234830568,0.0
2022-07-15,-0.00034387911411617767,0.0
2022-07-16,-0.0035641106365270573,0.0
2022-07-17,0.0018105648442478302,-3.8121036831558255e-06
2022-07-18,-0.006813996305972022,0.00022857497425957777
2022-07-19,-0.002802108176985817,-3.612147692666001e-05
2022-07-20,0.003281502511299095,-0.0004096348819146673
2022-07-21,-0.0018034590875961364,7.271771502878461e-05
2022-07-22,0.0023545060888516076,0.00010672802409475219
2022-07-23,-0.00102176526242768,0.00011035978847396989
2022-07-24,-0.0007267005658540823,-0.00010349311152011436
2022-07-25,0.006522711209480217,-0.0005726226793677316
2022-07-26,-3.0193415526745293e-05,0.0002155637857879127
2022-07-27,-0.006316557593393663,0.0004940219179633315
2022-07-28,-0.003050115937622608,0.0001511306971086457
2022-07-29,0.0014212309026668591,0.004118724943917047
2022-07-30,-0.0023160391307270388,-0.0022821754708960643
2022-07-31,0.00043588007712941194,-0.00044090323722287077
2022-08-01,0.00026509723273331716,9.84802476646335e-06
2022-08-02,0.0009059084938246769,9.627902654615354e-06
2022-08-03,-0.00036282397018652673,-1.8722245891903886e-05
2022-08-04,-0.0005176768133058919,-3.78195428226188e-05
2022-08-05,-0.0014943094308454599,0.00019909244163303426
2022-08-06,0.0007985727982504626,8.279762132563123e-05
2022-08-07,-0.0008292015187798583,-4.603766306425164e-05
2022-08-08,-0.0009240453654255431,8.285233673042902e-05
2022-08-09,0.0008917507807006332,-0.00015929043427242548
2022-08-10,-0.00121241888223591,0.00025487497788107954
2022-08-11,0.0014009333955416101,0.0003670425082832894
2022-08-12,-9.271557346992869e-05,0.0003039252997329405
2022-08-13,-0.00010524825621543532,-1.4837318240249806e-05
2022-08-14,-0.001277828550938388,-0.00029017619814421686
2022-08-15,-9.906707686494746e-05,-0.00022227009657290302
2022-08-16,-0.0006912529729985622,-0.00014187715761316446
2022-08-17,0.00013383460019342054,-0.0003175097830828649
2022-08-18,-0.00018600366166492504,-0.0003720190433209444
2022-08-19,0.00039330391558328075,-0.0007955605651777999
2022-08-20,-7.97222870362825e-06,-1.009861397052459e-05
2022-08-21,0.00016913052904631574,0.00027238004145922426
2022-08-22,0.0011660941139187387,-4.5026298652272325e-05
2022-08-23,-0.0021995456690576593,-7.689780532370705e-05
2022-08-24,0.0014748453341212912,-3.590033606609657e-05
2022-08-25,-0.0006857304383047548,0.00010611038625160954
2022-08-26,0.006964488465669062,-0.00046677313017494886
2022-08-27,3.0160752757758913e-05,3.0766662001850185e-05
2022-08-28,0.002807081897734807,-0.0002591928677139877
2022-08-29,-0.01348378943619963,8.220751153793238e-05
2022-08-30,0.0009861521471932126,-0.0007209496364735828
2022-08-31,-0.00012107212405245157,7.041483942207775e-05
2022-09-01,-0.0029290628695632934,5.5225691784151475e-05
2022-09-02,0.0025285544008750143,-2.459106983526614e-05
2022-09-03,-0.002326423798917237,5.924191898814733e-06
2022-09-04,-0.004893029554412471,-1.2528481242984049e-05
2022-09-05,0.0013601463679830202,0.00038808479916211357
2022-09-06,0.011091903086863038,-0.0012339146046472327
2022-09-07,-0.009918021980203667,0.0007709590052153388
2022-09-08,-0.0040360784366618606,-0.0002899702500523123
2022-09-09,-0.012976215393780445,0.000752153523413194
2022-09-10,-0.0025209453877520715,7.56177632384807e-05
2022-09-11,-4.666769001641954e-05,-4.131753652142281e-05
2022-09-12,-0.0021068446349945067,-0.00018345768304348957
2022-09-13,0.0067875788083463905,-0.000816670240230866
2022-09-14,-0.001211039216991464,0.0001806901674426138
2022-09-15,0.003413054591120784,-0.00018445406449286278
2022-09-16,0.0005857197265844242,0.0004746362329953275
2022-09-17,-0.0013333829950197326,0.00040863209104177923
2022-09-18,0.004356145484958211,-0.000677219847226811
2022-09-19,-0.0015959832685846142,0.0006072786070920925
2022-09-20,0.0032781130223562263,-0.00022978239412361804
2022-09-21,0.001648707654579899,-0.0005763749215670365
2022-09-22,-0.003414706349162302,0.0016139162847792219
2022-09-23,-0.0009417265718256171,0.00021686919074582103
2022-09-24,0.0020752207335083097,-0.00025201206854511
2022-09-25,0.0016759698367806752,-7.893227009979551e-05
2022-09-26,-0.002382976742172728,-8.991718225730395e-05
2022-09-27,0.00012687022486991615,-0.00015544241992564855
2022-09-28,-0.000679794591196223,-0.00014895253272333497
2022-09-29,-0.00020284140387079436,0.00013665946587450244
2022-09-30,0.00019881080614665136,-0.00011441917537616525
2022-10-01,0.0007334268301279122,-9.408211407208102e-05
2022-10-02,0.0015398389637407486,-0.00039509346964724645
2022-10-03,-0.004484110331023085,0.00020588266603360647
2022-10-04,-0.002838763414377984,0.00031988474125633576
2022-10-05,0.0008504905243501659,1.318976903842131e-05
2022-10-06,0.0018039009343462364,-0.0001281177446670717
2022-10-07,0.0012167046403900959,1.9904429191876972e-05
2022-10-08,0.0010682136216974265,-0.00014267031613270252
2022-10-09,-0.00129914261574855,0.00015492418567050593
2022-10-10,0.006286891503793121,-0.0006102188919200199
2022-10-11,0.00241174072169023,-8.269939196919978e-05
2022-10-12,0.000785225485180339,-9.293158678599185e-05
2022-10-13,0.0021933453668940223,-0.00014936207058140433
2022-10-14,0.001995855459256819,-8.555481008607588e-05
2022-10-15,0.001088099001972613,-3.57541923845979e-05
2022-10-16,-0.0034479769959762344,1.862360286236152e-05
2022-10-17,-0.01085046016714043,-5.6168122497977644e-05
2022-10-18,0.0091520424975095,0.00011971777339040108
2022-10-19,0.015231802343350111,-0.00018227939949519998
2022-10-20,0.005162971448252769,-0.0001319599018287353
2022-10-21,-0.004984153703741643,-6.652493100515601e-07
2022-10-22,-0.0027045597605035595,-7.468914434563189e-05
2022-10-23,-0.01336105941177364,-3.4398218251391675e-05
2022-10-24,0.009215171673994901,-0.00023634618511575868
2022-10-25,-0.0268366527645701,0.00045597849409598337
2022-10-26,-0.01438461790117473,0.0004519527909593861
2022-10-27,0.004998404319528019,-0.0004901929221191775
2022-10-28,-0.020364094984820447,0.0005052483349527395
2022-10-29,-0.03784696604981077,0.00011230213898816215
2022-10-30,0.0035994132809891483,-0.0005250710644998684
2022-10-31,-0.0002635798332943265,0.00043231484102714435
2022-11-01,0.0033307012042344372,-0.00013841457518070084
2022-11-02,0.006608314879569503,-0.0005813789898834931
2022-11-03,-0.002470261130608757,0.0010979297856222496
2022-11-04,-0.008716688911376733,0.0038967828984342694
2022-11-05,-0.005098047901921818,-0.0001321508915726642
2022-11-06,0.009848425533553883,-0.0016937576236506777
2022-11-07,0.0006656422114691662,0.0006043408469530768
2022-11-08,0.009851175812662365,-0.006443656518964704
2022-11-09,0.01399833508623403,-0.008998607546804328
2022-11-10,-0.006372771661591044,0.008438401037983165
2022-11-11,0.00271473221483792,-0.00124648928294124
2022-11-12,0.002738429529556122,-0.0020904768900167603
2022-11-13,-0.00020171542906423267,-0.0016750958285793654
2022-11-14,-0.002254375412844316,2.7000307077138737e-05
2022-11-15,-0.0011819215372678668,0.0002276567869168125
2022-11-16,0.0026934759318401904,0.00010631885895963555
2022-11-17,0.0011941332125515295,1.1671725550644227e-05
2022-11-18,0.000594470999116953,0.0002771519310506217
2022-11-19,-0.0005277834413249034,-0.0002679613031821127
2022-11-20,0.003898130439064226,-0.0007006953683578044
2022-11-21,0.0017566343653827579,-1.7496127508211197e-05
2022-11-22,-0.0029870324806098615,0.00014280122127489136
2022-11-23,-0.0040536449307263505,0.0001828958946236005
2022-11-24,3.071321877010514e-05,-3.954147907599424e-05
2022-11-25,0.0005518261803248548,4.754182250498212e-05
2022-11-26,-0.0011520156052182461,-3.621212164535044e-05
2022-11-27,-0.00041923522017172624,5.556984625251159e-05
2022-11-28,0.00044050834750255905,-0.0001494832208038432
2022-11-29,-0.00014020585069209458,0.00019411420749659107
2022-11-30,-0.001945950023390287,0.0003251461423805305
2022-12-01,0.0010363907420011258,-9.648414937924063e-05
2022-12-02,-0.001041197599871341,3.1320326084073865e-05
2022-12-03,0.001320043742551419,-0.00012409052710829005
2022-12-04,-0.0012673077970469639,9.159773177087015e-05
2022-12-05,0.0005443275816765644,2.2838337925298575e-06
2022-12-06,-0.000847247299411029,-1.2371368606252936e-05
2022-12-07,0.0020674360633126366,-0.00017147888146943366
2022-12-08,-0.0010882300971857674,0.00010470657507277791
2022-12-09,0.0002520310966360576,-9.800849897388073e-05
2022-12-10,-0.0002089209292704173,-2.548705885751621e-06
2022-12-11,0.00035340975692391125,-8.120278279205893e-05
2022-12-12,-6.04265234772378e-05,-3.756154161953051e-05
2022-12-13,-0.007407899066860088,4.390994454058564e-05
2022-12-14,0.002192927162516675,-0.0002473867057977148
2022-12-15,0.003840431398037392,-0.0003323714776122729
2022-12-16,0.019557620776849433,-0.0009802940044616754
2022-12-17,-0.0025028612677497415,0.00015922761128437846
2022-12-18,0.0007338109843621591,-0.00011879441039434768
2022-12-19,0.00609225934196081,-0.00048837394207957
2022-12-20,-0.005144153317175735,0.0004068499896100771
2022-12-21,0.0008227229006327187,-0.00027461408244532515
2022-12-22,-0.0001085387035942902,0.00025917136376754906
2022-12-23,-7.765917159421087e-05,-7.479306236430788e-05
2022-12-24,0.0007339975461048858,-2.0912607095023547e-05
2022-12-25,0.00048195422529555363,0.00011786944061384717
2022-12-26,-0.0021804797041631583,0.000328096457423116
2022-12-27,0.002444850983630494,-0.0004067709333699538
2022-12-28,0.009394205158078013,-0.0006859512782630646
2022-12-29,0.0013433905027895442,3.6844668783610985e-05
2022-12-30,-0.0009034893089274411,-0.00012089625010208096
2022-12-31,-0.0006471716227806996,0.00024225799088590892
2023-01-01,-0.002279843678878423,7.11769109708487e-05
2023-01-02,-0.005507895388753148,0.0006175178846203892
2023-01-03,-0.0037699936884414286,0.00016077014091037855
2023-01-04,-0.008127381511369087,0.0004487566695483598
2023-01-05,0.001623265636856763,-0.00012834082195322733
2023-01-06,-0.003796199805661442,0.0005425988713310462
2023-01-07,6.678069622393883e-05,0.0003738154853447898
2023-01-08,-0.012258810217068315,0.0006004827665552356
2023-01-09,-0.0027562700826300078,0.0009028896757199629
2023-01-10,0.0008474699277283263,0.0024454449430746494
2023-01-11,-0.0007128537139513777,0.0017409325020085258
2023-01-12,-0.0004487506698264114,0.002836716688635571
2023-01-13,-0.004480166337861591,0.0025296670697464232
2023-01-14,-0.0038527174367858665,0.004184272678012548
2023-01-15,0.0004687276719105597,-0.0007574931416566835
2023-01-16,-0.0009700540743949203,-0.0011044529125264356
2023-01-17,0.0015066795763894942,0.0008305298532199256
2023-01-18,-0.007048570861573454,-0.007146767085950959
2023-01-19,0.0036054358127481497,0.0033140282380638717
2023-01-20,0.009407934172863836,0.00962644480124867
2023-01-21,-6.945345520156698e-05,-0.000355105925241106
2023-01-22,-0.0018099570862085493,0.0009584907015885702
2023-01-23,0.00267937290543491,0.0022484199866072453
2023-01-24,-0.014840670681145219,-0.011593664604757341
2023-01-25,0.011528626555039567,0.008999007377994606
2023-01-26,0.003995388513981584,0.002875445785526116
2023-01-27,0.005208399330674885,0.0038723475821744904
2023-01-28,-0.0024867594833617003,-0.0020665202787859575
2023-01-29,0.01149985225662866,0.008979774069348226
2023-01-30,-0.008211192306818228,-0.00786940564878051
2023-01-31,0.0035314765579214685,0.0030923568610596902
2023-02-01,0.00892952406624552,0.007397940412125274
2023-02-02,-0.0012076022541577206,-0.001020413567777482
2023-02-03,0.004096266267294273,0.0035404325806726524
2023-02-04,0.000544552380884225,0.0004324226113754915
2023-02-05,-0.004536221476412433,-0.004160713048325711
2023-02-06,-0.0015466652603522177,-0.0017478873360331538
2023-02-07,0.0040537214153304035,0.004154836627938159
2023-02-08,-0.003367802258608035,-0.003033507258482714
2023-02-09,-0.008311171723910861,-0.008010092914568369
2023-02-10,0.0008033472722577983,0.0004943255308144932
2023-02-11,0.0015657517735102467,0.0016487366452407498
2023-02-12,-0.001920227976089911,-0.0017559837387097488
2023-02-13,-0.001465211958011936,-0.0013357375395930092
2023-02-14,0.003475568739444929,0.003291580077852054
2023-02-15,0.00508129340779392,0.005540329499141416
2023-02-16,-0.0018827795597297092,-0.002948769719468832
2023-02-17,0.0034933442026742188,0.0035393016504356215
2023-02-18,-0.0005355993138399518,-0.00025644467326557945
2023-02-19,-0.0009114256903801899,-0.001219416702370846
2023-02-20,0.0016188047887056327,0.0013107976999822309
2023-02-21,-0.004319802729768731,-0.003113930977928758
2023-02-22,0.0003189329817479264,4.064065508538056e-05
2023-02-23,-0.0007175327522076727,-0.0005774690294114178
2023-02-24,-0.005107591133121234,-0.0036874014396082685
2023-02-25,-0.0008625116571036697,-0.0007140561503503215
2023-02-26,0.0035904768423462192,0.002522874215961592
2023-02-27,-0.0018476546443741589,-0.0014877087569910702
2023-02-28,-0.002203993335056113,-0.0020820940304487764
2023-03-01,0.004391126925430057,0.0035391854600547354
2023-03-02,-0.0023358534651306256,-0.002042632857717764
2023-03-03,-0.006354710735215038,-0.004983350442089235
2023-03-04,-0.001827502220728787,-0.001815008826311184
2023-03-05,0.0005542332092862687,0.0002996450138826036
2023-03-06,0.00014344128090420605,2.1571994458079975e-05
2023-03-07,-0.0008224265685824616,-0.0005754832156981509
2023-03-08,-0.0010030127371697482,-0.0017136187595554464
2023-03-09,9.872150761013537e-05,-0.001696602001679977
2023-03-10,-0.0014151838391318246,-0.0004589201449488271
2023-03-11,-0.0003425341168834197,-0.0005607740359598642
2023-03-12,0.0023153337169888196,0.003492730582989267
2023-03-13,0.005499043084884703,0.00412885195241777
2023-03-14,0.0008261555244236098,0.0014803401569063557
2023-03-15,0.0001764163987910963,-0.003109502891180014
2023-03-16,0.0020375382297085124,0.001935495242030847
2023-03-17,0.0039295766479489486,0.005373136568214356
2023-03-18,-0.00023852910541636272,-0.001617785441806367
2023-03-19,0.0004193400520168295,0.001498002102631745
2023-03-20,-0.004875344544085906,-0.002420801188311017
2023-03-21,0.0001936620472086566,0.002456869256949437
2023-03-22,-0.0025115356303750187,-0.0024927035995342722
2023-03-23,0.004866338205219792,0.0029045162732551848
2023-03-24,-0.004771640285981278,-0.002680805481727122
2023-03-25,-0.0016849160989290048,-0.0007077904064099937
2023-03-26,0.0027196335797089305,0.0014626734004488885
2023-03-27,-0.0036256309959980127,-0.00233032849451307
2023-03-28,0.004492324979727429,0.002403324393048181
2023-03-29,0.0021939216399730547,0.0017152177354178993
2023-03-30,-0.000861032373609983,-0.0007506096103710951
2023-03-31,0.0005628882349504048,0.0009887234328735122
2023-04-01,-0.002097290936430159,-0.0006886055807943202
2023-04-02,0.00012548045757540812,-0.0005961816261132928
2023-04-03,0.004255346217686202,0.0016202691005372913
2023-04-04,0.003015096468880881,0.0012301869049444207
2023-04-05,0.0009731168299067568,0.00039711972253395837
2023-04-06,-0.005094207217858521,-0.002024782346558825
2023-04-07,-0.0021002081953825614,-0.0007601328704752914
2023-04-08,-0.001965437366770857,-0.0008154940028847598
2023-04-09,0.0024469089041994937,0.00095137689875243
2023-04-10,0.012306263576336691,0.005118648335405479
2023-04-11,-0.0003419174424246488,-0.0001432398427998472
2023-04-12,-0.0030945366696520844,-0.0012962181899332196
2023-04-13,0.012846365312201907,0.005371525431012379
2023-04-14,0.010589594044011344,0.0044610603068506866
2023-04-15,0.002351706262236798,0.0009968208124455176
2023-04-16,0.005622689766931719,0.0023408531447771906
2023-04-17,-0.008860349470162046,-0.004910970889575915
2023-04-18,0.009141817017110096,0.005047337942092741
2023-04-19,-0.03585189670785564,-0.019876239879916633
2023-04-20,-0.009365556862979598,-0.005107809342376497
2023-04-21,-0.01738431010958068,-0.009440880064417855
2023-04-22,0.010824701479085477,0.005831608814347113
2023-04-23,-0.005799653221509013,-0.003081961945115117
2023-04-24,-0.00013501216021297334,-0.00041485769812415736
2023-04-25,0.0036747603224118806,0.004230555705276937
2023-04-26,-6.792244832250249e-05,-0.0012678049461266284
2023-04-27,0.00219303213753057,0.003082706793298722
2023-04-28,-0.0016993654962109508,-0.0012909524683092778
2023-04-29,-0.0006995677036548907,-0.00020299366956301495
2023-04-30,0.0005394221961804006,-0.0006677872061541616
2023-05-01,-0.001778572503009715,-0.003420204125921608
2023-05-02,0.00023061273660030784,0.000978018304982425
2023-05-03,0.00043358326547071483,0.001967832812200532
2023-05-04,-0.0007789751685737115,-0.0022865629855006384
2023-05-05,0.0013820906048016212,0.0030213635239573914
2023-05-06,-0.001227812595591619,-0.004745224468782485
2023-05-07,-0.0003102954359433184,-0.0009361093168358767
2023-05-08,0.005681222633099977,-0.002287926023831184
2023-05-09,-0.0007330299033059878,-0.0003363335152927356
2023-05-10,-0.000812753974687402,0.0003067751017959828
2023-05-11,0.002391380631443514,-0.0023351232813578885
2023-05-12,-0.0017033334982929978,0.0005892958381547639
2023-05-13,0.0009303384391075299,-0.0004823172651242228
2023-05-14,-0.000968987662165874,0.0002925213601508545
2023-05-15,-0.0004327979296870865,0.0003299707682979797
2023-05-16,-0.00019587433737185557,0.00016140027513800037
2023-05-17,-0.00019128300495899273,0.0028286678566057486
2023-05-18,0.0014088188181499918,-0.0010342409293610398
2023-05-19,0.0008413678473750934,0.0003713935711020431
2023-05-20,5.0386013530448804e-05,0.00031577378122878976
2023-05-21,0.0008268249221127595,-0.0014022615235747737
2023-05-22,-0.000759547432516507,0.0006647940362423533
2023-05-23,0.0011152540913371323,0.0021515419470698642
2023-05-24,0.002076696279943191,-0.002838602791180454
2023-05-25,5.778294449370884e-05,4.608955049404501e-06
2023-05-26,0.0009669087071618044,0.0012902635530066243
2023-05-27,-0.0015246410451961892,0.000969556567608676
2023-05-28,0.004695399467197617,0.0061496556579648505
2023-05-29,-1.188035668043586e-05,-0.0014500697183717063
2023-05-30,0.00394146916139526,0.0018029116458654164
2023-05-31,-0.0028983282552357487,-0.0031026324267185855
2023-06-01,-0.0039052075253532066,-0.0026762247568737005
2023-06-02,0.004090421781674424,0.004577365753296038
2023-06-03,-0.002440266561671955,-0.001526490260563096
2023-06-04,0.0012616159343470511,0.0011847472757964069
2023-06-05,-0.007718816285269173,-0.011189072065559809
2023-06-06,0.007954411696541637,0.007102637692058775
2023-06-07,-0.007952754749875545,-0.00935366501795338
2023-06-08,0.0006740791272984549,0.0012843241138657143
2023-06-09,0.0010249073509780704,-0.0007344968289993995
2023-06-10,-0.008190032038859525,-0.015392919728738762
2023-06-11,0.0022636420704337254,0.002500449818042701
2023-06-12,0.006137914260177534,0.0025857321828772497
2023-06-13,-0.005774717475345642,-0.0011384538655041423
2023-06-14,0.004165016216384284,-0.001933682105590787
2023-06-15,0.0001750677365985331,7.986118483065614e-05
2023-06-16,-0.002725544412092148,-0.00010408315693758924
2023-06-17,-0.004261579295069941,0.00010203176420271628
2023-06-18,0.0007252108139578501,-0.0009617596161413323
2023-06-19,-0.002584972246839288,0.00013978571448187258
2023-06-20,-0.005697806574454456,0.0005068955757722792
2023-06-21,-0.006755281343573587,0.0008857219751092283
2023-06-22,0.004593494589782574,0.00037222683128070803
2023-06-23,-0.003893922611196145,0.000884122939427968
2023-06-24,0.004459812246283063,-0.0006771089667513652
2023-06-25,-0.0001666676022184022,0.0007928478315646641
2023-06-26,0.002565389692184103,-0.0006804449861103834
2023-06-27,0.00043577546430104033,0.0011129834871553821
2023-06-28,0.0013030857226805411,-0.002619602271561167
2023-06-29,-0.003241281822422275,4.574608306857386e-05
2023-06-30,-0.0012319190724561987,0.00201083817436062
2023-07-01,-0.0007594695462549859,0.0011565870302683522
2023-07-02,0.0009538687806535045,0.0005153334798428604
2023-07-03,-0.0014371644298560443,0.0003330012844233257
2023-07-04,0.0003891487393438218,-0.0008067804220859176
2023-07-05,0.002261972030274185,-0.0008012758811417577
2023-07-06,-0.00132992310398864,-0.0024055559963217462
2023-07-07,-2.0429297551446017e-05,0.0012619202706603476
2023-07-08,0.0001380874348166367,0.000527792314446565
2023-07-09,-0.0005236257133501518,-0.0003296339261286545
2023-07-10,-0.002950286108839453,0.00046614345103129334
2023-07-11,-0.0004524682983357678,0.0005574295038492719
2023-07-12,0.002275682158967968,-0.0003786561920161122
2023-07-13,-0.027127971390976374,0.005374032983321684
2023-07-14,0.008988600519602515,-0.00108125091627505
2023-07-15,-0.0024781125866495867,-4.975560075495466e-06
2023-07-16,0.0035711461313556636,-0.0011020770559887004
2023-07-17,-0.002595930637455688,-0.0005884845603618625
2023-07-18,0.00017107299322054433,-0.0013294145880298354
2023-07-19,-0.00011024224355204993,0.0007419298095868589
2023-07-20,-0.002363830625924778,-0.0002546266272640375
2023-07-21,-0.000353851018062563,-5.284731044421954e-05
2023-07-22,-0.0015431747908870059,-0.0017374500536676523
2023-07-23,0.0005754602033242786,0.0008711434438103893
2023-07-24,-0.0033723589508067252,-0.005710211038575785
2023-07-25,-7.202100750818209e-06,6.862884817839623e-05
2023-07-26,0.005105809997079383,0.003942976388818498
2023-07-27,-0.0005842677608334123,-2.0134841924270898e-05
2023-07-28,-4.437604948116274e-05,4.5716804014121605e-05
2023-07-29,0.0012200022569283705,0.00196595823491007
2023-07-30,-0.002276255478823809,-0.001616553506058871
2023-07-31,-0.0008998736335359137,-0.001724673013570071
2023-08-01,0.002437763332798397,0.0023788984082153165
2023-08-02,-0.0016465842039069998,-0.0037006182548281453
2023-08-03,-0.0012024868279408448,-0.0013360946605963043
2023-08-04,-0.0002674247509137456,-0.00031581232959876154
2023-08-05,-0.0027151487826428348,-0.0007369490106094457
2023-08-06,-0.0011856110331645525,-0.0006044639622632084
2023-08-07,0.0010880297380909609,0.00036758241284465357
2023-08-08,-0.002426657623158829,-0.0003045795355857599
2023-08-09,0.0019462338579255918,0.0005653225877202232
2023-08-10,-0.0012056129839720154,-0.0006686850189236527
2023-08-11,0.0016922488078622497,0.0014675703623748635
2023-08-12,-0.00252413207708347,-0.0001232868393567384
2023-08-13,0.00031971758169084395,-0.00036514193773428717
2023-08-14,-0.0014293443806572517,-0.0006919815357255631
2023-08-15,0.002606702715369284,-0.005680504852394804
2023-08-16,-0.002643665858428206,-0.009564866431341442
2023-08-17,0.0014538731029558895,-0.01757644734070374
2023-08-18,-0.0013740930735385171,0.0003701216535233491
2023-08-19,0.003118084627495706,0.004554733095712786
2023-08-20,0.0001484739127598235,0.001558041689369709
2023-08-21,0.0031830960668020264,-0.0010712181189100004
2023-08-22,-0.0007374031444576666,-0.001520576936507767
2023-08-23,-0.006711050050724972,-2.9767337966034747e-05
2023-08-24,-0.0019337919856328135,-0.003388737883748129
2023-08-25,0.001896147185890181,-0.0012342171789548198
2023-08-26,0.0010759327021319517,-3.4800211256823333e-06
2023-08-27,-0.000642939018073296,0.0011090325368226179
2023-08-28,-0.004661856997855383,-0.0010596133025091979
2023-08-29,-0.013025283656572954,0.0022670778708013062
2023-08-30,0.009458930734951866,-0.00035972793452330266
2023-08-31,0.01535257164608549,-0.0005002041925554858
2023-09-01,0.005276342487587825,0.0004439752464696755
2023-09-02,-0.0031651552350757707,-0.0007817702293015542
2023-09-03,0.0002633723081200129,0.00028395351948615134
2023-09-04,0.0010947325916999084,0.0006890698975797934
2023-09-05,-0.0031488663672168626,5.135960691264764e-05
2023-09-06,0.003959243783468933,0.0014340018433014767
2023-09-07,-0.0017274922687878426,0.0006358444459325975
2023-09-08,0.0027319841894129495,-0.0014558448931891702
2023-09-09,0.0003052652850056366,-0.0008369389646860778
2023-09-10,0.01119944303934081,-6.278126672071959e-05
2023-09-11,0.009647378377256715,-0.0009116797699151183
2023-09-12,-0.0037093859224628266,0.0008358210973867129
2023-09-13,-0.0011572781573878624,0.0014827709947680566
2023-09-14,-0.0025003984379859084,0.0008259196662324304
2023-09-15,-0.0025896214013917526,0.001412160318349752
2023-09-16,0.0012820116952906588,0.00024183829560615983
2023-09-17,0.0013853262615499354,-0.001265009115014448
2023-09-18,-0.0025395292166046886,0.002178253862075327
2023-09-19,-0.0014409727471544945,0.002828287897353579
2023-09-20,0.0028207051372423036,-0.00042247671707939844
2023-09-21,0.006734919664461702,-0.0015696386621266976
2023-09-22,-0.0027977916775500703,6.521970036621081e-05
2023-09-23,-0.0005459316207503272,9.631526895591004e-06
2023-09-24,0.004211467794078444,-0.000737217375540664
2023-09-25,0.0016129781667022169,0.0018568038209523497
2023-09-26,-0.0002826327451773431,0.0002295446610543727
2023-09-27,0.006175132515139257,0.0017681005364413205
2023-09-28,-0.015633136473761165,0.0012033542655380182
2023-09-29,-0.002403562937867052,0.0006526128650376823
2023-09-30,-0.003241670616997924,0.00015155514733114795
2023-10-01,-0.016630039030220024,0.0020705671521412715
2023-10-02,0.002814733596866871,-0.003071719033803661
2023-10-03,0.0006022541997703138,-0.0008135699220725523
2023-10-04,-0.0007317436821836304,-0.0006306544321009453
2023-10-05,0.002661420421452058,-0.0010753082143817462
2023-10-06,0.0013663222203129499,0.0023106822947147995
2023-10-07,-0.0018563564641570051,-0.0009909333324318922
2023-10-08,0.00033644654667281987,-0.0004991213436275116
2023-10-09,0.005950954879309221,-0.003182573912789095
2023-10-10,-0.004190790077654238,-0.001282570988977907
2023-10-11,0.001309610595432139,-0.0006074930754367116
2023-10-12,-0.00036837127781956975,-0.0018871172913913284
2023-10-13,0.0011423243478463586,0.0015331913873870776
2023-10-14,-0.0014362949811638408,0.0005223973669314059
2023-10-15,-9.821947654734583e-05,0.0007807890372536341
2023-10-16,-0.01452001662177808,-8.617293941099728e-06
2023-10-17,0.010294699298924999,-0.0007867097559726978
2023-10-18,0.003676699181277427,-0.000662544104260035
2023-10-19,-0.00583898503331286,0.00040425315047185604
2023-10-20,-0.010092709579017029,0.0015517418771067864
2023-10-21,-0.012386581555603552,0.0010567091712872245
2023-10-22,-0.009667740840893295,0.000922156193942941
2023-10-23,0.018802109325579016,0.0184608896360091
2023-10-24,-0.0012813317096797745,-0.001305533659756539
2023-10-25,0.010893416320853866,0.007757838795013944
2023-10-26,-0.004149999509979892,-0.000736170681423927
2023-10-27,-0.001671846322816431,-0.004041177646086549
2023-10-28,0.0010332139039365275,0.001871011880187907
2023-10-29,-0.00013955578403421063,0.0016673387688379655
2023-10-30,0.004558413262618447,0.0027542598925473427
2023-10-31,0.0048537987249733065,0.0014805346602137898
2023-11-01,-0.0004155111475340384,0.0022763951792258656
2023-11-02,-0.0015857582278811083,-0.0023291439748258673
2023-11-03,-0.00025016073695236266,0.0009292226037592395
2023-11-04,-1.1467154157332431e-05,0.0019185631974721004
2023-11-05,-0.0018844588018462898,0.0007500783463205515
2023-11-06,0.007246222126423956,0.005971969299450357
2023-11-07,-3.7684782533239095e-05,-0.0015885076446198686
2023-11-08,0.003656815117036466,0.0033194734980451644
2023-11-09,0.007200911746253235,0.00485771662270268
2023-11-10,0.0026140006150633267,0.0029602923608251586
2023-11-11,0.0009950630292708202,0.0013983946049229198
2023-11-12,-0.0026807817219571483,0.0006421355675331449
2023-11-13,-0.018869035800843537,-0.011471718551195288
2023-11-14,-0.0036494122105762343,-0.002170249505208294
2023-11-15,0.02583042114123642,0.015335252562765325
2023-11-16,-0.015473245256377345,-0.00951778910290041
2023-11-17,0.002752579836570835,0.0014763605342526076
2023-11-18,-0.002609645775240604,-0.0015590278633733287
2023-11-19,0.009987543610339784,0.005897897239998851
2023-11-20,-0.005138342037927301,-0.0034814927027787394
2023-11-21,-0.0165556887251616,-0.011198991238566512
2023-11-22,0.015940030744231073,0.010724414820353106
2023-11-23,-0.0005868040672728084,-0.00039684577562474965
2023-11-24,0.0017781834279986402,0.0012023535764592531
2023-11-25,0.003071584937084743,0.0020781559303286543
2023-11-26,-0.003192892915016881,-0.0021401526582144298
2023-11-27,-0.0033191587241407387,-0.00296342406191387
2023-11-28,0.0031459632724125143,0.0027535770282844847
2023-11-29,7.083847307337804e-05,-4.642086316516557e-05
2023-11-30,0.0006580238898961368,0.0006522278109235173
2023-12-01,0.002586056682709912,0.0022902905450621664
2023-12-02,0.005893885589913353,0.00527001226302107
2023-12-03,-0.0006505519506845375,-0.0004480564020461331
2023-12-04,0.004755949841209499,0.004553696348752168
2023-12-05,0.005381881128440788,0.0049378396620272475
2023-12-06,-0.0017559881981100793,-0.001682776274884999
2023-12-07,0.00453337026460356,0.004290277878078604
2023-12-08,0.011385032862952005,0.01073456781800612
2023-12-09,-0.001823895944640854,-0.0017358239727708873
2023-12-10,0.005730550050385344,0.005376068539920119
2023-12-11,-0.01310404737649969,-0.012518525274666245
2023-12-12,0.0006719701917691533,0.000831835015773183
2023-12-13,0.00439620856624356,0.004214916732505544
2023-12-14,0.002203179162931711,0.002171729823050624
2023-12-15,-0.008082123667266428,-0.008036197381975198
2023-12-16,0.0035806267523513908,0.003461278493116307
2023-12-17,-0.004552837096643902,-0.004537089307024246
2023-12-18,0.0019459453724774822,0.0019823814942437254
2023-12-19,-0.0025928804891212466,-0.002301561679724432
2023-12-20,0.006077207417434633,0.006170369687514613
2023-12-21,0.01123562784277642,0.01134557271991803
2023-12-22,0.005895434176841184,0.005784829359828806
2023-12-23,0.0032339522745355965,0.003182164789810006
2023-12-24,-0.001709853039044056,-0.0018247673234813705
2023-12-25,0.005900600796660972,0.00567798398060489
2023-12-26,-0.0009496103346863183,-0.0009139910095519991
2023-12-27,0.00815163172199094,0.007845651614606146
2023-12-28,-0.0055438505334017485,-0.005337408008744704
2023-12-29,-0.001264106535345336,-0.0012167903606295609
2023-12-30,-0.000907441697189669,-0.0008734316854158693
2023-12-31,-0.002726718962267903,-0.002624423617737398
2024-01-01,0.008968642439261425,0.008627879825181959
2024-01-02,-0.003542412009027842,-0.003408965947551276
2024-01-03,-0.013720123245185808,-0.013201678444443976
2024-01-04,0.006251887552806709,0.0060125148227567005
2024-01-05,-0.004519641390673297,-0.004347633942779083
2024-01-06,-0.0058615659141797215,-0.00563751703952851
2024-01-07,-0.005489128986354194,-0.005277182718778021
2024-01-08,0.006068403624489682,0.00590595344685714
2024-01-09,-0.0024841273218740036,-0.002418018266544938
2024-01-10,0.007855860287981686,0.00764629427290635
2024-01-11,0.0012419453307415526,0.0012090669824107892
2024-01-12,-0.0060001005177627775,-0.005841454624476256
2024-01-13,0.0011805121661513471,0.0011491163456257018
2024-01-14,-0.0033252481834660785,-0.003231815093509618
2024-01-15,0.0028941942884262214,0.002844008428978505
2024-01-16,0.0005533560158736611,0.0005447148088113064
2024-01-17,-0.0005708657577049175,-0.0006209596991685095
2024-01-18,-0.0048414877896659665,-0.004908761233282146
2024-01-19,0.0005299773711957945,0.0004571255921477802
2024-01-20,-0.00022011292345999557,-0.00014301281875042784
2024-01-21,-0.0011993000063204049,-0.0012303108433999023
2024-01-22,-0.003876937408650484,-0.004375380754803702
2024-01-23,-0.000290755456979283,-0.0005604661633685328
2024-01-24,0.0007947556572179627,0.0007875992932997896
2024-01-25,-0.0009224716549871491,-0.001040046261167202
2024-01-26,0.0035992592373876075,0.004077358716685329
2024-01-27,0.0003444839021482877,0.00028474151142747353
2024-01-28,-0.00022886976071355653,-0.00039824826233244486
2024-01-29,0.0030541316042844964,0.0033188441970162554
2024-01-30,0.0001342601604477284,-0.000628159797219114
2024-01-31,-0.002479555599764417,-0.0026486753216349085
2024-02-01,0.0009053613417391354,0.0009169193645760113
2024-02-02,0.0006671236247634676,0.0007773536622902885
2024-02-03,-0.0014047985468025209,-0.0010533479344333792
2024-02-04,0.00029571950704190017,-0.0003255583751923648
2024-02-05,0.000770400340830769,0.0009313382485719394
2024-02-06,0.0008154775471255162,0.0006668560853879883
2024-02-07,0.0019828975169975138,0.002212954509044143
2024-02-08,0.0002369289806728038,0.0002672173216912185
2024-02-09,0.0033824253069125627,0.003601157023785511
2024-02-10,0.0005390601532722061,0.0004112607888664674
2024-02-11,0.00022729051881744994,0.0003324486038162463
2024-02-12,0.0065925738115913905,0.006232307841404555
2024-02-13,-0.001858916560494935,-0.0022239745859324797
2024-02-14,0.007580003768793654,0.007441360539759079
2024-02-15,-0.00037868718677176385,0.001227423178720192
2024-02-16,-0.002944195831463008,-0.0017589960776121273
2024-02-17,-0.0009111735121049887,-0.0019357701069151662
2024-02-18,0.0015561359816885607,0.0025157558463370796
2024-02-19,0.0023933949231846685,0.0017249344738722756
2024-02-20,-0.004366134838866424,-0.003149144491182317
2024-02-21,-0.012920502280152252,-0.009308927065384155
2024-02-22,-0.004845331884656735,-0.0034784229277838017
2024-02-23,-0.007411918898410182,-0.0053137939163656845
2024-02-24,0.01574319041920031,0.011263542599900221
2024-02-25,0.0054512452519146996,0.0038993706116233215
2024-02-26,0.019796245183299088,0.015253929108428632
2024-02-27,0.005333862681171007,0.004128933227217831
2024-02-28,0.02727107278400834,0.021139561870768153
2024-02-29,-0.001408648398391886,-0.0010986568866573638
2024-03-01,0.028632740235066158,0.02233068915140452
2024-03-02,0.017363029644025897,0.013627748849189582
2024-03-03,0.0024895564974091794,0.001973219578215761
2024-03-04,0.009293034514233961,0.008519021402815595
2024-03-05,-0.028394899563885995,-0.026051684952142405
2024-03-06,0.02567342959307764,0.023500612433081453
2024-03-07,0.017550202514935203,0.01609941629558194
2024-03-08,-0.0006055854052008183,-0.0005563427863420836
2024-03-09,0.006659290495175224,0.006117843462212929
2024-03-10,-0.002740322420475479,-0.002510922906586569
2024-03-11,0.009233581477106217,0.008870276349275643
2024-03-12,-0.0023683523941142493,-0.0022760180187583827
2024-03-13,0.006445984955667025,0.006194200052271155
2024-03-14,-0.0027238726362718026,-0.0026181730372288816
2024-03-15,-0.004211247139188448,-0.0040474631575920465
2024-03-16,-0.017176505325858293,-0.016505909771245473
2024-03-17,0.009201648719791813,0.008838964332356385
2024-03-18,-0.004438554578603172,-0.004434740765503482
2024-03-19,-0.013766314213334626,-0.013754433903500871
2024-03-20,0.012801550787579098,0.012790349883946965
2024-03-21,-0.0023242051321900733,-0.002322197325423688
2024-03-22,-0.003464702806648338,-0.003461702985999531
2024-03-23,0.000717799251284188,0.0007171756500630217
2024-03-24,0.005743202897892214,0.005738528893051201
2024-03-25,0.0027111697824636458,0.0027205948954478493
2024-03-26,-0.00016320881101097417,-0.00016377462212106709
2024-03-27,-0.0018577377502901067,-0.0018641786656453953
2024-03-28,0.0019469584921722963,0.0019537206898596385
2024-03-29,-0.00014906030213213389,-0.00014957695498135463
2024-03-30,-0.0014584837190020907,-0.0014635391069093171
2024-03-31,0.0031869323905150846,0.0032032609638818176
2024-04-01,-0.003486635870487144,-0.00379621178354627
2024-04-02,-0.0037820215799109864,-0.004132506880682558
2024-04-03,-0.0009931113048943848,-0.000952757675941738
2024-04-04,0.001585105550808517,0.0015740628632307763
2024-04-05,-0.0010876739133840448,-0.0011900440790068344
2024-04-06,0.0015104402187947272,0.0016445506514321225
2024-04-07,0.0010429215548555084,0.0011565192626882509
2024-04-08,0.0023461768239163234,0.002378586967000498
2024-04-09,-0.0032731861304104593,-0.0033786997873711563
2024-04-10,-0.0002225857428368086,-0.0002541490122030537
2024-04-11,-0.0015248945136166307,-0.0015911577618884414
2024-04-12,-0.00868188441013185,-0.008997796872606004
2024-04-13,-0.006678574756209457,-0.006831653068493549
2024-04-14,0.0038933657296781605,0.00412015077346445
2024-04-15,-0.0009847705962945127,-0.001058301091044566
2024-04-16,5.449381834879634e-05,9.59686652791405e-05
2024-04-17,-0.0007611409431369496,-0.000814844591562712
2024-04-18,0.0007614335753053587,0.0008529396817628525
2024-04-19,-9.913618521011711e-05,6.116328352093469e-06
2024-04-20,0.0013495584141236829,0.0017844666869540847
2024-04-21,-0.00013401922048879625,-0.00025645224843758675
2024-04-22,0.0016296158623855827,0.0018699127003744523
2024-04-23,-0.0002003467938656975,-0.0003880276256724123
2024-04-24,-0.001514077816684409,-0.0016194840124660417
2024-04-25,0.0004030199570546483,0.0002658409213808061
2024-04-26,-0.0006979404928911049,-0.000609714318470804
2024-04-27,-0.00024627157705312523,-0.0002442812047185892
2024-04-28,-0.00016474111410695074,-0.00028242533301384664
2024-04-29,-0.00034010577292520463,-0.00019307080373085836
2024-04-30,-0.001809659369284862,-0.0020152065749935305
2024-05-01,-0.0005804129877632306,-5.6743107728646386e-05
2024-05-02,0.0001489407717792883,0.00025596960755290847
2024-05-03,0.0018932717549161302,0.0019273309278510645
2024-05-04,0.0004724644546432007,0.00042827568700483696
2024-05-05,0.0009040132518079018,0.000724216690513414
2024-05-06,-0.00016107315617473278,-0.0003723620709289219
2024-05-07,-0.0007157889725755068,-0.001018812330752387
2024-05-08,-0.0005138872243847067,-0.0004718080415905725
2024-05-09,0.0015669890277752259,0.0014968201740242469
2024-05-10,-0.0008216257655452713,-0.001288615039097353
2024-05-11,0.00011563805860078973,0.0001313133605861073
2024-05-12,0.00017802649810584581,5.887259395888726e-05
2024-05-13,0.0012550769730719908,0.0009227092878080749
2024-05-14,-0.0009716069876457585,-0.001168453474280783
2024-05-15,0.001904195403474253,0.002707728196279302
2024-05-16,-0.0010195951703191666,-0.0007779922016698289
2024-05-17,6.2229325575618e-05,0.0008576246993083208
2024-05-18,1.990968902454889e-05,3.0366399528654025e-06
2024-05-19,-0.0005290557332277315,-0.0010921606241621753
2024-05-20,0.024723150488779235,0.01452837263822153
2024-05-21,0.0037314308554605396,0.0019019129429380449
2024-05-22,-0.0037699164939431744,-0.0025701290733375396
2024-05-23,-0.0003120248369801891,-0.0010905166986152053
2024-05-24,-0.002492330475635198,-0.0013084964817195281
2024-05-25,0.0038962196503361793,0.0024008644820237325
2024-05-26,-0.0011933639937138352,-0.0009341935179810395
2024-05-27,0.0056568237327231435,0.003551557630776196
2024-05-28,-0.0015838264780920724,-0.0011163270248017092
2024-05-29,-0.004965513872422278,-0.0028123342513526875
2024-05-30,-0.004267133761597673,-0.002054488724627265
2024-05-31,0.0008337774024433801,0.0002880287315317274
2024-06-01,0.002847818359595041,0.0016250951824850785
2024-06-02,-0.002221844017346565,-0.001528945831962538
2024-06-03,0.0013938344719260222,0.0014404612284648927
2024-06-04,0.007067896228744993,0.005230258116364525
2024-06-05,0.004551451392278839,0.003011326951491564
2024-06-06,-0.0014059838088543366,-0.0012480754182620177
2024-06-07,-0.00956177053941044,-0.007514809073089701
2024-06-08,-0.001015112401327663,-0.0011853924825313152
2024-06-09,-0.00019453741111241654,0.0003331323502920806
2024-06-10,-0.0033844643618500215,-0.002959909780427367
2024-06-11,-0.0024765333966116185,-0.0034121990886987453
2024-06-12,0.0002838304314665763,0.0020726093981466385
2024-06-13,-0.0016388187053438168,-0.003574649912228952
2024-06-14,-0.0003967688561786991,-0.0013045971026987228
2024-06-15,4.0124951145979304e-05,0.000872353768267201
2024-06-16,0.0014645609929716,0.0010018085665484424
2024-06-17,-0.0020678677661389398,-0.004326460675456174
2024-06-18,0.0017824246084577838,-0.002624914646748271
2024-06-19,0.00020591312085436772,0.00032342118324311584
2024-06-20,-0.0031154920693553427,-0.0008829797792412532
2024-06-21,0.0001792540093727787,-0.00029533985347525584
2024-06-22,0.00314985721803599,0.0006195248650990012
2024-06-23,0.00017821119887862874,-0.0016062632224150138
2024-06-24,0.0027544314925037434,0.0005177344860831444
2024-06-25,-0.0036528258294342046,0.0012547764900725253
2024-06-26,0.0022378104806881514,-0.000830889131425368
2024-06-27,-0.009126828735360333,0.0004774131440323045
2024-06-28,0.006532395785354623,-0.0008624727329557061
2024-06-29,0.0012440290018896026,-0.00024435231794424264
2024-06-30,-0.006244987957421581,0.0005757956100345924
2024-07-01,0.003197488551649871,-0.00036014053788425683
2024-07-02,-0.0032716818779492322,-0.00015925825431328998
2024-07-03,0.011107291667567395,-0.0010817483601805757
2024-07-04,0.015539314633419031,-0.002339191513487557
2024-07-05,0.004060692035299591,-0.0006150423053101556
2024-07-06,-0.012323522401087887,0.001372390563318001
2024-07-07,0.013157679150682207,-0.001174584675471139
2024-07-08,-0.0029494209489734162,0.0007018936042212106
2024-07-09,-0.0036132939685864503,0.00011279227007812723
2024-07-10,-0.0018920165050136082,4.229704993406086e-05
2024-07-11,0.0026566144790019395,-0.0003508921251132886
2024-07-12,-0.0061470764985212785,-2.4111634773593962e-05
2024-07-13,-0.0053589951094548775,-7.12938664566047e-05
2024-07-14,-0.001516169012701609,0.0003724150432261719
2024-07-15,-0.005503590455222728,0.001400736340960568
2024-07-16,-0.002475864533376712,0.0003658576651285271
2024-07-17,-0.0011462324255669075,-0.0003246995684529176
2024-07-18,0.0028688084827395537,-9.359245497942452e-05
2024-07-19,-0.0018450774490757782,0.0008740478057097468
2024-07-20,-0.00033237212474841694,9.460840110531179e-05
2024-07-21,-0.0010466905040102704,0.0005312855904642627
2024-07-22,-0.0022258981880493964,-0.001223270793896082
2024-07-23,0.00014272819106105378,-0.00030954977948442227
2024-07-24,-0.0020289286109365138,-0.0006041850917316622
2024-07-25,-0.0025369594387657495,-0.0010683913753177664
2024-07-26,0.0025054030836212655,0.0014591131454016475
2024-07-27,-0.0007632989530014184,-0.00028455118984400344
2024-07-28,-0.00025966101668118216,-0.00013603890451705566
2024-07-29,-0.0006246698195155898,-0.0004742342679095785
2024-07-30,-0.0002167045054378933,-0.0003121903457576182
2024-07-31,-0.0011858021379426062,-0.0009562995749953359
2024-08-01,-0.0007214650252923108,-0.0005722987370483002
2024-08-02,-0.003972336967918624,-0.002459924181917977
2024-08-03,-0.0013403889082915037,-0.0011813793602787805
2024-08-04,-0.0027699626159573866,-0.0016102121919140944
2024-08-05,0.006039989780941131,-0.0008419312916716469
2024-08-06,-0.004685146682446862,0.0007422762954918483
2024-08-07,0.0044271228017380435,0.00016359440961315932
2024-08-08,-0.010789392582528302,0.0013956955998609716
2024-08-09,0.0018407394191033311,-0.00038487195715177164
2024-08-10,-0.0008833879375148732,6.8471620921657495e-06
2024-08-11,0.005429434918902338,-0.0008967467479007468
2024-08-12,-0.007119826472934441,0.0004947342093167762
2024-08-13,-9.586122035283465e-05,7.099798538986841e-05
2024-08-14,0.003106375727417984,-0.0003990200343194229
2024-08-15,0.003238978374826954,-0.0003090361076828171
2024-08-16,0.00022793067348699983,-3.2965583207255696e-05
2024-08-17,-0.001528799825920186,0.00015443531371271617
2024-08-18,0.0006446318641237452,-6.280186833475929e-05
2024-08-19,-0.002054296077923307,3.4026562574300176e-05
2024-08-20,-0.0008049207135213743,6.94099962365129e-05
2024-08-21,-0.005790806176151423,0.00011048793500076719
2024-08-22,-0.0021585862161254315,2.9175910565532566e-05
2024-08-23,-0.009806641099086116,0.0002429456949614086
2024-08-24,-0.0021912245919479653,0.00021671038030566378
2024-08-25,0.0030446833761754257,-7.488481824776461e-05
2024-08-26,0.0034968813233428645,-0.00040663195411052726
2024-08-27,0.005111462777775436,-0.0005387724471575615
2024-08-28,0.0012162644875305406,0.00017827421324285355
2024-08-29,0.0005639966254474224,-0.00011288457643491873
2024-08-30,5.082008031672055e-05,0.00033597922071399176
2024-08-31,0.0008779482597141724,-7.150419088577673e-05
2024-09-01,0.0029261616451960364,-0.000500970037618813
2024-09-02,-0.004830895397828502,0.0005728412298620534
2024-09-03,0.003104917874800205,-0.0006463551048291334
2024-09-04,-0.0011412929984019507,0.0006601318589725023
2024-09-05,0.0024967412783446987,-0.00025086620217946895
2024-09-06,0.0038726903902332973,-8.197344041286207e-05
2024-09-07,-0.0016344480860719661,-6.878368425986946e-05
2024-09-08,-0.0029929586344628716,2.8903277536953107e-05
2024-09-09,-0.0072311894476197935,0.00011525104482180469
2024-09-10,-0.0007419451964895981,0.0001231931141422891
2024-09-11,0.002995471362948038,-6.085419715096157e-05
2024-09-12,-0.004873704331410617,2.157330133210145e-06
2024-09-13,-0.005128582373531498,1.4418194819906155e-05
2024-09-14,0.000729420338375278,-8.110389441573512e-05
2024-09-15,0.0037121167884878034,-4.751124918758404e-05
2024-09-16,0.00032375426001415375,-0.00025295882339589873
2024-09-17,-0.0008258651225174558,0.0003478168076067336
2024-09-18,-0.0009712973184785008,0.0006684001130389692
2024-09-19,-0.0007601329315855115,0.0010351176540832848
2024-09-20,-0.0006121058297009609,0.00044240994608026524
2024-09-21,-0.0011850147189187764,0.0002371150802859138
2024-09-22,0.0024365961731116865,5.9279882075729494e-05
2024-09-23,-0.0017232664361642132,0.0004837120333457169
2024-09-24,-0.004180200006391507,8.765562954494513e-05
2024-09-25,-0.001554282011795446,-0.00033071813781925696
2024-09-26,-0.0055163402711416905,0.0003627021911280212
2024-09-27,-0.0038016490954699902,0.0006959076634402842
2024-09-28,-0.0020340584155832866,-0.0003591151319330698
2024-09-29,-0.0007671302744548603,-0.0001842469838788663
2024-09-30,-0.006191455419328871,-0.002852059011057464
2024-10-01,-0.0068847614986756395,-0.0032676063454303013
2024-10-02,-0.0037355537782487835,-0.0017252070345063178
2024-10-03,-0.0016861053844423352,-0.0007245056901733959
2024-10-04,0.006003776048207723,0.0026789250829481054
2024-10-05,-0.0012394200096627454,-0.00042480842395070575
2024-10-06,0.004357552699780151,0.0019512098063757411
2024-10-07,-0.00045143571637293155,-0.000507136250707675
2024-10-08,-0.0013576779645904278,-0.001065161836403352
2024-10-09,-0.002816643178588234,-0.002598052427104782
2024-10-10,-0.0004168875138362111,-9.34179238048863e-05
2024-10-11,0.005868486160763408,0.004772506340014262
2024-10-12,0.003428070456148171,0.0027340984354790017
2024-10-13,-0.000656342726718066,-0.00013105239623332305
2024-10-14,0.0011282874936542155,0.003495443437408979
2024-10-15,-0.006512597556648986,-0.005429636066125135
2024-10-16,-0.0020375187756561048,-0.0015205771049576439
2024-10-17,-0.0010141138115454926,-0.0011311298152792404
2024-10-18,1.6740124571706583e-05,0.0014054514137778812
2024-10-19,-0.0010825345906895338,-0.0005511566305023345
2024-10-20,0.0014319859459776853,0.0017877140741319514
2024-10-21,-0.002636223814769145,-0.0025223397690378653
2024-10-22,-0.000610776834914317,-0.0005952104433731839
2024-10-23,-0.0015192837234061251,-0.0014147310967715827
2024-10-24,0.0013715059972175343,0.0011527695018091438
2024-10-25,-0.006783696800128449,-0.005730274427814761
2024-10-26,0.0022186185810810265,0.0018353184416340452
2024-10-27,0.0012055543411671884,0.0010639210502347497
2024-10-28,0.0025013828324349937,0.002131738330005085
2024-10-29,0.004452706451968786,0.004225721897855666
2024-10-30,-0.0002065904006510729,-0.0013584994401877365
2024-10-31,-0.0020630717885159124,-0.0029038953461821416
2024-11-01,-0.0001894075065594429,-0.0009345470922352886
2024-11-02,-0.0007018541089997706,-0.0008617452956074404
2024-11-03,-0.0003496867075329385,-0.0014628108336455514
2024-11-04,-0.0003909157082270275,-0.001144961920906269
2024-11-05,0.004264041587232007,0.003539308264816873
2024-11-06,0.010578592945598105,0.009605471707207165
2024-11-07,0.0029231422376950695,0.0018906539014095565
2024-11-08,0.0007453404789246309,0.0006910079193902913
2024-11-09,0.005280393136817453,0.004453031763328084
2024-11-10,0.008819889667929497,0.007576921175902532
2024-11-11,0.021296301238507464,0.010820364956354054
2024-11-12,-0.002790689693680569,-0.0014094492638658058
2024-11-13,0.004650184655048972,0.0028312736331662035
2024-11-14,-0.002305264103277301,-0.0016715472522517865
2024-11-15,0.015259734696154114,0.00786801211852837
2024-11-16,0.011178563139767703,0.0054723433990694955
2024-11-17,-0.0041453319208756036,-0.002136106763632486
2024-11-18,0.0007338896786370504,0.0008285551184810128
2024-11-19,-0.0006887337270299718,-0.0006968809017822115
2024-11-20,-0.0017823013296383917,-0.0013730846750129165
2024-11-21,0.006520568138576562,0.004390349649286955
2024-11-22,0.00325107086334191,0.0021705648355993413
2024-11-23,-0.00011281613569334764,0.0006714169299088075
2024-11-24,-0.0015802844291066627,-0.0005642409723155342
2024-11-25,-0.006884720302148073,-0.00459696953388269
2024-11-26,-0.0012144395361258103,-0.0008090479315481975
2024-11-27,0.006137323757476863,0.004087054565916823
2024-11-28,0.0013453335071806833,0.000897751027576281
2024-11-29,0.00473934414586224,0.003164093882224438
2024-11-30,0.0019212490280288103,0.0012847233361197052
2024-12-01,0.003661671760172763,0.002453495156903265
2024-12-02,0.00036979053762363175,0.0002854545220553784
2024-12-03,0.000631305095975502,0.0004873781649872304
2024-12-04,0.0025125440162419603,0.0019400556317343944
2024-12-05,-0.000267273444475782,-0.0002064980949985811
2024-12-06,0.003569463865332193,0.002757737041338867
2024-12-07,0.002499798885389229,0.0019329316005864496
2024-12-08,0.0001710621756265701,0.00011838704229814315
2024-12-09,-0.019120325894925617,-0.017441760573223164
2024-12-10,-0.0023861955895640653,-0.0021730123496293595
2024-12-11,0.009397348024868388,0.00855598876537371
2024-12-12,0.0015171622528583476,0.0013824842182225269
2024-12-13,0.002078335647233352,0.0018941039758061944
2024-12-14,-0.004579452204770278,-0.004174295075955902
2024-12-15,0.0034151870128239993,0.0031149642412359557
2024-12-16,-0.0020916206000504466,-0.002068951872468497
2024-12-17,-0.001134729796487606,-0.0011224064895195534
2024-12-18,-0.009981635318859474,-0.009873115443032
2024-12-19,-0.007983177589323235,-0.00789552135948654
2024-12-20,0.0038286211576088257,0.0037862474717167203
2024-12-21,-0.0041871683772546206,-0.004140999809697807
2024-12-22,-0.0011240429312957831,-0.0011052770388749696
2024-12-23,0.0033482972151949925,0.0036515242055667188
2024-12-24,0.001549825550827397,0.0016554517995145332
2024-12-25,-0.0007698198187425441,-0.0008634556889989736
2024-12-26,-0.003541593574089202,-0.0038989245727740927
2024-12-27,-0.0007089178758287523,-0.00072349203157618
2024-12-28,0.0016843149564017815,0.0018699510116614014
2024-12-29,-0.0019717801261738724,-0.0021737941332094462
2024-12-30,7.522100108780678e-06,-3.377819182825055e-05
2024-12-31,-0.0006411085133556449,-0.0005413513822260889
2025-01-01,0.002461871830185088,0.002498237010826878
2025-01-02,0.0011729983016073968,0.0017407996530138855
2025-01-03,0.003565563230785416,0.0040885983726952554
2025-01-04,0.00011271267156620384,0.00016348645124346427
2025-01-05,-0.0001844833812786356,-0.0003763737041744342
2025-01-06,0.00028831009296393447,0.0002545287558284038
2025-01-07,-0.004083830623434683,-0.004031063051808083
2025-01-08,-0.0008653602071640397,-0.000932414741802248
2025-01-09,-0.0017096991685000718,-0.0017456770052235815
2025-01-10,0.00127225284590515,0.0012092902997415129
2025-01-11,0.0005291188377831259,0.0005140126029806072
2025-01-12,-0.0008907514127413109,-0.0008457768053187638
2025-01-13,0.00035220879713607954,-0.0007188077858314719
2025-01-14,0.0010622589094696814,0.0016052949378705947
2025-01-15,0.002979036496408073,0.004543604304808534
2025-01-16,0.0009884865941896278,0.00044517088361452855
2025-01-17,0.0011455443355704615,0.002225503288092857
2025-01-18,0.00046950510522832936,-0.0007510248505444046
2025-01-19,-0.0022250184411707263,-0.003950394039823553
2025-01-20,0.0022083415538141403,0.001127280004275289
2025-01-21,0.0018666459187321178,0.002684031274380223
2025-01-22,-0.003177744284005079,-0.0019975392269450326
2025-01-23,-0.0007069856223031445,-0.0006464928453519887
2025-01-24,0.0005214722992981846,-0.0007095156287427961
2025-01-25,0.0005713191607097021,0.0002962337862143318
2025-01-26,-0.003012450926886013,-0.003154425413715196
2025-01-27,-0.0010722815305803006,-0.001311329987916097
2025-01-28,-0.0028344937977892335,-0.0038882673879867304
2025-01-29,0.002136654466863359,0.002647591854445865
2025-01-30,0.005775699789301039,0.004343108089309864
2025-01-31,-0.0017769139319629072,-0.001299587105880856
2025-02-01,-0.0070226687991881715,-0.006625781876935348
2025-02-02,-0.00989341593398619,-0.008636508327266755
2025-02-03,0.004330442923204376,0.002567774015005805
2025-02-04,-0.003844379041066409,-0.003513105842312548
2025-02-05,-0.0021168950503525335,-0.0016492641799826515
2025-02-06,-0.0009695456976390501,-0.0015890286217210556
2025-02-07,0.0007303561242776975,0.0003014809154701607
2025-02-08,0.0005565115567696114,0.0008374107028167672
2025-02-09,4.1066841729636366e-05,-0.0005377000194853885
2025-02-10,0.0008761247681691682,0.0013203131447026774
2025-02-11,0.00028660650125040735,-0.0002503642072337875
2025-02-12,-0.00027511212287451557,0.0013004527249916935
2025-02-13,0.0016460489801646732,-0.00011261006672887836
2025-02-14,-0.0018933365628585892,0.0008490496217590679
2025-02-15,0.0017327916264483338,4.755341672287182e-05
2025-02-16,-0.0007425089189047715,-0.0010884998947493557
2025-02-17,0.0003447423886169425,-5.869043402849119e-05
2025-02-18,0.0007345359180966098,-0.0008801684056801506
2025-02-19,0.0007518166126487351,0.0005614860880696408
2025-02-20,-0.0012913137848884657,0.00041584301431016877
2025-02-21,-0.000741621681772401,-0.0011576399701006227
2025-02-22,-0.0016849999290952898,0.00036892456152901325
2025-02-23,0.0008253286961166891,-0.00012974392045917663
2025-02-24,0.002951881508755376,-0.0034858029372159967
2025-02-25,-0.0009185333559979,-5.870829380219521e-05
2025-02-26,-0.00023062906259143113,-0.00016093164873228497
2025-02-27,-0.0003420205051779132,3.63320184721323e-05
2025-02-28,-0.0008406603716531009,-0.00024881484075224146
2025-03-01,0.000816327972232009,0.00019614435960015942
2025-03-02,-0.005694182281745322,0.003413288179693304
2025-03-03,0.009951989743500268,-0.0005152712976103371
2025-03-04,0.001498339506930317,0.00010154401810894581
2025-03-05,-0.002247219155584861,5.050674931402779e-05
2025-03-06,0.0008091448192784425,2.1858046881492e-06
2025-03-07,0.001424521140481503,-0.00018441929296756913
2025-03-08,0.0007979781459358762,-4.195514436792599e-05
2025-03-09,0.005309516708246874,-0.00016820026212858164
2025-03-10,0.003794686965069936,-1.1707224876735131e-05
2025-03-11,-0.003244372220769189,2.7581848530677036e-05
2025-03-12,-0.0025901974404151885,-1.2616457932389737e-05
2025-03-13,0.0016593432484947714,-1.966253753212882e-05
2025-03-14,-0.0027527173563784545,1.7978421084849033e-05
2025-03-15,-0.0011419382090411257,9.833699242971927e-06
2025-03-16,0.0037274707892054693,1.4173492321570469e-05
2025-03-17,-0.00293383664248067,0.0
2025-03-18,0.0014598478467663669,0.0
2025-03-19,-0.0036603482368539153,0.0
2025-03-20,0.0019280186232222443,0.0
2025-03-21,0.001090962065650927,0.0
2025-03-22,-0.0004191261913038825,0.0
2025-03-23,-0.0012865356960221417,-5.302462600366786e-07
2025-03-24,-0.002815927308679349,1.643520494936232e-05
2025-03-25,-0.0008884450420039776,-2.177225167322261e-05
2025-03-26,0.0004955966459728483,-2.6890028228449023e-05
2025-03-27,-0.0005547812614853009,-1.855163411160066e-05
2025-03-28,0.0038936987038509607,-2.4511104215822828e-06
2025-03-29,0.002348083281793095,-9.337830674119939e-06
2025-03-30,0.00037136470974998643,-1.1071446646424406e-05
2025-03-31,0.0002702639038681785,-9.537996583858704e-06
2025-04-01,-0.0017780711109947052,9.034434494444804e-06
2025-04-02,0.00320490330527656,-4.122827525764857e-05
2025-04-03,-0.00021522941930875137,2.8095950896657806e-06
2025-04-04,-0.000752489539287317,1.1070325956431342e-05
2025-04-05,0.0006527545891217112,8.810072847262606e-06
2025-04-06,0.004590703160070086,-7.803675528479228e-05
2025-04-07,-0.0013294386264859344,0.0
2025-04-08,0.004743735314107579,0.0
2025-04-09,-0.013569271218724789,0.0
2025-04-10,0.00539432301017959,0.0
2025-04-11,-0.0053047162729450825,0.0
2025-04-12,-0.008811887922837106,0.0
2025-04-13,0.004581694893491886,-5.371192043209154e-06
2025-04-14,0.00022492807070536807,-4.817636177686973e-05
2025-04-15,0.0021524920239245774,-0.00011159175784626442
2025-04-16,0.00023847812744606453,0.0002644656804639028
2025-04-17,-0.0010270981938357209,-1.945754652101584e-05
2025-04-18,-0.0005192228816414807,-4.729189627989066e-05
2025-04-19,-0.0010851375538191155,0.000148755184640626
2025-04-20,0.00016084196291494244,3.0199699839456402e-06
2025-04-21,-0.0003437672422015906,0.00011327656630204382
2025-04-22,-0.005768584659914108,0.0016883475073660816
2025-04-23,-0.0018802804705432242,-9.752084200507485e-05
2025-04-24,-0.0006103568739907917,0.0005001220963611671
2025-04-25,-0.0012939130284970613,0.00010366253274079627
2025-04-26,-0.0010478419592841492,-4.4254001468663644e-05
2025-04-27,0.0014958642833143045,-0.0005033258193438971
2025-04-28,0.0002419086636270931,0.0005420747549207672
2025-04-29,0.0005328924439853123,-0.0005902693748256532
2025-04-30,3.224529213379618e-05,-2.326617439717749e-05
2025-05-01,-0.0005147190392901812,0.0006069097882504315
2025-05-02,0.0003205384149564702,0.0001522174139411648
2025-05-03,0.00048660954527488757,-0.0007383505963411388
2025-05-04,0.0007092619221989501,-0.0007230405222110486
2025-05-05,0.00021610289505149386,1.8800669762133354e-05
2025-05-06,7.202309434274336e-05,0.0008067508620893476
2025-05-07,-0.0002987387183069396,-0.0006099594771292333
2025-05-08,-0.003261545491215764,0.007166796322554745
2025-05-09,-0.0026902436665714566,0.0007897151429940188
2025-05-10,-0.0029458086255069876,0.004009472344858371
2025-05-11,1.0002059444422993e-05,-0.0025497609473371847
2025-05-12,0.0016465175956743151,0.001290387186176305
2025-05-13,0.00016536343694050724,0.001556066598297595
2025-05-14,-0.0014469761645929393,-0.002257868468042726
2025-05-15,-0.0012426014625647774,-0.0022632263907981457
2025-05-16,-0.0008155798760396629,-0.0008158627231922606
2025-05-17,-0.0008451660501404965,-0.001353434664434788
2025-05-18,0.002753121754152757,0.0034213951942781446
2025-05-19,-0.0005586259170820164,-0.0009586937863865439
2025-05-20,7.798360741506359e-05,0.00028684028843857566
2025-05-21,0.002764825708068708,0.002150032841524989
2025-05-22,0.0016057856150789654,0.0020382282199690833
2025-05-23,-0.00496787435806853,-0.004388571314522595
2025-05-24,0.000988145110742293,0.0006028767337555967
2025-05-25,0.00034127316511169885,0.0004382762179167319
2025-05-26,-0.0009218037956000827,-0.0004267084135066992
2025-05-27,0.0034100976572464603,0.0015778011595115893
2025-05-28,-0.002472737719741866,-0.0011462082509242025
2025-05-29,-0.006552408583574192,-0.0030333001421073954
2025-05-30,-0.014068298749215046,-0.006489753671901384
2025-05-31,0.0020554766460460475,0.0009409696192122574
2025-06-01,0.0020420804089623617,0.0009932069490890233
2025-06-02,0.0008172956518706956,0.0008872935645757794
2025-06-03,-0.0001010813893552949,0.0001592996394078688
2025-06-04,0.002050373873562457,-0.0006666408069672348
2025-06-05,0.0013922858407645592,-0.003040148465904257
2025-06-06,-0.0022944845306501435,0.0014468807767279647
2025-06-07,-0.00030475537052527017,0.0011313419896920906
2025-06-08,-0.001528121552864959,-3.340366634068607e-05
2025-06-09,-0.0014657715902170981,0.0032805804449111417
2025-06-10,-0.0023287382056707863,0.0011020392801280579
2025-06-11,0.0024634213320902433,-0.0011691416842846626
2025-06-12,0.004497818773601005,-0.002320557210983194
2025-06-13,0.002443112080223071,-0.0001005186508134946
2025-06-14,0.0014197455371361206,-0.000921007433185506
2025-06-15,-0.002189401420888639,0.00013562841012482713
2025-06-16,-0.0001534613812030705,0.0002569680333014198
2025-06-17,0.004935390980205945,-0.0007374973040891991
2025-06-18,-0.000654806335937494,-3.4202068416343116e-05
2025-06-19,0.0003278543087860293,-6.0632046005581545e-05
2025-06-20,0.004219120587826353,-0.001066621543526554
2025-06-21,0.00373846640290183,-0.0012677814339318223
2025-06-22,0.002490601009834376,-0.0007768012507061181
2025-06-23,-0.028121816238151492,0.0006718657717210368
2025-06-24,-0.004235625468770562,7.299207510123707e-05
2025-06-25,0.008243742639292229,8.381448704214114e-05
2025-06-26,0.008264058530104,-3.989041971930193e-05
2025-06-27,-0.004852814707792628,1.922669052476611e-05
2025-06-28,-0.00865207925304699,2.384822743383226e-05
2025-06-29,-0.010556149371177267,0.00015691360862514985
2025-06-30,0.0024982762959767767,-0.0002748818064754091
2025-07-01,0.0020138204432785397,-0.0023471526064513105
2025-07-02,-0.004229677775521821,0.003108904788414247
2025-07-03,-0.000893154655296225,0.0005084564387348087
2025-07-04,0.002815042488540923,-0.0018279089306720985
2025-07-05,3.322930936197082e-05,0.0004497335439785472
2025-07-06,-0.001210716778800789,0.0009744689935851
2025-07-07,-0.00024125737070257753,-0.0010454700237185182
2025-07-08,-0.00012055176972407168,0.0010468576115514718
2025-07-09,0.0008529878986297612,0.004152275922995928
2025-07-10,0.0009034292260945522,0.006331814148269966
2025-07-11,0.0008536731756669174,0.002412195077818463
2025-07-12,-0.0008115459330602626,-0.0015224948218695391
2025-07-13,-1.0796363999398666e-05,0.0022384368226792046
2025-07-14,0.0031183379408456177,0.0026621419049937364
2025-07-15,0.0018168288701836588,0.0015517530950883338
2025-07-16,0.004266665117170833,0.00364514133930717
2025-07-17,0.006859507082029694,0.005863947925342733
2025-07-18,0.0005499836752816652,0.0004706308210294969
2025-07-19,0.0020526481598440575,0.001756647547673035
2025-07-20,0.007059939627864026,0.006044163319932963
2025-07-21,0.004861694297523292,0.004244693053449612
2025-07-22,0.004434007275172701,0.003873694625894428
2025-07-23,-0.010225245858614524,-0.00893816196799145
2025-07-24,-0.0035396739025470854,-0.003090139074232098
2025-07-25,0.004075342318319484,0.00355619153666633
2025-07-26,0.001659429230378084,0.0014487940320540875
2025-07-27,0.0070071202657843775,0.0061159665457734555
2025-07-28,-0.012332377443608976,-0.011832865965353241
2025-07-29,-0.006349817093513094,-0.006038371228543163
2025-07-30,-0.002957475793753471,-0.002873779833454191
2025-07-31,-0.009350013265369187,-0.008905705470220751
2025-08-01,-0.008488680468192051,-0.008014160265331922
2025-08-02,-0.007490068605970117,-0.0069897191269157125
2025-08-03,0.008898258616601271,0.00837224308634635
2025-08-04,0.007149979590479237,0.006730558809540284
2025-08-05,-0.006794366625675878,-0.006463275597329536
2025-08-06,0.004010693611692383,0.0035915180306724716
2025-08-07,0.01023416433029606,0.009819763802135485
2025-08-08,0.0032996255927343616,0.0030717317580208447
2025-08-09,0.004690251196133132,0.004594603397114057
2025-08-10,0.0014710956732916032,0.0010688992159061754
2025-08-11,-0.002377678909089314,-0.004097749705337374
2025-08-12,0.007506554407450582,0.008887846861595551
2025-08-13,0.0037627239720167275,0.004556000400961359
2025-08-14,-0.008961969735135397,-0.010405773522819975
2025-08-15,-0.0026979510155748765,-0.0023874178885094246
2025-08-16,0.0020796318952084943,0.0019109094274478578
2025-08-17,0.0019751109771914146,0.002287891482421981
2025-08-18,-0.0034570002731676096,-0.00390963815496477
2025-08-19,-0.005682688055840559,-0.006318272101813344
2025-08-20,0.006316789527111488,0.006612472648287069
2025-08-21,-0.003605158070236372,-0.004334423399683095
2025-08-22,0.011752981310857743,0.012583817763149591
2025-08-23,-0.0005815784335178243,-0.0009682076600269478
2025-08-24,-0.0017029762957026906,-0.0021994754774310914
2025-08-25,-0.010616378280760723,-0.00881716534032203
2025-08-26,0.004680850117519552,0.00376333543069907
2025-08-27,-0.0014356989715702453,-0.001085098990383789
2025-08-28,0.0028762626167963914,0.002389260089976018
2025-08-29,-0.004431228271550363,-0.0037656538066881207
2025-08-30,0.0003820854288188414,0.00036577052370948487
2025-08-31,-0.001350869016573123,-0.0011896405105204682
2025-09-01,-0.001544481399286168,-0.0013965993064707488
2025-09-02,0.0034250673750312673,0.0031103567238796328
2025-09-03,0.001754733670952752,0.0013974336240536655
2025-09-04,-0.004027230312306069,-0.0034478413912991377
2025-09-05,0.0023723729181258303,0.0020601293720985186
2025-09-06,-0.00026909826730201484,-0.000317812662547637
2025-09-07,0.0021461742731483263,0.001851800159136688
2025-09-08,0.0018438390769796992,0.0018270163839967503
2025-09-09,0.00021323636049282125,0.00016597214527254518
2025-09-10,0.0030155055725908007,0.002581180329977835
2025-09-11,0.0020401078623362872,0.001672030336678109
2025-09-12,0.003421645201816396,0.0029494934072005724
2025-09-13,0.00041966542341065056,0.0006947357145534482
2025-09-14,-0.0026712818232310157,-0.00251714864879541
2025-09-15,-0.004805523596730978,-0.0036904719691651525
2025-09-16,0.0033412198851955318,0.0025278299888033167
2025-09-17,0.005051265680372834,0.003980218061528656
2025-09-18,0.0020753836940772094,0.0015674833788693002
2025-09-19,-0.006480616333102265,-0.00522332377057148
2025-09-20,0.0016858153053174228,0.0012119302698412103
2025-09-21,-0.002440729917630516,-0.0020019015448126884
2025-09-22,-0.008363674872643063,-0.006915619323486613
2025-09-23,-0.0011337101640496415,-0.0009725346454861097
2025-09-24,0.0004678191634699847,0.00041336991726371916
2025-09-25,-0.010847848332329303,-0.008811685754718681
2025-09-26,0.004332066673395091,0.0035401182407245307
2025-09-27,-0.0008793504939184261,-0.0006673872775472018
2025-09-28,0.004240101801099051,0.003479498009997695
2025-09-29,0.0021316978832497074,0.0017171150594295385
2025-09-30,-0.0023051772473693523,-0.0021268732344506876
2025-10-01,0.009695619665364866,0.009187460173453205
2025-10-02,0.006946381838722646,0.006811901670944966
2025-10-03,0.0032545481831981263,0.002776114454640031
2025-10-04,-0.00407306616778244,-0.004092037609600767
2025-10-05,0.0006827134961082645,0.0007710870055027492
2025-10-06,0.0069825574413067155,0.006693563152924735
2025-10-07,-0.01209197917482664,-0.011509966622319083
2025-10-08,0.006672547608957448,0.006267872024744578
2025-10-09,-0.006650203349489715,-0.0062846196589088155
2025-10-10,-0.04837674153318654,-0.04541951738003826
2025-10-11,-0.0035246039757671635,-0.003334389295157884
2025-10-12,0.02115258502558065,0.01980486618413653
2025-10-13,-2.8428106583312285e-05,0.0006501136616942512
2025-10-14,0.00022324465221411778,-0.0010067082049417641
2025-10-15,0.0002925316496621806,-0.0007839204845826652
2025-10-16,0.00043530855775217775,-0.0006152198307268311
2025-10-17,-8.655841273954494e-05,-0.000552399789536364
2025-10-18,-0.00019514392974349804,0.00045161209634106674
2025-10-19,-3.6461971916104965e-05,0.0003879233559970429
2025-10-20,-0.00010530017929036646,5.7954168288679576e-05
2025-10-21,0.0006185360942144965,-8.893806641874384e-05
2025-10-22,0.0007921589357435957,-4.267822882992318e-05
2025-10-23,-0.0006241623679417164,9.344880862919341e-05
2025-10-24,-0.0007646413165218655,4.723663587436127e-05
2025-10-25,-4.417665096216849e-05,2.776837866576964e-05
2025-10-26,-0.001019431173229869,0.00016229490528756524
2025-10-27,0.00052834728951806,1.7193650611052815e-05
2025-10-28,0.0004486670695616074,-0.0001542047770251892
2025-10-29,-0.00012389476415534858,2.526230270711688e-05
2025-10-30,0.0011122544736852924,-0.00024326553125508414
2025-10-31,0.00044780378369710453,0.0003290761154745802
2025-11-01,-0.00031757846317520473,7.550370668341999e-05
2025-11-02,0.0001856427938389658,4.154647789436465e-06
2025-11-03,0.0021387820685350926,-0.000250330121685429
2025-11-04,0.0003956926006006773,-0.00024847538633499043
2025-11-05,-0.0006478094456569246,9.555362809395652e-05
2025-11-06,0.0008237316768083415,5.8831631896128704e-05
2025-11-07,-0.0012082723809658275,0.0002826756965850846
2025-11-08,-9.459525244785815e-06,-0.00015880694972453794
2025-11-09,-0.0002601051113216618,0.00011756717430879878
2025-11-10,-0.0013602289096182848,-0.00012357478184993854
2025-11-11,0.002112008657638074,-0.00022027331992885437
2025-11-12,0.0005412898931870561,3.263329905157434e-05
2025-11-13,0.0013703024872418973,-3.211293863803377e-05
2025-11-14,0.002023297159301263,9.471874359857628e-05
2025-11-15,-0.00023019278460970375,0.00012096222902624335
2025-11-16,0.0005517864381556299,-3.204547228858255e-05
2025-11-17,0.004474079099568553,-0.0006053625917892627
2025-11-18,-0.004900859628953127,0.0002692520039846236
2025-11-19,0.004368435561895973,3.649961479376747e-05
2025-11-20,0.007467675616915153,-0.00033630399680995514
2025-11-21,0.005801343190239977,-0.0007566143251115133
2025-11-22,0.0008608543696819128,-0.0001612147495738989
2025-11-23,-0.0028761659299055076,0.00032681380205987567
2025-11-24,-0.009969464611656932,-0.00021449437202714916
2025-11-25,-0.0016463254002015027,-6.0801001413614684e-05
2025-11-26,-0.0037218677237078643,0.0002543999590053642
2025-11-27,0.0002947682051333304,-0.0002009490259900197
2025-11-28,0.002340727649402657,-0.0002799395424610543
2025-11-29,0.0015999287059389434,-2.5088847975897214e-05
2025-11-30,0.0027651398576022416,-0.00019529320579325562
2025-12-01,0.00850300987453305,-0.0010736943352128438
2025-12-02,-0.013720748743816074,-5.7334674189841246e-05
2025-12-03,-0.006516897111620403,0.0004596538492725429
2025-12-04,0.004633831657779527,0.00016336222165908498
2025-12-05,0.008587462927437253,-0.00022372176666038133
2025-12-06,-0.0015208274042619394,-8.657137716144251e-05
2025-12-07,0.00026932437137817397,-9.947560475366278e-05
2025-12-08,-0.003617485839362293,-1.781905158237365e-05
2025-12-09,-0.004558332667085336,0.0001548233123164089
2025-12-10,0.004201671550452596,-0.0002332396112690474
2025-12-11,0.002142980810227883,0.00013182956116440664
2025-12-12,0.004449473631233134,8.351969054426669e-05
2025-12-13,-0.0012629511975943235,1.2031772461137914e-05
2025-12-14,0.004322106111167154,-0.00046334943755146083
2025-12-15,0.005332757406082038,0.0002387289068734131
2025-12-16,-0.0005307369584767322,2.5231085540130226e-05
2025-12-17,0.0077524021440548135,0.0001583979782542968
2025-12-18,0.005723360039502593,5.951198122392641e-05
2025-12-19,-0.007946278649444694,0.0005408585425846627
2025-12-20,0.0005309072968165083,1.5819660444745766e-05
2025-12-21,0.0005005049600243026,-1.3019323997698162e-05
2025-12-22,-0.0003403679227152374,-0.00013465663143181046
2025-12-23,0.002704101216268528,-0.00014833157058520848
2025-12-24,0.0004180390502978342,0.00014873074244041649
2025-12-25,0.002414180729070883,0.0002180273051214837
2025-12-26,-0.0022259577266209975,0.00014512290207384167
2025-12-27,-0.0026366813666552275,0.0006708769607068121
2025-12-28,0.0010288896284472862,-2.3845547694907062e-06
2025-12-29,0.002320747891899102,-0.00021256773387569842
2025-12-30,-0.0013737085473441843,-0.00014729340697815943
2025-12-31,0.0039600989853738645,-0.00015457598869403298
2026-01-01,-0.008452620636163706,4.726141277277672e-05
2026-01-02,-0.013433351509413063,-0.00010470836876739283
2026-01-03,-0.00033769383788471806,0.0011516370514160885
2026-01-04,-0.007802712423509718,-1.539411071420468e-05
2026-01-05,-0.004536715564551293,-3.0089622147288077e-05
2026-01-06,-0.0017697379603244976,8.77010821309182e-05
2026-01-07,0.0046247618936270316,-0.001397994203368666
2026-01-08,0.001994378713735368,-0.0003449282883005421
2026-01-09,0.0012730467733414426,0.00032276184414312446
2026-01-10,0.0009491037632446794,-0.0004185136960602407
2026-01-11,-0.0010450929080134408,-7.665269637588946e-05
2026-01-12,0.0015217047911316006,-0.0003214487146517936
2026-01-13,-0.010290368687277243,0.0003995862043397389
2026-01-14,-0.0002441888322696395,-3.085835338424627e-05
2026-01-15,0.004593009118997315,-0.0005764942370155546
2026-01-16,-0.0005922533068537592,0.0002235373941851967
2026-01-17,0.0007254279128152665,8.203135840878509e-05
2026-01-18,0.005568492032230825,-0.0002953301547685815
2026-01-19,0.003340114556546175,-0.00036276953802819164
2026-01-20,0.007833607978637218,-0.001170090367014211
2026-01-21,-0.0025268371445103955,0.0007224219044360743
2026-01-22,0.0022965077036137837,0.00044396851285983304
2026-01-23,-0.0006587378185890838,2.0210146915792514e-05
2026-01-24,-0.0006332200273477912,-0.0001503425488300929
2026-01-25,0.005105738002371648,-0.0013017147815774645
2026-01-26,-0.008692020908877923,0.00022535176064291884
2026-01-27,-0.007516990898961537,0.0017360892881880022
2026-01-28,-0.0007558585005204135,-0.0003401034675059505
2026-01-29,0.014607544356079197,-0.001969536373019457
2026-01-30,0.00382012646777923,-0.000625381053819558
2026-01-31,0.01362414537301981,-0.002628086612910767
2026-02-01,0.005849293554671351,-0.0003093842275087171
2026-02-02,-0.005541275673732429,-6.664114254880805e-05
2026-02-03,0.0059805226953363955,-3.076145155823733e-05
2026-02-04,0.005007572115446783,-3.2495912811553984e-05
2026-02-05,0.02632238997718475,-0.00026428583321672897
2026-02-06,-0.018109167077966077,0.00017275370418909114
2026-02-07,0.0012862431260562352,-1.9396822607310606e-05
2026-02-08,0.0017474235523021174,0.0004304685964406776
2026-02-09,0.00013502603597008027,0.0
2026-02-10,0.003073046367469644,0.0
2026-02-11,0.00223480346173889,0.0
2026-02-12,-0.0015166019902301052,0.0
2026-02-13,-0.0036697079763164542,0.0
2026-02-14,-0.006573041629329694,0.0
2026-02-15,0.004342235193942644,-4.214757804235861e-06
2026-02-16,-0.0006593295245053458,-1.5806891320885955e-05
2026-02-17,0.0008617957421402831,-0.00035875869139327855
2026-02-18,0.002425691514747867,-5.82685082714511e-05
2026-02-19,-0.00013023204516743496,-3.738590202548181e-05
2026-02-20,-0.002095722771627522,5.969377791069784e-05
2026-02-21,0.0004724003190999157,3.96716747056619e-05
2026-02-22,0.002198489428937334,0.0003071291916194365
2026-02-23,0.003882901919940448,1.9579591892001198e-05
2026-02-24,0.0007991508636769605,0.00013214526203052173
2026-02-25,-0.007813799998698821,-0.0001436165190172705
2026-02-26,0.002133990353524757,0.00011215047794916828
2026-02-27,0.002510469122301201,-0.00044414853050192077
2026-02-28,-0.0016977649043551856,-0.0001424205806608369
2026-03-01,0.0013658681675270986,-0.00010296254449671765
2026-03-02,-0.0021544810490825065,2.4314554619446284e-05
2026-03-03,0.0006596810541475856,-0.0005432313119267398
2026-03-04,-0.004599978075843909,-2.8013941066752795e-05
2026-03-05,0.0019570164179786805,-0.0001073942808152377
2026-03-06,0.0035288354277859075,4.7472430455339175e-05
2026-03-07,0.0010939243876529163,-4.38209611968866e-05
2026-03-08,0.0008728972967582903,-2.6150884230243027e-05
2026-03-09,-0.005094043373034787,0.00022516585131583775
2026-03-10,-0.0021892091609154673,-3.32323800321221e-05
2026-03-11,-0.0010864726038182055,8.378316041635821e-05
2026-03-12,-0.000909256798497495,7.786901973424926e-05
2026-03-13,-0.0008844460936071495,9.991384082370529e-05
2026-03-14,-0.0006752689771996441,9.190256023414005e-05
2026-03-15,-0.004514983502180634,3.185020182927532e-05
2026-03-16,-0.005464790401440306,0.0001532462037481031
2026-03-17,0.002605485848513857,-9.275645375065062e-06
2026-03-18,0.004418889669230975,2.3515407292276563e-05
2026-03-19,0.0019121638545454146,-6.889083002004603e-05
2026-03-20,-0.0010667944448138954,-7.363258884571718e-05
2026-03-21,0.002653390847203278,-2.89099435788176e-05
2026-03-22,0.0010473091943422619,-7.8299654967349e-05
2026-03-23,-0.006592277875227994,0.0002215407263487159
2026-03-24,-0.0007799734312351641,-2.8523901019420408e-05
2026-03-25,3.1281181832103615e-05,0.0004561123053650891
2026-03-26,0.006937418567196811,-0.00024625247790671217
2026-03-27,0.003698314301225338,-0.0004717560389058883
2026-03-28,0.0011694760912490108,0.000341258715488954
2026-03-29,0.0018991115135227074,-2.420713759016547e-05
2026-03-30,-0.003502820099673487,-0.00011314108297718264
2026-03-31,-0.004563165656734042,-0.0004360779854996268
2026-04-01,-0.0007881719568018484,-9.725276638409472e-05
2026-04-02,0.0067097574717728,-0.00015869937851351092
2026-04-03,-0.0015283531243391213,0.00011942297670674992
2026-04-04,-0.001310388268076755,3.8978332568445546e-05
2026-04-05,-0.0014133862248908854,0.00014864945636329486
2026-04-06,0.0016305400610694674,0.00011496207911354864
2026-04-07,-0.011856809946219621,0.0008664233252576453
2026-04-08,0.008114520551830344,-7.730966596183253e-05
2026-04-09,-0.00186017602980876,0.00032825786036084874
2026-04-10,-0.002230910443905984,-1.0580866481011999e-05
2026-04-11,0.0016140157982435666,0.000174361591743336
2026-04-12,0.008848675407128522,-0.00016754580974928968
2026-04-13,-0.01233152135138334,0.0008060050388199821
2026-04-14,0.006509941547737584,-0.00026324175300849523
2026-04-15,-0.0050666931069172,0.0002829621568731787
2026-04-16,-0.012026068360796147,0.0005390960833905906
2026-04-17,-0.004228586453953678,-0.0006271233339813619
2026-04-18,0.009998048109214359,-0.00016779872673844626
2026-04-19,0.006581254977899637,-0.0008401906211863153
2026-04-20,-0.005427593158071046,5.52439924236137e-05
2026-04-21,-0.0020973270138141967,-0.00017499632058379173
2026-04-22,0.0005693731051543248,0.0002704914760823533
2026-04-23,-0.00021428145938197227,0.00016027886047313786
2026-04-24,-0.0001840793468055967,4.992998031889531e-05
2026-04-25,0.0013771429547186258,7.254000917389905e-05
2026-04-26,-0.002352024892092159,0.00016764771465781642
2026-04-27,0.001969853518872051,6.132758701872354e-05
2026-04-28,0.0009554414048588589,-0.00013082776624081518
2026-04-29,-0.0001391698379281981,-0.00021038974508644857
2026-04-30,0.00036912062840285993,2.607370006107543e-05
2026-05-01,-0.0009615223332483226,0.0003495731009866249
2026-05-02,-0.0006673191916351453,0.0003180242191142854
2026-05-03,0.000970525295043114,2.177573292211833e-05
2026-05-04,-0.0002864788754153684,0.00024393340520231235
2026-05-05,-0.0003946156948271539,0.0013060394339944356
2026-05-06,-0.0017810643422194322,0.0006296143118117791
2026-05-07,0.0016271895963982767,-0.00026286649917188455
2026-05-08,-0.0020842762681122767,0.0013254149600508871
2026-05-09,-0.0005811962183461628,-0.00013928336879149656
2026-05-10,-0.0048315212015321105,0.0004226194535474762
2026-05-11,-0.004252900859929072,-0.0023097363403106357
2026-05-12,-0.0031461293996075013,-0.0018225614546847862
2026-05-13,-0.0048016912381581974,-0.002574352477251381
2026-05-14,0.006911335169465291,0.0037456922070130444
2026-05-15,-0.00628328491932045,-0.003529340874632822
2026-05-16,-0.005930752001380915,-0.0032513091596436837
2026-05-17,0.0014609081165844143,0.0009075846046406296
2026-05-18,0.0005630344277244843,0.000717874047807379
2026-05-19,0.003851612751393606,-0.000693538151744377
2026-05-20,0.001968195216518972,0.003529545957634109
2026-05-21,3.200383705899255e-05,0.002047270433236882
2026-05-22,0.007170282712051651,-0.0021799308896415853
2026-05-23,0.0002815314106046745,0.0029289293415228
2026-05-24,0.005842222844457911,0.000913909327112708
2026-05-25,0.0022869733819642643,0.0015839735037211956
2026-05-26,-0.001619386986010754,-0.0028623008289827075
2026-05-27,-0.0009148265291079142,-0.0021878495738503743
2026-05-28,0.0003211588400140429,-0.0007896824671555664
2026-05-29,0.001687483584668649,0.0008918660385676923
2026-05-30,0.003903032043195196,0.0029902943392763636
2026-05-31,0.0037039702092830076,0.0017818359815970817
2026-06-01,0.010709434386602648,0.003057670331911005
2026-06-02,0.028385137589269333,-0.0008745019596533597
2026-06-03,0.010149551086776246,0.0016728581797063344
2026-06-04,0.0014675627853030912,-0.006665285353404564
2026-06-05,0.021354801031756465,-0.00405186143360509
2026-06-06,0.0033633472610797477,0.0009934997347658457
2026-06-07,-0.011878835870321017,0.002123763788972725
2026-06-08,-5.856867869512363e-05,0.0004223067592416502
2026-06-09,0.0037008548306871384,-0.0008118169355264065
2026-06-10,0.0038311909214208723,-0.0011380717725664288
2026-06-11,-0.008013551046709394,0.0009683083495326435
2026-06-12,0.0009795122625417152,-4.177293148969817e-05
2026-06-13,-0.004842529340934821,0.00041925963713750715
2026-06-14,-0.004856546674186399,0.0008288010276483138
2026-06-15,-0.003419417730278664,-0.0001229957369323948
2026-06-16,0.003967679286237954,0.0004956624787116593
2026-06-17,0.0020473364731180654,-0.000665311236607092
2026-06-18,0.0074363995154626515,0.0003622901118405459
2026-06-19,-0.0008307493766404845,-0.0005407598419888837
2026-06-20,-0.002388178970164238,3.853694753547619e-06
2026-06-21,0.0032758250791201757,-0.00013440242779048226
2026-06-22,-0.0016315247076945432,-3.882294271896783e-05
2026-06-23,0.003987197182066143,-0.0006133566643574664
2026-06-24,0.005740692243295511,-2.254711660687214e-05
2026-06-25,0.004366866924311586,5.464100161292175e-05
2026-06-26,-0.002465069530100413,0.0002165799821490259
2026-06-27,0.0012376982792745848,-0.00031216136433526837
2026-06-28,0.0007662998859563484,-8.438387457355486e-05
2026-06-29,-0.00408787305024013,0.00013887483908194836
2026-06-30,0.00434977280677192,1.2663551385392122e-05
2026-07-01,-0.005051217488978645,-0.0003609126311848125
2026-07-02,-0.006267846205710431,0.0005728856912263
2026-07-03,-0.011467011143346214,-0.0003447509235604961
2026-07-04,-0.00020939522091487913,0.0007078085893863398
2026-07-05,-0.0001834870015195849,6.866984414848975e-05
2026-07-06,0.0006298736623275428,-0.00018529854801141885
2026-07-07,0.0013567189267620187,-0.0005156936506597602
2026-07-08,0.00010909997330560463,-0.0006771250571250587
2026-07-09,-0.0003391498076886582,0.00016591444435800463
2026-07-10,-0.002241338638077581,-2.479776689850042e-05
2026-07-11,5.808481517610286e-05,-0.00031615390787505287
2026-07-12,0.0006051748921004021,0.0003085842763995848
2026-07-13,0.0031663708406471387,-0.0008646785322043278
2026-07-14,-0.007069099764464074,0.0012051794307054713
2026-07-15,0.0011310233415063584,3.4747990094843607e-05
2026-07-16,0.002463136865077499,-0.0014206294630833157
2026-07-17,-0.001107589066080928,-0.000126194125003442
2026-07-18,-2.311633394891099e-05,0.0003641006219935176
2026-07-19,-0.0013838938516434005,-0.00010112361406332288
2026-07-20,-0.002228311234543819,0.00016884310909840832
2026-07-21,-0.007055360226070569,-0.0004044136450239997
2026-07-22,-0.001662919414250002,-0.0005110280326315176
2026-07-23,0.007501857226129609,-0.00043972436827125947
2026-07-24,0.002846566023536369,-0.00029406645434112587
2026-07-25,-0.0021758945543375024,0.00017268530319643208
2026-07-26,-0.008637814176048555,0.00016703328844242757
2026-07-27,0.005412513994151151,-0.0013961901878955616
2026-07-28,-0.002992663947352346,-0.00027812585241316083
2026-07-29,0.0008663486365667565,-0.0003280243971237709
2026-07-30,-0.00128428846796685,0.000494144280913559
2026-07-31,0.0022091584436748166,-0.0005154164299144635
2026-08-01,0.001957275276514342,-7.661347316791282e-06
2026-08-02,-0.0055285046525331595,0.0005884824257962832
2026-08-03,-0.0009017688823127484,-0.0006477901123256778
2026-08-04,0.0015569838937474934,0.0005049818044425684
2026-08-05,0.0014404337405186786,0.0003216428186360611
2026-08-06,0.003595335655127748,-0.0003313309666082827
2026-08-07,-0.0017583107389838955,-0.0003597514251305354
2026-08-08,-0.005257535394390492,0.00010725664799876874
2026-08-09,0.001429036519983458,-0.00016340794644508936
2026-08-10,0.0014023470820351545,0.0001729609311034362
2026-08-11,-0.00504441921219246,-0.00023974740584202815
2026-08-12,0.006883056887846197,0.0003014777769546142
2026-08-13,0.0002571172731734912,0.0011594920381189304
2026-08-14,0.003541231796220627,0.0005659305080247685
2026-08-15,-0.0010905483900952755,-0.0004666791500921722
2026-08-16,0.0014096735811745483,-0.00034209715235020247
2026-08-17,-0.00532382639138523,0.0004133205361372652
2026-08-18,0.0040422732186868714,0.001123439421949558
2026-08-19,-0.04252476912704568,0.001841100942713343
2026-08-20,-0.029070382340237195,0.0034147873648182883
2026-08-21,-0.07491492782505031,0.001989235069897026
2026-08-22,0.011897011938985774,0.0033499959843200314
2026-08-23,-0.01756781012527179,0.0009756442682636318
2026-08-24,-0.0006209390562884697,-0.0007681111442508227
2026-08-25,-0.0044187479232282905,-0.0033430524764588476
2026-08-26,0.006281455292727387,0.0042015224458896785
2026-08-27,0.003933157890448642,0.0025960895341437928
2026-08-28,-0.007491121841130682,-0.005091043350303985
2026-08-29,0.0022608886066585055,0.0015805913756835228
2026-08-30,-0.0033942704050536937,-0.0026992672399908445
2026-08-31,0.0013206099641090128,0.0014502187872829694
2026-09-01,-0.0007850113346849931,-0.0006278877465093673
2026-09-02,-0.001617114575592156,-0.001329197918867344
2026-09-03,0.006757609987139752,0.006815240887185029
2026-09-04,-0.000738109541661642,-0.0012471589172118698
2026-09-05,0.0026770057392895277,0.002958593236835713
2026-09-06,0.005148783384299248,0.004779615387351669
2026-09-07,-0.003540109708310114,-0.0030812166572098854
2026-09-08,-0.0004242484724831174,-0.00036908599418836494
2026-09-09,-0.003943225092573776,-0.0034303324983481808
2026-09-10,-0.006779355415218417,-0.005894545626639139
2026-09-11,0.0022302558577915054,0.0019374466638303364
2026-09-12,0.0007520954353454383,0.0006535447071666856
2026-09-13,-0.004063219818172933,-0.003518679337030989
2026-09-14,0.0038193532115132107,0.003548329240937348
2026-09-15,-0.004296733895962231,-0.004404005853330057
2026-09-16,0.003169818730944406,0.0030420735287926774
2026-09-17,0.006061618202118992,0.005610254468853449
2026-09-18,0.00907029417110194,0.008944382414257329
2026-09-19,0.00046845589749225987,0.0007971132134267453
2026-09-20,0.0014684477151560007,0.001401494438240602
2026-09-21,0.005748331298641869,0.0067504473425639335
2026-09-22,0.0016770335797651047,0.0018722881990293166
2026-09-23,-0.0063575419624573816,-0.006931874634324621
2026-09-24,0.0020874024735824453,0.0023924385979396624
2026-09-25,0.0047674512310444325,0.005000854519335449
2026-09-26,0.0011518508820711872,0.000814875033030054
2026-09-27,0.0017031407429621728,0.0016715525275338883
2026-09-28,-0.006710819902725968,-0.005578436496155794
2026-09-29,-0.0008180972758829409,-0.0006792805741735431
2026-09-30,0.003186527488179746,0.002645480110115418
2026-10-01,-0.0017762724367653146,-0.0014754798319939135
2026-10-02,-0.0025749637426412163,-0.002138277045583294
2026-10-03,0.004698267440709718,0.0038997834472807996
2026-10-04,0.00398654621241312,0.0033080454138118913
2026-10-05,0.0001207766800044016,0.00010288321906296277
