open_time,MOM30,MOM90,REV7,LOWVOL,FUND14,MULTI
2020-12-01,0.0,0.0,0.0,0.0,0.0,0.0
2020-12-02,0.0,0.0,0.0,0.0,0.0,0.0
2020-12-03,0.0,0.0,0.0,0.0,0.0,0.0
2020-12-04,0.0,0.0,0.0,0.0,0.0,0.0
2020-12-05,0.0,0.0,0.0,0.0,0.0,0.0
2020-12-06,-0.001,-0.001,-0.001,-0.001,-0.001,-0.001
2020-12-07,0.02195416529461292,-0.015597878521954076,-0.029904937121567072,-0.011000116227863049,0.031112968492455338,-0.009546316791725684
2020-12-08,-0.024494400788401715,0.008345063236831212,0.027509652231070776,0.02174195481483841,-0.02131012712734454,0.013845773651736774
2020-12-09,0.014808857044388208,0.02042176618345039,0.004105628037467656,-0.012709829180045956,0.005461650440876772,0.01143007155948721
2020-12-10,-0.006925564496003815,-0.006128677812764048,0.003457087470220987,0.007465087520069293,-0.0017630736484461151,-0.0022001788916002738
2020-12-11,-0.014105431336766129,0.013671852716315982,0.007243328278913079,0.02417991680938735,-0.007234195577863059,0.025709092184473564
2020-12-12,0.004769100092246291,-0.015248268600729524,-0.010783440463985038,-0.007053608864338798,0.006139429934240386,-0.011548834021653687
2020-12-13,0.008835551414407044,-0.0013062922287628645,-0.0057845841473918155,-0.014475110260707866,0.0004279924758483764,-0.0075459856052208394
2020-12-14,-0.008844812106622966,-0.012562198782395752,-0.01810092949095484,-0.0029098783479016045,0.01495619473733333,-0.014910384143791503
2020-12-15,-0.020568273601223933,-0.03478414402407236,-0.011342904806592682,0.016666550767385296,-0.01622915366096958,-0.019244226549656285
2020-12-16,0.052048702498177966,0.06434967394415204,0.012722565924242018,-0.033135920322176965,0.0010858040354683302,0.04500144995394357
2020-12-17,-0.017432632522843983,0.016085957368490895,-0.004389805509294645,0.02646491808532589,0.025191447049583756,0.020937511330841267
2020-12-18,0.005837540222857444,-0.00798595061265038,0.020989387218357903,0.002353913672185326,-0.011324415904511746,-0.001931685549330566
2020-12-19,-0.023726773158936697,-0.0043039882789469895,0.006703460557120884,0.018051415733153418,-0.0022863131702274744,-0.017058536584346518
2020-12-20,-0.017353640793836382,0.01158028101822023,-0.011761141467836338,0.025804222319425665,-0.015305726253262913,-0.005678534886428703
2020-12-21,-0.004618611060079931,-0.0043714824430391075,0.0026877047945408116,0.013566411992115482,-0.00548096907760676,0.005036383517326962
2020-12-22,-0.0064180090296648415,-0.0055288197245340715,-0.02045912353458868,0.03292126878122627,0.0008212399634199525,-0.0027543492840910134
2020-12-23,-0.023393489981931317,-0.016764516580149443,-0.05675258500683228,0.08627488207835059,-0.024644347634875795,0.007914443625071467
2020-12-24,0.03382712562425312,0.014717958007860812,0.029835798894968166,-0.04425462909558546,0.010116806474383367,-0.009571886978836323
2020-12-25,0.002987268783262626,0.011082045010967264,-0.03438442803606529,0.021772425397284842,-0.009935816295011755,0.00582535126236938
2020-12-26,0.0021635835103440007,0.0023594121685037803,-0.03876329644884317,0.029385272942799374,-0.015092936273190057,0.016961069318329032
2020-12-27,-0.013430843873786485,-0.012590238442847772,0.0010553164972383492,-0.001057245117374426,0.009833403988854537,-0.002067088655117955
2020-12-28,0.022974821157559167,0.013841403548819806,-0.03510061536433681,0.020631494165631613,-0.010385583914386843,0.048997826748015075
2020-12-29,0.009325409052505243,0.013035611366702164,-0.033156593642077556,0.02558621755539114,-0.02049395777964367,0.03686236228371625
2020-12-30,-0.007062791581017653,-0.036965413739924916,0.013265401690143275,0.0014458159910921528,-0.00848932143073357,-0.0487819658451943
2020-12-31,-0.011579927159121987,-0.06620545907442742,-0.007708572458391542,0.009539987311090877,-0.001956494170793846,-0.022700542932148633
2021-01-01,0.017011651328528173,0.027237785392810996,0.019687175344996404,-0.02354919565101891,0.04201886076196358,0.004282765329971492
2021-01-02,0.025172323457273615,0.0206932566642689,-0.04920005164163539,0.02428703906983323,-0.020341230181303425,0.03382342753979108
2021-01-03,0.0036103341757584987,-0.0289812522918426,-0.03344914925093575,0.01615772598017882,-0.052591128825189896,-0.03226754868990651
2021-01-04,-0.011945645835476104,0.005062658553713665,0.005339768465510784,-0.005488236743756545,-0.016644484718723082,-0.00474797423043228
2021-01-05,0.0012135806984980085,0.019992824166147526,-0.016344543214738987,-0.006244064320034548,-0.01636081189659409,-0.0194350866733925
2021-01-06,-0.06689128060343384,-0.003289361285114917,0.006063574760524606,-0.007271519063433762,-0.008459967294586425,-0.003960278703623504
2021-01-07,-0.05042509195878838,-0.023078137005060183,0.024380032481017146,-0.0006383575374602629,0.016375376548866387,-0.014115442484846582
2021-01-08,0.0041305546568054935,0.009989028544685655,-1.1740108252303002e-05,0.001084808874647509,-0.010754693807601365,-0.0002204169762590588
2021-01-09,-0.011816435645411216,-0.012846098087763632,-0.00021139791460787524,0.005060182857247526,0.011997586341935203,0.014918407091739127
2021-01-10,0.008329348513372917,-0.012314491808606443,0.01949335307437417,0.011639280770223541,0.007308647049596292,0.029018515161367397
2021-01-11,-0.002328184463346847,0.002855908103759538,0.002918872415771044,-0.003978577367794546,-0.0005955499938403482,-0.004013694332004187
2021-01-12,-0.001778208305818581,0.0035574489985727323,-0.0027838355980257,-0.003005405956135245,0.005431273384636572,-0.006641532591020096
2021-01-13,0.0074196002871168,0.014440047268866902,0.010921279473573199,-0.004597377867362076,0.0019836948787693397,0.00783669573049028
2021-01-14,0.002331169356233789,0.00917250828900618,0.019288699749544086,0.005772735364543365,-0.00869308278115265,0.008166284100727466
2021-01-15,-0.013400346680837703,0.0071249742154883425,-0.00042740657369863056,0.00314660158014684,0.003059851418394314,-0.0002642247820473203
2021-01-16,0.005707915254265106,0.010686356332459313,0.01486195813243233,-0.0008691005392232814,1.5241008575412988e-05,-0.0029267694904721153
2021-01-17,-0.009957750353161668,-0.0012848943233133188,-0.008321197486950392,0.0016355577847218022,-0.002192592208550527,-0.004721243081511775
2021-01-18,-0.001258899992830744,0.004424572429514758,-0.0006242576268406439,0.002345682737608434,0.0005261174433518274,0.0017776403714435366
2021-01-19,-0.010763945179745861,-0.015001744041808313,0.012637960477532923,-0.0003095104762783923,-0.009490621267234513,0.003136594931794585
2021-01-20,0.012995007639512671,0.013632927760782074,-0.012537426569059231,-0.0041747701347674745,0.006199970316169113,0.004268829130241079
2021-01-21,-0.015202835651329126,-0.01696912974287381,0.008024211570877337,-0.0011567165388327641,-0.0006172989857847044,-0.011296548942727101
2021-01-22,0.017039953610770542,0.01753796801651519,-0.013536929188441404,0.0007689833762051262,0.003365072191408734,0.007361540145412162
2021-01-23,0.007831061422414371,0.011602954643090583,-0.01420725339147448,-0.004306189734940248,-0.003228895607457349,-0.006083352596072371
2021-01-24,0.01932761176741926,0.017814259955606215,-0.025738363890372574,0.007446488104454311,0.0034711977757548268,0.013733880212209362
2021-01-25,-0.006628458567548201,-0.01115533520843601,0.009488822651874234,0.01082276227261905,-0.003975617005063344,-0.0002396986551296518
2021-01-26,0.013757083513021962,0.02053256139048434,-0.01641617999013043,-0.006696312955425917,0.007180924764416834,0.00873653415519155
2021-01-27,-0.0005052612232792955,4.777124993780748e-05,-0.0042212128346529616,0.012630261516043637,-0.004774309702724679,0.0004359560850669584
2021-01-28,-0.0014585005125153359,0.0021850467788199815,0.005235732324609325,-0.010166752066601755,-0.0019712177070069364,0.00380903954879335
2021-01-29,-0.005752135667467652,-0.002398010480917474,-0.004443202661741771,0.009548761511606857,0.006172217240397319,-0.0018704158855046798
2021-01-30,-0.002102145949149233,0.006314884317508037,-0.022902393291271198,-0.018470565008355155,-0.024573676131814454,-0.019143485421407258
2021-01-31,-0.00989939558463924,-0.01829540664270526,0.0030793096325390937,0.006521061605538174,0.0021796570620193543,-0.007150818449628794
2021-02-01,0.013904670643357696,0.012895793629275681,-0.0013734967440735416,0.024181731492043317,0.021350348986673613,0.040213628546334264
2021-02-02,-0.01141829257161647,-0.006093125964815072,0.009450971070067541,-0.00790510250379065,-0.012643751206195668,-0.001337311103276726
2021-02-03,0.012366307296479735,0.01671229597450148,0.0009951419512837082,-0.0002024875550923574,-0.008255386207977517,0.012885804327107266
2021-02-04,0.031012091184099966,0.03105007069806641,-0.020351779288800765,-0.020460438411095256,0.018634364142672156,0.0012189916709995745
2021-02-05,-0.0021114706890586247,-0.008870033155364972,0.007894052511444965,-0.0034870400296877005,0.012343030406233272,0.009474896706964966
2021-02-06,-0.016901601758117724,-0.01018457788932299,0.006591392987979824,0.008474437083128016,-0.001460699215946273,0.003112076574914039
2021-02-07,-0.007279053805474761,-0.013005179657734175,-0.005305610773797342,0.006930026678195363,-0.02530791733873801,-0.017307178248310906
2021-02-08,-0.011955045104419939,-0.004174383558960769,-0.0018353316089252058,0.015315006375523157,0.013336324856268305,0.0018240285311377203
2021-02-09,-0.009370801335996064,-0.01889491817133892,-0.00787257478618941,0.03502992881553575,0.019796048333846183,-0.008919494685143326
2021-02-10,0.009038347915515516,0.0027974434323251424,-0.021052065089898174,0.012747350663721813,0.042671623511521754,0.01730310049824417
2021-02-11,-0.0035252503618938046,-0.009795392595162237,0.017844289278211044,0.00796896934713981,-0.03056597593252672,-0.0084193760691845
2021-02-12,-0.012743544389594493,-0.019818269288388677,0.007615218656514045,-0.013039065194695483,-0.04038199436737318,-0.02586482087477176
2021-02-13,-0.027512821968317523,-0.03209160591506783,0.01289894646710285,0.022342780072256836,-0.01656398899657508,-0.0017475180005718485
2021-02-14,-0.012115591659430039,0.01020350405016756,-0.006135273202422432,0.0042258846853025925,0.03518359416439659,0.011965451840101218
2021-02-15,-0.003552734759238041,0.011575525044739497,-0.0010962491838217168,-0.0009810806512613648,0.007274214854129052,0.005142022138185697
2021-02-16,-0.006209825634142521,-0.0037640283484161492,-0.0032843503168295493,0.008449757397746288,0.00031555343674294204,-0.001590247462812231
2021-02-17,0.00255123644707683,-0.007487095590740431,-0.00958937996859011,0.013394440918596246,0.009965840861059056,-0.0011686394001449935
2021-02-18,0.016422086357241256,-0.006667055588160683,-0.0039293246932449784,-0.010620266460222978,0.0012968167163463955,0.00884884719772319
2021-02-19,0.02751985169442257,-0.021416395571492858,-0.051315188938430886,0.019927077098305497,0.060842139874141804,-0.013915066597104469
2021-02-20,-0.0005149445172796037,0.03495157892350822,0.03539671050601331,-0.020312140841357573,-0.010965238343295759,0.04319352009357315
2021-02-21,0.008984811479934577,-0.008702998183237285,-0.014928970958079855,0.004589115772722358,0.015234094715405669,-0.0063991158008410345
2021-02-22,0.0036437551894204618,-0.0019223972976946664,0.002095563418470772,-0.005783473845014586,-0.0010889412752422495,0.0011748651463618484
2021-02-23,0.002786344221189695,0.00567619003893268,-0.00011553620477225483,0.0003041269837758992,-0.0022991530760738304,0.0045942473218133825
2021-02-24,0.006160696667341133,0.00771514921852603,0.003917123393659442,-0.007979925681120709,-0.0010017041113653882,0.011748060578604494
2021-02-25,-0.00016856856024942467,-0.0029092916158732058,-0.003540301282774059,0.0032680207336635795,0.0010517669901483,-0.0018004815462470869
2021-02-26,-0.002323952180157989,0.0004832332230657374,0.00021851107074127743,0.0011783887001669414,0.00078510442467109,0.0071232019508296164
2021-02-27,-0.0018487652004272733,-0.0013011578282635585,-0.0014415603511780764,0.0005789500534220427,-0.00016771978114411867,0.0017027865086363789
2021-02-28,-0.002836280666561977,-0.00221566385757958,0.002339105925991515,0.0025324551147530164,-0.0028837381123040613,0.00195439546948957
2021-03-01,0.001602959509586515,0.007362982380092509,0.0028022101223232586,-0.0033073782081162665,0.006537702528256003,0.00530545623809824
2021-03-02,-0.005244741242232513,-0.005970172258306924,0.0032870287318643495,0.004663517687818479,-0.002337756167130714,-0.0033707789888528868
2021-03-03,-0.003975333820183408,-0.0049446336485913,0.0070410488054947545,0.0055626009313666964,-0.00798775781016828,-0.0009598191942417591
2021-03-04,-0.0038303886876803472,-0.0072339750651883505,-0.0019478490410227264,-0.0065778653079054585,0.0036403050859076746,-0.008967743916036346
2021-03-05,-0.0027531940606207116,0.002695374242420792,-0.001173118774096067,0.0068012304011747324,-0.003334261153045998,0.0005332060727740201
2021-03-06,-0.00542762371289055,-0.0007291811155535308,0.0015012022679002505,0.001282542656467325,0.002379700329659243,-0.003687040961350008
2021-03-07,0.002181602653490781,0.0022194422247206547,0.0022078339765038276,-0.001209397358711848,-0.0006969623547451949,0.0019006931266087944
2021-03-08,-0.007523485773476292,0.0019094322845121807,0.003579049867187027,-0.001282595653301441,0.0025876601261510057,-0.009062708520418076
2021-03-09,0.013841678254012321,0.011326656548592728,-0.003397973628160936,-0.017876267497200123,0.00723748566426235,0.01510654495293224
2021-03-10,-0.0005211562677858567,-0.007877788172771323,-0.0008876144736120564,0.013056461797696326,-0.005967598526902975,-0.001995962894828805
2021-03-11,0.0018363289301773,0.00425136274916968,-0.006266510974593365,-0.0029972404680117244,-0.0016947385273422468,-0.004242662515299371
2021-03-12,-0.002300232657954311,-0.004322123313854724,-0.003772146195257016,0.004177752106414361,-0.002297657773506822,-0.00642718016938423
2021-03-13,-0.0026112321108472634,0.00031973002386873967,0.001558352984580446,-0.003674436310105355,0.012265158367175741,0.004019395158762481
2021-03-14,0.0022155393988190805,-0.0012138028684036883,0.0003752673906118958,0.0028953908667655576,-0.005221823637417267,-0.0019078541415316758
2021-03-15,-0.0066296028936636605,0.0005780653718952897,0.0036437313148240716,-0.0035840335738401155,-0.0010017518437759486,-0.003562153058707457
2021-03-16,-0.008164448922766972,0.0011152398313571143,0.004106059755967621,-0.009968697555348573,-0.007179946419242718,-0.0024201132437450708
2021-03-17,0.004000397983883772,-0.0016702662731753201,0.005233505281652584,-0.00034489337547713574,9.062328593888045e-05,0.007575424465260436
2021-03-18,-0.002808237250645344,-0.001139012768790558,-0.007586998042573282,-0.00284877055007996,-0.0025923315556587827,-0.011849453488551398
2021-03-19,0.0026750665253158965,0.005993493681821673,-0.002409929829879793,-0.02316022619949679,-0.015051941173464898,-0.009643120974975355
2021-03-20,-0.007470224827984662,-0.014075956555259927,0.0022646938725480468,0.018411672248870213,0.013104064745235346,-0.001318907025101985
2021-03-21,0.0055231377894257765,-0.0005608837563509682,-0.0016617905904512888,-0.007867729166123705,-0.002526194107773749,-0.0015120424685838962
2021-03-22,-0.009874993104186935,-0.011936109039777794,0.0016131716105235408,0.007755238452073638,0.007917743996003694,-0.0013593826067351388
2021-03-23,-0.017948720316487077,-0.007717705235181428,0.003749900592250238,0.008463402211738389,0.001989049474978461,-0.0019366429064161595
2021-03-24,0.012821458645142928,0.007528338538165906,0.0006953742988785449,-0.004209892428863468,0.0025828361295430467,0.006258631089065605
2021-03-25,-0.0043112894738071466,-0.005447567225309157,-0.0013176087535586934,0.0030620071509092034,-0.0014835560876507031,-0.0029176244346929333
2021-03-26,0.007303567138155115,-0.00044981645656805985,-0.0021023471535883188,-0.0036274947243267385,0.001223440746416028,0.0009513022260443689
2021-03-27,-0.0073841552362682175,-0.0003932738828860367,-3.9603987647742405e-05,0.005001845095612834,-0.0010322400261740202,1.728490390639424e-05
2021-03-28,0.0059261334429904135,0.006028283858696196,-0.003952370551516607,-0.011188719086566159,-0.008573738418361064,-0.006756542784363293
2021-03-29,-0.008132847557772098,-0.006980728376935774,0.010599414466948526,0.0074415442706324405,0.002559236674231697,0.004378589718482479
2021-03-30,0.015724722438854442,-0.007792822061343934,-0.00829275616901661,-0.009701874927439964,0.009503203947028102,-0.006235313290923049
2021-03-31,0.02303071558637422,-0.017084012450200727,-0.05024871769809615,-0.018496840663211785,0.021289181297524894,0.002980770951872154
2021-04-01,-0.017426679554544973,-0.026477898104911794,0.02272094588162677,0.022291522363664655,-0.0023393651882553336,-6.170817534793393e-05
2021-04-02,-0.02325242229055813,-0.010637264353077776,0.02182254945048628,0.01427409210483815,-0.011228018677003496,0.0020099911857453328
2021-04-03,0.004304655461432943,0.018598447241399807,-0.016661840675679707,-0.015004543419208653,0.01480895629000788,0.012803003259779571
2021-04-04,-0.002360226640652307,-0.013709633302713733,0.026730609492280986,0.0017574169972610623,-0.004959892053741455,-0.002480976514422204
2021-04-05,-0.017509706768659896,-0.011655294471622203,-0.011642424028541896,0.025758475892419634,-0.010851031104307388,-0.03621521877650931
2021-04-06,-0.022232676339433648,-0.007667778918781389,0.01415312283574029,0.01836482094216931,0.008703151987522108,-0.011545235586108975
2021-04-07,0.042812932586769374,0.020651375525051602,0.040584498646660444,-0.0013655025730060037,-0.02305986899765234,0.05232311862994083
2021-04-08,0.008884191634392377,0.010004106360619734,-0.0013469170876192129,-0.004895896023311227,-0.011706580438669359,0.005946005759328167
2021-04-09,0.013119057809033097,0.024120920162210936,0.0014950134093029447,-0.01229803400970594,0.013688197971794555,0.03632193588501617
2021-04-10,-0.016117368439530294,-0.021615749130920153,-0.028171510426766983,0.01791428512648849,0.008136811809998416,-0.023278401928773212
2021-04-11,-0.01206161901149162,0.00652635603311642,-0.002628865800182505,0.007252436407543108,0.019749398353047752,0.0005582404050924973
2021-04-12,-0.02619468996192418,0.005400480866554113,0.013492016634431885,0.011844568970958381,0.0028374831983926665,0.005198769654600498
2021-04-13,0.03373039360253858,-0.024281293124551403,-0.017531392686206983,-0.009941521497383815,-0.008677500316676965,-0.023777237187129662
2021-04-14,-0.01015144128291861,-0.01670618171824989,-0.000639733395005872,0.009343341777742549,0.003524831382260763,-0.0015095700147407614
2021-04-15,0.011029428126769282,-0.001450100453657676,0.016854983661609892,-0.0036619616033518256,-0.002522765372189515,0.010301141357071721
2021-04-16,0.03172927428143739,-0.018357145423513625,-0.021791489983870108,0.0032895142300748124,-0.003437304953167974,0.005931577382983779
2021-04-17,0.001130563776587443,0.010664935264074414,-0.0009658236096844776,-0.001566073170598987,0.008941255899316415,0.0038759958523257375
2021-04-18,0.017253797441923752,-0.010980463168218841,-0.024624684734026694,0.007233863426981114,0.009903985821380405,-0.003283645489059475
2021-04-19,-0.0042986152803597775,0.0011988599041263353,-2.4989333156198637e-05,0.007019488079644998,0.018335095178106307,0.020217291674189935
2021-04-20,0.003471065928521949,0.005497296692079582,-0.001948715913001844,0.002678104786588914,-0.007585800627567193,0.0009004977267987863
2021-04-21,-0.0051091845371759445,-0.0008861671856521993,0.0011335605850337524,0.005594324715706636,0.014589131476728317,0.010372289379478773
2021-04-22,-0.0011533187358517263,-0.0005154033063933042,-0.006047891295618692,0.011602978271420447,0.034374731708257396,0.027078720597834872
2021-04-23,0.003590272317495313,0.004029248024505619,-0.005421703091532948,0.004917159594905076,-0.006646985781266219,-0.003948633265667749
2021-04-24,0.00635243406163324,0.005579037408155172,-0.007275257305729165,-0.001534652111431931,0.018610105309687666,0.014542371612278462
2021-04-25,0.00019574766262509316,0.00808419076585671,-0.007953729961852913,0.00427949728231536,0.01351498687866037,0.014634488470457596
2021-04-26,-0.008818078536001346,-0.0015501523446348011,0.015756658436053877,-0.02036534501956125,-0.014586814464899324,-0.005300778841474349
2021-04-27,-0.003650917565623858,0.001577626817944189,0.010922171174709753,-0.007048047881525189,-0.018731708669999236,-0.013592842941657152
2021-04-28,0.006105690029799241,0.01647679853080242,-0.010447001293026904,-0.010822810738604494,0.022529374491491706,0.013590657090541676
2021-04-29,-0.0027833372146625216,0.006197702856131929,0.004582195502652327,-4.726814930910517e-05,-0.008396080195259656,-0.011607596111213876
2021-04-30,0.005477221585503859,-0.0001364677064545043,0.01765710327622402,-0.02330946386564268,0.010636864440650809,0.013458989030219802
2021-05-01,0.02425620770362449,0.0006192290734619953,-0.004017911672823626,-0.008909101777512592,0.020399774214621566,0.027306681102054604
2021-05-02,0.006664907780985504,-0.00340313001626575,0.0031851356043958736,0.015447232365000488,-0.003280626970579255,-0.0011115057977456903
2021-05-03,0.011706925916680197,0.004142643967067322,-0.012870158223149655,0.005652855396603979,0.018158706688539614,0.013328006744882912
2021-05-04,0.03523878775600877,0.002332783673633807,-0.0300343668639852,-0.01746492204753055,0.03267585901936791,0.004591966710601125
2021-05-05,0.016968372780770426,-0.0038882927058914362,-0.034560682603995474,-0.009295911163791548,0.02512723924037537,-0.003985626310563092
2021-05-06,0.009049468569219872,-0.01660363853827249,-0.03694806791814556,0.024452664261940676,0.04468931518456182,0.0019464778932101138
2021-05-07,0.0077147565114399075,0.01689371334122704,7.94159072521952e-05,-0.02799178038384983,-0.01741689338792716,0.0019499018600814759
2021-05-08,0.002167904136318372,-0.0040400879256372885,0.0031618495569252785,0.027331343211077743,0.018415671431870426,0.012126165222439304
2021-05-09,-0.01937563938999783,-0.028221706754502463,0.024838652651364677,0.020453818655860757,-0.016323502152912492,0.003531986531981387
2021-05-10,-0.003113999371634752,-0.014814450399759184,0.005641061377275263,0.019204871517032564,0.003853489724130288,0.012261516731444256
2021-05-11,0.007752298055711058,-0.0027296892302873213,-0.02526144185891942,-0.01050174878528623,-0.020436122996775406,-0.028891509372226738
2021-05-12,-0.011690124626012629,-0.01194470294905219,0.026864668254896494,0.021391850749518403,0.014444256674305796,0.03398348436860651
2021-05-13,0.003060503896673492,-0.0073807523301653065,-0.010362667988569269,-0.015081424358457262,-0.010802557593754286,-0.02759259454004804
2021-05-14,0.0058391275361513615,-0.006224609219210334,-0.008766371273444068,0.0012078939105886846,0.006302328884667259,-0.00760709628465616
2021-05-15,-0.005162904122932393,0.00294697360627998,0.003995928779468351,-0.005742802245068693,-0.011837535617017912,0.0009463217816414354
2021-05-16,0.0006424561910526506,-0.0004355537355139405,0.0008047542473541822,-0.005179080269606045,-0.0029264013801492167,0.0021251020652605836
2021-05-17,0.006483219169531706,0.01401685376115882,-0.0016072579080197943,-0.007249946764165085,-0.0007868227051234518,-0.003796364274678744
2021-05-18,0.024158850934406974,0.02828825167044376,-0.01755463762616958,-0.01847863162679842,-0.0056798141428610035,-0.0025793864747194737
2021-05-19,-0.016130598438352076,-0.02178262155221103,-0.0018733334430386102,0.02206057579885733,0.009870262043862398,0.005337901659256519
2021-05-20,0.004096601345160382,0.018038511966114834,0.002301924464260319,-0.0015419116017941139,0.005029180161479124,0.0036764399273366047
2021-05-21,-0.005367713822034053,-0.005629571255714267,0.0034051356184154826,0.004732674786950507,0.0026712589634439207,-3.965910407831421e-05
2021-05-22,-0.014159447270273214,-0.01972373408528905,0.008027227729640754,0.009988350278548386,0.0016597910971229938,-0.0003279173345275369
2021-05-23,-0.0023117107332170875,-0.00607575432478589,-0.0004788829869620843,0.0003117053390284322,0.0008802876620480135,-0.0003001092202253835
2021-05-24,0.007036029708176555,0.009437884384005363,0.008850730259370384,-0.025745178451243255,0.021382446580334977,0.019645750920202754
2021-05-25,0.008354060745373244,0.006726861216998649,-0.0010972657017618583,-0.008304029374533079,0.010364764689058425,0.013514708495256768
2021-05-26,-0.006883349197247123,-0.014874341152442393,0.011764041368176124,-0.00207236660366571,0.0035970472476913994,0.0009079362176111671
2021-05-27,-0.0061219929013404594,-0.005975812160910606,0.007794456551137458,-0.0017841416816221452,-0.006656078599372259,-0.004622902798920109
2021-05-28,0.002320187683668203,0.0041008578813177075,-0.008145733591907714,0.004478442339946592,-0.0012348042361760214,0.0004474319984711644
2021-05-29,0.0016858225067189593,0.007010815126838007,-0.00678052182556322,-0.00384724939886333,1.4002958427883816e-05,-0.0031260444758508792
2021-05-30,-0.0006377276626505987,-0.0017626605936257758,0.001459670189207504,0.004595088141361775,0.0011852452492774,0.007616250001794178
2021-05-31,-0.004634025591710369,-0.004544849175978699,-0.004791461238051383,0.004232389136864406,-0.010447357782355433,-0.010151319445032666
2021-06-01,-0.001255133850628626,0.003804771544793316,0.009875301283758393,0.00518032152966448,0.0028640942511057115,0.013439494760465265
2021-06-02,-0.007291321237964646,-8.894670313875973e-06,0.00717591405409632,0.0027981591467346016,-0.0036349534640657878,0.0014895926817365855
2021-06-03,-0.018153230513283086,-0.003151882669348987,0.004463473595064971,0.0039809716032374485,-0.00047106194817970033,-0.006937233067845793
2021-06-04,-0.0006685306043105892,0.0005999683483968401,0.004229093309363421,0.0009584691958950346,0.0005515131342602859,0.005013067824569515
2021-06-05,-0.003777530775365568,0.0008975644672766703,0.0036890999415494486,0.0018023306905806567,0.0028752242637420434,0.003969413431670992
2021-06-06,0.000587913212682645,0.0011473776809809012,-0.0025478623203835406,0.0005035192533545526,0.0009630263241148414,0.0011272372067605558
2021-06-07,0.003596349624284448,-0.0010007325300188281,-0.0003986684769484375,0.005109991914896554,0.0017649735569492358,0.0053971591888947994
2021-06-08,0.0028666852633809047,0.004692653270009765,-0.0009049682273029589,-0.0020437304913250905,-0.001510050414429222,-0.0016651723891515577
2021-06-09,-0.007497599670515433,-0.006271573739936057,0.0025241158863421086,0.005277190242272894,0.002132451680434198,-0.0006934061559899301
2021-06-10,-0.0016146310772786766,-0.0009481065047034189,-0.002603632672691812,0.0032918434879211688,0.0009096546052826517,-0.00037865543409095414
2021-06-11,-0.007758804132586347,-0.0014587427057975652,0.0012842103107123407,0.007820369513945852,0.00744507475869311,0.00616053932458352
2021-06-12,0.006323843388136604,0.008640150086603206,0.0020248856770274373,-0.0008272314630957182,0.0027384120323275607,0.004494306852559444
2021-06-13,0.0006295214428308911,-0.003755200274432977,0.0015910448505659304,-0.000858526558163521,1.5195535259203462e-05,-0.0007375770786267266
2021-06-14,-0.009082898877506941,-0.013271191489739795,-0.0018409660569953172,-0.007238887055400114,0.0055594705561264925,-0.024055529515774044
2021-06-15,0.009260958585247508,0.009603782897920202,-0.001146125973527153,-0.004589935256645245,-0.0026650914129669172,0.008307893216028149
2021-06-16,0.0042419139849065,0.0019385286631622256,-0.005525087384644703,0.0018983630723475445,0.00317297712086952,0.003864703942530384
2021-06-17,0.0031300317161760925,0.0004267057568543836,-0.0033098520212133807,-0.00310623293767697,-0.000970315280953783,-0.00046878770713523787
2021-06-18,-0.00017839329827619476,0.002309096420935119,-0.003207925054920934,0.006544685699333562,0.0029414133004437987,0.008795104826128348
2021-06-19,0.0025459454855092023,0.0015498768035313879,-0.002596169319002614,0.002589418534921899,-0.0008575054588486375,0.005224468821732904
2021-06-20,-0.004478090486707945,-0.006682912786288773,0.005461288956267383,-0.005835455687870915,-0.003781516259713267,-0.008509186290185891
2021-06-21,0.013465053941594998,-0.02002464355381365,0.0028194098852796466,0.004734693911604742,-0.003085107241639155,-0.003047346715296339
2021-06-22,0.005585260349163459,-0.0009999981521457548,0.0011084244766346955,0.00525977455785479,0.003054172545905692,0.002876907085399051
2021-06-23,-0.0071211272996631785,0.01769230627362788,0.005018234418398479,0.00048455293400012417,0.006519358740924703,0.015408460960804515
2021-06-24,-0.004077881753893257,0.004286370910068315,-0.0031679128280443555,0.013451528688027478,-0.0009268831365035325,0.007870749605706497
2021-06-25,0.002240220034473718,-0.00019627785280897369,0.0019311073898999435,0.0023974555059687965,0.0010546875443433685,0.0029358974750080466
2021-06-26,-0.0031394686326313374,0.003024567215949382,0.002569503267465337,-0.0003017129615694423,0.00218275165920357,0.002226446719819269
2021-06-27,-0.002789531901463236,0.002733099561974387,0.003437581152639058,0.0027309240413279138,-0.0055997772887985756,0.0018552989967261994
2021-06-28,-0.021193655167514296,-0.026063427923550944,0.04608703373356308,-0.014846327953852127,-0.060162801031716166,-0.027048091808935762
2021-06-29,-0.023119212144273395,0.02324053010200263,0.006178937459597541,0.001632179380491595,0.038331553247637914,0.022616311552684103
2021-06-30,-0.001495260887427196,0.009052830668809997,0.009500059688691023,0.013475528487644273,-0.014976055441676213,0.008085993355003354
2021-07-01,0.007156497306964811,9.682125258214885e-06,-0.01764580960769465,0.0025684280288661076,0.012119715195780562,0.00043831037022993495
2021-07-02,-0.0045192434395666305,0.002979148992553647,0.00045651507365451706,-0.005327239341572594,-0.006119665482786592,0.00016300178286288657
2021-07-03,-0.00452704385200813,0.0037693358015042098,0.011505376628722716,0.006200264699129298,-0.004790910290929862,-0.0017319531651269879
2021-07-04,0.0008923258238308868,-0.004964777729395905,0.0067990416389517175,0.0188839985893933,-0.017028024961468286,-0.004786535343171067
2021-07-05,0.003571478293471385,1.8995037697860543e-05,-0.018066370664994925,0.0030805216514748473,0.006198152751271547,-0.011266134136395971
2021-07-06,-0.009126891801240511,-0.012268415919979474,-0.014243031045469794,-0.014138120657438906,-0.0037410773251801777,-0.013276582841824081
2021-07-07,0.004121158660724663,-0.015588548135501744,0.004124642329610734,-0.011981499983613919,-0.005320451440505232,-0.009187322640896115
2021-07-08,0.007772101122381314,0.0002580715010586687,0.017707863447004257,0.013281190002260817,-0.001138667443618041,0.016789930185270294
2021-07-09,-0.003415252573335901,0.0005559761325832035,0.0019293297871611744,-0.00013053369171621605,-0.008463096542414186,-0.0008159519939530854
2021-07-10,0.0030603738171281203,-0.004568838778288942,0.0044008685374392524,0.0007070886653488334,0.0075779411486315545,0.007328415634681626
2021-07-11,-0.000298633978907123,-0.0011767470228031653,-0.004081940715942248,-0.0008078477516020031,-0.002234948188865284,-0.0034694856104878526
2021-07-12,0.008009321437279282,-0.0019921140818077074,-0.0017334491418802926,0.006899344220001227,-0.00012156200142389561,0.002773336321425048
2021-07-13,0.0015414805305150932,-0.005561829834205171,0.006338550161936307,0.014174454623413917,0.007355943214214424,0.0003575765160967403
2021-07-14,0.010072565127868754,0.0053750482952352584,-0.0096002293994097,0.0026405505957512567,0.0014704540670760617,0.006171200207284748
2021-07-15,0.0024441151806934972,-0.01366384627500579,-0.009504867346391423,0.006718252519844764,-0.0021843141018871672,-0.013909429728084453
2021-07-16,0.014397750501148983,-0.0039022905489221613,0.005503139682320725,0.016989415770973307,0.00746763868217257,0.015032712495517167
2021-07-17,-0.008102175755848927,0.0062740725078725005,0.010564491908848403,-0.0030264377928560723,-0.0005970179048021555,0.00014800534397977103
2021-07-18,0.0010845754602793571,-0.007201625102727458,-0.000459453852801672,0.0051839255875714965,0.004124756658300231,-0.0031373887413673985
2021-07-19,0.011396881271002099,0.011832571557978481,-0.006156274253042267,0.007719011380431709,0.007736925372763193,0.007449526072794349
2021-07-20,-0.0025839085497749706,-0.004883346782131192,-0.0017779678151018205,0.0057183876271007,0.003389299179035009,-0.005562923857449309
2021-07-21,-0.00108282520909498,0.024683031716440283,0.010055231656871957,-0.06755914504089974,0.02535240089540411,-0.006334723280395425
2021-07-22,0.026776652721048615,0.012904026459741362,-0.02268206271825777,0.017620340805207184,-0.0019948396634448763,0.01740167612132742
2021-07-23,0.08184320141491652,0.08498463033805431,-0.0748484529021619,-0.15752678263264905,0.10633887312609197,-0.0022457141117786755
2021-07-24,-0.009159460099068976,-0.0020282006491836283,0.004507165957164669,0.007336472516175942,-0.00857141290312423,0.005455414176753825
2021-07-25,0.005596311660295159,-0.0028784750490785244,-0.00786610634330627,-0.007915861858207023,0.0009533221027116168,0.004589599496335738
2021-07-26,-0.02425786433938446,-0.014252827080043398,0.03696235048464739,0.03464953096621288,-0.009968743236956066,-0.003333981961955505
2021-07-27,0.02555486610577444,0.002303100026926513,-0.028251495320644367,-0.024059830429313308,0.005794649524927406,0.0128072198207187
2021-07-28,0.000804963441299131,-0.01101617305772509,0.01668105212352971,0.0068117103343294984,-0.002955386646923883,0.0035217880280698434
2021-07-29,0.0004613283451947438,-0.009421921745069048,0.0010777067672646217,0.00132206442981067,-0.015218232919756837,-0.01132712000429595
2021-07-30,-0.00536761417749353,-0.014470907308959407,0.007385295627151571,0.008693746834346589,-0.0037966681109547697,-0.0009384342910938824
2021-07-31,-0.01368354355276568,-0.008904418863458118,0.008737164195345502,0.008121213226873689,-0.00922317970399895,-0.01003311784753431
2021-08-01,-0.02485886189294225,-0.018156356958033363,0.01554650512231952,0.013744021340659864,0.0013257475373262217,-0.017595662387891387
2021-08-02,0.00908213613690835,0.0034844006632087842,0.0030436500758487784,-0.007815471377611755,-0.0002480932386659834,0.0023034486527509553
2021-08-03,-0.006757500536959102,0.0025728521980950534,-0.005924314585282937,0.008300941865731484,-0.00963975807831695,-0.01652433969479603
2021-08-04,0.016793831817495827,0.005921535933116593,0.006467705013492884,-0.016108480517882193,0.0166772484421863,0.032261866617669686
2021-08-05,-0.008310376762971047,-0.0006795161598624619,-0.011397544110096632,0.008626075540809758,-0.008286185151479086,-0.013291394569962865
2021-08-06,-0.0019129386614653223,-0.0022973170688503773,-0.006412728178826674,0.004298518796947295,-0.004330257993796308,-0.0047123687889561805
2021-08-07,-0.03329339416340654,-0.011755855008646954,0.005502128892047536,0.012408569291817108,-0.006948554705467339,-0.03917728879605846
2021-08-08,0.008302359952795192,0.003788770691093974,0.003207122972757386,-0.0006802145174042034,0.006647956089369357,0.023160772725180613
2021-08-09,-0.0014879106688834207,-0.007791080148924589,-0.002064218394766621,0.006879330307613363,0.001109330518855139,-0.0025681219015693466
2021-08-10,0.02061870826150387,0.04017171204172054,0.013953744842084238,-0.029728050280552205,0.013772271998969668,0.03988408001077506
2021-08-11,-0.01677844933164288,0.0016641702416563993,0.005353750191503844,0.011396314214618892,0.0007824427552757505,0.0020002125221092394
2021-08-12,-0.0008469252457916228,-0.0022265433904398654,-0.0036234047963910167,0.004645602828769878,0.00304007777011794,0.002885237932644613
2021-08-13,-0.010181757658730767,-0.0008840868815642,0.0035265928274130776,0.009215601114291492,-0.00238345600498825,0.00016505755163136518
2021-08-14,-0.00833967063855372,-0.02027512857570564,-0.0075834350785104095,0.00417090795256005,-0.004402823699537399,-0.024611965555834902
2021-08-15,-0.002640905668198287,-0.006610815240859546,-0.011961150433938337,-0.0067855253603008,-0.01723729532788383,-0.031613464087565275
2021-08-16,0.0038994405944934355,0.00337164642996961,-0.00690678385326836,-0.0008228611572445416,-0.00010368523076893728,0.0063766583196606585
2021-08-17,0.006871882240599894,0.011884092970025595,-0.008002504308393978,-0.0056135229659570185,-0.0002402245458244578,0.005614715473626326
2021-08-18,0.006852811037473871,0.00343550796812858,-0.012067046038261165,0.0021443918764925463,0.004582366009883163,0.0037514183156360007
2021-08-19,-0.0019686730999991095,-0.011863925132162174,-0.0005107673822902129,-0.003929577131089909,0.0005996063061613956,0.0015578323913550901
2021-08-20,0.0009624466660008797,0.0016720536146257394,-0.0018892007868527494,0.0023396496362058676,0.002732177528227296,0.0027311716699313384
2021-08-21,0.007551394614763531,-0.006037061933291418,0.004356409019016934,-0.025224107566289174,-0.034462824216236906,-0.019095944943056532
2021-08-22,-0.004782132553314935,0.00268530256608857,-0.0059474806805592,0.006897656600692598,0.010836589166169294,0.004276736350879089
2021-08-23,0.006787217669159991,0.005682489673766269,-0.008925256348508775,-0.000555861305376684,-0.002015027376468318,0.003918576655143559
2021-08-24,-0.0013735887105287715,0.0007549415786840776,-0.0021450005676715094,0.006794359182337675,0.006130776173286151,0.006463961238532762
2021-08-25,0.01059006235189098,0.011437143251202488,-0.012258434766032562,-0.010612030799427526,-0.012862447762241703,-0.01392941908955964
2021-08-26,0.0008682079245079776,0.004244694158320584,-0.003320036023013095,0.0048547137646127005,0.003762515710409786,0.008073606472198255
2021-08-27,0.010305966317616079,0.006320329885425878,-0.00778749887905561,-0.004211177519965192,-0.002969104625213284,-0.0036580589828309846
2021-08-28,0.003859455340594486,0.005351482993275399,-0.009096720749224092,-0.0038625079653186,-0.0024968209407435745,-0.003641153992550969
2021-08-29,-0.0033782047673895175,-0.005297477651447746,0.0018661124632360331,-0.004574139558102515,0.001090683096188877,0.003979035939411995
2021-08-30,0.010764598499121432,0.015492030103651045,-0.009968484194945264,0.005581249356442357,0.00526321224234402,0.008990711395967826
2021-08-31,-0.007986562707168786,-0.012793952776264128,0.03480356874651012,0.012360494289595136,0.003304314092056031,0.01813421086979257
2021-09-01,-0.007706491445196953,-0.012924817601303913,0.017573855755888587,0.007795851504852166,0.0024305473457475442,0.0035571499789472097
2021-09-02,0.010685685398260099,0.01217506731348218,-0.0172348786435945,0.0007625372129580185,0.0022191265442059807,-0.001746605396933891
2021-09-03,0.00099030340307009,0.001603983740753127,-0.004237661762968594,0.00756013057743487,0.016259877943486448,0.005910170049918149
2021-09-04,-0.0010142622299732528,-0.015696642277015418,0.0013869199206214859,-0.015078062582114977,-0.013878301396364897,-0.01828994668278127
2021-09-05,-0.011407046694279858,-0.005934747159207483,0.004688724049179202,0.0019893136038786024,0.01137207951260528,0.0013575615254847167
2021-09-06,0.0002520424482589411,0.002913721742971177,-0.012203020565726691,0.00651756117131435,0.005885387497616028,0.0017494611709397956
2021-09-07,0.012179890069095133,0.01543008793254451,-0.010730952420226219,0.015066207080385313,0.011750448510795977,0.013937677121087608
2021-09-08,0.008610578489874522,0.011503422691045985,-0.010076980816811274,-0.002036869882650248,0.001990627594998877,0.0005161837036003807
2021-09-09,0.006254437418403544,0.00012487868452183264,0.004926210920303525,-0.003888372507245877,-0.005285429923028684,0.0027283833418196074
2021-09-10,0.0329320777044764,0.018892824614203385,0.04072878063260412,-0.010854483715871307,-0.012988122905931253,0.024756905051058525
2021-09-11,0.00432275498653374,-0.0049443112957579406,0.004469946804496858,-0.010611543021757232,-0.008990458948475524,-0.0023897055297134252
2021-09-12,-0.004886791210693299,-0.004625223184910903,-0.005814123701313057,-0.000309785229124772,-0.0011963205487131796,-0.004243545936334906
2021-09-13,0.001322461999293304,-0.001719489674316989,-0.002393755489115747,0.007004326591983288,0.00979466714109183,0.00533729299762451
2021-09-14,-0.011050009969840766,-0.012056621908484952,0.008688019951780632,0.015306715979811427,0.009630556107983874,0.006804813446343464
2021-09-15,-0.006113252337090775,-0.003381827941549564,0.007451377410641469,-0.003928625072905761,-0.009535829363871507,-0.0022922839135188448
2021-09-16,0.014414599905539524,0.012928604791539233,-0.007184804406456407,-0.014645799541077337,-0.012009828095358202,-0.006919282011829444
2021-09-17,-0.006245739455242539,-0.00652298873420847,0.0051516471862286944,-0.00026397818504558167,-0.008133146534942818,-0.009933995133912951
2021-09-18,0.00944243855617755,0.0038599853248721004,-0.005117622816962868,-0.0032797019398672425,0.008200336562719799,0.004319853847149394
2021-09-19,-0.0018829779431059088,0.0024314901459073206,-0.0029843684531663055,0.004396443489984293,0.000359743920525354,-0.0015276378658156814
2021-09-20,-0.013769682604532717,-0.010692255584343939,0.005402828461397345,0.018419023203009352,0.01128615727848975,-0.003123889707532158
2021-09-21,-0.0018733462511010077,-0.0002825736112423192,-0.0019463088545049016,0.003143556624131373,0.006275428266260977,-0.000673863351442327
2021-09-22,0.013196375608742364,0.021514181922676293,0.007608695055774979,-0.02321420111393635,-0.01824435844933531,0.013719032913740006
2021-09-23,0.009283170310182503,0.011673747855657337,0.007025467697251848,-0.00930749714409185,-0.009218815192920551,0.008534281920653591
2021-09-24,0.012065266491109885,0.016915098564498042,0.013016210744272238,-0.021165386653821304,-0.023376198525142628,0.011124841959563557
2021-09-25,-0.0032974838322825874,-0.006844102745906337,-0.004559642566339067,0.005834012564352702,0.0027255081259898897,-0.0019596075144147768
2021-09-26,-0.006436775444641202,-0.00891255650147516,-0.005880825909605768,0.012818557791407465,0.010663308229806441,6.115147597240272e-05
2021-09-27,-0.0002686086740200174,0.009047639320783125,0.00641667521997327,-0.006848465388703129,-0.006237793522891208,-0.00303302592987608
2021-09-28,-0.008315068215708014,-0.0017453454163834051,-0.0024928105970046886,0.013202015106747775,0.01622498101048958,0.014334003104912204
2021-09-29,-0.006237768342105842,0.0006425501120619904,0.0048760787151172,0.002796160353864041,-0.0003017456109914271,0.0015256634030959126
2021-09-30,-0.0025727188939031025,0.0042020813441662795,-0.006901282041433393,-0.0023867497988140857,0.0004129835841967759,0.0011741346450902111
2021-10-01,-0.003834195660613256,0.010770697470110504,-0.005972775722331716,0.004244409450124088,0.03689962166821357,0.0379408619294623
2021-10-02,0.0066162443607110655,0.006949057302739835,-0.00681372165790956,-0.009135328680974069,-0.010558700495866664,-0.007138079730749881
2021-10-03,0.005675437057685312,0.0182528134673837,-0.032706272249137906,-0.006610004436378373,0.017627700914494122,0.017831215946123115
2021-10-04,-0.009263777703193582,-0.003653180914674942,0.0033206061274546946,0.0033450339056117426,0.004699473430289031,0.0008729676090107199
2021-10-05,-0.012825481645966993,-0.011383051552039688,0.0070012125711608935,0.011811919842760003,0.0031605605813059537,0.004443317481779392
2021-10-06,-0.00992975647374995,0.00018086585052515383,0.0003680876470623882,0.01416009110788092,0.011316295307079468,0.005656596467771076
2021-10-07,0.004755212275593943,0.024311997936956303,0.0032185690653099164,-0.010869153327838483,-0.0029070713221867055,0.0033437311366861463
2021-10-08,-0.0016870341347872153,-0.0023085729731914225,-0.0019353138802716738,0.004116949613302802,-0.0024761818598102326,-0.011036770876291572
2021-10-09,-0.005806360773911076,-0.008683990149468367,-0.0004097348563236801,0.0031479937987983235,0.0007193452036922206,-0.0024103419165584054
2021-10-10,-0.007412173539574158,0.0027298977414080133,-0.0010650681057666638,0.005376514585542189,0.002400705427216049,0.011211763918362773
2021-10-11,0.011065641126018974,0.005630468184652407,-0.012387689285133506,-0.0026108754336554045,0.006088631577855274,0.0013173776368899533
2021-10-12,-0.0022263658331488014,-0.004456805962583691,0.013854522943820795,0.0027441004871845667,0.0038308273474426226,0.01547803256526499
2021-10-13,0.011316895592522488,-0.011827788500390304,-0.0070136365809631085,0.009411709061939581,0.0019219052761810013,0.005611880870642061
2021-10-14,0.0033439059953513793,0.007099607840783894,0.0065552145853273605,-0.0055224747703044525,0.011442847615784865,0.008275544956023805
2021-10-15,0.0004021861106019562,-0.01757049046661638,-0.014066224590153572,0.016233507323413124,0.0020148467231350586,-0.0017194187116204539
2021-10-16,0.004178973934748471,0.0078983558825431,-0.0004605876552365526,-0.008341228389094405,-0.004139905481457104,-0.0026463343245136622
2021-10-17,0.007736113165234081,0.006944060804655478,-0.009421463854291144,-0.0020532967609371315,0.00249248740421001,0.0021765269396718636
2021-10-18,0.0013783921366144268,-0.007114210088769708,0.0012020620458958926,0.0044775061075656925,0.002048003314041962,0.0012714477955183589
2021-10-19,0.003123441739374577,0.005308637313183672,-0.0015970853336282637,-0.005297862410954482,-0.003746292968750691,-0.001935930206364381
2021-10-20,-0.005690546491015986,0.0032840195348800088,0.0052763460489105955,0.002744756837745615,-0.005272101769315709,-0.005318148145752006
2021-10-21,-0.009381732329375591,0.004936872344829723,0.00023516314883668835,0.003528525124446663,-1.9141163443193033e-05,0.001269049121428234
2021-10-22,0.009409144093427918,0.019940187120039952,-0.003994929007596671,-0.015835369240948534,-0.002955837065800846,0.0006774303272501548
2021-10-23,0.010775201103236442,-0.007450476991099117,-0.004768371599316696,-0.006918167656308608,-0.0037144789324755796,-0.006872717256743499
2021-10-24,0.014960030466103245,-0.0008990779432197949,-0.008257156285684856,-0.0022069921698637403,-0.0017272377268267138,-0.0048924134935703426
2021-10-25,0.02347714381912411,0.022688284079762186,-0.011310174473756967,-0.01941591825268088,0.008468549465760101,0.010676092126093996
2021-10-26,-0.009307842522370642,0.010804610587271942,-0.00867835624369529,-0.01581938553144372,-0.013840914710448089,-0.02056290923223314
2021-10-27,0.11077489254968466,0.05996524036866339,-0.07894315004832167,-0.0633748612431877,0.01408910702720154,0.016498027833923047
2021-10-28,-0.03155851673680838,-0.033326778880380076,0.017432976347596694,0.030406462123717944,0.003710101311303019,-0.013445358138674023
2021-10-29,0.014697573574940219,0.007634337751337464,0.008478622921339855,-0.01712653670534165,0.005250156181940027,0.015782803847501907
2021-10-30,-0.01287434348247549,-0.017134239701326125,0.030431757470870614,0.020836067709507286,0.009008149749617,0.012460276826469234
2021-10-31,0.002943835875044234,0.002858997301558103,-0.014920737816297153,-0.002380567367137959,-0.002158497055650522,-0.012234578871035696
2021-11-01,0.0051051219093443435,-0.002545623925351159,-0.004091642678108626,-0.0007444509360131761,0.023243448484500717,0.01614871944785689
2021-11-02,-0.0017843802067025656,0.0017418510366923627,0.005880372620889352,0.0058512925919995745,0.000996251770410753,0.009441200542696449
2021-11-03,-0.011241125900732528,0.0014321264877578462,0.01743263889053975,0.012089467252762586,-0.012467947372072324,0.00600768261679844
2021-11-04,-0.003325533011641941,0.004378669373710146,0.005925798747990974,4.0496618707343794e-05,0.00328520346020121,-0.0018952961512631783
2021-11-05,0.003192762750249602,-0.004279315211938991,-0.019996157276918572,-0.011252846781600403,0.020875999113356143,0.0028301991527077725
2021-11-06,-0.0030210478836228054,0.008484287485013656,0.005890872980668254,-5.001197964836214e-05,0.005621203867159156,0.012958403042808635
2021-11-07,-0.00974345913323651,-0.0016851392761620602,0.004197213805222801,0.0036431579940537527,0.00018107664954714492,0.0007714218668915396
2021-11-08,-0.006725480067993261,-0.002178741048636777,0.00040786668802659414,0.007440580190176634,-0.02644260299058023,-0.01569255248948045
2021-11-09,-0.011483984545934692,-0.008869399938672909,0.005126513777913335,0.01885214212535266,-0.0002484523700951142,-0.007316540696528879
2021-11-10,0.004493726455171352,0.0022806968839474426,-0.005991603650852763,0.005690469211200073,0.013875573383581115,0.0064286010482105145
2021-11-11,0.0051655801670736304,0.004488017004121062,0.0031352364931212955,-0.005650877674894572,0.012330918853524166,0.009929394342306417
2021-11-12,-0.0028262901292801725,-0.002952558505820003,-0.000717063990509176,-0.00025711823829144547,-0.006538031038859043,-0.005695395216643703
2021-11-13,0.001909389291406634,0.003990568082962575,-0.010453605352752113,0.0011177103480923757,0.004942241570418753,0.0009836659720958278
2021-11-14,0.0014629013673285562,-0.0006246307807221766,0.0017206321721900245,0.00441531229365165,0.0028587877542929074,0.0028406642297848115
2021-11-15,0.00169564839849101,-0.001335082229983825,0.0001401109968419782,-0.0018645006959107624,-0.005512805392470448,5.575625131328129e-05
2021-11-16,0.008852671423805303,0.0018570654304191833,-0.006151656723310704,-0.010122538928882733,-0.02057046126024471,-0.003730700475863877
2021-11-17,0.006452293621754112,0.0013384570167409714,-0.0008498596737551525,-0.006866642653986222,-0.018742237743112913,-0.002070540219443694
2021-11-18,0.012467543342136058,-0.006978193586927318,-0.009311227066674678,-0.015084494022253285,-0.03741026857712325,-0.022653635169907236
2021-11-19,0.012595110478678648,0.015283248575996977,-0.0061298797002249964,-0.013894783774194992,-0.0017999521331028008,-0.000186746017773811
2021-11-20,-0.010080850601374841,0.0010567639785454307,-0.0019790775932692446,0.013141136147140355,0.01823811472939996,0.011195853939836046
2021-11-21,-0.008224336197851788,-0.001136172836762301,0.0028452418421747575,0.009278446076041703,0.01073209773789387,0.015398348879406233
2021-11-22,0.026027654396343868,0.02202733748073336,-0.020492150550620356,-0.024063077529521915,-0.018409792528082707,-0.022372167859987944
2021-11-23,0.004707574076800856,0.006771585479198466,0.021137975680298866,-0.010328703433475096,0.016375854483054147,0.01906902538494293
2021-11-24,0.029946557959450178,0.03626412114616406,-0.02828603646943602,-0.037568690188457585,-0.041440295497744806,-0.05580793949561217
2021-11-25,-0.005525675664832969,-0.008634078735817199,0.0022420408334527194,0.006831167294813427,-0.011337535022866994,-0.005121404812300222
2021-11-26,-0.0016052197349596701,-5.8604247472088046e-05,-0.004229271844253903,0.0028014541475061246,-0.00035599332785319466,-0.0006550537700649718
2021-11-27,-0.004372127402054913,-0.0026982013260115362,0.003967423928979329,0.004618400781677246,0.012373073550950546,0.01628472676810594
2021-11-28,0.012320537435787968,0.010855931003111309,-0.015205900981001844,-0.010585743579696542,-0.018619576909844626,-0.023512852568951206
2021-11-29,-0.01722613625152949,-0.002968666498595497,0.01030433609822547,0.010651188100860107,0.0009878058351041874,-0.004859240299059961
2021-11-30,-0.007285021942753244,-0.0016900159045961766,0.004074932270679713,0.004823621700460353,0.002968925560651612,0.004500788228028031
2021-12-01,0.0021351001710338607,-0.004392417316847689,-0.0008722950202899915,0.001229814021733231,0.009851871429447151,0.011619702747286076
2021-12-02,-0.004990506281423341,-0.008282351256244807,-0.005341643365169637,0.007002756875349317,0.001727646108313378,-0.005549867364794829
2021-12-03,-0.005091119345690464,-0.003323673106742759,0.006063440983155812,0.004092905169187138,0.010010821820398525,0.0033573077603586657
2021-12-04,0.012813787458977655,0.01375552140711939,-0.021106837759061487,-0.00894909098809548,0.0017867529768332297,0.007966771388114652
2021-12-05,-0.007565743893647282,-0.005312484658609299,0.002400517162332693,0.00906475049226932,0.004854059017639569,-0.000894383879515159
2021-12-06,0.006283529839396118,0.006975934112780929,0.010071594012135667,-0.007925185405777501,-0.010394956836968826,0.005033553541312184
2021-12-07,-0.0048333642760305705,-0.002204970262357892,-0.00375719694845582,0.0029086965582438193,0.006270821149321139,-0.004068014041860283
2021-12-08,0.0006721893895054297,-0.005177464300317115,-0.002805636553505738,-0.000712089921895876,-0.002388393916510296,-0.0027927805834882663
2021-12-09,0.006918163641805371,0.0028796233571153447,0.004194009101960663,0.0042788224829742065,0.004508486556353084,0.006373388873076103
2021-12-10,-0.006381396647260836,-0.0002851759161138559,-0.0018402855543751143,0.004430002307647619,0.0031045655149016796,-0.0007777818946223133
2021-12-11,-0.001635675576859215,-0.0027657670585087297,0.007549267351782585,-0.003159695599722101,-0.0028292864661012113,-0.0029463718202547536
2021-12-12,0.0002176123429619232,0.007749461632131846,0.003999045324418845,-0.005249390428443742,-0.0032411298087822405,-0.0005684636320620966
2021-12-13,-0.0006120651987494767,-0.006248527273535696,-0.0006632992989820198,0.01017946129621788,0.0010998934991649312,0.005393013144841623
2021-12-14,0.0029096570509394635,-0.011103613638228515,0.004515867331713676,0.010066697559902539,0.007181100474248736,0.0052166462341696855
2021-12-15,0.0007260844648606889,0.00374781350738957,0.006069992060916461,-0.007920322601244123,-0.003217351036234808,-0.0021372994630078574
2021-12-16,0.00023888325944607352,-9.332241181332924e-05,0.00533341697043786,0.0005306913762336116,-0.008061203600792639,-0.00024592168559033154
2021-12-17,0.004531513292965316,-0.0006785181211311051,0.003885110209793749,0.0012913312989881207,0.0008691278683202587,0.006050498486115669
2021-12-18,0.007600305482161452,0.0008742755399810682,0.0036356431034100215,-0.003930032847694603,0.003324302178225559,0.009432183124500964
2021-12-19,-0.0008159962805785223,-0.0032246962241851123,0.004514848491627345,0.0040887080385880155,-0.003137555172359814,0.0028150532681502755
2021-12-20,0.0014090610269596624,-0.001061217666268456,-0.004445748274955356,0.0053802508637566865,0.0026561500182019746,0.0013421561370716873
2021-12-21,0.0011435459487757265,0.006642112486449599,0.0004884057768442244,-0.00018666041679944392,-0.004311553269132491,0.0038017278060562634
2021-12-22,-0.010292236285575872,-0.012432203045499005,0.0039987522698806035,-0.0015956995969548485,-0.004625191550270722,-0.013933115547148973
2021-12-23,0.004760834833251617,0.009551260824884316,0.005404178971038027,-0.020782282986918355,-0.006011622502673816,-0.009391821480366635
2021-12-24,-0.011172031320355238,-0.007338625062964027,-0.005948420604941051,0.008157239628425694,-0.008751899343864718,-0.014910211013302591
2021-12-25,0.00895090097831351,0.00899260477508676,0.001683559636400032,-0.01572792182613964,0.001545474250157779,-0.0023004622006259504
2021-12-26,-0.007608824900779914,-0.0018858809854676573,0.0008069426742081333,-0.005802689217380443,-0.006829319110019683,-0.011589381002295016
2021-12-27,-0.017021738945024692,-0.0026886261217474237,0.018000319527655125,0.012566640803187689,0.010764176282983186,0.010619048618486277
2021-12-28,0.006721716595520359,-0.006896227214564845,-0.0009503238859553383,0.006619241015666563,-0.002797702396137688,0.0034251153688193755
2021-12-29,0.008618555278853699,0.0030406563201786202,-0.009682441025303036,-0.010995334392664532,-0.009855388043918493,-0.012369703070446462
2021-12-30,-0.0005708688648544623,-0.0007032436539705063,-8.39267478459854e-05,-0.000749462263853216,-0.00016281196485527387,0.0008923621621927361
2021-12-31,0.0044436557833853665,0.0017826973092691669,-0.0026088772383126672,0.001514806841173498,-0.0005297909121797802,-0.0014180564575758021
2022-01-01,0.0030476463290089874,-0.005616606460674791,-0.006272706306586081,-0.0021518896898708186,-0.011273299607890778,-0.011457027194500886
2022-01-02,-0.007487969104666234,-0.008400698033945782,0.009555052958173731,0.006391265775552761,-0.0005792910103008093,0.0050385100136220475
2022-01-03,0.02632084842463437,-0.00946406514435974,0.0005381947397888427,-0.019611311894181457,-0.004995783693343824,-0.02665869700230995
2022-01-04,-0.0040139233478883735,-0.005929109439267025,-0.0014370165225328095,0.005104829149952654,-0.003711344533545312,-0.0025698343850851712
2022-01-05,0.010500852476369683,-0.019787306629719423,-0.009874801743009736,-0.0043920196141020796,-0.00827932096914376,-0.02744164194804489
2022-01-06,-0.00959836940892941,0.01269020722279086,0.0225592237406937,-0.0035742037705505172,-0.014279879981231054,0.0017705977140329697
2022-01-07,-0.0038946843991231814,-0.019399409418856567,-0.002451397419140802,0.008307367392437922,0.00035343613945347036,-0.006023529986908859
2022-01-08,-0.018237225414269743,-0.007293045326156103,0.0045556518411018505,0.017840077949606202,-0.0008810067902535385,0.015093627270038943
2022-01-09,0.008826026033155417,-0.003689482007321503,-0.00799197340173304,-0.0030998827088361434,-9.972075834921565e-05,-0.00645164258672444
2022-01-10,0.00936064739250417,-0.007023225947681628,-0.03559392809064375,-0.0023750598775694634,-0.004415058237168666,-0.00173567064445322
2022-01-11,-0.0018491343846169,-0.003174100392864636,-0.008639010861270913,-0.015527912804894642,0.012042153220922393,0.013856312669610595
2022-01-12,-0.005913052884861026,0.011850222512161885,0.010153208059970588,-0.00824478461718079,0.00804790938701606,-0.005535285625786753
2022-01-13,0.005592814621327773,-0.00703291222053598,-0.017911105406356764,-0.015578810815818302,-0.002252112759882535,0.006204587653514292
2022-01-14,0.002609141231827134,-0.006124988674535604,-0.00603995694588465,-0.0005074510179449347,0.030097514490358017,0.00942485448822423
2022-01-15,-0.00724503657379161,0.009188789238708894,0.015220614990751558,0.003539043797754731,0.008363319580627705,0.006683223513121052
2022-01-16,0.018407860309129585,-0.005571147658834401,-0.039249391385283494,-0.008086325471840098,-0.020743286675030392,-0.029014686621637687
2022-01-17,-0.014905241307808128,-0.03187947278177688,-0.0011740067847733158,0.01874609275347785,-0.005313061281581353,-0.01887747727691532
2022-01-18,0.0014094071729455694,0.007082583505760598,0.00476060835418481,0.0013220807217842682,-0.00487563394613954,0.00934093387230328
2022-01-19,-0.006348204524557893,-0.006910312926699763,0.005171135737582674,0.010043380867116349,-0.006020930131434667,0.007749112435950356
2022-01-20,0.005402419893725773,-0.004382255136790693,-0.006288536372844744,-0.002818272737055214,5.4637228800367445e-05,-0.001918180610850443
2022-01-21,0.003992484272481429,-0.006733764971366885,-0.004916691125966904,0.00040548080715147435,-0.00367480053028275,-0.003011391168919356
2022-01-22,-0.0018026850687685246,-0.014641206728338838,0.005638624054355627,0.013042221878082468,0.01024525413903443,0.014452639235540231
2022-01-23,0.006530182547432656,-0.0020216284256377765,-0.009427558215525605,-0.00657468306824262,-0.0010998634512133418,-0.0018078910293315043
2022-01-24,0.008104744278094206,0.0064472165152961725,-0.009174085073601467,0.0018873398669546368,0.00401142744656353,0.0022475064198308665
2022-01-25,-0.006485753153999927,-0.0024749331198130565,0.009119659942185155,-0.007151623738649218,-0.003823789703309705,0.015014929864844512
2022-01-26,-0.015698625452702612,0.010647594842865619,0.005891127605749842,0.01627881365540242,-0.02553586182266079,-0.018981544645117927
2022-01-27,-0.01028820783569997,0.0018901143371902198,-0.0012401567613537618,0.012181508553582068,0.013042466977573887,0.007483432972858252
2022-01-28,-0.00524428591787703,-0.008223600533266411,0.00697370976126162,0.0018789142878499442,-0.016062990038965233,-0.0006572377471239033
2022-01-29,-0.017668543092934058,0.009911831197004879,0.010469397940833484,0.0010354550992839385,0.0001986007414508245,-0.0007128787438381917
2022-01-30,-0.002732236942528756,-0.0037257259180145373,-0.00038899494654906426,0.007371511487354135,-0.025436574573231154,-0.005510342000324794
2022-01-31,-0.017493703605753225,0.007897369539796646,0.005104314125807672,-0.0036994906207729384,0.013016140390169037,-0.0002554704065180762
2022-02-01,-0.012157933156307942,-0.006684354391808215,0.004899294366497517,0.0012959695173189246,-0.005792009040702827,-0.0038830522966283574
2022-02-02,0.0065656223274546364,-0.01249220529563197,-8.497115271202996e-05,0.005809700235634461,0.004062685646020737,0.006512457719240543
2022-02-03,0.006790569777469211,0.006834923348739111,0.008782164122426585,-0.00944273488128174,-0.0002791998856814263,0.001411579215838967
2022-02-04,-0.005502069320827439,0.0012631172805371014,0.003394615176933586,-0.0029758378578166214,0.0001502555952346589,-0.0026892108278657313
2022-02-05,-0.03883155100824368,0.04588402000633407,-0.010095729108387207,0.0033164042460968025,-0.03929032744631248,-0.03592823032795623
2022-02-06,-0.009157801851878214,-0.010541218522289298,-0.004932150845291764,-0.005261789755070843,-0.002599403080755887,-0.024105358220632676
2022-02-07,0.0060409684024715915,-0.01016949622040065,0.006892427969164399,0.01282626024783749,-0.02483972819967288,-0.0005712448280080936
2022-02-08,0.007439123716495719,0.0210898610064603,-0.01346812259753875,0.004142433301681321,-0.001440304064563262,-0.008931043045637707
2022-02-09,-0.0036534409394332053,-0.015892828445184946,0.009665149008384284,0.0042516737915611405,0.0007919943298346345,0.007368132309252631
2022-02-10,0.004975913727663792,-0.003298568717261314,0.0045688572021559985,0.008423950087117589,-0.001804842539595849,0.011844588357735494
2022-02-11,0.004920999864827421,0.004339677203776183,-0.0023018014856403942,0.005105131623622639,-0.0056087252036373745,0.0036878028957261343
2022-02-12,-0.0019909952151697303,0.001064434828517956,-0.003731543427620785,0.003948211448426477,-0.010574450202376844,-0.004193140579938406
2022-02-13,0.007869471468568355,-0.012714425910075343,0.0009990028537614284,0.010117262408607991,-0.007664200553701534,0.004761216722064645
2022-02-14,-0.008896523138669664,0.0024043902352786227,0.004844069320293898,-0.005092515196874681,-0.005163741459119072,-0.0033658306676601192
2022-02-15,8.52728815598811e-05,0.01257358793322206,0.009613436133382657,-0.01672496558713008,0.018089908597852526,0.009013964593980158
2022-02-16,0.001933692524740621,-0.0050986967878773794,-0.0072756623614953,0.0065346608946976,-0.005319492738088665,-0.0027677312400787297
2022-02-17,0.0038670086918137954,-0.004763341288466731,0.0076220634283752295,-0.00033268236145579,0.002678636839907667,0.005167173141848455
2022-02-18,0.0027755243772193154,-0.0011439302516610822,-0.006545418676585897,0.004727988064741923,-0.009699715823888257,-0.003948236868948822
2022-02-19,-0.0007363212587259135,-0.005487315847723152,-0.0065804320106022515,0.00819199857609878,-0.011101158550686815,-0.004772468964895347
2022-02-20,-0.0058753129954414954,-0.009537688874515506,0.0058231134889452285,0.009199172706525583,-0.010346900016408318,-0.006323792780164185
2022-02-21,-0.009042590959971467,0.0041072574656885515,0.0031775637515817803,0.0086564232507934,-0.0029436139113480212,0.0015792368364280537
2022-02-22,-0.00043425819134734447,0.0037198795465131405,0.006866322959620655,-0.008671348714930084,0.0005146638188688925,-0.0011990029756078434
2022-02-23,-0.017855742120974055,0.010286554487967933,-0.013410484447228073,0.008433635239242935,-0.00883468752234222,-0.013472799973240683
2022-02-24,0.003911658106040859,0.00037072626332271236,-0.008637937531576979,-0.001263745224190387,-0.013937667901748978,-0.008797781021764985
2022-02-25,-0.00849648689568415,0.01616574622569299,-0.0025232803052210816,-0.011873573926279999,-0.02818025736083225,-0.015513852065650546
2022-02-26,-0.01078725033432939,-0.002914983336882878,-0.018735190150488665,0.004874456056000542,0.0044847991309444595,-0.010358421661463123
2022-02-27,-0.004251919682196367,0.0040540116485620935,0.006024977726113819,0.0005661357458922882,0.0018687116588854804,0.0037602373841404955
2022-02-28,-0.0041177104498367235,0.001144589122261952,-0.002684826176812977,-0.003757825440752138,0.006553308171093363,-0.007305757229216211
2022-03-01,0.004340853236772948,-0.0012037776525048653,0.008655054768160763,-0.010393704821244376,-0.0027002066594285566,0.0015063538096026477
2022-03-02,-0.013205746741011135,0.005139296138267728,0.005167029080284302,0.0161610870550035,0.004059554102111872,0.0006316860860318756
2022-03-03,-0.0024358309872133392,0.009262207977814864,-0.023807105307334885,0.003189407054439525,-0.0006061631581073172,-0.002273338899131336
2022-03-04,0.010356221257074402,0.0007328314078991491,0.0038259207639681674,0.0005873154536186361,-0.006358695884697096,0.0051618105309789095
2022-03-05,0.004699181006191997,-0.005356453514291249,0.001877045289735133,-0.008525352900084266,0.004559733159759285,-0.0025913222958233104
2022-03-06,0.0015044064732048653,0.0009529216101977657,-0.003232769528528975,0.013096746627898549,-0.006135364672003522,0.01313049265733389
2022-03-07,0.009159624526223325,-0.00044782213121515203,-0.009340675156616608,0.01237222136126303,-0.005411729219707992,0.005537165628325675
2022-03-08,0.007198497947232646,0.0027631994681783724,0.006720611892488078,0.0022221298450566447,0.005190274980647232,0.0019552088706388535
2022-03-09,0.011999233180719897,0.01909828289372112,-0.001772675928560738,0.003454573710432186,-0.00012076157272160012,-0.008247941289838537
2022-03-10,0.009948717821872479,0.0015238680213686723,0.0031180614393743196,0.004848135091363641,0.010507123850969332,0.0026039253732323235
2022-03-11,-0.0022561044961945213,-0.014765517166636488,-0.007616025271190785,0.013660640232901504,-0.01596847406805643,0.009092250358427666
2022-03-12,-0.003337411017057653,-0.005902195953324367,0.0021593952294018753,0.0006259552502812325,-0.0032821831639648874,0.0009087054594662128
2022-03-13,0.0059680617491369575,-0.0038101015980790062,0.007236050979656437,-0.006949773247801294,0.002533378474182146,-0.0029255473687177505
2022-03-14,0.01273850955005681,0.0058983288236106836,-0.010911123485675599,0.004714986902367807,-0.006634829418140046,0.0027110036644234997
2022-03-15,-0.010205078651171082,0.00042760794923599947,0.014502499288116758,-0.010718582651586256,0.005964251658539452,-0.002303477271016308
2022-03-16,-0.03393654384680362,-0.025324806631841824,0.01142762911386486,-0.0005089373747232613,-0.022519394811810572,-0.026750388724285586
2022-03-17,0.009305722655807307,0.0004404748349421527,-0.005149890424152503,0.01957212133768527,-0.006392843810409913,0.007837896655736932
2022-03-18,0.0174655861193867,0.023026268490226945,-0.015157937193446798,-0.023436419668598017,0.015975129384095448,-0.0025632735868981807
2022-03-19,-0.018722463650956315,-0.01689024445295542,0.016559654986737855,-0.006925776655889665,0.006494864977448096,-0.010619833747763539
2022-03-20,0.017111217660530396,0.009219211483058192,-0.017378630687445905,-0.0008241910084378489,0.008835133335625418,0.010089652471500505
2022-03-21,0.006713489958185797,0.0027584750169665447,0.006332959352177282,-0.0058608513824174755,3.7558749495014156e-05,0.006010453348735936
2022-03-22,-0.002625703281443269,-0.007059330969478334,-0.0014713419985860994,0.024196101959678112,-0.0025805166040609165,0.010887762725895445
2022-03-23,-0.011855128703741516,-0.006727255179770131,0.007075294458751791,0.015437608263422416,-0.012318753952052041,-0.0073434592924655475
2022-03-24,-0.015001156059855204,-0.017546360356073216,0.01214502712182456,0.024484172385752873,-0.030452228287440094,-0.007848648720915117
2022-03-25,0.01613153109898517,0.01965168576858146,-0.02623553008111425,-0.03040420125252296,0.03205540862302429,0.0019726663188603787
2022-03-26,0.01250735477248403,0.015310548324849235,-0.021426883928884546,-0.01907855392277237,0.018827779866479905,-0.006692941793411428
2022-03-27,-0.010203452077065975,-0.01663332324816119,0.007291349075575935,0.026710637356395034,-0.017430026978297757,0.0025184443073923645
2022-03-28,0.024999549414875567,0.03514929968939994,0.05512583839636374,-0.03419249561454706,0.03650474761929998,0.06123475479168138
2022-03-29,0.04356155574363063,0.040360878883280354,0.0022508057487062895,-0.0578531687725182,0.046156348966024247,0.03400416733328602
2022-03-30,0.004038684044885712,-0.007122972319049987,-0.003933267807997499,0.0001013946371069065,-0.008484498361946593,-0.0082422418847404
2022-03-31,0.00773925345098807,0.00753558870107764,0.014761109867626252,-0.020589405776222043,0.004626068099210946,0.00672066666587556
2022-04-01,0.006110422613854929,0.0027105904011736513,-0.012092714697279947,0.00689694565199856,0.00856875302222552,0.0044724251130855465
2022-04-02,-0.005001429064595705,0.0026049994551397256,0.01062558384366499,0.004180233988163327,-0.005315295259673063,-0.00040354314129732597
2022-04-03,-0.007761785152945065,-0.006052548898208217,0.0009450635847733934,0.010399445476646162,-0.00832903898669443,-0.0008570572389832387
2022-04-04,-0.01094669293500634,-0.007056194624521262,0.018012521416655113,0.019779610273100882,-0.015664855845276975,0.009597005652543303
2022-04-05,-0.00908402384343785,0.0006519145457739107,0.005682600323372146,0.023882504915510482,-0.004739909540075429,0.005433011043753713
2022-04-06,-0.0031377046125212866,-0.0001302691125889704,-0.007744874460880659,-0.0009230785813754641,0.006257356944761418,-0.006171501065510328
2022-04-07,0.0189342724402402,0.0034063094824794055,0.0013200094844224985,-0.018159427279136546,-0.01292758395762789,-0.002056077677589193
2022-04-08,-0.007153905361437756,-0.00949816725223099,0.003761484748217145,0.011593980190034261,-0.009579671336882136,-0.00854277722724974
2022-04-09,-0.0016756017426891765,-0.002677195128512823,0.005755150549634187,-0.0007774765614760924,-0.005721113924650003,0.001342010665438785
2022-04-10,-0.012861973846290464,-0.0036478820353073173,0.008172037812940644,0.014023612850714342,0.0025201090842911803,0.008692286086857534
2022-04-11,-0.0031486853907330002,0.006424687889117715,-0.005154556887889982,-6.740338890418653e-05,0.012331635471074812,0.00615311175243653
2022-04-12,0.004945325429710815,-0.01020946786689718,-0.023206096975649324,0.005160812388850967,-0.017540389599718684,-0.01782489317878541
2022-04-13,0.008950537610125002,0.0029755173720133893,0.006414582493311578,-0.0018577821773566342,-0.005211981810117297,0.003097033877929293
2022-04-14,-0.004021503711949952,-0.002144934544043976,-0.004567345717742422,0.0032297762792623955,-0.0026061402203973257,0.0023345146218290086
2022-04-15,-0.0099550221509946,1.852051988552293e-06,0.008824544116900994,0.0010321042791012712,0.0020401398605900756,-0.002423917054605928
2022-04-16,-0.0005657167732026508,-0.003627251893713266,-0.0068001686015174275,0.0042847684773500445,0.00473971462533505,0.0038133099913481585
2022-04-17,0.004832257383122717,-0.0017331619398485592,-0.006204194802494196,0.004814456282451781,-0.0023928585708655184,0.0065305579751852175
2022-04-18,-0.008561103869114378,0.00026960293919458286,0.016027816305171073,0.00013375052719754747,0.010484746152186829,0.009389074137444534
2022-04-19,-0.006992948418956466,0.0053900027810324345,0.011267807169954371,-0.010333822279430575,-0.0026419706908129624,-0.006948637003276246
2022-04-20,0.01005156833766498,0.008499453430749487,0.003267934046864577,-0.005846480636473582,-0.009656190509503672,0.00204242877785847
2022-04-21,-0.0037752402054177254,-0.007921712796601794,-0.005805692419675699,0.009176725920145772,0.002341807862853639,-0.001393145678891649
2022-04-22,3.746745397587986e-05,-0.0032938874762465033,0.0023249474091154073,-0.0005880697156054528,0.006724747721731587,0.0030257772428401294
2022-04-23,0.0024286966850386644,-0.002968332841953695,-0.006749679386208605,0.0042403388013410575,0.000574093722577396,-0.0018109967404653573
2022-04-24,-0.002005286984925039,-0.0119551394964567,-0.005619715167723639,0.008631087343842617,0.0012072103747718533,0.005081554431564839
2022-04-25,0.02158478950219049,-0.017198050913500646,-2.5381468676842134e-05,0.003703913144095788,0.0043907512858590075,0.005173356243559545
2022-04-26,0.003082621804256361,0.011926280143421147,-0.016327814005332928,-0.00025909878360263225,0.006671060142139706,0.006118316613956802
2022-04-27,-7.671321116408696e-05,0.008134992874584206,-0.001518695803916959,-0.004978226712147912,0.003096939538490025,-0.0017162515321350637
2022-04-28,-0.0002435606225881177,-0.004735422144548829,-0.0069832689539671075,0.0068713265176349085,-0.0006433823408046096,0.003989690834942031
2022-04-29,0.005893379643262589,0.0009654967548022868,-0.0023249670498011635,0.004675432868208746,-0.001918626745144287,0.012341914235222311
2022-04-30,0.007907532010906507,0.0016381448475510918,0.0005905447095717716,0.019397610578929168,0.006803800328615122,0.03531730475436755
2022-05-01,-0.010573961447899457,-0.014147082474869423,0.007977561869560964,0.005865958491652576,-0.008462648835038491,-0.006975918826827071
2022-05-02,0.01587139519987487,-0.0039807709633360834,-0.015293873265946833,0.015643242813867985,-0.0006053122529364519,0.014179892318856718
2022-05-03,0.0005561396372328593,-0.021499082639868203,-0.005550481740348178,0.010275427810709439,-0.00739118554654529,-0.007037449914856766
2022-05-04,-0.04037448981797201,0.016114076177406664,0.06893733167225817,-0.02205463519375687,0.019898683896245856,-0.022973250420682326
2022-05-05,0.034545354208439315,0.006599915837161075,-0.033371286078741305,0.015979930508968416,-0.005810965638720841,0.01737200990777309
2022-05-06,-0.003665412910543089,0.0058845455501129185,0.006799151230457704,-0.0024707005915384135,-0.008681447426265185,-0.00903220085856334
2022-05-07,0.0021059153521405527,-0.02258115843552444,-0.010768086882875196,0.00835789658909317,-0.008247670030686976,0.00071714330902277
2022-05-08,-0.015494739161785521,-0.018189564639725944,0.015921942753644676,-0.0022722339544142605,0.008552925736973591,-0.0019262808535451756
2022-05-09,0.0007554836937690092,-0.01757803602625242,-0.03078716401457267,0.004549573387944454,0.0038870562178074503,0.014578535679881675
2022-05-10,0.019454936354684902,-0.020127375998086283,-0.00810373665959921,0.013068651532813292,-0.017977286549889435,0.013314610922967093
2022-05-11,0.04052534180594923,0.006361151359718833,-0.00572892555597761,0.048980159833347976,-0.03376631788428334,0.04231358384959391
2022-05-12,0.005406302662521015,-0.019460557248114466,-9.464603250545405e-05,0.0120579636450344,-0.003941038305254275,-0.0037199605193288902
2022-05-13,-0.006862971005784361,-0.015312313609006185,0.004424480083316399,-0.007783645231663215,0.01429481053810376,-0.015453521002711563
2022-05-14,-0.005938600932624601,-0.017504247906976474,-0.0017942445823147823,-0.006795365590701725,0.011430218825492182,-0.0105621820156884
2022-05-15,-0.0006185904167641678,-0.006180674825490481,-0.0020703863592178235,0.004189392115328112,-0.003674584911004572,0.005470863515097866
2022-05-16,0.013251181030233613,0.016606571744275888,-0.010898030778258893,0.014254930183308503,-0.017867468552862652,0.01092004804888156
2022-05-17,-0.017320556967997305,0.02196136310965621,0.0036225776291463553,-0.01909034804883526,0.006509421479373613,-0.002722789911290609
2022-05-18,0.00156262062094431,0.01278377164566626,-0.005028531337879842,-0.0007686269712142504,0.008776703171145848,0.008365482046929149
2022-05-19,-0.009739024689527495,0.00923495057148167,-0.0032929758980063594,-0.014860311679259422,-0.00837029323893182,-0.004960970848659583
2022-05-20,0.0015776097806903728,-0.002241685890958525,-0.00214769403523206,-0.0017270802183772431,-0.005991677467941436,-0.0028136604414050834
2022-05-21,-0.0056861216607259155,-0.013640637495014886,0.008504605557532916,-0.007645648043794955,0.0072384355455931025,-0.005489725024743428
2022-05-22,0.0018979651981443045,0.005618663794247911,0.0017559418803161737,-0.003577689389881856,0.0006845919100693468,0.00048076064301205235
2022-05-23,0.005609467415278027,-0.004957357796206691,-0.0012890007817765782,0.00291437882217424,-0.008274559493945198,0.005364159524289585
2022-05-24,0.004187590426976349,-0.001805485819337477,0.005508171340266519,0.004941974396799755,-0.002581195840047313,0.005556485149159229
2022-05-25,0.008871585900286316,0.0111549047625429,-0.006413719238192871,0.0024986148713239597,-0.008669512317695763,0.002646825544317678
2022-05-26,0.0045179985864382145,0.00010079896259512075,-0.0008616108998208069,0.008562036002065313,-0.016942956682580133,-0.0008834737535624803
2022-05-27,0.006702777154647598,0.0033930054679164323,0.0011473465130098423,0.005854187710914,-0.009747949977038161,0.009663087267507009
2022-05-28,-0.004349360054327748,-0.00495308533978992,-0.0017302016436920838,-0.004443445778605695,0.0032748579967607494,-0.0015525064829175572
2022-05-29,-0.0036472541853602007,-0.007402589927665111,0.0075310634793921485,-0.0015745321415139425,-0.0006001690895359232,-0.003140681186427013
2022-05-30,-0.036574384004893205,-0.0003967677163881136,0.04801274271091267,-0.013429795538227887,0.07906011885525038,0.014976913263540888
2022-05-31,-0.011102904452854546,0.007761184551995325,0.010113639754683061,0.00517796925425391,0.024943815569433193,-0.0009812420652420299
2022-06-01,0.0006666671424237578,0.011309111053976056,-0.000340850993616299,0.00797504644251211,0.0018375038503286117,0.0037888353875166073
2022-06-02,-0.005686275038698899,-0.002851882922729323,0.005444508329655802,-0.003220905602150279,0.007313373679994123,0.0018416016415629293
2022-06-03,-0.001294825584657856,0.004759952925618349,0.002988280373613689,0.00345733463427158,0.0064376006532987,0.0014389717837938218
2022-06-04,0.007240614612844869,-0.0071322562094645785,-0.005703240781883423,0.0005886434450573563,-0.012400759293107723,-0.004334699008706399
2022-06-05,0.008190835649198818,0.000711162045840235,-0.00818475326043293,-0.00037528286536921287,-0.014417638138608658,0.0006885038061146926
2022-06-06,-0.0055927819536634015,-0.015829456780929875,0.001936460241163119,-0.010167094325459768,0.0007044431654160584,-0.012702275511802604
2022-06-07,0.009420076734044602,0.014188633769532008,-0.002448107641952201,0.00842634246010415,-0.006710478425903662,0.00936267695301264
2022-06-08,0.003096234491669203,0.0019668276780109534,-0.003291432175791363,0.002257672443181893,0.00044218067145351635,0.00339369668045228
2022-06-09,-0.0014873586587934803,-0.0016365604481811534,0.0022507511345013134,-0.001741206346194836,0.002452684717328118,0.0002918012345653231
2022-06-10,0.007974024249773547,0.014420192732886047,0.0029924012350643295,0.00935655106154077,-0.007839501787206953,0.012150315005021742
2022-06-11,0.007903356042840315,0.00879797075826864,-0.002191813976532906,0.005183969352209323,-0.0048404232007550965,0.007384735855099382
2022-06-12,0.007913764045179692,0.014925786051016791,0.0034184605259465328,0.007421976347033993,-0.00849278879849896,0.009845325973723562
2022-06-13,-0.01294581022317778,-0.03306037256450111,0.01912771929547659,-0.022144669976877456,0.006112939096170211,-0.038028506887305705
2022-06-14,-0.0007671668184128257,-0.009517213432405408,-3.257909424687818e-06,-0.011417208686724118,0.0026407974299738008,-0.014017645993068208
2022-06-15,0.0030851980332633764,-0.005367414338633189,-0.0029240187522402545,-0.017075188773979802,0.00924587346812502,-0.01681431271788498
2022-06-16,0.00456512991158721,0.016164419410531847,-0.005371476227919587,0.026014749549922896,-0.009868302109956794,0.017770546958721174
2022-06-17,0.0035935271424831538,-0.0031916364848491568,0.0018495755438404176,-0.013796372601457264,0.004144960379400882,0.0020464154759270146
2022-06-18,0.007127428188928328,0.0021109679093050666,-0.012451457556161487,-0.005921878479578702,0.0010288865551586154,-0.00243291367412562
2022-06-19,-1.6851425850267178e-05,-0.008155863812659534,0.0004276426679660052,-0.010404499928330526,-0.0036061971945458484,-0.008658355920175212
2022-06-20,-0.013550554546153011,-0.006792522941654513,-0.0005022744658601281,0.004437052701734968,0.0035222174685367734,-0.012516085529193123
2022-06-21,-0.005611509023691614,-0.026011109860516156,-0.000947880134772578,-0.01821017249391223,0.025339563244570228,0.002998926138741981
2022-06-22,0.008762514303251213,0.014450121406222538,-0.0003197253865696016,0.012481080860498393,-0.009914071185886445,0.007572690397886895
2022-06-23,-0.0005561816426991036,0.007352039267786695,0.0048887948308288885,-0.021943142814827205,-0.0010480993415190338,0.002841888637432726
2022-06-24,-0.010488925166012263,-0.022974938717285023,-0.020160340909966254,0.002852543926485996,0.005177407365627654,-0.02205755458212145
2022-06-25,-0.025183127744324352,0.00043695373065009063,-0.008409190961714805,-0.005519469456781313,-0.0012139781187928262,-0.014994716820339612
2022-06-26,0.006533591091911792,0.03085592701091698,0.020955011322203416,0.008172835712351736,-0.004900060147207944,0.02388103338499148
2022-06-27,-0.008419551943856204,0.00373848370287062,-0.00516060276777848,0.0008253457507974806,0.0030063370812211665,-0.002541878655499026
2022-06-28,0.002682053461049422,0.006780745229328011,0.011051319850582069,0.003573526925801334,0.0003467054394604488,0.0031137289749675646
2022-06-29,0.00045576141700880656,-0.00397087282667976,-0.0018148718643663615,0.003761386262508029,-0.005907361641311763,0.00093884330710596
2022-06-30,-0.0034873635063613203,0.004157361289297605,0.003799884813784445,0.00720663208040687,0.002113432129242433,0.006513448879826136
2022-07-01,0.0025638999812905576,0.00244909591864685,-0.002308455635887796,-0.0034496599087537826,0.0031570006484562185,0.0032766227327042275
2022-07-02,0.0028422587787157137,-0.00031579665571802005,0.004281945003769004,0.0003089114366186111,-0.002557789777598366,-5.230740868031691e-05
2022-07-03,-0.004301715436011984,-0.0031743116092312696,-0.0012762996478156133,0.0038045595070211793,0.001290303174767751,-0.00199940580108186
2022-07-04,-0.004489182287892887,-0.006176219272874256,0.01274683136838063,-0.0063180071053089695,0.00755285285081884,-0.006387633978269518
2022-07-05,-0.0015346445941042466,0.001489626148985494,0.005175523453393839,0.004932982692363163,0.003069688191876237,0.004552760102453289
2022-07-06,0.0053539823203485664,0.001935467134100269,0.0036466105369613415,-0.009517104463286711,-0.004649231437176048,-0.0038040091733582905
2022-07-07,-0.004426778882162059,-0.009346236239011478,0.01462421616839983,-0.00017774377535452216,0.00492760684768401,-0.007850059293153437
2022-07-08,0.020880361411205743,0.017917632084099324,-0.011506998000368368,-0.009095839114708761,-0.018425883062706577,0.005601744851780121
2022-07-09,-0.008438473956106737,-0.009586906644950046,0.0021006972960221785,0.006672855012290559,0.00927883289634435,-0.0032486877381051413
2022-07-10,0.00810957403044138,0.007861006821642985,-0.006881663493259111,-0.0012096454774188233,-0.008464169019406304,0.00419212305390942
2022-07-11,-0.011446887004915512,0.0052470344734531485,0.0056831225856766214,0.007837714277834687,-0.008238955461788721,0.0046509213834761325
2022-07-12,0.0009508385847946205,-0.005404783326196809,0.005115894931599076,0.000811629004270747,0.01102118352487223,0.0019432788712648978
2022-07-13,0.001707729574300689,-0.004518831678225366,-0.01367507572964528,-0.005010181449180821,-0.0072823483250047515,-0.014301124902589694
2022-07-14,0.005565869627437029,-0.002258841626286807,-0.013049662513993447,-0.011488476784341815,-0.004334603458969277,-0.010111884053647454
2022-07-15,-0.0029474020209096434,0.0005575536546437781,0.00763151726069749,0.004711142188783041,0.0019166152176320788,0.0004988252003582064
2022-07-16,-0.004896371681754262,-0.0016034270810629254,-0.005891621421674149,0.0011585237452555084,-0.0030592560106690128,-0.005995928863109346
2022-07-17,-0.003272965956481966,0.0012537429537394578,-0.0049052993570171035,-0.0017278281330731537,-0.007440279886220929,-0.0038686237359807155
2022-07-18,0.032765016189433914,-0.004373542057607787,-0.012841624601560304,-0.029192069556721413,0.023005922565536206,-0.011771920956942242
2022-07-19,-0.011653761791622594,-0.030955003900984313,-0.002228209134862076,0.008550168854592862,-0.0009903982521935026,-0.020835291465569686
2022-07-20,-0.0178142621765409,0.006731247944407234,0.0028065902385081137,0.024937414919305997,-0.011424483113620387,0.018767579149671795
2022-07-21,0.02312639395714073,-0.004235451515775233,-0.01420065539610785,-0.00655824451031185,0.015451281240542328,-0.007173769607623841
2022-07-22,-0.007781462544470724,0.006218603704583869,0.006594269442414052,0.003115062030021656,-0.008935918857371095,0.0029916481891058277
2022-07-23,-0.008055336803146396,-0.003518774333039275,0.00030986113424984684,-0.00023438667398365193,-0.005926415231274922,0.004425601426579749
2022-07-24,-0.0030058908400522597,-0.0049237526513422145,-0.006129502713117299,-0.0001609662399589904,9.756068191073069e-05,-0.005412495731423801
2022-07-25,-0.000774766988417005,0.003206810288447246,0.009278274509604011,0.010545549612633636,-0.00227482714503105,0.010325121917093873
2022-07-26,0.0049354807391886,0.004513769806328655,0.01271666982016544,-0.00938746258267682,-0.0015699391319793632,0.0036136017080034195
2022-07-27,0.01051922387886096,0.002040866737296024,-0.009531883098335978,-0.0056313753601341466,0.00302385566703043,-0.010360213154754055
2022-07-28,-0.0022569179064139216,-0.006129539387874844,0.00030834297969541103,-0.006139317832400597,0.0002389416444028822,-0.00534415692812955
2022-07-29,-0.011152050058585926,0.04802949199848436,0.052336025602727584,-0.050234009408388125,-0.07005255491566721,0.009827559181112281
2022-07-30,-0.005499528311410565,-0.02216590273233888,-0.022009114496096268,0.04015875325313329,0.034995186661157175,-0.0005563710252114001
2022-07-31,0.0033566702479579614,-0.002851883524255156,4.324426729275044e-05,-0.005346621886184571,0.014606400527418852,-0.002663545885133251
2022-08-01,-0.010862928846832948,-0.004605075319857113,0.006631502179826847,0.0006853476862226408,-0.009922112508922207,-0.012661431386342598
2022-08-02,0.008373144882166757,0.0006568204054520738,0.003374889873421016,-0.0038287712612012025,0.009334708639377347,0.012405152569757655
2022-08-03,-0.0004821139601243981,-0.0037733952684339193,0.0035543288828083024,0.0028537729704259125,-0.002105264828230397,-0.0024179277371532775
2022-08-04,-0.0036246513844180595,-0.005953217569041234,0.006538712589937467,0.004194825901786794,-0.0019483207739874452,-0.009148924180433919
2022-08-05,0.01311498081229196,-0.006109975936904923,0.005321692069122748,-0.011343824653121014,0.008117183746101602,0.00046535922757562185
2022-08-06,-0.0011992242475811733,0.007432729208827044,-0.014662803046232393,-0.0035870281289496916,-0.010921679684192888,-0.007977304388073475
2022-08-07,-0.003348433903925626,-0.007279086275297707,0.0034882690948289507,0.0057447981638737685,-0.0029658892343359276,0.005846680643464486
2022-08-08,-0.0049468807256824645,-0.005857623331820621,0.0002916786065275494,0.000940034742772492,0.00864593892997825,-0.003886883750674872
2022-08-09,-0.003921900633155786,-0.0040830005085363465,-0.0017240754490499763,0.011354207513887299,0.0007593481233877812,0.002106496215282331
2022-08-10,0.0035441409371646244,-0.0038488987344391374,-0.0035020987712150913,-0.008513821661191719,0.00180149324422214,-0.012399801434805943
2022-08-11,0.0027366377882449707,0.019926810959290567,-0.015319790823447726,-0.02181723956211198,-0.02257050769072704,-0.013592757468497493
2022-08-12,-0.0034598974060911494,0.0034032583349093695,-0.008349519261471101,-0.012441337421734488,-0.010215404603881949,-0.0159648517606877
2022-08-13,0.002539052598050789,0.0032331249570896107,0.011456323895490079,-0.006606806073583809,-0.002634787276815923,0.014070391266904774
2022-08-14,-0.04021821266013249,-0.0043019506853395765,0.004175274608108597,0.03657985740915864,-0.0002251120861072889,0.007026550134486468
2022-08-15,-0.0063002639126335394,-0.009206058207227016,0.010730116742421362,-0.0004948494998044489,0.0018610855166457663,0.002985467118757136
2022-08-16,-0.006587419062416912,-0.0026796882092466694,-0.009856053582710828,0.01318098932905913,-0.013031288994757608,-0.01962735208505045
2022-08-17,0.006517578295354199,0.002957864550061822,0.003957374932547442,0.0011579453458948731,3.7890721802341575e-05,0.02266299528719878
2022-08-18,0.0009606983751961615,-0.0018930268165015943,-0.003306227201540567,0.0036176262854030234,0.007570711634433814,0.0022976942584199264
2022-08-19,-0.009609827750631291,0.004073250666019755,0.0003315631335910526,0.0046794014269570606,-0.0002220380477063477,0.0008055186330803687
2022-08-20,-0.010090639635043403,-0.0009465569166471931,-0.001639103725412154,0.006327750188619598,-0.002677261848247655,-0.0015393860667286155
2022-08-21,5.579086317542871e-06,0.0017531134984738203,0.0023332725624085975,-0.0005978641330882059,-0.00015699458661873978,0.007088229975618275
2022-08-22,0.002200818939715946,0.0004451198236486714,-0.007956156546117012,0.0008490305594046237,0.00031885898863619547,0.000271976814355118
2022-08-23,-0.01305138820366944,-0.008182418174079548,0.007749598952474012,0.006607392448594804,0.009931175825855303,0.014053443040689725
2022-08-24,0.0017202779727209772,-0.0009254665028767166,0.007011623971489782,-0.0013383576589272804,0.0002757227478487337,0.008984443527440208
2022-08-25,0.00034861377619900444,-0.0004314589127933033,0.0001532468429488507,0.00017257387590331155,0.002030209201105784,0.0035487294239404804
2022-08-26,0.007170717410881409,0.004953217035555159,-0.015152341808865828,0.004822288113954451,-0.0028650804262296014,-0.003495729718376167
2022-08-27,0.010122333105627017,0.008413873034172098,0.004275004736918922,-0.005372364407223277,-0.0018924829959405631,0.002446049081964025
2022-08-28,-0.005123057840070788,-0.0028659296259637536,-0.00498540898903694,0.004413470465793885,0.0007542439939922523,-0.005140392494652524
2022-08-29,-0.016400112265863614,-0.006456131368873081,0.00456117076489486,0.003711997479205316,0.008668105974284126,-0.007394392528382439
2022-08-30,-0.03729600785512759,-0.021776076827546845,0.0008793339184574632,0.023454086382958775,0.018781742245779963,0.005821893080272129
2022-08-31,0.0012225553205549042,-0.0005444240190020002,-0.005910041701918084,-0.0011437498214419627,-0.000288293760656323,-0.014018576491336206
2022-09-01,0.0031381010367858217,0.0014024567458549683,-0.0032667699986478776,-0.001144170601979506,0.005874194599809002,0.01334512895461136
2022-09-02,0.004213114503683613,0.0009974982622727676,-0.003288078988286957,-0.001112805838856143,0.0020379986215847377,0.0013267609323747548
2022-09-03,0.008793759101968675,0.000762416880789289,-0.001858690635153715,-0.008875234564651937,-0.0002997707415741252,-9.935112232734768e-05
2022-09-04,-0.016684611125888617,-0.004758958105878107,0.003244524724018114,0.004605483095926443,0.001703501481480993,0.00121634599942869
2022-09-05,0.002848374126216206,0.014846741723158101,-0.005956679506872288,0.0015073514401096016,0.020408521564617525,0.02654378713146807
2022-09-06,0.004044577490858346,-0.014379061120205188,-0.005258232753276853,0.00816688593723882,-0.012322412999404264,-0.0030274752072335432
2022-09-07,0.006087432196084444,0.00908891834470366,-0.00046507366473180425,-0.0020186358342311316,0.003577525630766316,0.0023483538225455795
2022-09-08,-0.002493943675029311,-0.010655490376033847,-0.015881587081223964,0.007607892870989628,-0.007370903965911667,-0.007958218022494707
2022-09-09,-0.020809027082558572,-0.01685861029113063,-0.001809558926181225,-0.005776784198084134,0.011001048251283797,-0.03246049183852389
2022-09-10,0.008855983979739709,0.004396533739355107,0.0006088746071904855,0.0016793019980116508,-0.0021707256115563608,0.013167901479059222
2022-09-11,-0.011499764805447453,-0.017552414174815085,-0.0036719717288930995,0.009126822174050218,-0.012484047517153637,-0.009215503868514703
2022-09-12,-0.01755128684884821,-0.014669401647899549,0.012620666481011284,0.013705304090536188,0.0012054854198304031,-0.014698619644383605
2022-09-13,0.01258625711787369,0.00426531406420221,0.0039658846286925505,-0.0028476223496147492,0.0004083673649171477,0.02585212913735723
2022-09-14,-0.005572926921714721,0.004234256015446236,-0.006584831022121716,0.001558084913445413,0.013952498085578349,-0.004312019104752846
2022-09-15,0.007020288008084441,0.003113495307477532,0.0010025071757300487,0.001837961969147608,-0.0069913270992483355,0.0005549880664846358
2022-09-16,0.020351893955825193,0.004529786190355975,0.006372704892943109,0.0002253306490184473,-0.021503430633573344,0.010072635734266278
2022-09-17,0.0005652272610871264,-0.002706707341607552,-0.0037710145552878856,-0.002375836650679454,-0.006072868920715448,0.0016705970490314998
2022-09-18,0.0044533496312621915,-0.011225921862362166,0.02281431608127918,0.008350463113028611,-0.010802278275443096,0.017631759066050044
2022-09-19,0.006028691206796825,0.010943780623312827,-0.010744424504890254,-0.007862126542935374,0.005350495249355726,-0.02328510482684166
2022-09-20,-0.0013852865181151616,-0.014493902698769923,0.0075547015029267875,0.010716187526809551,0.010067279196432946,0.005015877343680779
2022-09-21,-0.006926540439615176,-0.006433465727859501,-0.01063928755952146,0.013294786781061448,-0.010799958169008014,-0.01858440677877995
2022-09-22,0.02771601310000741,0.014806313576289067,-0.04617489474977767,0.008780731589055246,-0.0008942451806493385,-0.01124427288698547
2022-09-23,0.0020440388348207444,-0.002251825660307137,-0.00791211785392134,0.0029442559811206836,-0.0030169517509916837,0.004061382988116885
2022-09-24,-0.0035399686451986624,-0.0056677674440969526,0.0022125329517903645,-0.0015407421014744828,-0.003186092478301376,0.001485821707238974
2022-09-25,0.007687990607103139,0.0027413085029798293,-0.012332471842329417,0.006939006707422056,-0.004530038416818326,-0.0030165470100961145
2022-09-26,-0.00842787184759916,-0.007979486745537485,0.008131695311836794,0.005503437913339089,-0.0018812578955258446,-0.00045370410582411697
2022-09-27,-0.005920918893932839,-0.008887495081546123,-0.002003788360131348,0.002437553232416617,0.0005771792607189438,-0.01021253526619061
2022-09-28,-0.004780479261980955,-0.008110915556254688,1.395086725039811e-05,0.00841489422772952,0.0016739972642151905,0.006252480813253511
2022-09-29,0.0013559907031855914,-0.000823424871367577,-0.005874458526990423,0.0002092697836071683,0.0010928464040586402,0.004051522631501369
2022-09-30,-0.00027321256918648375,0.004729757926467177,0.006035156586793541,0.0016506260894122307,0.005626901950756334,0.006744916725268688
2022-10-01,-0.0007483387642517682,0.0006425006490864817,0.0068631156071960915,0.0003857397394399201,0.003943472484645095,-0.0005223207944688241
2022-10-02,-0.008716824658962272,-0.010431893640580718,0.004019317772405521,0.009458922427599444,0.0016812957643491326,0.010203560878124822
2022-10-03,0.0006503299226676419,0.001196351467552674,0.005569309887088531,-0.008644352690669106,0.0055036852904313425,0.004061666617771287
2022-10-04,0.000989603035582643,-0.0023210955931276442,-0.0055688226451384125,0.007176719713364897,-0.006936883156974756,0.0012165364858595933
2022-10-05,-0.0008570409097764356,0.00036137950759658846,0.002295917826578343,0.0021137999597780877,-0.005412289244210228,-0.0007782292971472556
2022-10-06,0.004382034117191646,0.005459638210161527,0.0022182296864355785,-0.013570874904629236,0.012581205420562036,0.007827421908017515
2022-10-07,0.009951064410181796,-0.0001754664528166459,0.011374848626059149,-0.005946669322167014,-0.0012602982509230636,0.005530606812416978
2022-10-08,0.0004363503072444009,-0.005391904683285648,0.0013212546571046689,0.0005443401854322228,0.0025767614147710607,0.0015403098182525524
2022-10-09,0.004367412130668947,-0.003292276899154079,0.00038862123654176124,-0.0009324109802263968,-0.0017173320980195242,0.0014652224690463941
2022-10-10,-0.004795313695444163,-0.029700960295879788,-0.01817176365043959,0.03233166532666183,-0.007896781880341448,-0.016915537323572337
2022-10-11,-0.001567502671388329,0.002868106780884383,0.01708885129305961,0.000882920846620075,-0.002846536123397461,0.00980710519455275
2022-10-12,-0.00516317006105005,-0.001614997790541136,-0.003915276894808565,0.005197698544745981,-0.009102016676952185,-0.002823395881862279
2022-10-13,0.000794169481046664,-0.004364389133693018,0.0025967963306532593,0.010607993595554541,-0.010676491070358084,0.01071422767112586
2022-10-14,-0.004477195006119487,0.011255803123997515,-0.01356545834821081,0.00024116448832704293,0.0029315603495739563,-0.007588237129552135
2022-10-15,-0.0006527210611623345,0.0004008530915628414,0.007651493236969841,0.0006680154927030852,-0.0025707857638789505,0.006054920897867256
2022-10-16,-0.004496282774371781,-0.005747716329405632,-0.004031062187865999,0.006142011718598372,-0.0019200890530743971,-0.0051106660105302475
2022-10-17,-0.00028689322453495745,-0.002939641560982188,0.020352359167332724,-0.01238382823124987,0.0017373311044398857,-0.008887202607829934
2022-10-18,0.003611667096997116,0.024092397953595607,-0.022878186494205005,-0.002581774553601537,0.01955958393637334,0.016777077198156073
2022-10-19,0.0037184589801720676,-0.0026767673981877935,-0.0118456247196481,0.02204252090823438,-0.02275839498194058,0.008865129382872438
2022-10-20,-0.00989587255245059,-0.00855838750373366,0.0057559196022766495,0.004122114148325428,-0.023558887147797032,-0.014104456712938945
2022-10-21,-0.007161826628961455,0.012628253408374035,0.017571109014597165,-0.005309297283422351,-0.01470550247236045,-0.0016816235899412702
2022-10-22,-0.011973969871824282,-0.005587980777743751,0.004029757905387508,0.009348044997981118,-0.004944940819922875,-0.003977301326938334
2022-10-23,-0.012114839671937664,-0.012380508296132851,-0.0017001800373196844,0.009685471265328649,-0.0069851977212310205,-0.0086054484530699
2022-10-24,-0.001313956031670846,0.003360261545808306,-0.006554867267638156,0.0064037383798842724,-0.01399648969194912,-0.008723065181758931
2022-10-25,-0.007362289246251719,-0.02167374557017549,0.003113748548027303,0.015894615094753456,0.0008007589375902818,-0.000477829105920014
2022-10-26,0.020636823471292882,0.005156682848784582,-0.008182630597991793,-0.0009497679359894964,-0.03140338563774127,0.0019403641397279466
2022-10-27,-0.007860901617599515,-0.0015529068890842617,-0.002927181685174093,0.009501450710413296,-0.012327660532811044,0.0022716366677104096
2022-10-28,-0.003876130220102857,-0.005666885989102424,-0.0035183308302167648,-0.003207700929853653,-0.016873851735279916,-0.00619632709934005
2022-10-29,0.00818635508617825,-0.015974215860215635,-0.001964837070429789,0.01155057281133145,-0.12723721001038207,-0.000996661780740803
2022-10-30,-0.05478383746272081,0.028305669467039166,0.006319668053351735,-0.01620722690776597,0.01892396783440221,-0.014748286960071291
2022-10-31,0.00018993070018368232,0.012368867357892084,0.00872313304920164,0.00391551427573051,0.002471844723097596,0.007953233715860928
2022-11-01,0.04147694527241418,0.03269925168008749,-0.022644521403192546,-0.03260336041853806,-0.011570494709317893,0.004843717857087204
2022-11-02,0.012340792987225497,0.0074193952510909255,0.001443156404949804,-0.004283710361327993,0.003492606899135118,0.008046405178963675
2022-11-03,-0.0018972832494415601,-0.01949240990576059,0.01119888074710595,0.011719314759673423,-0.0032608581265930535,0.005513944948132736
2022-11-04,0.03065479603265001,-0.007341003316632215,0.012983904701044893,0.004196051831945687,-0.004513844711310443,0.011613138739852443
2022-11-05,-0.050339400382941525,-0.01691184578727247,0.0013543515356877558,0.011040112481537813,0.00638035951503232,-0.028170154898952682
2022-11-06,0.004423418032489494,0.010919888733910813,-0.005585009889265648,0.0001577081342407832,0.010748943118350663,0.002244007710518473
2022-11-07,0.004153197346703796,0.0032997981142337284,-0.037421333232179915,-0.006090448552776454,0.00046712188759634774,-0.004342064788955422
2022-11-08,-0.030145213052868956,-0.018868171295029598,-0.007692889264281131,0.05770294645379373,0.026364660990594608,0.014404722349901849
2022-11-09,0.004323917175940462,0.016121111161085486,-0.004717969196348268,0.02585711200551446,-0.0012853290797946821,0.03427795718157734
2022-11-10,0.026586182331295324,0.023868522796868637,-0.009632258313025804,-0.04852538110764932,-0.01051205879057613,-0.010130433222732492
2022-11-11,0.00989564666228404,0.010353714057710173,-0.006833138215695983,-0.008378598260582282,-0.011402389711059733,0.012494345489910222
2022-11-12,-0.0014136087141594987,0.0012194737363989787,0.01786169271102147,0.015187465020313613,0.010433255005649547,0.011345624030302733
2022-11-13,-0.0016510306719276398,-0.014337282127729964,0.004029570760906263,0.002848191589836252,0.0037978443062071736,-0.006824871108022081
2022-11-14,-0.007041795321928763,-0.002336871804857845,0.006833280492534592,-0.006676928003451773,0.004742720853040084,-0.0051949555892187305
2022-11-15,-0.003858007729793978,0.004816941494937481,0.0011146424144094853,-0.0005609626742374264,-0.007336192203738744,-0.0067775589830839835
2022-11-16,0.002374977841896642,0.008718201853510462,0.009652665012328017,-0.007648644635393531,0.005537891337226208,0.008092042491079249
2022-11-17,0.0003025001449167631,0.005414285176452765,-0.0044688333377954775,0.0022064822846994403,-0.008176892281736646,0.00090227356394983
2022-11-18,0.0015154431030210286,0.01174542187086143,-0.006311557101208532,0.003971656604218817,-0.018964871541233268,-0.0038984104064348326
2022-11-19,-0.0018037500020801045,-0.011290729590680263,-0.0065121824326554514,0.004408797037986343,-0.00010571649947871636,-0.006921031891202383
2022-11-20,-0.010661459327746446,-0.02269349428431222,-0.01793189153331446,0.01635814300703249,0.008903151203841077,0.0014218757977510943
2022-11-21,0.0008903768965834216,0.008512869524121796,-0.0007200850835128252,-0.0015948766115958394,-0.0008457943223134077,0.0012904277796973419
2022-11-22,0.004912493748401246,0.005270047408465869,-0.009815553114551527,0.008177274900935484,-0.00384328433276759,-0.004192035545036002
2022-11-23,0.0020070814826714098,-0.004809269161539616,-0.003797691581600446,0.005281825160486586,0.005551650699300801,-0.005728537803387994
2022-11-24,-0.007172707738140788,-0.003787831182735453,-0.007351313814194298,0.0005969215562491493,0.0021457030334613146,-0.00027766641249386625
2022-11-25,0.015004476518792617,0.014994567493240423,0.02724757974913593,-0.019540266640466555,0.013645950012005184,0.02124125952467936
2022-11-26,-0.012080870542055349,-0.004154259968492803,-0.02044163009847835,0.010733439573010333,-0.004536781777926843,-0.01434071990268991
2022-11-27,0.003973941384154481,0.010167584901698298,0.009923026068506912,-0.015214516235214378,0.010677315105010923,-0.004938893668952253
2022-11-28,-0.0019128365938048072,-0.0004582302890226733,-0.006637042133938352,0.004607040428819516,-0.021140116734899645,-0.018098486828722896
2022-11-29,0.014297637114953944,0.013503888919393265,-0.01187711523578246,-0.006620335142527333,0.0032538059355436805,0.0003361099748273812
2022-11-30,0.010777226247397607,0.011189269048947834,-0.021818818684227987,-0.014421798152816535,0.013230465702379034,-0.010296587097183485
2022-12-01,-0.0006981640949653751,-0.00036092723735932136,0.009135910131601511,0.00372030109294601,0.0014642589858827229,0.012159600180105902
2022-12-02,-0.009055860369838476,-0.005372816986346896,0.009481829765297895,-0.0008686700377596685,0.0028671291240989685,0.0058705564603345715
2022-12-03,0.002228226185581268,0.0024984052651278593,-0.00038579764868866274,0.0030777945492786556,0.00622467580882276,0.0033226677541265785
2022-12-04,-0.004934355783604718,-0.002040103368002047,-0.003783826561698245,-0.00279151616491994,-0.0017607473945363598,-0.00513177631339696
2022-12-05,-0.0015598939486219626,-0.006666604375370929,0.008287289416459235,0.005653872962958969,0.002188701733569154,0.0013575558502403498
2022-12-06,-0.004238937801006304,-0.008291186576112407,0.0028238146479709404,-0.0017863030503671635,-0.0020336212289932608,-0.006315955506941933
2022-12-07,-0.0007567048422592129,0.0017847010278276207,-0.0025874223437063457,0.0076724494467247575,0.00281867286571981,0.007068177416218857
2022-12-08,5.365286907957677e-06,0.006131265540884375,-0.006490661157771567,-0.0030991647313376195,0.001232595474285422,0.0012865259501021048
2022-12-09,-0.0007963319068976536,-0.004825583842863967,0.0005724486150335902,0.003446779243599306,-0.0004686236185372908,0.000307424692715276
2022-12-10,0.005481790533092486,-0.0015540386117822926,0.0012800908037605791,0.002389219209831821,-0.004222272090521726,0.0009981426749541996
2022-12-11,0.008566634789006577,-0.00439025701474645,0.005531229942968268,0.00585057895692684,-0.004617874811134062,0.004222226970327741
2022-12-12,-0.0038116438420657366,0.0015115505829838322,-0.0027290177276237866,-0.0005462759342736831,-0.005169080751132777,-0.005003331816414915
2022-12-13,-0.015094669634639162,-0.014404691562578007,0.002013274365984299,0.0025865754868155157,-0.002642111698383294,-0.012204764700752949
2022-12-14,0.0023503955808757914,-0.0030667950937896676,-0.007732505887936278,0.0062536636354656025,0.008696761124789218,0.0008269801300762887
2022-12-15,-0.016308071151349152,-0.002827635891658852,0.006240768505839307,-0.0032912717831835455,0.0029795035885626987,0.0017351863119587146
2022-12-16,0.031235061386812875,0.008295537382471874,-0.018249642290873183,0.017234096217347467,-0.002566388780690245,0.01673264096518583
2022-12-17,0.0021250721388980385,0.0013934377814872573,0.004468674259431519,-0.0017880465818839314,0.007063429332836553,0.003175776164829389
2022-12-18,0.001837570933220863,-0.0012430260871374654,-0.004950155533131175,0.005285404609824585,0.0016966668783536983,0.005538463063782497
2022-12-19,0.027603290201359435,-0.001890800708009823,-0.018205081758148563,0.01293349721425738,-0.00031920634183296866,0.023665953431570026
2022-12-20,-0.008799305697921348,-0.0007771400656135062,0.007052471990002059,-0.005354861776570244,0.0003389279862702861,-0.006379559235966164
2022-12-21,0.02573319493341909,-0.019514654209726277,-0.004329221999784715,0.014462913977664908,-0.006556987761802138,0.022850321971022297
2022-12-22,-0.011077594929188734,0.019731468304819626,0.014744118395849857,-0.01100945797568132,-0.003595499864760886,0.004035913551447402
2022-12-23,0.0014205223469825655,-0.005572143783959693,-0.0015164235158930059,0.004881001033416175,-0.0013026958272769498,-0.00025303417523750177
2022-12-24,0.004385276711503253,0.0009302806673907821,0.0013532662646058996,0.0020865788731473096,0.0016867748807817239,0.004554166875510217
2022-12-25,0.014329989205895325,-0.0021812956215739956,-0.003996929381014831,0.007401487114553002,-0.0139069229037453,0.01193139501025696
2022-12-26,-0.0021580611152767887,0.010942787683774208,0.0026311204991883858,0.0035796145139397515,-0.00510027576532973,0.01194330334816411
2022-12-27,0.004892650075855911,-0.0015100206848489414,-0.005370918893684662,0.0028879981832257385,0.0029916097083372006,0.007857661859909625
2022-12-28,0.019466636130123612,0.012637973477989353,-0.017027081867757008,0.011682659451076905,-0.0216078594286827,0.011635788000204346
2022-12-29,0.005361893139091801,0.006254745463803306,-0.0004253707040196839,-0.004078813348177955,-0.009112654961983371,-0.002264593705316537
2022-12-30,-0.0003065313539141809,-0.0029313800381669266,-0.0006068888803424676,0.007690460783357095,0.003840293810802163,0.005018026148415268
2022-12-31,-0.0038826493452138503,0.004953741093351274,0.0035650314681041385,-0.006378983510588074,0.00263231059073542,-0.005331641903250621
2023-01-01,0.00581547185441781,-0.004214294311649221,-0.004067107934973143,-0.00623578508964865,0.010964510627856373,-0.0031930834555592537
2023-01-02,-0.005818358887074043,-0.004116709876044202,0.006566615836273104,-0.010242126237313968,0.020994890226241274,-0.004652158611156679
2023-01-03,-0.005984492078995479,-0.025703684865434392,0.029537369538862396,-0.012075246203627705,0.04373897223148207,-0.005777301486357016
2023-01-04,0.005924998116531651,-0.0005618704422232796,0.0039330757901886605,0.0009291045782101026,0.0021708473240900695,0.004952574162828317
2023-01-05,-0.00276900642396837,-0.016220722041838335,0.015393459356037194,-0.005116412122249127,0.009025311630072908,-0.01024203575340987
2023-01-06,-0.001317831583013896,0.0168814015295391,-0.00788134589561137,-0.009517957041020656,-0.0017368170468790955,0.005547774580787404
2023-01-07,0.017240363770477177,0.01752220385547558,-0.011446941860099643,0.0005872930555799718,-0.007269594966626915,0.015260252795211069
2023-01-08,-0.004749469203445701,-0.02026240838258095,0.011053316077087604,-0.025480594362654336,0.04081584158139378,-0.01584576483045331
2023-01-09,-0.007225147264445929,-0.009885903855117105,-0.006152165844329944,-0.022802706842671484,0.007255362299829035,-0.03041963162524937
2023-01-10,0.005269691490382016,0.011807011167936315,-0.01060659945932086,-0.0035419994073547386,0.023145528718588528,-0.013911822317004536
2023-01-11,0.0009493190304641099,-0.009951157223614096,0.01678437298605207,0.022308501427976406,-0.018213405041205458,0.022450034173591114
2023-01-12,-0.006279326908622578,0.008573724954010162,-0.0078118749113993075,-0.0050276078351241035,0.008556184631383927,-0.009826277010183838
2023-01-13,0.005417231135695542,-0.018302088058232788,-0.011030283796064518,-0.014771559042014803,0.028995271064577367,-0.02144835368205181
2023-01-14,0.03708925711511627,-0.055379714606972406,-0.03669489912579987,-0.04354474849739005,0.039185001125460195,-0.05224408648546647
2023-01-15,-0.005826912485233003,0.00839213393675589,0.004862925612001783,0.018719535177786864,-0.012574884039716155,0.016640691805359167
2023-01-16,-0.005396693406958393,-0.0102625307507862,0.002700066868294734,0.010362477615038968,0.002888602434192636,0.008127623717124067
2023-01-17,0.011255862748316133,0.015514290208566196,0.0071243616187215055,0.006642059549830982,0.012169000652580106,0.007842790131049514
2023-01-18,-0.010176136382940772,0.01210872730604838,0.017910557821665916,0.014268144613174544,-0.01173500720915317,0.0017093783503767104
2023-01-19,-0.00476991045592235,-0.006942892321584998,-0.0011166146690655989,-0.0021632637947881657,-0.002263422022846517,0.0006164092921043436
2023-01-20,0.004947291692921189,-0.008659866793541502,-0.023075959567766525,-0.0241446287787172,0.007835234172829865,-0.023847902449011183
2023-01-21,0.019557426234471556,0.015396098922261557,-0.006033616825357461,-0.00037303289995551894,0.021740009759748824,0.010768047574456797
2023-01-22,-0.0012925635735124695,-0.02273888424399985,-0.04542615210070878,-0.020365515025572763,-0.03209172811925462,-0.02858774562535048
2023-01-23,0.012619332474683135,-0.0039059973317896214,0.05059121111521254,-0.014910601216315591,-0.007532616268908969,0.011183553672552297
2023-01-24,-0.011535578409651257,-0.002771961206496935,-0.006995024020446386,0.022450965252865506,0.004574893432193723,0.012151144379131408
2023-01-25,0.05559588622745609,-0.005185325464198915,-0.031929441836407974,-0.05527207600557118,0.03840528718239728,-0.0015202299925473491
2023-01-26,-0.012885000027570565,0.0009577459773323128,-0.004008947751533893,-0.009048401998545865,-0.004553592469703745,-0.0054785705191361935
2023-01-27,0.003380465633633269,0.008713338522032382,0.0114104600229318,-0.002814305441084178,0.0021519660822386533,0.008968189003794898
2023-01-28,0.0040262560865773345,0.012158476259194551,0.0027573725622583394,-0.008280010945499463,0.009720187640927368,0.015615912019553585
2023-01-29,0.009239288937274772,-0.003736628167899549,-0.0007211088163657472,-0.009513879785957286,0.003096876724821139,-0.0009766730635385685
2023-01-30,-0.013552663802937709,-0.0035105888502753794,0.0038244916020245706,0.013064128155851689,-0.00038385796918092327,0.007462494083744043
2023-01-31,-0.012344027271061564,-0.007962501433220057,0.004106368830094768,0.005883952355814122,-0.008035333949962656,-0.0010058050823552424
2023-02-01,0.01594165289573188,0.030014548873357264,-0.006347232965662388,-0.008743577761505061,0.004628683705569306,-0.001754334382682134
2023-02-02,-0.010541622252808745,-0.002345766512799855,0.007624337043548096,0.012670562040156895,-0.0032345237043016474,0.005109276969910203
2023-02-03,-0.0031581481902843065,0.007797269842321981,0.004447568653834065,-0.0004938486776398411,-0.007076769863100813,-0.0015419129961074893
2023-02-04,-0.004755717307276712,-0.008676442648617513,0.014825058127276117,0.0025757283645846197,-0.016425899969974945,-0.0015186974429221881
2023-02-05,-0.008860346611686368,0.0014817481699718853,0.0020321154306308514,0.007921682682808018,0.00039492520689223925,0.0076402641648203855
2023-02-06,-0.005443917506871376,-0.004121294656681615,-0.0008925283850438642,0.0042193109173052695,0.00015067567470977708,-0.0020992016801459025
2023-02-07,0.009344370855331848,0.00890954510924672,0.0077360753793555325,-0.008812722904475791,0.004392748851087984,0.009797511789913194
2023-02-08,-0.018632086138613568,-0.01826898250896978,0.003703279878708826,0.014009438138707355,0.003050982929692957,-0.004819115522789671
2023-02-09,-0.022661395285654976,-0.018296125068379025,-0.004690561645490236,0.021502536940184957,0.000978797340278668,-0.004009360532393159
2023-02-10,0.0009074893114246922,0.0029015954075220346,-0.00030120337459254985,-0.003802544087971906,0.000378717905360692,0.002615575656415979
2023-02-11,0.006218310951165444,0.005723839849332829,-0.0032054016110741983,-0.001792494729014348,-0.0019716262672995065,0.0005761050077701344
2023-02-12,-0.010974505048242475,-0.01441340896782723,0.0007670029515250169,0.008334380886527612,0.0012954851627196718,-0.0039014235807826136
2023-02-13,0.00482374789414657,0.006243483746233507,0.003163239162434112,0.0002465947911306315,-0.0009897294193161369,0.010475766787513783
2023-02-14,0.016501079164524333,0.013876716707106104,0.011932108710839117,-0.013643136074668388,-0.010958954867133788,0.01572023936515495
2023-02-15,0.01259323134771636,0.00828456517122302,0.013392121640624045,-0.013139356149346113,-0.008426983018852299,0.0032727774700948477
2023-02-16,-0.0054269423269096674,-0.00827636584100017,-0.01614936579408654,0.011856409442257262,0.001336551067350269,-0.013950291833805044
2023-02-17,0.004830025683450971,-0.004485633239349552,-0.0008881761259349115,-0.006347907699801474,-0.01152460847024429,-0.011677856341120564
2023-02-18,-0.007844275486015483,-0.0019103696648971684,-0.0037617039484662204,0.005758498348417871,0.006542433085970137,-0.005464094718110756
2023-02-19,-0.010290129470380858,-0.005304726402662373,-0.00917031273018268,0.009551215640936075,0.014140449309827203,0.007086696615127888
2023-02-20,-0.007852058883259629,-0.0026101001699085913,0.0032378004856226713,0.0026464607404304862,0.0067741961343802,-0.013381738007897435
2023-02-21,-0.001071077161890136,-0.0021980843589582437,0.0026791720828541186,0.0043466539432386025,-0.0001591950804885565,0.0069913987471310335
2023-02-22,0.004027959651268718,0.004466906694621083,0.002061776884402004,-0.00401973983542756,0.0008487432305949234,0.011666896578530057
2023-02-23,-0.0013047474562091774,0.0046775967757302465,-0.0007689088344033453,-0.0022194435582240084,-0.0031914920255953338,-0.007848872575776593
2023-02-24,0.00270089974583921,0.00782007222095584,0.002256000244859598,-0.004541831805892573,0.0013270216758365734,0.004068646988314404
2023-02-25,0.004373915304752494,-0.012821310732625333,0.001424925850144119,0.006075314530954294,-0.008962755096019457,-0.0045583432214250956
2023-02-26,0.0005852258748759957,0.010381627728597383,-0.0032564497445121358,-0.0064204895694458235,0.0011479152071416708,0.003170183125035274
2023-02-27,0.005614718562586081,0.00024690367356809185,-0.014520472977684528,-0.00471585358307436,-0.006123815028527658,-0.014829209062018062
2023-02-28,-0.005905517978711554,-0.01673992832737479,0.00207962582056277,0.01245460915751495,-0.0045323881903623475,-0.008123536979795634
2023-03-01,-0.003804701184549298,0.012277623259712165,0.01585560846314251,-0.006915363727586489,-0.010868910891802315,0.005880004103043043
2023-03-02,0.0012201501346571656,-0.002846955735237788,-0.005673382988134529,0.005233569285273249,0.008840623278839615,0.0025700726289396283
2023-03-03,-0.009473864437378429,-0.010414063870140586,0.006671361455277413,0.016654853892511163,0.0029741716803201508,0.003186493444587106
2023-03-04,-0.009354386220592637,-0.014532734986926133,0.004528072025843329,0.018303260321211285,0.00508709334680101,0.0065680768862749215
2023-03-05,0.0037068548821313435,0.0032384954630915027,-0.004035764151254637,-0.0051179770423837425,-0.0015490659302738892,0.0015597200662256145
2023-03-06,-0.007569569564676375,0.004583401604180088,0.009198894947379703,0.00016326474466639058,0.003971933529684957,0.002976406769685954
2023-03-07,0.006277990511900835,-0.011425684588660822,-0.017976693149559856,0.012935640517824915,0.01501751189305754,0.010173434528759687
2023-03-08,0.009221076834765241,-0.0179960852539865,-0.028899955086942052,0.02091614999660776,0.007314767021151163,-0.003379169939163233
2023-03-09,-0.013981884343837441,0.014011834595074872,0.016430132076125814,-0.0073485284843560145,0.014169911402187374,0.001972812454983897
2023-03-10,-0.0012858329031659476,-0.00435666007950579,0.004583482221165227,0.0024336032376442588,0.002975611313051366,0.007109905354793874
2023-03-11,-0.0016736666631593014,-0.016043733299793604,-0.022953693171741087,0.015953326807728343,1.0738151094984497e-05,-0.0053738100511498965
2023-03-12,-0.008211532051510487,0.03241134620506707,0.037063963395502914,-0.02368340020478791,-0.004665710749357054,0.006189451460085482
2023-03-13,0.019501237452781553,0.013088368283299899,0.011832368981081818,-0.017670762847032444,0.010101958556804564,0.013615856277772856
2023-03-14,-0.004401342352720645,0.014414880328856865,0.006743565285030283,-0.014113899152352663,-0.00016638876982717624,-0.005280365021703948
2023-03-15,-0.006865052654837979,-0.024907841994198317,-0.01987055360129311,0.040862954725333946,0.006385158305597936,0.0004570518888566103
2023-03-16,0.00256710708647427,0.002579587241025167,0.007150856341354385,-0.0009499461613715332,0.00401254756692769,0.0007683260521644177
2023-03-17,0.005333935465907617,0.02056406900290256,0.009538794365063212,-0.015963064775620737,-0.02431428013545444,-0.01308628838226855
2023-03-18,0.001831285824959471,-0.004411854596874993,-0.0036711022268296803,0.0055506320976816655,0.0063581896095665546,-0.00266403961661267
2023-03-19,0.0041507153995946795,-0.0021576530689986603,0.007460626241228216,-0.0037287245163363275,-0.009660650432112663,0.0045975164828343015
2023-03-20,0.02201968420984815,-0.010158152634642863,0.0026031762012233665,0.013915574175400423,-0.015690332429523793,0.029101950005192674
2023-03-21,0.01596339885319359,-0.019388640766011607,0.01897323977402987,0.012909833375917355,-0.004761864089883893,0.011291528630821621
2023-03-22,-0.010823296880141994,0.0056644765414784765,-0.0038209564243947836,-0.0046018096710163945,0.01607386296691736,-0.016084508682100082
2023-03-23,0.01024120519423855,-0.015529076810831141,-0.006198822293562472,0.0020296918505303733,-0.021688094935082933,-0.014956192843200107
2023-03-24,0.005789410248119207,-0.010354812109708112,0.004760351814091688,0.008971152891235557,-0.018190828107742148,-0.004808176557702726
2023-03-25,0.015159663054131349,-0.010401599727071626,0.007353351094040718,0.010285892030434415,-0.014537770975720284,0.019213504596949187
2023-03-26,-0.006904851297495896,0.004592557073502754,-0.002507520785640741,-0.004838274719492336,0.008671496901613373,-0.0025909703663083037
2023-03-27,0.01726178433809222,-0.013461559681856495,-0.006986945276846987,0.005269633350208872,-0.014197863282490734,-0.024757807380043986
2023-03-28,0.0028968264274522914,0.007709618700564057,0.00692949921288802,-0.013181265074616736,0.026450799918520798,-0.006623783143033691
2023-03-29,0.004018491273072449,-0.0017580797949309445,-0.004861259127464559,-0.0026222173729623837,-0.0054078666377207155,-0.0035861363233305227
2023-03-30,-0.007073593957423785,-0.005596729246466683,0.0020289104430602873,0.004628626541594862,-0.0006614897128926193,0.0023965960551988264
2023-03-31,-0.0028656110644866293,-0.002867341296353922,-0.002390452723433208,-0.0022278358087251056,-0.007631223503608959,-0.00842660964803738
2023-04-01,-0.01213102892308248,-0.00466019001027397,0.0008140809129624116,0.009680310984438016,-0.02287665238143851,-0.0069683111745297895
2023-04-02,0.006134074084364107,-0.0007181520955499046,-0.0045102307384823825,0.004516245936612836,-0.002646687625612128,0.014430279906689762
2023-04-03,-0.006305008181042568,-0.01796830667905467,0.0021547858290536367,0.010194138795294305,0.0026075265418288537,-0.03299065295565444
2023-04-04,-0.006750072265502602,0.003005622757272896,-0.00401777745012578,-0.0004235593951905848,0.0004005027588066855,-0.005724075123166558
2023-04-05,-0.0105065139815567,0.0030545488988604395,-0.00048759097722759636,-0.004084468588704565,-0.007482727895184603,-0.004528808786983568
2023-04-06,-0.001149668044406179,0.003760620442350657,-0.003473748517367255,-0.0018282079565104898,-0.004957139092305725,0.005872630856929782
2023-04-07,0.005587682192047353,-0.000249563894733477,0.00333571072259936,-0.0007230823680221151,0.004023204265304081,0.016898346319166715
2023-04-08,0.004749142797049174,-0.0002487181609515018,0.0033913203531598882,0.002214799482899458,0.00449311680231063,0.011814224611815222
2023-04-09,0.005647391066066485,0.002376271603757099,0.003674710432040978,-0.0028489142246311302,0.004024262349503714,0.006509894960496064
2023-04-10,0.0007563666189125366,0.0024177595833727457,-0.0029614896903012375,-0.0036180587018319337,-0.0028374474320459592,-0.007437472448201718
2023-04-11,0.009845290810800824,0.0002248157983785696,0.006709759416901603,0.0025300179558506415,-0.006831209502509548,0.0047113509785089444
2023-04-12,0.0012610081404447883,-0.00378747998789831,-0.006226380995077751,0.0015335405412711827,-0.000984686178340413,-0.0040190421604314516
2023-04-13,-0.012319382783697444,0.006623256556228295,-0.0008222362059378975,-0.002201155929430646,-0.0006874855272767035,-0.003592884110194415
2023-04-14,-0.008288981213455567,0.004511452370335212,-0.009866214323974005,-0.006348030682970918,0.01757232372528213,-0.0001417278608624884
2023-04-15,-0.0023045379103508673,0.00043731693405380716,-0.00407485296582173,0.0018674004957611884,-0.005839581158235685,0.0007516850607873209
2023-04-16,-0.0006199694107855968,-0.005352314843379375,-0.0005538750340961562,0.0004469959415612998,0.006070220902519417,-0.005481619532924309
2023-04-17,0.00426433546549355,-0.00029549479061827613,0.008017386901860485,-0.0018114711149955975,-0.0008124293787279412,0.0060220348135635185
2023-04-18,-0.007904648161703977,-0.0031663690086289947,-0.0050068803708539006,0.002490723871966165,0.004083367557468234,-0.00977372698919082
2023-04-19,0.0002861868068804606,-0.010395947283447681,-0.010527018305574933,0.010966329391716725,0.011967932789935104,0.005437025866202558
2023-04-20,-0.005729923377415729,-0.0022580631523789027,-0.0007951863358558282,0.00818388150762373,-0.0023170333472073684,0.002795686586361339
2023-04-21,0.003000540231297389,-0.005816532981260422,0.0033889078186160075,0.009027499313243889,0.0051821200123751306,0.005811287243292996
2023-04-22,0.02791956317978399,0.011914592210961325,0.0034324607737666233,-0.015639037524726198,0.018205135986558704,0.020488740536763434
2023-04-23,-0.008378843988143467,-0.006824445752843179,0.0006914952935102425,0.008543475862868388,-0.0076924299904625685,-0.0074469570228725005
2023-04-24,-0.005827379796695936,0.0046641544343075094,0.0014514083414652605,-0.00045148717866853654,-0.0003540336737434391,0.00024210112763683187
2023-04-25,0.013117729808769716,0.027389573853606873,0.040443415487103375,-0.02188573812434359,0.02203781065223206,0.028296658712321034
2023-04-26,0.027151019530021546,0.009950891440308116,-0.009275056570433694,-0.00550990202311701,0.018486460019677707,0.013535523628979005
2023-04-27,0.006243123117222811,0.006529921399286609,0.013211871179583518,-0.006373713087574181,0.006578427411656054,0.012518771786193142
2023-04-28,-0.0056131515317301124,-0.013953284958438554,-0.018650007591268485,0.009869820782824754,-0.005584082877270612,-0.010194768718423331
2023-04-29,-0.018637799785090444,-0.013920222567664134,0.007307092200668608,0.003794173616044529,-0.021043544124854537,-0.018986908559777072
2023-04-30,0.0037318761547571145,-0.0017095081828652128,-0.02574215235269127,0.011601976516431084,0.007564678233668588,0.00959772184556699
2023-05-01,-0.0020163059891140193,0.0018051184155301997,0.00540078033764098,-0.0031300997011467894,0.011180818556342419,0.006481418072127493
2023-05-02,-0.010712061583219086,0.00796676574586802,0.008904203930818097,-0.001135911183849052,-0.0014223101336413534,0.001201725890435189
2023-05-03,0.0036108432566565114,-0.006287261722284257,-0.004193212038434179,0.0003680425236299318,-0.014224488247468246,-0.00908106789849835
2023-05-04,-0.0033507536480445604,-0.00615831393878372,-0.0017810682223245947,0.012618840451780708,-0.003502723670635608,0.007944303066921773
2023-05-05,0.00942505154402966,0.004574005168129141,-0.018133530897360337,-0.008412691766473962,0.0020852253833545274,0.0035069145831985045
2023-05-06,-0.001164890874004386,-0.004526229826065147,0.002920350392248562,0.021983226909036604,0.0030438992874249056,0.013922130446729825
2023-05-07,0.002843158306205202,0.0003940577884580592,-0.0032800986896971062,-0.0034797161372448083,-0.000882710618226698,-0.0021880808468055573
2023-05-08,0.003371545644029219,0.01744363190641307,-0.034871078191143885,0.032693237990982026,0.0006075913687176679,0.021074330874367282
2023-05-09,-0.011991669377247315,-0.0027246710921263423,-0.00031876445970651507,0.009199440524235068,-0.012923573107425687,-0.007512425564155874
2023-05-10,0.004030953134108769,-0.0025117815203694006,0.009892674061339826,-0.012758723867919264,0.0007564716339965928,-0.004910223464326222
2023-05-11,-0.0009061416407613303,-0.0020945316520561163,-0.020878163222096405,0.021331063642824426,-0.01234748304844972,0.003135999404824725
2023-05-12,0.004720793260404005,-0.007340387969071653,0.013459745233397711,-0.013379619265337447,0.003388402057852604,-0.00605087364743527
2023-05-13,0.0008486031411045194,0.0012235415155477354,0.00017418890639332103,0.0022248051183145524,0.0007544868481374287,0.0023239238847932112
2023-05-14,-0.0030426995152822724,-0.001191506010246117,0.0002758737776709713,-0.003685884112563535,0.0012636082825166143,-0.0014954221808227554
2023-05-15,-0.006060566374657351,0.0042427413517918,0.0009364763765014525,-0.0033358222282488556,-0.004040768967531454,-0.005441094097704314
2023-05-16,0.003087759608378172,-0.0021304967867685314,0.0017008945187378405,-0.005933978022264453,-0.007248476288826257,0.004250116932775945
2023-05-17,0.060807355223704736,0.03541470915554468,0.057128625281313156,-0.05814071891118717,0.048850695361828705,0.013545719950404853
2023-05-18,0.006593758536186795,0.014491323120647806,0.0004423466051158765,-0.0005744184631269255,0.001470445430790464,0.021658473194971647
2023-05-19,0.00579970949074477,0.014244698825873103,-0.0028862704826401455,-0.0044855969034589774,0.008062745885966702,0.006905947881282588
2023-05-20,0.001612222934243331,0.008853679068107797,0.004229658694361241,-0.00530779540911005,0.003981190476660991,0.0019948318478159905
2023-05-21,0.015673656248188155,0.008997844353820445,-0.0053270840927799245,0.0012890866372115004,-0.011361129944034622,0.01894524547289165
2023-05-22,0.01131110442540944,0.0026771487679711752,0.0011170840262461307,-0.006712023230337171,-0.0005562992748884272,0.0033233767387244885
2023-05-23,0.012787070126596295,0.019813718550234026,-0.013889317187487675,-0.016863421390858314,0.01566652794327009,-0.00792155201241268
2023-05-24,0.0018254231773154556,-0.0018050406103920142,0.0025856501131452485,0.0011811372258778324,0.0007397769917728997,0.0045656668906090105
2023-05-25,0.0008503207009006969,-0.00045273210264449643,-0.0017231571171232155,6.08542823376946e-05,-0.002534470361629872,-0.0011835182219691047
2023-05-26,-0.0023929639277107642,0.0001721204359513605,0.00176457279854797,0.002021094156502784,5.888324034394616e-05,0.0030148555113982105
2023-05-27,0.004978374351308458,-0.0027562668736070416,0.004151105198765655,-0.0012211162190131698,0.0023682347041994486,-0.000339080049735597
2023-05-28,0.028049164438998634,0.03990131622945195,-0.041622584430965934,-0.029943734812145854,0.04849357914137064,0.0008157381961139663
2023-05-29,-0.025226519003057703,-0.02006921442281098,0.01912453635608223,0.01778946969886746,-0.021610217208246695,-0.001346949474855608
2023-05-30,0.0030712887187812725,0.017349289887854884,-0.004152169919709444,-0.0001374069581997058,-0.002033776581572949,0.017665564901136473
2023-05-31,0.002048991804759866,-0.0005221867367367305,-0.0005717985991560384,0.005248000673113543,-0.005600179858640255,0.008593740518161771
2023-06-01,-0.016287957397691406,-0.014328195258723638,0.013376104129298091,0.003502624935136354,-0.009275117321374543,-0.0025496928262931417
2023-06-02,-0.020901348320480326,-0.017305531232720942,0.013450966297399811,-0.0017538949315237839,-0.012826707207908706,-0.028875229278041713
2023-06-03,-0.009380728462576312,-0.008451194199029174,0.007643651393866069,0.0025313554953025914,-0.0043756545539766645,-0.0055743179654380295
2023-06-04,0.003004060689171493,0.0019393557333629127,-0.007454282856658774,-0.00105383344995854,-0.004077927398595704,0.001906891592834232
2023-06-05,0.0034976588871769776,-0.01738035936670514,-0.005880468066923635,0.013658465470080759,-0.0012264930850731635,0.004927743475128486
2023-06-06,0.00513636273615103,0.005620271859704565,0.007116438589107257,-0.002824409483910857,0.00022804591186774837,-0.0019973123138234505
2023-06-07,-0.011416522309480218,-0.0067993787092496,-0.0027716915709093434,0.011334481736652137,-0.01135109020853629,0.0006576152777783205
2023-06-08,0.006421875078734383,0.017233260626058892,0.011555853278877336,-0.006588351377696246,0.00268206476983007,0.00804104832002627
2023-06-09,0.010543935423782588,0.013283035890421771,-0.0025724537215228347,-0.004881170384437329,0.010849891280801691,0.018614703492038445
2023-06-10,0.0024040277871976976,0.006586466199671255,-0.0011675007012281098,0.02015630184393045,-0.010232476817119742,0.019650805072407455
2023-06-11,0.016173643207263694,0.01292159581301295,-0.005867799475104256,-0.016189642033049973,0.01574635383034508,0.0027331131197125273
2023-06-12,0.03322693510469369,0.04049628079108899,-0.006863580482511931,-0.03859425257076628,0.02540476830163685,0.04210683298763526
2023-06-13,-0.02035508713932074,-0.02080555730909401,0.003464502870632076,0.020977502147224356,-0.009808449274226753,-0.010106057987238857
2023-06-14,0.011292726197216047,0.011999861395551644,-0.00376062011026481,-0.008845233232392941,0.0104833717923155,0.01724398079893093
2023-06-15,0.0001602882705662484,-0.0021426415830564025,-0.001957480361585192,0.002202236480286393,-0.008404483538664671,-0.014719091509967579
2023-06-16,-0.0117494152927419,-0.013199347858420345,0.009249106241060593,0.0069624746854911905,-0.0042769557764170225,-0.005165747402317751
2023-06-17,-0.0019657550978992746,-0.012430538271484227,0.014984114151983988,-0.00044724195252642234,0.010788310902888011,0.002547696126846196
2023-06-18,-0.0073688797076683216,-0.0061596264022541975,-0.004291184956761328,0.01715313537103722,-0.007826655539855341,-0.007468325641772407
2023-06-19,-0.0070749666553620045,-0.006265899151892168,-0.008159346273777061,0.0020194737185050657,0.005021528948730782,-0.01680381591553887
2023-06-20,-0.02834835016391698,-0.02162372167196843,-0.0032905960174204932,0.0001424796686582417,-0.027562369176786342,-0.03978311882605556
2023-06-21,-0.019847243337172478,-0.010962727221947492,-0.004459478050007519,-0.0007584930320285756,-0.008509173984397177,-0.024535591437938938
2023-06-22,0.007035927578910106,-0.004970703623958499,-0.008919803801452566,-0.00502083856740022,-0.0007060102075107425,0.004626343447603598
2023-06-23,0.004382595347791433,0.0010379650087157708,-0.00024807794133588574,-0.005234218556195054,-0.0018123683754033555,0.0012765589390372246
2023-06-24,0.009898767735810988,0.014437750064075426,0.014660927437696604,-0.004738878248335637,-0.005204957003345827,0.03129313164878696
2023-06-25,0.008078392667175537,0.004652067761937096,0.004613655103386088,-0.008843906695087195,0.008778937709712229,0.007514592323666766
2023-06-26,0.00689656544154362,0.018526769294761096,0.0030664321653630327,-0.002695122877295366,0.014792526182696731,0.010899689014863538
2023-06-27,-0.0034373663776057937,-0.0011776315618625412,-0.005013293617105204,0.0004397548161818548,-0.004967648586874381,-0.007871648090601792
2023-06-28,0.01204544203913288,0.008390632191298698,0.003281538900082428,0.004921074102791064,0.005527204018995385,0.012749765470733313
2023-06-29,-0.019859387884387614,-0.016040030424538953,0.02289200807961943,0.01642581935446953,0.0045243762031079455,-0.0005207090621392487
2023-06-30,-0.009679815113735656,-0.010784083691218341,0.0006993342226359992,0.006225125134624885,-0.0031532303108489047,-0.009334644886124897
2023-07-01,-0.0015432535791483147,0.00825172810231099,-0.00021380419431701162,-0.002805571675917461,0.008951025019335219,-0.002943952457008221
2023-07-02,-0.00034042698341402974,-0.00477655276835051,0.0009160243217064365,0.0036136707604657488,-0.004981791249473537,-0.00032499470142757027
2023-07-03,-0.004005919730130146,-0.013146994109415795,0.011146467689254928,-1.090700033654743e-05,0.0018836369857437101,0.0007258351289634864
2023-07-04,0.006687830174111499,0.0025204106813928235,-0.004895669480661082,0.004180364716003976,0.004278584660537641,0.011812775309871033
2023-07-05,0.006708002256260192,0.001773482293825206,0.0033856321378876665,-0.0003481240895271728,0.0026308306565076957,0.009340806846501659
2023-07-06,-0.002841211970086816,0.002901270605252933,-0.006041637830089194,0.0007669185391510026,0.0017662805158601119,-0.0020089967149190847
2023-07-07,0.002424209060880462,0.002777037776639349,-0.0022299762952276837,-0.00496144630167483,0.0021084357478259796,-0.002307321359833455
2023-07-08,-0.000736259595025373,0.0012884407092346793,0.011209982857628198,-0.007675008854607438,0.013415925416586396,0.004646755583117322
2023-07-09,-0.004196702586029809,0.006348963665322724,0.003075509207939659,-0.0023440479144905815,0.007268625942142418,-0.0036671114134413296
2023-07-10,0.005303329006698683,0.0009820790880096916,-0.004783080109477105,0.005299623887584838,-0.0020325477685318324,0.0026018583866297055
2023-07-11,0.0018423512393096473,-0.0005058268328696843,-0.003501991897345386,-0.0023930178261890927,-0.0006251172860949406,-0.0049220734273630875
2023-07-12,-0.0027103530283526765,-0.003688746923792621,0.019773592423655856,-0.006276647316003707,-0.0024143272201705966,-0.0026263229875223555
2023-07-13,-0.03713747319833013,-0.006126389386664302,-0.02834703566494474,0.04740685774487453,-0.014157744485647198,-0.012182143224865504
2023-07-14,0.02473238338035146,0.001975066168055785,0.006185659624164815,-0.008094260837407144,0.010030891850845226,0.005527896674859752
2023-07-15,-0.0002946597061827971,-0.00034340601677734003,-0.00836685332651127,0.0038260597701130997,-0.003138250313092495,-0.0013443389323040827
2023-07-16,-0.00501307179857993,-0.0010860701847789519,0.00406089729310089,0.006629421009043816,-0.011757664695994818,-0.004513499524832065
2023-07-17,-0.00979748731294212,-0.005670100401287608,0.008116957916509581,0.002924632802868034,-0.015596980034441313,-0.0021205077060619097
2023-07-18,-0.0013246757848289045,0.015727337998585847,0.007402491981965381,-0.0007796218207095191,-0.0004513620366140732,0.007252873122475614
2023-07-19,0.0010286999070787065,-0.0025882918259515714,-0.010827192383958904,-0.000945623146910517,-0.014225225457902339,-0.013617289910482708
2023-07-20,-0.0012354970182637333,0.0007087270429991561,0.0025013354950123514,-0.00069588515327286,-0.012273769662578761,0.0007260065084012089
2023-07-21,-0.008678561833937505,0.0005513869493509794,0.015220920594016155,0.004508169930448726,-0.005393654162069347,0.006409696594656741
2023-07-22,-0.004326097666912736,-0.009332384758376788,0.001975810069228585,-0.0002939271302007123,-0.005789274936754966,-0.002156275796526567
2023-07-23,0.002363331092173951,-0.0007261569840716276,-0.0018733660990198184,0.0007541561394771547,0.005268351777808221,-0.00181899405883604
2023-07-24,-0.005422190718551892,-0.0029691231364520135,-0.008106192922482401,0.013296710170654745,-0.004124998302608963,-0.006370980229423272
2023-07-25,0.004823012888369279,0.009996867127101728,-0.0029875538081650544,0.007098431893957882,-0.006616152475987333,-0.005401731840447792
2023-07-26,0.016509469111951926,0.013579786474106475,0.008099524117351955,-0.01218333545373587,0.007585528365695893,0.014563818578274629
2023-07-27,-0.0033645549092114454,-0.0016311853250278831,-0.0019752534419949356,-0.000758246394104083,0.0038597399484661403,0.00037933955578730444
2023-07-28,0.001661866417833889,0.002802880424042181,0.00504020641993642,-0.0009312736327149965,0.0022341713128586813,0.0030415438063663273
2023-07-29,0.00586846243332261,0.004538036384058947,-0.011714397701258858,0.002225034910955043,-0.015729501863688062,-0.014286507238720814
2023-07-30,-0.0070849036472409865,-0.0068188777161707365,-0.009145427352601262,-0.004514165480724879,-0.002141086684847664,-0.01348298415940393
2023-07-31,-0.0025746631368366055,-0.01084790129422741,0.0025774323565566316,0.005253205290841708,-0.006589772605263902,0.009745121730158715
2023-08-01,0.009687549018875185,0.006249934238679544,-0.008590971394007852,-0.0003996537396034636,0.0032683345461739406,-0.0027773117129275566
2023-08-02,0.0013345777245275128,-0.010641778224691244,0.006728647899637401,0.0032053155729269327,-0.009365939509816864,0.009715375876726847
2023-08-03,-0.002552441919255972,-0.005638331672146649,-0.0010931941206024259,0.006626127454252048,0.00044376782921936675,0.009422043698803331
2023-08-04,-0.0030737805436398887,-0.002453600406030955,0.00023738466020999335,0.005307311022858427,-0.005202864571509868,0.002192210906918271
2023-08-05,-0.005828925482295135,-0.011025509116398054,0.00260109972007742,-0.00044285154526613196,-0.0007879094702246866,-0.0065569743452695275
2023-08-06,0.00018411651919428068,-0.0075364470775519665,0.003973499008765691,0.000734492521617545,-0.0059329476621360535,-0.0027750951854740467
2023-08-07,0.003491172135601427,0.01737145899362546,-0.0028594829784732174,0.0033218183357332045,0.005615834897465496,0.005152080159054925
2023-08-08,-0.020677613711439707,-0.02695570396342442,0.026831220837874873,0.0014314037941003783,0.006612751399764815,0.007791145132305647
2023-08-09,-0.009897244656879032,-7.512553796039476e-05,0.008343972145336812,0.00205268344377201,-0.016050139575188672,0.0006565482398668681
2023-08-10,-0.0010026471569833213,-0.007179966301592096,-0.0019361949147269288,0.0011658195823326012,0.0002648204479536005,-0.00626822800524171
2023-08-11,0.015069532811321798,0.003406318844282029,-0.02018369460883145,-0.009511905909339067,0.015672980697843116,-0.000589355208856657
2023-08-12,-0.01117426942554119,-0.02309443639682312,0.002224397464125401,0.004770837453718665,-0.0013807860046508545,-0.011238819260095408
2023-08-13,0.0002554425032675842,0.003639520790418208,-0.006348938867604504,0.00016591230662198067,-0.007070275539491112,-0.007366535437481742
2023-08-14,-0.012990248220488505,-0.014727876154382407,-0.007297148561691152,-0.00018002748717771823,0.0025927732197626296,-0.015889193930536838
2023-08-15,0.02185708349383293,0.021020061933324168,0.004876314536907879,0.019734594743783494,-0.002134546681033306,0.026429134162134965
2023-08-16,-0.0031261387404448717,-0.006907339243493849,0.008750949493705616,0.02314393620866245,-0.01811344990762152,-0.0008620876028789428
2023-08-17,0.014369970751255843,0.009020890616627903,-0.0022372254480341144,0.02069927534929649,-0.024007883010512182,-0.01680680889700619
2023-08-18,0.0028835203041333362,-0.0027163501947748037,0.008677270193594742,-0.01606651988255439,0.01867562072707177,0.005688676745337239
2023-08-19,0.003728160220312608,0.012343307070072054,0.005323655873640451,-0.004605308251279448,-0.002761565058308964,-0.0018539829861289273
2023-08-20,-0.002921608255511756,0.005630384786752214,0.005650704926125086,-0.0030744057757854134,-0.004330240595449009,0.00728285190005332
2023-08-21,0.0025173451326587337,-5.2009540010646926e-05,0.004637683502146127,-0.004645079718187536,-0.00016116775838488087,0.011264260662094783
2023-08-22,-0.0007227343680732099,-0.007365727638084431,0.0014377778122423416,-0.000627305673059246,0.010565033803172964,0.00019666895258124196
2023-08-23,-0.006083874508573819,0.00020010453550543778,0.013061977703949906,0.012476121552391875,0.020434400318551493,0.0056744135836213246
2023-08-24,-0.012773961664497941,-0.02204699817482617,0.018862606685326692,0.015590889067076537,0.0352122590050863,0.032911989894362156
2023-08-25,-0.01584914849269471,-0.011551308798707695,0.012804758029125639,0.007331796033008868,0.007553468033950813,0.0014419468448488388
2023-08-26,0.0036741822496814893,-0.0012616065140148957,0.0019504294183789765,0.001691874079582607,-0.0038504319236897138,0.0015822881421802602
2023-08-27,-0.0005854191388475704,0.005144057971504539,0.002398434572447703,-0.004412260415393282,0.0031780607193217063,-0.000144794319873425
2023-08-28,-0.014092951273227676,-0.03125711532973549,0.024175392254871798,0.015532132077813095,-0.0022042512635258686,-0.0016683974098492646
2023-08-29,0.014100565914826935,0.007811594592244763,-0.003203108234177344,-0.016194822153690752,0.008953334587275414,0.01580094090099777
2023-08-30,0.008305209216604955,0.02197743502197266,-0.022544886156066347,-0.0014117675168646344,0.005505587166876893,-0.0060512963117256326
2023-08-31,0.002512598721348127,0.01969447808562284,0.0004952814996531887,0.0043954135329047185,-0.014835750781808342,0.01086959730968246
2023-09-01,0.023812739822768377,0.014806928872023945,-0.007969958852511467,-0.027684417728956134,0.03006446853064674,0.014400166341093387
2023-09-02,-0.016193369828819502,-0.031218936463148123,0.0324366146730936,0.007965216015005041,-0.018122882050794816,-0.003978045993339259
2023-09-03,0.005018507800002676,0.009459337472155747,-0.021954306794239396,-0.02250436814184853,0.003092158358069844,-0.014944655681517411
2023-09-04,0.016880134683724554,0.015681902810953254,0.021792243488217025,-0.01485747039578086,0.020356322307426157,0.03240675623980932
2023-09-05,0.00586745202173626,0.0017770012255656376,-0.011987770406711085,-0.0029033736365280654,0.004112074268208636,-0.0005317800099744849
2023-09-06,0.018444300443356328,0.017124132140105257,-0.03175316003799775,-0.023692712599430878,0.01867320388370621,-0.01415661819611359
2023-09-07,-0.0005688098456909903,-0.0012835706976818927,-0.015338179797975214,-0.0009695318487774086,0.001094767405168849,-0.012541506491115248
2023-09-08,-0.010460130854420345,-0.012405601668224523,0.018699819360512973,0.01835844884021453,-0.0159515269807165,0.004954800527389628
2023-09-09,-0.010449456927778721,-0.009951121921241729,0.0036247917975668906,0.016767821384614568,-0.012077388375496583,-0.0025682450979434505
2023-09-10,0.022896348682914288,0.02170745338378159,-0.02193096169012865,-0.011023789992300274,0.014527003480483521,0.012855509328126052
2023-09-11,0.010736772480257485,0.017150676606876334,-0.009547707385746621,-0.008975922932500126,0.004567132281376269,0.00824425086287171
2023-09-12,0.008070427944078007,0.015307998848833703,-0.005140275515463466,-0.0007692969890237271,0.007368807004866348,0.008152775846529785
2023-09-13,0.013799243031907165,0.01247505734848598,0.004811797965729718,-0.01221052759821045,0.01871334736281484,0.010125226014528421
2023-09-14,0.005127623473990077,0.010980711322428435,-0.014534851255430454,-0.0033137798097070863,0.006999999493171743,-0.0075416718604182946
2023-09-15,0.006413002814207827,0.008910842068293155,-0.017725130148465065,-0.0005158648996229972,0.006951488312139874,-0.007824985671712956
2023-09-16,-0.002668527624959273,-0.007146782157275242,-0.0025868647269690808,0.00925280520874391,-0.00396103835074888,-0.008337666545637026
2023-09-17,0.0005617527072286344,0.006532518881635962,-0.018243824044556805,0.004797701916716815,-0.006723647812900881,0.005798557240405226
2023-09-18,0.022364571273254367,0.022976638734666134,-0.01414791162710639,-0.030699389418634534,0.03318410055091,0.012909122814988329
2023-09-19,0.04307556377792861,0.03933205872946241,-0.014864954588599107,-0.05433554879381782,0.04552416385719669,0.03677679856201869
2023-09-20,0.0028038849199056495,0.006915268088114268,0.004872854229527546,-0.015404007945510459,0.008055133033224362,0.01998895290997401
2023-09-21,-0.017369814650918882,-0.01624511331788856,0.01311452887653031,0.01776495629325015,-0.020505402745447803,-0.02426377451616812
2023-09-22,-0.011677285100813234,-0.012017280347685,0.02029023552329572,-0.007839533250566043,-0.012379279519032517,-0.012592899366834344
2023-09-23,0.003982050218013268,0.005830790995110439,-0.0030176402960721653,-0.0036848018777027886,0.006562278390413304,0.007271314937332063
2023-09-24,0.002996471919026854,-0.0009974156653365781,-0.0034286863985424757,0.002758841116075623,0.003957924016125766,0.0027130842612029145
2023-09-25,-0.002038739712705063,-0.0021527452166391183,-0.007879877594755039,-0.0013698383746721873,-0.0015044117749933965,-0.00418998875988239
2023-09-26,0.016125001422839635,0.016446128145586197,-0.007650404759916662,-0.016089858941781485,0.014979016363202716,0.004147606861197324
2023-09-27,0.019659541730778687,0.019879056408868785,-0.036588350447678074,-0.026064332428074547,0.030556981863681176,-0.010603860858496964
2023-09-28,-0.02211993582636618,-0.01415098799365111,0.022180931536191037,0.01762754635147523,-0.019653072908558798,-0.006499217099533026
2023-09-29,-0.011305131252045842,-0.008205005627741976,-0.004300978219552057,0.002986325479519952,-0.0045006374402196125,-0.016250887949631327
2023-09-30,0.0006754181967966824,-0.0037346321484546556,-0.0076709667379303405,-0.003835358485213538,-0.0027813756881894178,-0.009735121419830661
2023-10-01,0.0011099275580811144,0.005795807334483723,0.009356770769673776,-0.011583526819785294,0.006382190439011026,0.006098651777284012
2023-10-02,0.004885871566043551,0.008878509055028476,-0.00031621828146698,0.001937839745817082,0.00976816058447284,0.01249634983355185
2023-10-03,-0.013932447887965308,-0.01470016537820928,0.010264249155490743,0.018143010055928898,-0.009991674264127772,-0.004508073817670048
2023-10-04,-0.004984982910083877,-0.0031875812569667128,0.0003545845757398502,0.006503708865342767,0.0031266412542606667,0.002871749974019114
2023-10-05,0.011701913331979239,0.009766816460606289,-0.0044427659057223335,-0.01009462908558509,0.003936749473395506,0.00859483065649832
2023-10-06,0.011645508810714572,0.014879292819283432,-0.009609219565621475,-0.012586508715088174,0.013467187624730849,0.006904731898196951
2023-10-07,-0.0038608649393097726,-0.004702998559044855,0.0006472262041317788,0.004985180746225372,-0.005759930330517757,-0.003503071914062145
2023-10-08,-0.002939232996107241,-0.004127004452096557,-0.0013671890480267499,0.0024634485773245302,-0.0017006288353097303,-0.0029528071814136463
2023-10-09,0.014022276994174125,0.0035882637261391423,-0.0027805885792825565,-0.008295096656621159,-0.00836532014821302,0.00822819536638879
2023-10-10,-0.009486221001813918,-0.0022629231613387406,0.00278251490628497,0.013670673070015694,0.0027682915694572426,-0.0012815515827160264
2023-10-11,0.0021467449667687682,0.00041078021787233575,-0.0022898720812275005,0.0011742211604118678,0.004150139611016408,-0.0061720264321798056
2023-10-12,-0.005558810415515747,-0.0013571617015837034,0.003858987521330303,0.0033432562234732427,-0.00031648219381531816,-0.0008331968277141527
2023-10-13,0.003320028075425044,-8.442635034409943e-05,-0.0027301266339744617,-0.0006346231922784662,0.001866832098753329,-0.0012179185345138552
2023-10-14,0.001980380210047949,0.007147006094230839,0.001548175273391373,-0.005700075364841491,0.00971604273606717,0.014090039905007063
2023-10-15,0.006570122990516202,0.004945647094444812,-0.0011079804674988091,-0.006344436145457121,0.005299774500924439,0.007975804933938395
2023-10-16,0.0038776240411260566,-0.002602290569273944,-0.000924352553638715,0.0033651049780072085,0.006530446143640903,0.014477338199777121
2023-10-17,0.0023598883274067455,0.0070043804747561104,-0.011333770455019175,0.000705600957815333,-0.007393468232175649,-0.0022726159529074604
2023-10-18,0.001291136128688274,-0.0020863475472025573,-0.003818751963306917,0.010476629660361635,0.006438414003112642,0.0050659336478388215
2023-10-19,0.007526994367608866,-0.0033459093443491054,-0.0015362559327287493,0.0032565383108040763,0.00937406661458185,0.022600074219272917
2023-10-20,0.010395979235410625,0.014787420812204709,-0.008865488522112061,-0.013483685639695948,0.019494701023769274,0.011050821308698031
2023-10-21,0.008863055025779075,-0.005418244174140305,0.008936001767253848,0.0013520272615454086,0.004555793611589448,-0.0016778648969973122
2023-10-22,0.00211759580156403,-0.005393335565075812,0.0027720074113069997,0.005224219255215103,-0.0036646116814739228,-0.017169313582910146
2023-10-23,0.030164129871480844,0.009708185031372347,-0.011668762609462997,-0.016942941512652483,0.00849615799584948,-0.021493904066081666
2023-10-24,-0.003870018384246277,0.0037499540605128792,0.0048810996595991425,-0.005304189866928003,0.0034329832532241844,0.011152591009115287
2023-10-25,0.05631286638976974,0.008092142937515756,-0.025341413896533115,-0.06599908053545343,0.024775933412342317,-0.06360868597868911
2023-10-26,-0.005203641940903221,-0.0007965506934946584,-0.009353016987528781,0.005670869026186236,-0.00036703235276519964,-0.041648614680786566
2023-10-27,-0.01651400263099511,0.011188434549643906,-0.006293714440751573,0.02052538150743809,0.005263639203826013,0.026231800727861715
2023-10-28,-0.006780598733394314,0.0032600702162373803,0.00445591054596348,0.007523192897349617,-0.00021081594355460976,0.010165565838206136
2023-10-29,-0.0017187663305805098,-0.011486051362978134,-0.001236158508483172,0.0012696974517510079,0.0012576524536878674,0.0025513894531046786
2023-10-30,0.009599334197185477,0.020992300938182353,-0.0140570567388431,-0.014620645147717652,0.02083525592274115,0.00513649436122307
2023-10-31,-0.003216987477838394,-0.018821672110119717,0.009714157115191087,0.011160493855739471,0.02311129466585548,0.01083245185366664
2023-11-01,0.00713788428854382,0.009217511019475402,0.0010442500787795894,-0.0011476377132046151,-0.007812977348707005,0.010712010024514136
2023-11-02,-0.006721336075980991,-0.007660078152036615,0.018544262255646503,0.009061222977765173,-0.0033438552645169116,0.00824886405266108
2023-11-03,0.005999786457890561,0.01585226546796618,-0.006252571634449607,-0.008118660617695533,0.0018771422707920583,-0.00383212004972509
2023-11-04,0.008647297811393855,0.00214204721114401,-0.009180935102511882,-0.0028130478381781215,0.0065221084393041135,0.0004087340077039419
2023-11-05,0.004379203386823638,-0.005674117260785682,-0.0031283264363268165,0.00837956390796585,-0.020504385656032315,-0.00797980368799983
2023-11-06,0.00978751287074058,0.012967895926906312,-0.006101178877286962,-0.013231700556235269,-0.0015221542229652734,0.0012386907480978625
2023-11-07,0.0003496188823223006,0.011378366148182184,0.0076371331351170815,0.0024391247157510097,0.015982154211846563,0.0143976525720621
2023-11-08,0.010392219879582198,0.012569087551168947,0.011826913606542935,-0.013347199732244082,-0.0077200209392883305,0.0007959091168375332
2023-11-09,0.0010834111515641664,-0.012598378574027918,-0.01950060098565447,0.005591978034563601,-0.05434845122198515,-0.03611151664940649
2023-11-10,0.004253216072609036,0.015625808917022383,-0.00856494121669183,-0.0005995930180487215,0.01271698345212721,-0.0005630089693130359
2023-11-11,0.017449444076401973,0.027525023412007257,-0.03349047709859583,-0.004862473256652043,0.008279517799809346,-0.01168258230102368
2023-11-12,0.0004950659437813942,-0.010183900482459223,-0.023520498893261365,-0.004946981165816678,-0.009240627105899039,-0.032214196904670124
2023-11-13,-0.035853143626924475,-0.01851655829866735,0.028587016725990098,0.006857646478022683,0.006507429104519933,-0.0014702453151950855
2023-11-14,0.009262460822580216,0.014884009795140868,-0.019498464079593637,-0.010176245180808258,-0.00045416951132979153,0.0027502380607567624
2023-11-15,0.023841280883200252,0.017255496582574404,-0.02306010042161093,-0.009659285839794631,-0.0002339081299736366,0.003933086969432611
2023-11-16,-0.0017690153588206371,-0.009649432434606305,0.008972709700786029,0.008752594073497785,0.007401409428027522,-0.0021194711257115934
2023-11-17,0.009634025313023622,0.00666353772523592,-0.0002114180899791647,-0.007898650265538713,-0.007958380204681105,-0.011340040207466328
2023-11-18,-0.0014134201599109103,0.005205139554580145,0.0013041818295201296,0.005907457997506653,0.008954478041129475,0.01838469416990757
2023-11-19,-0.0007462651910155453,0.007094781347337809,-0.01725147280683197,-0.003713066539703417,-0.008530454682091324,-0.002286513522779654
2023-11-20,-0.011143140330774097,-0.011415581224279813,0.0190854259242637,0.01257163016356821,-0.00012894480376826367,-0.00013432687287818427
2023-11-21,-0.00242013517830416,0.004852794299866983,-0.0032928536673610636,0.000801407831603524,0.008509938903262352,0.004566093849369416
2023-11-22,0.011905432542865588,0.017262892083728287,-0.01671901110896278,-0.01491782957370605,-0.009241166810997067,-0.0021885949936631057
2023-11-23,-0.004707962384149713,-0.005989179802929854,0.011384613381711352,0.009141040169835763,0.005918579431907766,0.0059519615398513455
2023-11-24,-0.0001945882863129646,-0.009680838287859258,0.0025399863725511854,0.0024063828042073946,-0.0041713621972988,-0.0033782132609603663
2023-11-25,0.002259532170833046,-0.0025288136115528166,-0.00882024663236066,-0.004609438583115333,-0.008152401779416259,-0.007019689452125713
2023-11-26,-0.001258793037917792,0.0030662530264635008,0.0008120011836059158,0.004693852900271382,0.0012867157760820605,0.0005463910883874871
2023-11-27,0.006218769402303564,-0.002579677195045628,-0.001770169805409432,0.006417267159718094,0.007236202491195898,-0.0015163004201202662
2023-11-28,0.006537525484654564,0.011087521281826596,0.001354906793939871,-0.007886892051521387,0.0009900039147194607,0.005262888937686871
2023-11-29,0.006842998098314854,0.010044519228641911,0.010611898872423748,-0.00840290720869363,-0.0015795935202702793,0.007493924726583353
2023-11-30,0.0002997759699370576,-0.002622979700997949,0.0008676353472315948,-0.0020526401778959537,-0.000687788479251378,0.002012250153655122
2023-12-01,0.00015517521233453073,-0.0005498975517770706,0.0024529171072939266,0.008230866288686649,0.007557111609704205,-0.0012460943717989945
2023-12-02,0.007624857046680996,0.015282318141829987,-0.0003713799751898711,-0.018721767741220193,-0.008674136390207284,-0.002038274564336871
2023-12-03,-0.004600365787596586,-0.0038333603413495624,0.0019115385278051533,0.006600585305674031,-0.002341751274822404,-0.004909935752134387
2023-12-04,0.0027754498463694387,-0.009367953100248913,-0.008994948690061167,0.012956675061512261,-0.013427848555302543,-0.006458217796484067
2023-12-05,0.01332333407587968,-0.005838545538231151,-0.014420621690149923,0.0016468147401056054,-0.007893034645187817,-0.0114613788813915
2023-12-06,-0.005114909927117477,-0.009502681637088915,-0.0038946767536070905,0.01656961514209899,0.014509300118971894,0.008498462064535747
2023-12-07,-0.005605543207154813,0.0011719569986505818,-0.003077858300058405,-0.0020327891354757145,-0.0060002118582324045,-0.009415995657241893
2023-12-08,-0.002240832944111752,0.014903941243972565,0.0003245001382865731,0.007643234925501194,-0.00994072905757939,-0.009767340550040035
2023-12-09,-0.004175126662585243,0.0030959893229025237,0.014414506151830108,0.008037065742152131,-0.005562808205292843,-0.0058821642445847115
2023-12-10,0.022850355714332367,0.007432616396044734,-0.00019825783301070422,-0.008537342059356526,-0.0048397732233438654,0.00710744933057423
2023-12-11,-0.010010476576311938,-0.010362490801870884,-0.005780528310312232,0.010899495961067164,0.005836158198973611,-0.00556296235071492
2023-12-12,-0.01309317079779273,-0.00714376920838405,-0.003998602786975925,0.00031741469769294695,-0.0056147936068375705,-0.019052773038249097
2023-12-13,0.010709254548014968,0.005510386425536,-0.013338840470654976,0.002905247192074619,0.0021697191690778516,0.009474885078667299
2023-12-14,0.0018886927584092362,0.0044709211923805595,0.003857786025487332,-0.0034627054699585035,-0.0026819776283748538,-0.0010350455201622198
2023-12-15,-0.0018635675379491139,-0.000637897057295701,-0.0013117432045147567,0.014440852188974633,0.01187667600913526,0.01014101667262508
2023-12-16,0.0021745075196982623,0.004222415160199872,-0.0008893268096373745,-0.010267361666330738,-0.0032108753978962045,-0.006887892374221266
2023-12-17,-0.0031274078664988063,-0.005813555363503367,0.007744574071170405,-0.0008416210405955799,0.007661377295305188,0.005615939280111667
2023-12-18,0.025956750657935488,-0.0032245191086891817,0.027846146635773124,-0.019269497428689025,-0.027221417458165222,0.006177928330877541
2023-12-19,0.024542017017901836,0.01531939728160963,0.046609043236777364,-0.03882984849975823,-0.013008927062104575,0.014199322151338229
2023-12-20,0.009192331137543645,0.01690201486296146,-0.005335279873958391,-0.00995392648369418,-0.008622932379675112,-0.0053632798240727895
2023-12-21,-0.004337906991038401,0.013505335255953658,-0.018645910993908367,-0.0032182421027591866,-0.004928924898216623,-0.0004796499380524376
2023-12-22,-0.01654804423637904,0.003563870534741323,-0.004476549092043443,-0.03141496494873632,-0.07427080611259683,-0.0798960263807772
2023-12-23,0.011943862338855403,0.02499066306874859,0.0036516935167999007,-0.009217347930983609,0.0006378958517357213,0.015645889933473302
2023-12-24,-0.002280076033944582,0.006537238447828896,-0.00462186750554566,-0.002131269065686588,-0.0034430415126753397,0.0022493813901746204
2023-12-25,-0.0010655323872608557,0.006418854776240658,0.0016484224179371327,0.0025564911763003,0.012677042416626568,0.00412747475345903
2023-12-26,-0.01860978612985719,-0.029900547686842808,-0.025954769312537488,-0.01832915324207435,-0.02244532130179182,-0.0355974963853497
2023-12-27,-0.010373470292345017,-0.03247154889695166,0.011292388897262922,0.017940203809048125,0.01684486046629209,-0.003826614988585857
2023-12-28,0.010793424993773922,0.00039251767197514675,-0.012880651054920976,-0.007539344020817412,-0.01569672288700389,-0.015316612383743492
2023-12-29,0.019147268105022645,0.03769140684227686,-0.052754015200915494,-0.04488306797050342,-0.054629235925043776,-0.047743088827011435
2023-12-30,0.0216217772492395,0.016222249148302476,-0.01467794919318013,-0.014611724032271478,-0.019542736465991292,-0.016485254575363657
2023-12-31,-0.019563294078968303,-0.029723843144772655,0.01819999138642274,0.023118251901624826,0.02441474220750046,0.016235266063890225
2024-01-01,0.019908340114653957,0.03482728024544547,-0.008448241066200304,-0.014801092576935227,-0.030495197380654773,-0.010867788410944733
2024-01-02,-0.009683928461118759,-0.00821345727283429,-0.007658115010431827,0.006285804748319408,0.006069226962833984,-0.003271960891803911
2024-01-03,0.00970110591966134,0.017553151347442945,-0.02771236393731808,0.0003928425388300682,-0.014331261394196146,-0.02084661013168078
2024-01-04,0.006002249765027209,0.010872013036429236,0.010614479070374688,0.00030249084000761597,-0.007886370270858594,0.007361416659265953
2024-01-05,-0.0003452922786017955,-0.011222631826212581,0.005857308476261388,0.009757476464157281,0.012175955433062761,-0.005094900751619317
2024-01-06,-0.008430199267306381,-0.009021696152857207,0.012305802096004235,0.014056329651063912,-0.0011078051757123382,0.0071850742494235665
2024-01-07,4.6612749469815385e-05,-0.002596371683379979,-0.011601685402266255,0.0010290354970230323,-0.0012555473928753597,-0.00913878740486591
2024-01-08,0.010927696792575018,0.014558312258193241,-0.009642277283641424,-0.009483882463215052,-0.010740952614983089,-0.004202305802301976
2024-01-09,0.003891772705281662,-0.003036185369878525,-0.001414705777900242,0.005416637236314785,0.0015956447019304526,0.005472547843755955
2024-01-10,0.009416621746109962,0.0008996537787431691,-0.0017551145354756065,-0.0026623424092443245,-0.0027731761742448165,-0.007863888130472717
2024-01-11,-0.007362504915528587,-0.011740561364698596,0.011100284439138812,0.0036366673398123468,0.000220013088213931,-0.0035292073977938386
2024-01-12,0.0003076511372011451,-0.00795393680070832,-0.0006221226659928483,-0.0012234340943567796,0.002155696599336494,0.0011258990319497036
2024-01-13,0.001203055590249116,0.0074770717075201415,-0.0032469839479240944,-0.002621341669870089,-0.0030016775247471367,-0.004729802907852719
2024-01-14,-0.020064964766688384,-0.009442712358334202,0.0006313744096342868,0.008908294890556622,0.009596012453653765,-0.004727613683667128
2024-01-15,0.017567959174064528,0.012113042880803787,-0.0029689387797336643,-0.008184324778833147,-0.0043716088220806144,0.003215357414800894
2024-01-16,-0.005250483280725196,-0.0018074674840270052,0.005841478340173777,-0.0019193352267756235,0.0033670971290207558,0.0022316188875140205
2024-01-17,0.0018597934065373296,0.009211744151371114,0.011106447139246451,-0.018118044910363357,0.015853691557156806,0.015697045900415006
2024-01-18,-0.01377204835538011,-0.017730943190745016,-0.0001749439597547452,0.019961828919346843,-0.00036885395824405104,-0.0021459420972664133
2024-01-19,-0.002056195196784833,-0.004992527165404818,-0.0068557860923953926,0.00657774716400618,0.007179149729620893,0.0012942956502957528
2024-01-20,-0.01852855422659497,-0.012790225282869093,0.004915550838353363,0.010125195171798673,0.0032967442694629037,0.0004984960669252321
2024-01-21,-0.0016342058366996795,-0.0011125229411083236,0.0013006686393971646,0.0017217664976643741,0.0014147785120730177,0.0010760013377740724
2024-01-22,0.007026964336177638,-0.00695419763850078,0.00178751215277148,0.00147889315384938,0.0070159112252437565,0.0030887767972428673
2024-01-23,0.011786493365094408,0.00857910355523579,0.010469276930707034,-0.008013438835056024,-0.0008849032941708232,0.01204690477375625
2024-01-24,0.005243149169566607,0.0025840730061982664,0.008735965715507705,-0.006949866478012087,-0.003188860296525526,0.0038849555467784314
2024-01-25,-0.00743136293913221,-0.0064654669836122424,-0.0007533861364553872,0.011631700202230139,0.0043393418547812935,-0.002780460497903739
2024-01-26,0.014159043442723793,0.007654701654505886,0.014010198485283284,-0.020653154337631725,-0.00846586764532829,0.009736730451328328
2024-01-27,-0.009495004781597155,0.00015852532678308802,-0.00646046820409219,0.0034230438214401817,0.0024614371571628872,-0.005751083141718252
2024-01-28,-0.005091083615351913,0.008330116039657042,-0.002281500653913314,0.0013671371531169703,-0.0005645723204881219,-0.0009709855137711987
2024-01-29,0.009239260347457732,0.009446974933725509,-0.008736054395181318,-0.012663376638530415,-0.0028719200629851527,-0.004185642387020772
2024-01-30,-0.00044605714619539306,-0.0002318952090821649,0.007189257731017181,-0.0016031479458023812,1.1476938157393984e-05,0.006209932198161656
2024-01-31,-0.006177850252313415,-0.0074863359431484745,0.0055755728550004975,0.006266625070440759,-0.0022134618071799504,0.0046866882271298736
2024-02-01,-0.0010512962430788723,-0.0009380289944482441,0.004985481163064779,0.0033506721381692667,0.0017278220437369869,0.0059460095368994315
2024-02-02,0.0004721676712189239,0.0031605015444441656,-0.002335264311447299,0.0034055652877112144,0.001959755083933111,0.001562798341274102
2024-02-03,-0.0012663810147959332,-0.0075154602774845855,0.005717020710610291,0.0029608600065952253,-0.002856337655810496,-0.001104456946683441
2024-02-04,0.006862339792850588,0.0037074766381652038,-0.00034908923832978626,0.0009210731872116993,-0.0010104927625108006,0.0035634348380529164
2024-02-05,0.0004584236840910875,0.004772577904571131,-0.004835477010301771,-0.011654420359636607,-0.009324558816678919,-0.0027880091274868008
2024-02-06,-0.005851710229406383,-0.009074176597425944,0.004761552270676744,0.0070833039500759944,-0.01327831514091241,-0.006872485819050585
2024-02-07,-0.0016888673994167715,0.0058327518368951935,-4.923583405991034e-05,-0.004918570415106178,0.006281567345887195,0.008690303979174427
2024-02-08,0.00011870444791140814,0.006894537601297853,-0.0015066957248972815,0.0017586825135212393,0.014491765613494051,0.006984119561844515
2024-02-09,-0.005685659523988679,0.01830939713925346,0.006277459759133497,-0.016369898930145028,0.0007748130711209725,-0.005059742780450594
2024-02-10,0.005274908015285494,0.0026067820566933017,-0.004536475519897423,0.004694808029074085,0.00277178316927807,0.004493279822075803
2024-02-11,0.0011516979019653652,-0.005690958234345482,-0.003153474834238404,0.0033288314362654556,-0.01105528573326166,-0.005824871246981511
2024-02-12,-0.018061584215607312,0.01515695365716472,-0.02404239794761049,-0.01444687572073432,-0.009165845242754942,-0.02126285991993849
2024-02-13,0.009375549200157617,0.0039049039340749406,-0.004112091975537529,-0.0014840178548000478,0.013724431027782551,0.006282210967527754
2024-02-14,-0.0018956921227822124,0.006805851864755435,-0.0012392994178518704,-0.00946142149466486,0.010781683421378243,-0.002226394566651382
2024-02-15,-0.006423752594655107,-0.007792932053235615,0.014128452473551429,0.004308593988596265,0.003319025965875521,-0.0018667942140016434
2024-02-16,0.0005079899146939783,-0.005567675994102421,0.01867864812180571,0.005040337771820863,0.00918583429711834,0.02253983811055325
2024-02-17,0.007221077539367372,-0.0010926962002344057,-0.002505528783544919,0.0032682728769403394,0.0007232422519137705,0.0038178508670942642
2024-02-18,-0.0066424278851065655,-0.002634506638679494,-0.008591894775757931,-0.0044434860889297975,-0.000928968633253947,-0.006474899981020691
2024-02-19,-0.012916637673928068,-0.013308943423313893,0.005350721944807715,0.00913167006953897,0.0076890442517227155,0.0075693967436495325
2024-02-20,0.00276121489467684,-0.007010932450258739,-0.010396855871717204,0.012319235889524672,0.008873640021941763,0.004162612322929137
2024-02-21,-0.002055115266316804,0.002334748162493305,0.0013337282798513725,0.008508105780000453,0.021287275095355097,0.0028213827807992307
2024-02-22,0.00889830423920025,-0.008099281591645363,-0.008660978041827397,0.0019029517786067884,0.009650223789987962,0.0030164041542911986
2024-02-23,-0.003981673164916731,-0.020062786511645163,0.0053033138704555345,0.014699037625301448,0.012188474709632734,0.013756986933865043
2024-02-24,0.0003310925507463898,0.013427802550499426,-0.004515642163498298,-0.00990818022993386,-0.014039639496194252,-0.015974212913494233
2024-02-25,-0.010495489004278642,-0.006112330235670579,0.004778792324453347,0.005909004912935358,-0.001880954365047008,-0.0002477088816951581
2024-02-26,0.0022507189851878585,0.0017112773468922042,-0.001390330045337782,0.0006417265089582136,0.01212780879805963,0.007682050928406989
2024-02-27,-0.02229534414269066,-0.019079716106314863,0.013788917720776695,0.026891118000019743,-0.004821110343427891,0.0003602894283323819
2024-02-28,0.0014805350152676472,-0.01689539823204226,-0.00868378766306211,0.02180741579136535,-0.012248608422105364,-0.014971382215785043
2024-02-29,0.005757016571017572,-0.00749320505317353,-0.0050087067715749315,-0.0006464430359693218,0.012449294785476803,0.006979571399154024
2024-03-01,-0.011140783455204896,-0.025351361289832803,0.011263294113221549,0.019216347074361734,-0.01591115724841065,-0.012244002846276329
2024-03-02,0.03159298486988607,-0.02425102021649774,-0.04477365928550169,-0.006361061127233862,-0.032863147991473385,-0.03467579482509179
2024-03-03,0.02483756163566766,-0.01488745872912414,-0.03603494718481369,0.0035766284656785527,0.012680261400257162,-0.014648997487595707
2024-03-04,0.02821488463564609,-0.030700523536563964,-0.04355752263691947,0.011110312091458836,0.018499021995269434,-0.012994162325845092
2024-03-05,-0.033916853920608295,-0.00014632203363036222,0.015049753954759696,0.02152139865035042,0.007045451943628351,0.0115470416183644
2024-03-06,0.017017668463790808,0.006616084618922929,0.0002122037059368379,-0.008170072562193847,0.014959065416771698,0.0191513502174142
2024-03-07,-0.01964248203342974,0.02463993574801835,0.015593685400570623,0.0010669600051645969,-0.00878162423343309,-0.0053207573430383215
2024-03-08,0.03969674897735547,0.002242161428424003,-0.02238997230722125,-0.01524803201325151,0.014685551227466011,0.017549115627134043
2024-03-09,0.061470110080949734,0.04392314156739416,0.054492599730839024,-0.04317312580186415,-0.00047064740942691136,0.07046111628747574
2024-03-10,-0.04256968881163207,-0.04629640734818759,-0.025900336574041387,0.0417273573318063,0.030120708725403997,-0.010484774991769287
2024-03-11,-0.015164272495663805,-0.02422733608120805,0.01737591518706265,0.01068091152580808,0.007808040129081172,0.0066489795445894735
2024-03-12,-0.014579493625156629,-0.004757805988134063,-5.706147862132214e-05,-0.0014513297315338022,-0.006042390377375568,0.0020206675753201234
2024-03-13,-0.0015857492098157971,-0.004548681759672562,-0.010869677159180403,0.002774561301557368,0.027663501496349375,0.01285107745001792
2024-03-14,0.03195061395002692,0.026579469363050865,-0.020509174193308867,-0.02812248144489536,-0.04050954943374324,-0.014527129484588841
2024-03-15,-0.019663052525236837,-0.0018371953781811975,0.00030821175235229404,0.011054054995908582,0.035832419803197804,0.0217628497630925
2024-03-16,-0.024937456820055857,-0.016150939626830858,0.01264920588382147,0.015642321663248582,0.02286399073424314,0.009528608983672745
2024-03-17,0.0156941370676272,0.005580183091669753,-0.011534652568613609,-0.016097343309803558,-0.02488734770047227,-0.009167039425241346
2024-03-18,-0.01826307403537581,-0.026350513477604396,-0.004360960408045054,0.015927168203771335,0.02253604075420617,-0.015509357179283954
2024-03-19,0.00048761021986781447,0.0072870178589272624,0.008593731599797105,0.0017607212868387908,-0.004978444314682032,0.001080424521953497
2024-03-20,0.015566780615109459,0.019142722492036416,0.00772882726807239,-0.016208693147766202,-0.023053168709223748,0.00875640753364418
2024-03-21,-0.010587937872365573,-0.01414601466346917,0.0050565273007354555,0.006239127197587417,0.00699915290869809,-0.0072353884300158655
2024-03-22,0.004883583449374777,0.00428212005977373,-0.0003003502370947783,-0.004272379527090546,-0.0032183801523279006,0.0021744628531222116
2024-03-23,0.0019385663557706786,0.00034541784475475675,-0.001115303872786227,-0.0043750068368211175,-0.003434442235589561,-0.0020601330881500454
2024-03-24,0.002924433945346132,0.002642569174150145,-0.0017234980361765379,2.266029619167056e-05,0.0003543143701625793,0.0002580385367433929
2024-03-25,-0.0006483861299476496,-0.0011483367504645623,0.004538713024570945,0.0018114483664461191,-0.0019234114483461958,0.0004992001810967415
2024-03-26,0.0011010085919469666,0.004228369625774492,0.003963772640538882,-0.0031610963442137304,-0.0019446972747518354,0.0009513023071770713
2024-03-27,-0.0014933088775778915,-0.001607934820514377,-0.009635863756624646,0.003985938261412016,0.01865432038432945,0.006028554565227562
2024-03-28,0.008392804306629626,0.007182728483635866,-0.01731481119102202,-0.008021780378399526,-0.00467489623057574,0.0003110003870488886
2024-03-29,-0.005309184137965395,-0.007567954995483531,-0.0007348506470721468,0.005160526192430567,0.01577908181545602,-0.000685345892288684
2024-03-30,-0.002216206764415149,-0.0012834232484221545,0.005879400573900638,-0.0013918101268401454,-0.013403735737902267,-0.001925197691820042
2024-03-31,0.005342972308039388,0.0039807089437831865,-0.012087550832961367,-0.002717898584692027,0.0036262974533553902,0.0019108802578256712
2024-04-01,-0.0007129780887542024,-0.002073713669643846,0.0021510158512368788,0.006243748979250097,0.008333580125015201,0.00839186240278926
2024-04-02,-0.00014839062104596843,-0.0005405165678256807,-0.009443904941309396,0.004265579415997278,0.005650881414967243,0.00474440159484978
2024-04-03,-0.007435386638755367,-0.006608209670747101,0.007203176769953398,0.005787004431922547,0.005291785992546295,0.0032426964995068133
2024-04-04,0.002326034736195845,0.0025394394500627138,-0.0031651805772397994,-0.001456321603733355,0.00020705913866515672,-0.00016792437029786714
2024-04-05,-0.002360652972769324,-0.0016035212296925856,-0.0015969479328912441,0.0036999534340992754,0.006345149680530567,0.00011386241324426457
2024-04-06,-0.0024332077030861723,-0.003772838854105547,-0.0009707839611831206,-0.0007491079368821755,-0.010194119632162964,-0.00858894680841227
2024-04-07,0.0002892343670413611,0.0010443683308530123,-0.002207909308473573,-0.004893029920837197,-0.0090435688749191,-0.010543784032203931
2024-04-08,-0.002342685060055939,0.0017816040458515487,0.0071395676179559315,0.0006598746854441628,0.005768337704786381,9.000958101196927e-05
2024-04-09,0.00502237015530054,-0.0007146881813619144,-0.009019287646535779,0.0034177966161157824,0.006512352606350457,0.00025600087232882494
2024-04-10,-0.0016492843391831473,-0.004525124130998262,-0.0037895366592400697,0.002060332977028575,0.0029908438542003484,-0.005589200405756489
2024-04-11,-0.0002563053415396117,0.0021338923532262066,-0.001117272932479002,-0.0021444540850971516,-0.00033440130852072433,-0.001301539801789478
2024-04-12,0.005556025626476069,-0.0019837836661060065,-0.013232142970118441,0.008763908130005313,0.014710422014803739,0.010409968582042867
2024-04-13,0.0035372870732576765,0.0032335873311533994,-0.0006158875774374302,0.0075193735925518064,0.013233411347041714,0.013026186720153238
2024-04-14,-0.00029482586715258126,0.001226979927188354,0.007125839278257938,-0.004950100593994615,-0.0036585074436962647,0.0014058176509522042
2024-04-15,0.004764207221203002,0.00019997806787766222,-0.009652409658342038,0.010564513041761316,0.008473235467186329,0.01179031690122701
2024-04-16,-0.012207982033708624,-0.00027086802981096615,0.0062420635412962664,-0.005463132198157635,-0.009555331744122599,-0.014296153784385047
2024-04-17,0.005595092187584668,-0.0121198123081236,-0.003809735517894621,0.006532128965279587,0.005894868415334646,0.00877456059603637
2024-04-18,-0.00013591517403354969,0.004656350495589954,0.0019171211851542861,-0.0019024886221421552,-0.00033235898752318035,-0.00019556039976688263
2024-04-19,0.0010375184944037372,-0.004380276565794433,0.002753018554019108,-0.003541456780188752,-0.0006920908038863142,-0.0026072209765959395
2024-04-20,-0.014788554735136664,0.0030000208757143165,0.0211038382059395,-0.018522525545681488,-0.013792240807332401,-0.028192439653627797
2024-04-21,-0.0004565904876415954,0.00632765558743246,-0.009780463316863598,0.0005527436175175378,0.0013781575567404177,0.004694470407192344
2024-04-22,-0.00448455651584986,0.00266989236975846,-0.019055691461566528,0.002364311049530419,0.017194147393656843,-0.005683264689626115
2024-04-23,0.013323170744882207,0.03633113413955855,-0.005144855891464837,-0.01705201273377716,-0.004602206665408623,-0.00792700301118992
2024-04-24,0.020519104519961744,0.018902288863664664,0.013563830238221863,-0.001996918686376977,-0.0015878023110759629,0.017537087420902518
2024-04-25,0.0005699628945963886,0.01671214278120017,-0.010398050913862956,-0.002954493503498536,0.005582663182115949,-0.0010049031324757464
2024-04-26,-0.003921772231075431,-0.022574174923609573,-0.0016578381105660555,0.019177279187260213,0.008438699422215087,0.009704680473697817
2024-04-27,-0.0077814153706513844,-0.010460608444944125,-0.0019991772387984988,0.003747673311229564,-0.0010413777831572465,-0.0032758634800472736
2024-04-28,-0.00034898216309021176,-0.0030062537490075317,-0.002298904583136292,0.006018093248902537,0.0046789923766647566,0.004765043211924076
2024-04-29,-0.007904049960018368,0.005284441015347928,0.007136629648896164,-0.007542329740418073,-0.0032470781089049996,-0.002559792151189918
2024-04-30,0.007965224825611092,0.003982270333780844,-0.008545124050882287,0.025725519655073057,0.004448255666757246,0.016823912100571197
2024-05-01,-0.006128316825689403,0.004398019403559435,0.006927029065877806,-0.01495954894399525,-0.009525056654323676,-0.017303800625960382
2024-05-02,0.001696967332911842,0.00861845319596141,0.0014297676030790721,-0.010901807454444403,-0.005205059577316188,-0.014559500556574742
2024-05-03,-0.006138949168693176,0.006739255644455987,0.011533489565345799,-0.028969758870642695,-0.0002632653815205261,-0.0032987367901131832
2024-05-04,0.005454487481940471,0.016312784893262725,-0.0003820476520063246,-0.014242480698782565,0.0021306731693015294,0.002631020435488725
2024-05-05,-0.006192703653123227,-0.003038481254963374,-0.0013688125550123298,-0.0030596886692974374,-0.0009069599516072628,-0.0032079829614231285
2024-05-06,-0.0035278590885158834,0.005568074901630156,-0.014501554300720127,0.0026230792528929257,-0.000536985691895993,-0.011575429065011179
2024-05-07,-0.0020911740479240886,-0.01214154491428216,0.013915607736345507,0.01046205540452908,0.008993682991900937,0.008314802800667867
2024-05-08,0.0030045538641741113,-0.01311923034073493,0.014047169127047664,0.005076614584992117,0.0023020818084245557,0.013042956486883427
2024-05-09,0.009228273589811776,0.02157143169505892,-0.012187955834379626,-0.012756488746546014,-0.017004700763639993,-0.011120041937776418
2024-05-10,0.011639173835015474,0.005422194948945646,-0.006446551629400918,0.004611956574908594,0.0006219833250098802,0.004416826234815587
2024-05-11,-0.004474227613241658,-0.0006351383545249098,-0.0058261316865307975,0.0006531751545698823,-0.00041496936453405816,-0.0064677352659633525
2024-05-12,-0.0007764989563215783,-5.4777643977083946e-05,-0.004202614806807785,-0.0005658721768078271,-0.0010253448098376475,-0.00266495277414316
2024-05-13,0.017209331246134607,0.015255433121280181,0.005353547547200427,0.003009435915797062,0.005781094926488045,0.010097983282968608
2024-05-14,0.0024820082062259924,-0.008000448584250076,0.005575715038173382,0.011677448738459602,0.01380321378291566,0.013488038585527565
2024-05-15,3.69097429969086e-05,-0.0036355793820106873,0.008612207036225042,-0.007931111675169881,-0.00648277682020573,-0.0009665224615021746
2024-05-16,-0.00301576353284273,-0.01585380067006151,-0.0049201808683447925,0.009806641697936325,0.002457858239066379,0.0024506258885826186
2024-05-17,-0.023885890494552378,-0.021736517978941456,0.009339652441932782,-0.0010791545312555785,0.0019401204729876454,-0.0040088453423642164
2024-05-18,-0.01130043750247368,-0.016428361436254223,-0.0010497508145668986,-0.0007498657419203701,0.005849702693971014,0.010737063579096717
2024-05-19,-0.003957154013310824,0.0011240845612675806,-0.0013745028533611804,0.005488544036266779,0.0034883821477065535,0.004482445279458732
2024-05-20,0.01055519503407891,0.013970835835330752,-0.0068519600509233,-0.004959289783607894,-0.0011356884208415397,-0.0191204106978951
2024-05-21,0.02562149377533258,0.014377048178904088,0.013479618144403923,0.0012679919855489684,0.01695210587370616,-0.0071533771096812795
2024-05-22,-0.005591548777714743,0.014885943013043697,0.011629689305212677,-0.007644517256415066,0.006905090528105901,0.007851908818653995
2024-05-23,0.042343712340959065,0.025281658086206114,-0.009727767222397113,0.005858956300410673,0.008872478888050197,0.011529042816777501
2024-05-24,-0.010623780136378201,-0.004145302745176397,0.0023257198111962148,0.006717358817810305,0.0010506049707083918,0.008388894700869787
2024-05-25,-0.0010809835964664394,0.013276570991608908,0.0037104095537260897,-0.011475136654781934,-0.006809699916929916,-0.007221476271000569
2024-05-26,0.007644826808966807,-0.0019386015513718836,-0.0008653620669860071,0.0017472660005129963,-9.985497158145474e-05,-9.492931137844289e-05
2024-05-27,0.016339924411413003,0.02371443847304189,-0.013637764881549297,-0.023527811328281044,-0.019913848226037572,-0.015005290981675346
2024-05-28,0.006612817777681874,0.023820798744529477,-0.015817521626069968,-0.014991183889851545,-0.0012875031737863184,-0.01297099541561561
2024-05-29,-0.032348114179329104,-0.02538601805267758,0.047423960430233156,0.011414479308251603,-0.004587646790547469,0.007679939076118332
2024-05-30,-0.029279267289427324,-0.035419108991870576,0.008479487207980235,0.018161415410445223,-0.010359243860415205,-0.007972926197718859
2024-05-31,0.03124102918210255,0.022647553028520763,-0.023160639294174314,-0.01811607002560258,0.011539178329004932,0.004336703309636542
2024-06-01,0.022779735539387617,0.019584238274382243,-0.03279656161495441,-0.020665616913118908,0.05468153351228122,0.0029206085422102406
2024-06-02,0.005446936313010317,0.008971795649237304,-0.01433688566982925,0.0010460163443646035,0.02510640082694275,0.009792864898448536
2024-06-03,-0.0007847392109619031,-0.0024455862683276162,-0.009914594477296704,0.007718196181526836,0.0027249999059073683,-0.005261787459411029
2024-06-04,0.00340548972101769,-0.003380782699647271,-0.020395965285257583,0.008806588761352586,0.011595289548124747,-0.00284987156888914
2024-06-05,0.008064676124252976,0.003892118140412728,-0.010428960816561687,-0.009695028101315374,0.0023660446611096925,-0.0036181514421659688
2024-06-06,0.0054508895869024845,0.0015484331264878754,-0.004386459567958913,0.006412265639783113,0.0074516025709744325,0.005174231783919735
2024-06-07,-0.014070348871891571,-0.013581723400780213,-0.006984304703136261,0.022035618335799683,0.02748336745896464,0.007576877028195375
2024-06-08,0.021968195287227345,0.012113612312643934,-0.018569926989718814,-0.017587888900704514,0.0011072704778025417,0.002673251243475693
2024-06-09,-0.004749039817924878,-0.003463581240715795,0.007228016264073276,0.0015295339474689137,-0.009002583186925945,-0.004410182291556672
2024-06-10,-0.0036631348512723544,-0.0014091126656411504,0.0011858087220960765,0.001936213324149091,0.006827897664274276,0.005122774684103445
2024-06-11,-0.0021080290058798777,0.007397165451585398,0.021064933802478328,-0.0011594617811588532,-0.014843023186320187,0.009141091163795
2024-06-12,-0.013025378193040997,-0.0029389291299541766,0.018264411799499766,0.008124324654732009,0.0002958634494575151,0.01767621006867358
2024-06-13,0.00432281449810977,-0.005365156803321377,-0.013115383251038002,0.011945662615295827,0.015182226349328694,0.008778897303628994
2024-06-14,0.007996872387288509,0.007467309981195176,-0.010609578655014424,-0.0005374548752583385,0.004375450077239217,0.007968441012790968
2024-06-15,-0.002124314606793178,0.0013144723365771536,0.007597298642876674,0.003657144230924534,-0.0037955153119046377,0.002706535790998025
2024-06-16,-0.0075816015760242364,0.0015791632607860058,0.007497576112669817,-0.004622939812975674,-0.00540268459012041,0.001436913185258376
2024-06-17,-0.0022226352470386002,-0.009399364695455647,-0.02171496305410877,0.03718449776316087,0.022279697493306674,0.0379716210776132
2024-06-18,0.007812672558611691,0.009109670794238661,0.0012193781063853913,0.0035362772357867556,0.006164878712925754,0.029894426793395417
2024-06-19,-0.003751140219590531,-0.0023690730961508683,-0.0019173799486944243,0.00041548287790114274,0.0005759575740299905,0.008415839148568647
2024-06-20,-0.007291787604162091,-0.00873494438694753,0.011266624463110877,-0.0018865467443949758,-0.01221291173766391,-0.010720527161661999
2024-06-21,-0.0026299821662300847,-0.002303476204482269,-0.0020790519796739424,0.003443832788140709,0.00788516062173448,0.0028872425948856984
2024-06-22,0.005726861375202456,0.006069415643749542,-0.00456462529348011,-0.0006808793842914432,0.005389553680164966,0.003640349112714315
2024-06-23,0.002268046748530802,0.000233132436533209,-0.0007801920181520813,-0.004505269455315956,0.0038650169095372135,0.004390054497610515
2024-06-24,-0.024945970444532832,0.00825248357063878,0.020983946811031353,-0.0114060720185591,-0.0013883407318656428,-0.025741678615366803
2024-06-25,-0.0075752214618125,0.0056303061439379395,0.013853894357924765,-0.008953281508613006,-0.007867363631015029,-0.011699173684006938
2024-06-26,0.0036642366390060074,-0.009895161375716768,-0.008269316277589952,0.0096971290548679,-0.0005520814530997995,0.004908763239036104
2024-06-27,-0.018002943891761814,-0.010689828117011354,0.005816835357549023,-0.0032674272605637033,-0.01005663783692015,-0.02389792402883366
2024-06-28,0.014783910293759516,-0.002345416501768618,-0.008018162552491444,0.007652443059237645,0.011934503995383374,0.020140623352352047
2024-06-29,0.003398362477261211,-0.006445901949779673,0.002483611470594711,0.0026151272976569413,0.003472407409909955,0.0013529664742692406
2024-06-30,-0.0022800003558845596,0.005876859164556307,0.004572403003480294,-0.0054834402711801,0.002087779065341682,0.0015203100256292487
2024-07-01,-0.0053321238519091355,0.003231115579059266,-0.004319483192746336,0.006353533033975141,-0.0055138993836332875,-0.007452900701246097
2024-07-02,0.0006531272698963129,-0.003503013171582883,0.00170655745206576,0.004053191174330766,0.00411126073562176,0.004993466889238538
2024-07-03,0.007892569986756364,0.0016961226147609485,0.014235655095782354,0.018524426224939206,0.006129511336611438,0.02379498401159109
2024-07-04,-0.019283764383625727,-0.025452706696704443,-0.002570093492254077,0.014154964437772751,0.007721751189532818,0.005248742078729905
2024-07-05,-0.011637935619594572,-0.006280684709121619,-0.01056378680903314,-0.001235231457332308,-0.003491665231305926,-0.00814735000403278
2024-07-06,0.003693677514983295,0.013107477701446888,0.009401891018309419,-0.007861805656283558,0.007815674745613791,-0.0065535084320006
2024-07-07,0.0033894456026540543,-0.002679163702927751,0.0016716101887598225,0.01140689731733532,-0.009715232466747211,0.013231735272718152
2024-07-08,0.010129160101048296,0.022841185564097678,-0.007362418114909195,-0.01774371106626201,-0.003121671491332179,0.013871690242443672
2024-07-09,-0.0049556741484816725,0.0038503808704649944,-0.001923914597366967,-0.0088633526706227,0.01119503155669534,-0.004012793556141605
2024-07-10,-0.015829583661161606,0.0005922210211116223,0.008845911258299614,-0.0038878909087551065,0.00017082448486748175,-0.0013104259109524637
2024-07-11,0.015276743105420976,-0.009055844181568665,-0.00021352772930621213,0.02877148223718407,-0.014016120128308752,0.011815188378273337
2024-07-12,-0.004840919613482951,-0.021389844542679934,0.0076238863029675025,0.007719994359787004,-0.009044898841057985,-0.002065933120737406
2024-07-13,0.015416672980099444,-0.006175830889293823,-0.011339627860741223,0.012578382702440905,-0.004343090302550622,-0.0011829247379519306
2024-07-14,-0.013731499364040218,0.02728016748281916,0.011056366112412126,-0.02214086156769233,0.008969822581053253,0.002096635669071278
2024-07-15,-0.03530705906644438,-0.007231387941634003,0.005444469854435738,-0.02582940370414561,0.03634860480607482,-0.030664895752206683
2024-07-16,-0.02890792195706216,-0.0003184391435004784,-0.0024248134905428408,-0.0040825043306687995,0.04256786942664698,-0.009616415119383635
2024-07-17,-0.0010351539587457627,-0.015904474866383096,-0.005578181129747227,0.003781312243492288,-0.006939913210003878,-0.00028392441626231624
2024-07-18,-0.007432415100391104,0.0034277618293803514,0.012052166889317253,0.003580127764190206,-0.012790995818235012,-0.006586623923142941
2024-07-19,-0.00568092255408925,0.010906548863301732,-0.0012471515985360056,-0.012198454265681547,-0.002082793650394734,-0.013150972432080361
2024-07-20,-0.001764674696738759,-0.00900295103047083,0.0026696872941800935,0.0035595389184421566,-0.009785186583564106,-0.009606167163550106
2024-07-21,-4.208809196438025e-05,0.0021358510565654366,0.007653541229447128,-0.0069097277523577465,-0.005593124258552206,-0.0012309504015964009
2024-07-22,-0.004185383834232358,0.0009695048006116084,0.009850472853920468,0.014097949222235943,0.0045153423034307895,0.01908329991363346
2024-07-23,-0.01958482302253106,0.026006083851445212,0.013438346867779595,0.010811872447836561,0.011004223731604826,0.016407986778597276
2024-07-24,0.012354399259155591,-0.006640698103713884,-0.017984875992203768,-0.01277750458657601,-0.003145680322680209,-0.009655343094884975
2024-07-25,0.014110310888415542,-0.004485885065926837,-0.007733490748027473,-0.007532182305401866,-0.0024337795655274127,0.004228814978361898
2024-07-26,0.01061810320840093,-0.017587665976538353,-0.009291367975936864,-0.0180355620730764,-0.018921110760585367,-0.029343606751501397
2024-07-27,-0.0028167798953296712,-0.0020757779715391187,0.007377470045212178,0.003862258464142394,0.002490807235442597,-0.0008813328593474939
2024-07-28,-0.006154211581686142,-0.000716916471558643,-0.00014179639874479719,0.006144360147731927,0.003644375744178375,-0.001474196417009704
2024-07-29,-0.001857927338892306,-0.00013739148839129296,0.0015684344223573746,0.005850756974345438,0.001882625703526575,0.004504164379737503
2024-07-30,0.004605984328606959,0.002656294387781348,-0.008694302355638254,0.004908946451990888,-0.0017585325477865882,0.003567842251592463
2024-07-31,0.0017422423167779502,0.001135263444316711,0.004012424004363999,0.007572963641517114,0.004350348578218571,0.009720328897230672
2024-08-01,0.006332945646920358,-0.006007311029689222,0.004593063705079901,0.011285706468970695,0.017298091372027844,0.012517379081763872
2024-08-02,-0.0005335531133305489,0.0016515465304353394,-0.014495817495186022,-0.00474504823446853,0.0027277733526235412,-0.002474356944208888
2024-08-03,0.00667140561761039,0.0014770036920206753,0.004669529013209815,0.015705770094791252,0.0009398629385660338,0.017975876959996594
2024-08-04,-0.0013452831712350898,0.001749703720626917,-0.0031150201350326583,0.0017855179536588575,-0.005573047085858696,0.003255160119691456
2024-08-05,0.007966407944396684,-0.013682078952397349,0.00455665032165759,-0.010152005415196506,7.664582041467432e-08,-0.0009944447296218084
2024-08-06,0.010245448787521597,0.003422519356975802,0.02451067668922512,-0.01512550513613142,-0.016760359356790613,4.8495754469562254e-05
2024-08-07,0.00617586850118799,0.010262222246514791,-0.010962949560710575,-0.0043834448930918065,-0.012128929550528973,-0.004822078499459524
2024-08-08,-0.01012013378633371,-0.01872141175098088,0.03158693766740674,-0.017429579844442007,0.014730704644653559,-0.01254727648111953
2024-08-09,0.006234969504559881,0.0014800949741201324,0.0032776410933178252,0.002030708897028112,-0.009254035387719566,0.0004442019009036366
2024-08-10,0.0017766760593486944,-0.005539964707205011,-0.0004059202880528036,-0.0009245212684230001,0.006113719554949446,-0.0004565422239331739
2024-08-11,-0.0013786515707186519,0.008925476769714648,-0.018653664338905546,0.01537437111434472,-0.0065514180501438524,0.007709883729828084
2024-08-12,-0.00046573319809452925,0.009824332984183986,-0.019352921945583305,-0.018736071992996362,-0.006200887700610352,-0.01182195102272077
2024-08-13,-0.0025987609722900274,-0.0022183886899894588,-0.008664934247547692,0.0028910833056868105,0.0007624011062430855,-0.0009649403688314689
2024-08-14,0.0037484739822313024,0.007048376185509522,0.011972203387689508,0.007278263572556124,-0.005149677730043924,0.012378382579931237
2024-08-15,-0.0031775870558896917,-0.0002203854078121583,0.005822505521605073,0.013211093678542505,-0.000362740297136168,0.007828705133852039
2024-08-16,-0.005028485250162995,0.0031914239357640497,0.004470197252269937,0.009746621719332722,0.0034459390354847214,0.015627549721552447
2024-08-17,0.0010672406327585215,0.001789444730402115,0.004448734326688929,-0.0004516912285112355,-0.004613081668489905,-0.0013280744794486312
2024-08-18,0.0022036813683263858,0.007709062917218088,-0.003945115615681356,-0.0038444993488004117,-0.004176970681998309,-0.0023534515874316223
2024-08-19,0.0010047891175713395,-0.003516616118540447,0.00433391627882928,0.006251523388641306,0.004462419677800494,0.007446451205140497
2024-08-20,-0.0069398340653723245,-0.00680751532219196,0.005948855453325562,-0.005069939374017575,-0.0003760074654068481,-0.007380123556515754
2024-08-21,0.004272117108061652,0.0032500633009385537,-0.007632079924724854,0.00046791537875577165,0.005728746013840938,-0.0023359628768435015
2024-08-22,-0.010543726064815922,-0.016362597254575794,0.009016316367089917,-0.0010911290103755686,0.016996207957128567,-0.001393818489042164
2024-08-23,-0.017411801420725855,-0.0008410645201719304,0.005038635974963905,-0.025179549386240997,-0.004465903653299713,-0.022659791832959672
2024-08-24,-0.01973197848681585,-0.007911802581363,0.021321671030560038,-0.005105112288608497,0.009981533868595115,-0.005147482777212322
2024-08-25,0.011054214076631097,0.00030179153503206817,-0.004753111839181569,0.00991776776178498,0.0030102857225875732,0.010640249351838528
2024-08-26,0.010289419777814961,0.0031059789643179242,0.006059293965875929,0.013387725696522202,0.012916910946678819,0.013920758532206394
2024-08-27,-0.005266467528011982,0.01861202019954889,0.015653637951718806,0.0029565115942052243,-0.006405693593131465,0.014496488148111523
2024-08-28,-0.011145551045040458,0.005498578991059056,0.015074610114933183,0.005542361135106286,0.0030023412315680945,0.002736412228044828
2024-08-29,0.005849995875380324,-0.002412211163382013,-0.0016252517743025703,0.004345924630586437,-0.0022359144243637333,0.0023912877787494644
2024-08-30,0.008569625319322802,-0.000155496485148467,-0.002749016379310483,-6.684619705966706e-05,0.002929568957799784,-0.0025036818400447232
2024-08-31,-0.00362214780240242,0.0060288956169920515,0.003179245804745016,0.0021959389190361798,0.000417502269590461,0.0043113140496140205
2024-09-01,-0.0025325735576771594,-0.0008764898629885295,0.005261220551436619,0.0030257877122161552,0.0029048228395011626,0.005491600830138517
2024-09-02,0.01393289175435302,0.007078432713850561,0.029248167858414182,-0.008802953272584936,-0.011075273485168926,-0.004869975057524602
2024-09-03,-0.002596424490850212,0.0012166891431574295,-0.005533384602694712,0.005134053316354789,0.010380281599815295,-0.0015791154914171538
2024-09-04,0.02457362471230028,0.009318564100242076,0.016080834071988778,-0.003825562172496485,-0.010005543317152586,0.005111803280240967
2024-09-05,-0.0043586967859806924,0.0007810123583795467,-0.011189126436625268,-0.001510293022305447,-0.0027418517363384937,0.0015220694911989886
2024-09-06,0.019751374746910494,0.004166612310583342,0.004193199543748141,-0.006674193592186615,3.568310057548963e-05,0.0049494721293014176
2024-09-07,0.013031726063868496,0.00512216854689693,0.006607594217234592,-0.008536588306356813,-0.008757758651676304,-0.0020526604980466608
2024-09-08,-0.002151789805223021,-0.016740952507036475,-0.0017474139380862404,-0.0022173464094683046,-0.0010191189342976332,-0.005204304735916136
2024-09-09,0.01215073414493572,-0.03401700605740596,0.017150939968312313,-0.0066414036399154025,-0.002524234201152848,-0.0034262512344068663
2024-09-10,0.02155389359685573,0.0070894347258209315,0.009699569460111556,0.00218099236507128,0.0026424042984038265,0.012717349825244167
2024-09-11,0.010928080278627282,0.029059483884745343,0.00010592132424641633,0.01017910463619889,0.004012094781075244,0.02560890310852223
2024-09-12,-0.012066271986981715,0.007826402727611774,-0.014497721925419437,-0.006729806322611645,0.011273390838850497,-0.006818296194404668
2024-09-13,-0.010261453741011506,-0.010222525310105694,0.0009850847395397417,0.0008956045178160016,-0.00323462918583531,-0.004278499770966452
2024-09-14,-0.010729261582708916,-0.0064036623870145845,0.0033046334905244756,0.0018203314974534143,0.03463352650864425,0.012446969711165356
2024-09-15,-0.0004321489314111662,0.0003688213378485937,0.00014439179611044873,0.003839014661582687,-0.010006061802546424,0.003695647110038761
2024-09-16,0.009147397879530676,0.016798067609467938,-0.006128130982037907,-0.0028545641195073614,0.014916080836659082,0.00950591733609759
2024-09-17,0.015698604072291907,-0.008892782815094438,-0.011753805968752154,0.004193471399158228,-0.010479691170334208,-0.005910600599078248
2024-09-18,0.04515623401197664,0.019085178793487496,-0.03617574872867846,-0.0245177521190249,0.033069944345327326,-0.002996950628924376
2024-09-19,0.056887105623278034,0.07370931502134177,-0.04934844718262649,-0.06707825381423992,0.11662295509230458,-0.0008391155671599959
2024-09-20,0.021118210058873613,0.01573789120599381,-0.023522239061980626,-0.012329540493730385,0.029588067191663434,0.0016647497748885868
2024-09-21,-0.003696232353163538,-0.008548009837246212,0.004434146671070938,0.01772950697835686,-0.030831186481995124,0.004676770146126102
2024-09-22,0.0032542170437759575,0.022468687466216098,-0.012230810018603357,0.00810953532447998,0.02556480731364821,0.0045452124748876326
2024-09-23,-0.00448481207884363,0.0003906825946346571,-0.0018554322755288525,-0.007634836918616859,0.005927931522182303,-0.008421305690470405
2024-09-24,0.0008421596709347007,-0.00975628854078044,-0.0040236914065462604,-0.0012174170035828108,-0.02191776158127595,-0.02100488109049252
2024-09-25,-0.025646251205815953,-0.02740480753716733,0.01073394830704346,-0.004765969802680871,-0.011335196784127153,-0.02230315370979902
2024-09-26,0.0018880980475448356,-2.2501486718643454e-06,0.0018870988248208124,-0.01635193926714728,-0.012798186412216713,-0.021190029030766444
2024-09-27,-0.00228641217065102,-0.017567257892990365,-0.0012978892309702607,-0.025552342443733396,-0.006609178169612728,-0.04833706705033575
2024-09-28,0.007226484902247176,0.002689833303458376,0.0003092644781933047,0.008853215362754088,-0.010873479273743472,-0.004496933590792399
2024-09-29,-0.0005209698218367126,-0.0022816773386057383,0.000501694635042825,0.005313108307335529,-0.007977550970930052,-0.0017381505628373047
2024-09-30,0.008534649993628999,0.0007763732486416573,0.00245793332007943,-0.002403486559026684,0.0031608228999053757,0.012195743345727364
2024-10-01,0.0022842428124476696,0.0071946732087905495,0.005114148556783825,0.00895695551826721,0.008039904331871526,0.022381512440752486
2024-10-02,0.004882098466368901,0.010650426371565729,-0.0024909201110521625,-0.0018275322446459315,0.006926415344729693,0.007989545841581411
2024-10-03,0.0001527195166742539,0.012310699546122942,-0.008366251452842456,-0.012830406837706233,0.021034508709409476,0.007164560825331065
2024-10-04,0.014683695352261357,0.006710112316215449,-0.010619484246914094,-0.015928560376434756,-0.0029462044085070355,-0.009897279847231284
2024-10-05,-0.006191110049548772,-0.010197054566775799,-0.00162310807607013,0.0051688350559697975,-0.002743289617582657,-0.010892643069697014
2024-10-06,0.01860935595816825,0.006507040314227148,-0.0195356910461642,-0.015157462561315345,-0.011435259943991768,-0.016785156250375115
2024-10-07,0.00945370472335498,0.008147800690402152,-0.0019711698317284817,-0.0014392095650542318,0.002805574143256558,0.009004401045945952
2024-10-08,-0.004902748290774963,-0.002080349411786622,0.0007303046693530931,0.008651222587633674,-0.0012368816244568714,0.004794903123813181
2024-10-09,0.0007789632922521589,0.00019966458948878816,0.0002472747650896079,0.0014387618302971676,0.005942000082140514,0.006833832599009257
2024-10-10,-0.004349281496362877,-0.0036905410847489907,-0.002309452927972693,-0.0020310739105756435,0.008482660938216242,-0.0027261815359866277
2024-10-11,0.01787928975030945,0.012570726196916663,-0.013383367339327833,-0.01593228932709186,-0.003555851385134053,-0.014515367810632639
2024-10-12,0.006256889444152836,0.00485483945767961,-0.004347619616830594,-0.0016790407875048987,-0.0018102392837142465,0.005299168991650478
2024-10-13,0.003912471741554885,-0.007147451773720582,0.007221952279931042,-0.010895666366923358,0.014742280715442336,0.004830026046449745
2024-10-14,0.025082486461112878,0.01367660236545209,0.01880542457404894,-0.03116316628578549,0.011068993129344371,0.027675108440994852
2024-10-15,-0.06370586665282556,-0.0687572224850702,0.009549523971468063,0.0710613050063395,-0.04152280659536096,-0.05429930954787918
2024-10-16,-0.01988625371390781,-0.022960987542403263,-0.0002452637431734789,0.024047933121432163,-0.00981234010158831,-0.010272306477929144
2024-10-17,-0.0008079734423632844,0.002840333704639519,-0.0071145907157445275,-0.0016847728927055945,0.0029796373418022586,0.003071925342481997
2024-10-18,0.002280560407981247,-0.012672643027920873,0.00686800105716656,-0.0008976905203166043,-0.0012284552274311896,-0.006689643587050648
2024-10-19,-0.0056247093310200814,-0.013970512989447733,0.004924697276904511,0.004200233265104119,-7.660294989045448e-05,0.0014016691907136794
2024-10-20,0.0009599320824770554,0.0056191324351942675,-0.0015055331123519475,-0.003542284327542808,-0.0032045796103454876,-0.004284720364890684
2024-10-21,-0.00478696538683964,-0.003559829636008819,-0.013681531580084061,0.006931144525901345,0.0009492277376299411,0.005336429651187344
2024-10-22,-0.0036544373239602596,-0.0024544943366513966,0.007741497041436558,-0.004051596321177623,0.005919087823432997,0.00103835457223922
2024-10-23,0.0074605025418916235,-0.0039272098069165675,-0.013322917299275896,0.012195883728995294,-0.010211263844665109,0.004144118631059763
2024-10-24,-0.00019050288903127124,-0.003936572181210943,-0.004812376576691935,0.0009681243385099483,0.0028468668385227434,-0.0010549617449780962
2024-10-25,-0.0023641254616095734,-0.0015891706861909567,-0.003197904688448267,0.010957847094162849,-0.0023615639407955145,0.000309568198208354
2024-10-26,-0.0023751628581527295,-0.0001328572554006943,0.006308838744374964,-0.003880557444597853,0.0030363797846520773,-0.0008602749109699799
2024-10-27,0.0025825438291860584,0.0020219237340346687,-0.012732536393427278,-0.0005758609744754995,-0.0041577766198969525,-0.006186522462345612
2024-10-28,0.0054881504405734334,-0.002280034357562086,-0.02610113338150114,0.0068827497212885285,-0.00437672763630434,0.004967009318816501
2024-10-29,0.0035731496009542988,0.003353066115815029,0.006968495809238577,0.00020511773312150715,-0.0033290865413817274,0.003230605847489576
2024-10-30,0.0003493194698673262,-0.0016806583068926764,0.0012043773073753474,0.0030355095536411716,-0.0037404586541691103,-0.000984435458288011
2024-10-31,-0.005302138237333765,-0.00029154046606679574,0.002315673888648838,-0.0016834945856605678,0.009067502364063926,0.004084389464598516
2024-11-01,0.0022447163261246563,-0.001244498534745262,-0.009143800154175577,0.0024510754523711497,7.696603435701713e-05,0.004009318396206577
2024-11-02,-0.0009418443401743772,-0.004904733177532588,-0.008234807311841091,0.004542181245881838,0.0021778267911210236,0.00016661661755561577
2024-11-03,0.0010974333657106108,0.005350012847291883,-0.0037043810922211427,0.005478585409242522,-0.00544295168320701,0.0026015344217064588
2024-11-04,0.0010786642734084907,-0.0015884909880336563,-0.008306684428596124,0.004793945611028134,-0.0019009822670131831,-0.0001514003142375077
2024-11-05,0.003609769884370745,0.01588201544423431,0.020557249264060242,-0.010261980761426532,0.001498204721421748,0.0057722977829136254
2024-11-06,-0.00015806335707522476,0.004243461879200794,0.0005472383138395255,-0.008699437498105454,0.020611998148750036,-0.0011014141602836765
2024-11-07,-0.009013830835731726,-0.007369515601958614,-0.015432238912009668,0.00407635774504052,-0.00223147837318169,-0.005006368399439599
2024-11-08,-0.00502324048227985,-0.009662095111789025,-0.019004099125336762,0.009906194432863046,0.002334375338459617,-0.00951256958868731
2024-11-09,-0.00019478293259625853,0.01062429732495004,-0.009704412997591816,-0.003336492666582757,0.019965616996632254,-0.0005592047801765527
2024-11-10,0.015582171099306987,0.01207717576115583,-0.04363980109469655,-0.005447536658521618,-0.006075752787791928,-0.0012293478878122397
2024-11-11,0.01140629418723556,0.008160305187745465,-0.02471895007531304,0.0035532874947858807,-0.006439999837542487,0.006209006323103853
2024-11-12,-0.009768499835250162,-0.0011645800643287326,-0.003028809924433619,0.01338514515179977,0.00863016670026032,-0.019582869057283715
2024-11-13,-0.0033080819687209147,0.014405855398039773,-0.011510437034497452,-0.0024776243714114132,-0.008719872077583138,-0.06312991478783071
2024-11-14,-0.011977120333072425,-0.013294388715327473,0.033381343862347285,0.012378973538016766,0.0105700856771516,0.020628666654001915
2024-11-15,-0.005797412020049355,0.004609326805759263,0.0053037474704367045,-0.0005092296907219668,-0.011021774668122363,-0.028551469412566907
2024-11-16,-0.015016759009441426,-0.02447678598315199,0.04146057196267717,0.01305101534868636,0.007813998257774712,0.024004696610441627
2024-11-17,0.0069261542013571015,0.013395361412810882,-0.02014359819305876,-0.004671423291158019,-0.002831374871753582,0.00534756566976505
2024-11-18,-0.011071347212766515,-0.017997816946842944,0.01226165161720761,0.0014811692302584896,0.0039602807597623095,0.002624306485938845
2024-11-19,0.014273534980146085,0.007960001919930015,-0.006386525392439284,0.009695415440521047,0.00887153203993019,0.003912187168138943
2024-11-20,0.012853667029849794,-0.0033325176224767235,-0.000850801746147613,0.007399484778109264,0.0051475108952707465,0.013325884434720114
2024-11-21,0.0011995452338840636,-0.009137955377948545,-0.001519117296598771,-0.0035138001486910973,-0.0010484992104166327,0.00028395310347696244
2024-11-22,0.017111627215620092,-0.004360435826992393,-0.010156470496039734,-0.0013051862740105296,0.0008975506701016254,0.011223335893420106
2024-11-23,-0.032617125657779376,-0.025945051325358105,0.020406480456152197,-0.011783262180209034,-0.009543130362865616,-0.010842310084460963
2024-11-24,-0.018118200452383486,-0.01411515005579837,0.011788983354817267,-0.0031864842034098964,-0.00614460511852253,-0.006727720643009348
2024-11-25,-0.005835973464224668,-0.010686153930419969,-0.00477266889603136,0.011185098857351427,0.005033751618293066,-0.0016703756182998369
2024-11-26,0.007820182831254104,0.007900804501790166,-0.00301149567338556,0.0028095916828044117,0.006274579025891698,0.008738052623534076
2024-11-27,0.0006794264487507085,-0.004609938526889483,-0.003334792027449579,-0.0025043512773422695,0.009889019667455886,-0.0025372045285948913
2024-11-28,-0.0013705758773157226,0.0020069942168630347,-0.011147848118082306,0.00048036588965111353,0.002482783232127618,-0.012354906372064376
2024-11-29,0.01848578134971609,0.019169339888137106,0.0006730221709176737,-0.016280864969854363,-0.004277783070088735,0.0041019704479217075
2024-11-30,-0.002167959212669777,-0.0017887659052537278,-0.01814480760319695,-0.00044694381392778676,0.012880652822289961,-0.021809070953653326
2024-12-01,0.027118836307157102,0.025976332757538065,-0.01088765313665045,-0.005929463195318826,-0.017100437417087413,0.011082020597054636
2024-12-02,0.015890338418963687,0.008159016167071572,-0.01601989668498376,0.005159768464126574,0.01862421125343642,0.01756112855077169
2024-12-03,-0.03381406835778615,-0.021549428210105834,0.017479809898559007,0.01892342945150584,-0.02541884641061171,-0.012367375549609318
2024-12-04,-0.0020549122011694525,-0.006321386169097005,-0.008873337177231811,-0.006183042018157397,0.012166789265131593,0.0037861771883490633
2024-12-05,-0.007173953812520441,0.006331606373671406,-0.004759117785713331,-0.0036324718411698547,-8.014381756995815e-05,-0.005701800335996915
2024-12-06,0.008768599959603558,0.0010076475339497533,-0.010989057150036818,-0.0034684608579127426,0.004151335458096303,-0.0023870280479163174
2024-12-07,0.0038155323233277985,0.005020873975387808,0.0020873767337114563,-0.013633845003707287,-0.01212268454176537,-0.005108767729396563
2024-12-08,-0.000504395054835587,-0.00042077697449081105,-0.0009318282748910226,-0.0006585005568089739,-0.00033102309381607416,0.0015438979275568298
2024-12-09,-0.018398178276013845,-0.015502802362861237,0.00014630259369226097,0.013700393019976108,0.029550051684682884,0.0006566650295365096
2024-12-10,0.010911890215434572,0.007654259146164008,-6.624032974775222e-05,0.0027626375613633704,0.011518471331922598,0.007839631648489888
2024-12-11,-0.005487801088396407,-0.005834714070757632,-0.007457394845870617,0.0022231623147738566,-0.007873730841062621,-0.006578414545896759
2024-12-12,-0.001317219404443553,-0.0035842662986196616,-0.017915828184004362,0.007978880290253053,0.0034169717035650803,-0.009031298863114478
2024-12-13,0.004453361836531633,0.004697248298148437,-0.0028270093642948414,-0.007759704409207137,0.0018526683112477268,0.002451139195661087
2024-12-14,-0.005268095719164345,-0.0037625496926231065,0.0016652118942093183,0.009725688945362729,0.008016296683061613,-0.001891749626010859
2024-12-15,-0.0007733883166190707,-0.0013768708290666427,-0.002430815483983988,0.0008581045687186355,0.0021761618915566248,0.0026607297420066013
2024-12-16,0.002547788480897038,-0.008842595006921047,-0.0027578716263588748,0.004759421345787424,0.010186585761946441,0.0012374833602230477
2024-12-17,0.005467559627867741,-0.006519194227424946,-0.0018886137784576674,-0.002313800483806464,0.009535486381435039,0.004932636362549954
2024-12-18,0.011801341398564449,-0.0019351404039992962,-0.009387747060110302,0.006427561101883155,0.016735870079875897,0.00980864519441282
2024-12-19,0.008643874848706334,-0.007071997543915118,-0.006498361063709682,0.0008788270394004082,0.011940992437541495,0.0037932294680816016
2024-12-20,0.005878941641371656,0.017097120301530086,-0.01214687327672949,-0.0017646657540552105,0.004323118223981355,0.015268076863565731
2024-12-21,-0.001889168801322756,-0.009568105574260494,0.0043359944276617785,0.0033708313709864693,0.004458971248326312,-0.0017459726678680134
2024-12-22,-0.00044132227811021516,0.006700771180063509,-0.0003537048011981328,-0.0065525428449613385,-0.005626091401666441,-0.002567326723526557
2024-12-23,0.004523153399321751,0.00014573709128323456,0.002524320450471515,-0.012052175209397878,0.004525955145345709,-0.0027469228163311756
2024-12-24,0.003141987627365075,0.008416685262151186,0.004953697950948295,-0.01245662130899055,-0.009176914914538314,-0.0042559394108272345
2024-12-25,-0.001554090455653259,-0.002973305389982178,-0.009276831821077462,0.018127317731416098,-0.0008565825264013346,0.001758504107573949
2024-12-26,-0.003607293190130474,-0.006229724749212046,-0.007026676190085831,0.01826206506251338,0.0028522113241721504,0.001183484578056937
2024-12-27,-0.0037398901706631508,-0.003517155053590882,0.0011782246211095924,0.006760309328700497,-0.0005311327352583904,-0.0018427012213743635
2024-12-28,-0.002875775897113237,-0.0013029822268462497,0.003220054609162048,-0.000208313412917071,0.0032601175171834747,-0.0001133765560677373
2024-12-29,0.0002454482137072203,-0.00036446136921526676,-0.00642020973152221,0.0045431840322917565,-0.0005329655333812246,0.0029582854453258983
2024-12-30,-0.0034164364770338674,-0.002677630083901847,0.003906128948523224,0.0034434862291533625,0.003089074213252898,0.0012266183347004204
2024-12-31,-0.011241377126262686,-0.005100880288996012,0.0007407950422594872,0.010907575899523276,-0.0059187812612726395,-0.004677359898501125
2025-01-01,0.007907368603640986,0.011616850400091024,-0.00040227725415146597,-0.019899578953696633,0.0030366435919019037,0.011081213970988919
2025-01-02,-0.0014484993953462106,-0.004548944400335856,0.0013319029350860971,-0.0010246687654932322,0.005240977652497234,-0.0016932056146989527
2025-01-03,-0.0010424122358214055,-0.002666239240435911,0.027471860717742554,-0.02452159614376501,0.007226316476200081,0.010709218959679457
2025-01-04,-0.0013406780998498223,0.00206263770324308,0.008761847671011517,0.004180050940207295,0.010160340982241316,0.01165860527282658
2025-01-05,0.0009934395682199835,-0.002845658103306197,0.004749764904239006,-0.002247608988013933,-0.0020721212454098735,0.004492277693639961
2025-01-06,-0.015017534057547974,-0.011460505055409529,0.010557739124327191,0.019768422457591563,-0.01236377970026073,-0.0018774699638956747
2025-01-07,0.019710044660854194,0.00792074451272497,0.016638493428659997,0.0071686493809261335,0.024926935009954722,0.036514403527694715
2025-01-08,0.004495021000361279,0.011978002389427233,-0.007285872083605484,0.01880303457711493,0.00917462482713428,0.016281115670522546
2025-01-09,-0.006904928226209791,-0.005212006737856307,0.0007398213759161527,0.005459063847967091,-0.0033562584000100923,-0.0026134277006388427
2025-01-10,0.0037562438724496917,0.0038755256266341407,-0.006925578671578402,0.0016379974218106482,0.004321374293627211,0.001386704766452473
2025-01-11,-0.0063818194431135,0.008338111111849603,-0.003134469388404628,-0.0009432185218377968,-0.004586840270762449,0.007002339417183223
2025-01-12,-0.003588868867156721,-0.0066194614123606015,0.0047040818324889065,0.003938658560171471,-0.00609906357103336,-0.002434268150250377
2025-01-13,0.006324592380425059,0.018184202572265225,-0.028497630217574055,0.02166344121481044,-0.005501199752946838,-0.0002094177917690776
2025-01-14,-0.006618908526448121,0.0021872860020996183,0.004784152647626311,-0.008214345085264653,-0.00073348246455932,0.0020369892240996983
2025-01-15,-0.01245704855891751,0.01678583072073342,-0.0015954564062772543,0.0004011605297549417,-0.019176077855735444,-0.015268662358072695
2025-01-16,-0.000981681784547537,0.019003659797754115,-0.012568197069834338,0.008422174935650424,0.004828144616661543,0.0020046147474025613
2025-01-17,-0.01797345322627591,-0.004162792592536437,0.015133494693404866,-0.003630106689868742,-0.013972790110915411,-0.0072447696181288795
2025-01-18,0.0185720464162888,0.017670227752938653,-0.04347358418993603,0.05564711795379151,0.0072271251518377395,0.005714472118004592
2025-01-19,-0.00748795761421037,-0.003132673985679835,-0.011924892897328706,0.018850817919502875,0.003805341911023362,0.004493853995746243
2025-01-20,0.01708271117225665,0.02305758763228798,-0.013576529320503586,0.005593815004737786,0.011180162807538524,0.00389721502789463
2025-01-21,-0.003349256105628653,-0.014713621889495437,0.002185147505209732,0.00530641440275851,0.0015867542840962133,-0.01489992666413399
2025-01-22,0.007056953357365288,-0.014930909255398165,0.010515998433043862,0.00029616523484720427,-0.008963533880657959,-0.010874126069090816
2025-01-23,-0.006449082643338584,0.0023535627907648672,0.003472864342779745,-0.004525174676020081,0.0008627994385626712,0.0020377596283361376
2025-01-24,0.013365535922390854,0.014437795561640505,-0.01208490355601854,0.006085075612400973,0.006513381617455849,0.014734443379084458
2025-01-25,0.003127829470434203,0.0002554981265795212,0.0001373411558902918,0.0022848634268938877,0.005540085309245603,0.006283569776618554
2025-01-26,-0.0010232108403137171,0.0039291177773062924,0.00489510206323107,-0.005511625674199883,0.0033058273826357064,0.0038249049879960154
2025-01-27,0.009954848212754374,0.004814903173959691,0.0001357056722196057,0.0032325630078155654,0.007798252097735774,0.016540516253370868
2025-01-28,0.03132878654884782,0.022969231967233963,-0.01152488737609039,0.01593457070406685,0.020535611993143566,0.03123720039909198
2025-01-29,-0.018754076265286076,-0.015300078288189812,0.007724370826734237,-0.010241898370259728,-0.012537620691332105,-0.02459306413402975
2025-01-30,0.0049045524886494555,0.007992567133607506,0.005419026604676546,-0.005787118280832739,0.017297955613073727,0.010683851386162953
2025-01-31,-0.029813309954469153,-0.02090659149454362,-0.0003841768483645487,-0.007916280191056372,-0.021243164583633904,-0.02779585073261557
2025-02-01,0.022377008730067014,0.014761724479822158,-0.006692921109011118,0.017733415835691223,0.008983849927452218,0.023814754603952836
2025-02-02,0.01136337608625829,-0.0008107147669461419,0.0022560877338286605,0.008609925635352364,0.013110261573389445,0.012097220318959143
2025-02-03,0.004162825544262336,0.020192592515688123,0.0075972707077014605,-0.007450222757730563,0.04115350067244109,0.023425994060005704
2025-02-04,0.009415146083526546,-0.0025066670394677582,-0.010008575845081667,0.0066017126605425495,-0.0005631853554406857,-0.0016846945917984232
2025-02-05,0.004699207378350148,-0.004971315361746683,-0.009021698532687044,0.009545689155051468,-0.011224188728411293,-0.005368091197963374
2025-02-06,0.02004420668147137,0.006836291628868512,-0.024986728042280512,0.015790323981292233,0.009526046254068549,0.012037754767255415
2025-02-07,0.007680651758011618,0.009039257853782524,-0.003456814516947056,0.0009122744573873088,0.013165426364007941,0.008802437234601205
2025-02-08,-0.010459675092982793,-0.011350498270564719,0.009056039537175122,-0.008718799735203646,-0.003978000508155624,-0.010369969698982582
2025-02-09,0.012498043831120565,2.510874958057223e-05,-0.008028498053309482,0.005259868468218713,0.0005088039216495494,0.00400082496724367
2025-02-10,0.0029363003301022482,0.005007754913744507,0.006907203024791328,0.0005964192678229583,-0.007541827719811442,-0.00041305229275693004
2025-02-11,0.010462991335129207,0.0051859827433717144,-0.004865683747899836,0.0146155422636795,0.004089214407898539,0.012949502913724265
2025-02-12,0.003919761579244619,0.004459825241378692,-0.001725034819886147,0.0034371589139975227,0.0021314237693742582,0.004606956856878929
2025-02-13,0.005902881299202285,0.013717031486071646,0.00405957939693272,0.002411618494183859,-0.001896886257656905,0.011045681072566966
2025-02-14,-0.030105782386618752,-0.031668086164588674,0.027032427809611934,-0.028603796154630497,-0.01377089990142933,-0.030325698092847
2025-02-15,0.020576084215569668,0.021357144625221692,-0.009369587215980184,0.014423588501319246,-0.0034548885780794594,0.017757416812078215
2025-02-16,-0.0026711476618252756,0.0024800687851168155,-0.008193241867299616,0.007408387911243213,0.005162141092209256,0.004459098123989773
2025-02-17,-0.003924194176409635,-0.0014343848657929702,-0.00483604022091757,0.007345022140939024,-0.0066291773786479454,-0.0030928619012545533
2025-02-18,0.0007716010652874659,0.007335410608792133,-0.00759317910230591,0.00645199700704134,-0.011304529575519235,0.003166866919067023
2025-02-19,0.0063948379811830025,0.008284440687749394,-0.015201640273267161,0.006916564029675238,-0.0057110353861505505,0.002547871195233924
2025-02-20,-0.00726946507260662,-0.012328647468769322,0.01076783305066808,-0.010024573102139837,0.004333191072262367,-0.007667287431225686
2025-02-21,-0.014541799430894363,-0.010353649042561737,0.007282982980335641,-0.01013720642437927,0.0016097188498594161,-0.008879825939484966
2025-02-22,-0.03450389797026214,-0.04182470860725707,0.03405839385245934,-0.027211234179360774,-0.0047171607062583155,-0.04102963721536361
2025-02-23,0.02077164578722813,0.026027586964648606,-0.023614375870412752,0.018183026290972716,-0.0035431411957173977,0.022402041082450006
2025-02-24,0.013208878975634226,0.006778560080921571,0.005018245804829197,0.01393901022346638,-0.006175531324464953,0.010488823452091494
2025-02-25,-0.011404903850679826,-0.01306068233488582,-0.01487081822536964,-0.01692307502701685,0.0121573142254078,-0.010707881788456226
2025-02-26,-0.012214451473099823,-0.01664073721176093,-0.01802569615786078,-0.02888901025044433,0.007317484099692198,-0.017994951877503697
2025-02-27,0.0055445758079860135,0.007927195699946177,0.012311106090190182,0.008413119343998658,-0.006151503809467682,0.0031832025034602626
2025-02-28,-0.02076795873105415,-0.02698086572065694,-0.02318516916587127,-0.028289819469842145,0.0026001548446552536,-0.02529764253950036
2025-03-01,0.015080424214990814,0.023083671610668658,0.026469997118188128,0.02402959767167881,-0.0012198898893676438,0.021950773982815346
2025-03-02,-0.016673345839025,0.004015519391304923,0.015265299043444314,-0.0059030987705726125,0.0026743984513774265,0.005705786092077832
2025-03-03,-0.0002757164472930126,0.005308285422846183,0.0038206888475532685,0.011037841248086903,-0.0062194738091001225,0.010976516798283103
2025-03-04,0.008050751591776562,0.005594025508533579,0.00102938201263992,-0.0008219599014263054,0.003972617361779566,0.0002658991562206653
2025-03-05,0.002974717630153077,0.0013119968606344452,0.004757366682353092,0.0016846944021803416,-0.012887073468663381,0.006032438019110632
2025-03-06,-0.0005685739095561184,0.004092040664800073,-0.0033573531637986647,0.004027556830678454,0.0095348209723607,0.00016304459959792236
2025-03-07,-0.011536626855646773,0.002159357521888811,0.008054137382489578,0.006144859093291628,0.018646404113157395,-0.001745922599787197
2025-03-08,0.0012141254382202753,0.003578903912183365,0.0017045016880094421,0.004214971156064157,0.006367620320576675,0.0028330429865387604
2025-03-09,-0.0007623746116225201,0.002265726238550013,0.00015471558360827926,0.0019313528523196954,0.002903097590602653,0.0007035134325519775
2025-03-10,0.0013750206329060306,-0.0027650105577621273,-0.0032669987949874766,-0.0023627340562243277,0.009707485779097618,-0.002745432590322584
2025-03-11,0.006410211175791391,0.006459043991532627,-0.0043180075536520795,-0.010416514360662165,-0.024555197992445234,-0.009789762346341671
2025-03-12,-0.015608341054814939,-0.015058565470204609,0.019341707533900073,0.005198910449860358,0.01586439493745063,0.0025616124598213334
2025-03-13,-0.0015197813048368565,-0.008719667269563058,0.010405983324613878,0.00594837994025113,0.02053796344575036,0.010346427059863448
2025-03-14,0.006441264205134994,-0.004523336755191846,-0.0009251967523240789,-0.01497720700900855,0.0037029099235162417,-0.008434683528660739
2025-03-15,0.006434887116130647,0.0049910959340515905,-0.008976067796079241,-0.0003857762830296801,-0.003979950616334165,-0.000536411599559042
2025-03-16,0.01665572394058328,0.022733357737684038,-0.024345650174741273,-0.005628919332376455,-0.03830125025036558,-0.00926472827403869
2025-03-17,-0.004972023683171723,-0.00494283090669047,-0.0015070149640059012,0.0007584435614110613,-0.0022070069528170163,-0.007264537425263561
2025-03-18,0.0008123999389162532,0.0038676518396729307,0.0010022339347949384,0.0029352889046830345,0.0020119776960656702,0.003770977015928917
2025-03-19,-0.005389076829663931,0.00012599784254071627,0.004555044879243908,-0.0049368725274458285,-0.002807156005874796,-0.003618351149522612
2025-03-20,0.003806806097676306,-0.001657537790905785,-0.0031112179397547986,0.0031200007414428055,-0.002565945632938816,-0.0006431952134656465
2025-03-21,0.0023054342488139155,0.0011874094522565301,-0.002953291837685179,0.003438571371690415,-0.0024418696506390072,0.004056613772465407
2025-03-22,0.0017404803237962313,-0.004834182548439808,3.281423377772236e-05,-0.002975668461215505,0.004777236113432136,-0.0027360366413466996
2025-03-23,0.004459115206852495,-0.008176749776459583,-0.008943461389405799,-0.0094723782403393,0.018638473962239933,-0.00162548141824931
2025-03-24,-0.006731323643765016,-0.005180847456014052,0.004108580950742134,0.0011923782540766714,-0.01427262563704097,-0.005207493479185685
2025-03-25,-0.007345291518400292,-0.00510356129497398,-6.515245685186966e-05,0.000699685161548303,-0.011636216509681507,-0.0037335625912541543
2025-03-26,-0.012207508093233572,-0.00013833943328002258,0.0008113802407726056,0.005678663760405103,0.003407542201140443,0.006009115412737166
2025-03-27,-0.005086969335786072,-0.0017041996143712134,-0.0007147034225863167,0.0038068586376268296,-0.011157442387985982,-0.0046487767940594825
2025-03-28,0.00750720274696917,0.013361235515880076,0.005533240861197779,0.0017858632400524447,0.02210091861900228,0.012763873387208378
2025-03-29,0.002992083689574669,0.005390546972539447,0.0030805018430893707,0.003651370027712894,0.008423538287957671,0.005563458649498228
2025-03-30,0.0017085328648855805,-0.0037135457418576065,-0.004903054470797982,-0.0019766265638959434,-0.006515119803970786,-0.004837631361122321
2025-03-31,0.0011152286249738995,-0.005846812284145153,0.0010119020085934982,0.005681739958733342,-0.0016445738252958957,-2.3381307379934425e-05
2025-04-01,0.01091820971460096,0.0016839244475675016,-0.01063666350443941,-0.005175600450714554,-0.028639157406263657,-0.008981784209313037
2025-04-02,-0.0022124627705311438,0.009589029522787921,-0.011059144080403486,0.014105637234291054,0.01648260425158699,0.01343219756287996
2025-04-03,-0.006555275996953743,-0.0005284535195747547,0.0017356083117138694,0.007203376221868499,-4.8930859177224016e-05,0.0009540970562255294
2025-04-04,0.008682192362935439,-0.00398101308143814,0.008862273738328348,-0.010178996391477272,-0.013478183424875364,-0.00410804347560977
2025-04-05,0.006864802264649558,0.007834707723129983,0.004796348359257718,-0.005993872075202087,0.008941568467488888,0.008476478988243578
2025-04-06,0.006350530186751588,0.0037833383743669582,0.0002987306524628436,0.0015488152796947281,0.008675440256406843,0.009406176663385144
2025-04-07,0.005266259767094308,-0.012716097821140934,-0.007055008714619259,-0.018105013178282513,-0.0040661681743798805,-0.03063295173121899
2025-04-08,-0.001701792640480805,0.005398769309038082,-0.0031652129719172083,0.013112116458091011,0.00076363838921684,0.011441634495103069
2025-04-09,0.01813404469344231,-0.01267556761451982,-0.02009643051716296,-0.03901005977996907,-0.010369204615796625,-0.04867463278067791
2025-04-10,0.004668464339164955,0.0018533828127615965,-0.0067837487608411505,0.0017604592762379863,0.005984292778686814,-0.0018238498532564295
2025-04-11,0.013235510657137926,-0.0016757896634877656,-0.011312098350257514,-0.019905174750475586,0.0013597095289768144,-0.01902672062875348
2025-04-12,-0.01905168535819849,-0.019900772357051337,0.022068087804271636,0.001843280398405935,-0.004608251690753925,-0.01770104544086719
2025-04-13,-0.0025305122490121203,0.011721192761478146,-0.007776849858940486,0.023326666315253375,0.0005481455055641741,0.02180201326065821
2025-04-14,0.013056636538486708,0.00620798547814397,-0.009372454094554977,-0.007610452984519783,0.0031059156942670496,0.007857140985617411
2025-04-15,-0.009730085156427391,0.011832855913453672,0.013382071218517541,0.011865823796135355,0.0008460318295023074,0.009068545461698274
2025-04-16,0.0186041971113405,-0.0030874785362079893,-0.014535893981242474,-0.0019179713203962803,-0.002616651947742223,0.0032327020229155033
2025-04-17,-0.011318692674996326,-0.0012361459527362728,0.015734590110481197,0.003660495634469896,0.0024171584217458244,-0.0014655684914135548
2025-04-18,-0.010771197059956987,-0.005563390622058166,0.005963847689422324,0.0062399146265552955,-0.0011748506222865678,-0.0053628924236438155
2025-04-19,0.00801493874491127,-0.0041602667151683335,-0.008324471866372626,-0.010342277145690257,0.0025793596212018493,-0.003351612992675396
2025-04-20,0.007749197512495303,-0.003699025426919271,-0.006396985816252662,-0.008232601443130696,-0.002997730031730127,-0.00040083716588725676
2025-04-21,-0.003763648342852585,-0.0029969113359854765,0.005904433347363517,0.004387891395054138,-0.0004417566454498289,-0.0008025857503519902
2025-04-22,0.005365608968350904,-0.013202835520062147,0.015942428059506887,-0.02153322680970801,0.007258301664790157,-0.01535226232796436
2025-04-23,-0.05022625053382659,-0.05319603629241352,0.017142622409434385,-0.00034083691643614736,0.02563835170552922,-0.014468115048238119
2025-04-24,0.014630106684119284,0.005988505205193864,0.01735021000073409,-0.005099129414250053,-0.0011464766231258623,-0.0012713266337646154
2025-04-25,-0.02198731534927647,-0.025161108755531205,0.03176640846774774,-0.0032896315195731114,0.004682739314872783,-0.0045044753967520895
2025-04-26,-0.02877187629221654,-0.02727819214131957,0.004388803098830913,0.00013671272481757642,0.017126655907713954,-0.0043927009532357215
2025-04-27,0.01637937342431032,0.017316093016764983,-0.011841786324022536,0.0020739913003504176,-0.007235785337177655,0.0029175729035699873
2025-04-28,0.001310689760255748,0.003252070017988128,0.00622191286937608,-0.0004307586577586105,-0.006490557336331449,0.0027744903286159727
2025-04-29,-0.002155352721749688,0.01240929293864033,0.00978415332390514,0.005865704691387149,-0.011808909939548647,0.0025998633358164758
2025-04-30,0.009263576652490975,0.002074783800917358,-0.007076305278179689,-0.013276754034240066,0.004647735125067862,-0.010794591200759094
2025-05-01,-0.00956516924152267,-0.0004085907014100353,0.007145933431976024,0.009213870162704533,-0.008659638585752825,0.005610241919787984
2025-05-02,0.0016577948487871586,-0.005909506425405559,0.0004806118208264944,-0.004158254883230167,0.005737866826743269,0.0023953803857119245
2025-05-03,-0.01688873836399617,0.012097286092914779,0.019743215486092206,0.01591859958075754,-0.009706530016756542,0.0104282880031037
2025-05-04,0.0008768770321636763,0.0018871562460553747,-0.0016845090602809719,0.001808119719674036,0.0002943774982222571,-0.0009802201548502105
2025-05-05,0.012504198146747927,0.006444849707287895,-0.008784721220756167,-0.007258549363631175,-0.0014062972883377965,0.002474500801685137
2025-05-06,-0.0050494518420352375,-0.003495252372344448,0.0070724735283275355,0.012105030715301038,0.0066484833131099375,0.002790968261957394
2025-05-07,-0.00213675757918494,-0.003084105980008816,0.007839927185509504,0.00031872976262419623,0.006316621041928202,0.002863914887318275
2025-05-08,0.006115195532457175,-0.011892210514824775,-0.0015165351827416094,-0.03042755908847372,-0.007014995130567683,-0.011533643852699818
2025-05-09,-0.0031148937279540977,-0.007598113519008663,0.010211836030794258,-0.013200954241758382,0.015079813963602341,-0.012532150659857463
2025-05-10,-0.0007939600798048457,-0.02584250662431163,0.022177064671764637,-0.024252013434393378,0.0010812452293796643,-0.014490966548694643
2025-05-11,0.00035016130700992387,0.008746078470820224,-0.005544654874001743,0.008430974638179186,-0.0004120202789977505,0.008744960418751753
2025-05-12,0.009708336174901149,0.016187021865205303,-0.008939481840822987,0.007922974752996284,-0.009605323581346395,0.0020388860204568838
2025-05-13,0.0029795040887310425,-0.005118496542240613,-0.015864180647586466,-0.00656229910190419,-0.003082001343393511,-0.016353755104974717
2025-05-14,-0.0015429879120335936,0.0017180557490957943,0.007994411640453331,0.005265104322793087,0.004411880358494366,0.015262151069235418
2025-05-15,-0.006405842352954173,-0.0053305832182597625,0.009879863408338569,0.010650227389085932,-0.0001509205362444961,0.010311461003665886
2025-05-16,-0.00019604348392746848,-0.0054814039358798625,-0.003132796793959645,0.0024607081289214627,0.005872238370705747,0.002080477054984458
2025-05-17,-0.003639976186539921,-0.0011495513827331667,0.007985686094455971,0.004041997877906985,-0.005996865193440289,0.003644642731495188
2025-05-18,0.02124239267797436,0.01734159120556172,-0.019508360826754605,-0.008186120890845248,-0.002859800915286379,-0.006154866104361479
2025-05-19,-0.005414996518441509,-0.009207410146191706,-0.003096404313176417,0.008294767391633253,0.007525646968249048,0.0003102550621814789
2025-05-20,-0.0028729785462600363,-0.0030663379275909456,0.0013988751675865323,-0.0069554703936201764,0.009259144785892777,-0.004176835748698942
2025-05-21,0.0059568562884651545,0.01020482222337254,0.0030437323644315873,-0.005808603424688237,-0.010013851496959632,0.008352834097954794
2025-05-22,0.004046434174497915,0.011589969362639795,0.0035737596308430576,-0.00669477762518559,-0.004069707726995493,-0.007321307853267407
2025-05-23,-0.003221954946137707,0.0030430313548849776,-0.012443976751854949,0.016245752817992887,-0.00855083773989005,-0.006788608943217879
2025-05-24,0.0007889544386733528,-0.0013101749614458046,-0.004296853028961007,-0.001043714815819715,0.006387924625400177,0.006059267524446301
2025-05-25,-0.004403224511992963,-0.0008243817820607703,-0.0004820222245254345,-0.00033636566592288556,0.0007972345140641309,-0.004068549349747866
2025-05-26,-0.007913990191870696,-0.00640084939844524,-0.009684540295722391,0.008163108821156236,0.007752733733866642,-0.00601522780087923
2025-05-27,0.010423157602346723,0.007279597826059578,0.012907967120711624,-0.015199419308130454,0.023013957367317393,0.014583604510501865
2025-05-28,0.0007988833114359436,-0.005369108511011667,0.0019997465083813662,0.0008051937802658621,0.0027378720882124015,0.0072677748402301115
2025-05-29,-0.0056882408185830215,-0.006074362123394329,-0.0008279173446653506,0.010011566233833667,-0.0009336890870362356,0.0033642563952343417
2025-05-30,-0.015167315794584187,-0.010611597254072833,-0.01769714081348234,0.03412375125969803,-0.02425729572779794,-0.003364359344203913
2025-05-31,0.006534511009604665,0.00194325940221264,0.010659303323416759,-0.008677352977371863,0.0102140741277828,0.005282107323560141
2025-06-01,0.00011250209369570549,0.0035505779037241746,-0.0017616761539052915,-0.0034259069443525686,-0.003994442472925407,-0.004648594808190009
2025-06-02,0.004985011278212543,-0.0037313695795838306,0.005152870237425511,-0.0007565704990950788,0.0002321649729625813,0.012442251026197662
2025-06-03,0.008031822100594381,-0.009672689658246747,-0.0007867633365987692,-0.002203542920887266,0.01234382641845241,0.015681773706709805
2025-06-04,-0.0032833096751669006,-0.006649245161443524,-0.01733965838259365,0.015368173103351519,-0.001966098683655288,0.0007986643032635094
2025-06-05,0.00023461956824941083,0.009890883450058499,0.007457528155561601,0.0033336561056192837,-0.0191041197056143,-0.008715100597608199
2025-06-06,-0.01167608329939373,-0.004384198416788007,-0.016291147917772277,0.00041301051840996855,0.006448587561843195,-0.011413622446930085
2025-06-07,0.00966471897281623,0.0009690694547390003,0.015608147022865577,-0.007983702767196944,0.00044119136789735967,0.009916128203571385
2025-06-08,-0.00279242146246265,0.0036846868772072282,0.0020887730966903154,0.0025973376416715288,-0.001916793370451841,0.0005041428565026987
2025-06-09,0.00977977610866915,0.020124778237542013,0.0036854599002673584,-0.01591268830849944,-0.006640958436545646,-0.004146666406777146
2025-06-10,-0.0023887450288145044,0.003720005378211776,0.013174838271782986,-0.01130517961477079,-0.01736398686020812,-0.002550701712570871
2025-06-11,-0.01807305836281131,-0.006693883213811878,0.003468661946852336,0.019222524393249025,-0.01798655647685362,0.002400890557670318
2025-06-12,-0.00415089606989191,-0.009012368168801327,-0.015476345682427436,0.017009068930493004,-0.009966991167469401,-0.004481773437923152
2025-06-13,-0.007725892986509384,0.005040205880180925,0.012432748468248309,0.004487223017748451,-0.013617187187165548,-0.0023602402655710825
2025-06-14,0.0017111845519860636,-0.008307268528810065,-0.006295274033174671,0.003945815732980675,0.011310333326432467,0.0006056221225226417
2025-06-15,-0.0041237109969599,-0.0004723378398461388,-0.0024315478039100254,0.0006733279673321432,-0.0017769367305448228,-0.0007461981518731161
2025-06-16,0.009844006079009211,-0.0019838196793744312,-0.0008878348555402861,0.003914125814987652,-0.008428741051498306,0.008651493763632303
2025-06-17,-0.001684922606155694,-0.011156888868515288,-0.006047009785280581,0.010326347844331809,-0.010753536200889596,0.0035697380844951524
2025-06-18,-0.0022401347247676426,0.006404690445853019,0.0009273920955629872,-0.0036324236275170176,0.0034085958872199216,-0.010200063446694508
2025-06-19,8.768768200115717e-05,-0.005209834304601897,0.005975040947519487,0.0036544113081684697,0.006541085858152202,0.0101288074827797
2025-06-20,-0.00735506803792308,-0.009392260249974064,0.004048476428834169,0.010678840234791475,0.0073082608593438144,0.022726594868634386
2025-06-21,-0.005631828409450571,-0.009495314185003262,-0.0010369118602265653,0.007080708666361423,-0.006256981759311365,0.012087818520741998
2025-06-22,-0.0007192557166488948,0.005452621984550135,-0.004179384052975724,-0.001969701413223761,-0.002167968598169213,-0.0013820112182257225
2025-06-23,-0.0336273806045466,0.03237433210168799,0.027035606868246482,-0.018267599589579412,0.006858379538182146,0.0027357404677092793
2025-06-24,-0.003176156499332667,-0.0014181469656273423,-0.01069864444660151,0.0052784795765230185,-0.0046437625112746485,-0.008873384134384243
2025-06-25,0.027084178576451377,-0.01293840202262803,-0.020363041156599218,0.011625108539801596,-0.012688219664955312,-0.0035509542186780516
2025-06-26,0.015570150869646462,-0.005021506666985853,-0.0034622109716186166,-0.000301776759878306,0.012840104726382775,0.015194725597583076
2025-06-27,-0.008866681004615332,0.009082911914206761,0.004886839539045578,-0.003982994095829199,-0.009198883524696866,-0.006069098356312717
2025-06-28,-0.023713791996382433,0.012347860004855746,0.013327301099351829,-0.007640643845574228,-0.006797360353324236,-0.01832356717881189
2025-06-29,-0.01787435613760309,0.01300846117100727,0.016452926972902238,-0.011905567380597318,-0.009852855072314304,-0.0037823547268752
2025-06-30,0.014801440070269541,-0.004404379209846431,0.004816873561197359,0.010227676810555489,0.0025218786121585495,0.026381929773350635
2025-07-01,-0.004134405700712021,-0.011762889852809282,0.014464439176795052,0.011517193923454452,0.008008595054988845,0.024434046172511204
2025-07-02,-0.014291682369813603,0.02975019611817405,-0.02748562624283035,-0.025028107498677062,-0.018759427682502577,-0.051942447110595646
2025-07-03,-0.008054534311470626,0.013059300564856918,-0.00841802677571336,-0.007977374563858457,-0.014419822915750115,-0.024839033364574062
2025-07-04,0.0009097718304850587,-0.0009493715000137157,0.005962676226830064,0.007575610122017189,-0.006982263125422003,0.017887813096241236
2025-07-05,0.008139050238746597,-0.001901884668600422,-0.0012042007360137006,0.0005541281843523004,0.00044840411376739157,-0.0003332345191095096
2025-07-06,-0.0016088444852190974,-0.00029936317463508013,-0.00556712570638026,-0.0008490699477698466,-0.0033234867386445184,-0.0023368520735936693
2025-07-07,0.001951097364288312,-0.007676393969587684,-0.003339030515326806,0.006796649009745732,0.0073336712416549625,0.006685693911228353
2025-07-08,-7.710426071194198e-05,-0.006757329948649186,-0.003684073157348309,0.002727599621716051,-0.00013903170549492346,-0.0012644758401429699
2025-07-09,-0.009081819743650124,0.00021698572388489788,0.010134807328197689,-0.005914220695852065,-0.007611079990407727,-0.013038500148388654
2025-07-10,-0.0186210058285348,0.006254648068273277,0.019146513017332806,-0.012597322466262571,-0.023666175491453254,-0.021782818782384823
2025-07-11,0.004586919299610101,-0.027964297853492085,-0.008110383089670584,0.008745971836991134,-0.011987801294329312,-0.00852092158673966
2025-07-12,0.005075149304619307,0.005703632963812965,-0.013425485335187465,-0.004663543091171131,0.017328122856406006,0.0024031405770650644
2025-07-13,0.0050644121064079,-0.0053197956978958336,-0.009092265987819547,-0.009081797982659227,0.00044775903396403216,-0.015605259107060086
2025-07-14,0.03730888505207341,0.028310249513524198,-0.018849782425753903,-0.022577837831843472,0.022982041932431477,-0.004043145600459104
2025-07-15,0.009331953465102709,-0.004397561892511396,0.001734524778895246,-0.006952356146988879,0.0047344723485479535,-0.007925462056778092
2025-07-16,-0.030428036385618026,-0.010549529177374792,0.006981497523626533,0.00819326851934608,-0.03342897108681001,-0.00611408411356879
2025-07-17,0.009006901171671695,-0.014156951112518912,-0.014196445961374541,0.02015475526512229,-0.02261219067257102,0.006686186463708463
2025-07-18,-0.004165830629716705,-0.0026023118427314037,0.0034929329179819737,0.003913035391673996,-0.004935587729344143,-0.003941558704101853
2025-07-19,0.00250780110019368,-0.009884071888574986,-0.012422450903296899,-0.007418593904494257,-0.00254628468484282,-0.01769098162158909
2025-07-20,-0.008700796408637695,-0.014904708124448161,0.0029279772073625317,0.004872792200391472,-0.01062521681025808,-0.010929072970997144
2025-07-21,0.013437521936174443,0.009065882626653785,0.00944555832779488,-0.009061700236384125,0.014627405250147172,0.0009833589264658462
2025-07-22,0.00843497647798454,0.011471737750034345,0.013082282472260362,-0.009732886732703802,0.022518296288404176,0.007112523485259687
2025-07-23,-0.0005761255406695185,0.007062359553573022,0.01439885609496125,-5.06562972088793e-05,0.02565727843162187,0.02390336470277456
2025-07-24,-0.011919234816273098,-0.016317089878834404,-0.012633357386471908,0.018639108429218208,-0.006411462095825462,0.0047464002677744714
2025-07-25,0.02900082509691223,0.006435637777932115,-0.014381746266965104,-0.009258400763390582,0.0066780450210480735,-0.005884111244825308
2025-07-26,0.007954816802382598,0.0016697969241135768,0.0038513224684514186,-0.004132087537281486,0.013910495929061671,0.012075062734197547
2025-07-27,0.0012629861516633865,-0.004238680227109302,-0.00409016845281762,0.0012767016808520998,0.004792785724871426,0.006896917832471654
2025-07-28,0.0006809371194831879,0.0017501477239916397,-0.003037529849672007,0.013292672733390661,0.007922346504621201,0.008514734850257279
2025-07-29,-0.024670839978518454,-0.01645371781705842,0.016178750209491104,0.0018447463795041384,-0.01648019497130149,-0.006045211303537243
2025-07-30,0.004134336502195172,0.0053898546185511,-0.00224152013303535,0.005689223054314775,0.005975853991130852,0.004799614667821934
2025-07-31,-0.00010321502700007653,0.0004604115479121311,-0.005312779076427959,0.010698785885432683,0.009702731197391927,0.005615479459532163
2025-08-01,-0.00010313384417955302,0.0009968927670402088,-0.0028921594036918873,-0.007261559063996863,-0.0004935445159817095,-0.00787446384567268
2025-08-02,-0.014270785091016343,-0.012715643413923361,0.009889318185361547,-0.0063598111099327425,-0.013642654013147218,-0.010564074516941777
2025-08-03,0.007123665768019897,0.006129791680590563,-0.004031325160432005,-0.004726340778876573,0.002835484891413332,-0.0015812148504587092
2025-08-04,-0.006953266951304868,-0.0033786818505047327,0.0015210570981662075,-0.0005065014759747619,-0.017320085343231487,-0.0010906417246130862
2025-08-05,-0.01041374242867556,-0.007488826633505678,-0.01569859072046449,0.004334529130216792,-0.008049716259308089,-0.011747694372069318
2025-08-06,0.005141067795075081,0.006300069065816308,-0.005317761166498889,-0.006544374646266937,0.01218632905119719,0.007504287350210926
2025-08-07,-0.004710732342423659,-0.0037018707069734996,0.004660503879227,-0.0016929103015500876,-0.00992207294246853,-0.004211942164087477
2025-08-08,0.005579815018878811,0.010358448595979217,0.0076009261667528945,0.006324373076455988,0.007773789189278234,0.010715296880373452
2025-08-09,0.018081815023703075,0.021183869055248616,0.012413173821809093,-0.000169221921244185,0.021036323738614686,0.01362897207944306
2025-08-10,0.014083958296823587,0.014374338141846014,-0.0007706876640751094,-0.009523604427505817,0.011451271680587141,0.004177529975375478
2025-08-11,0.003842884503574358,0.009804024152561258,-0.0006715991458751077,0.0025601255782811685,-0.007042992145649022,0.0170342300384297
2025-08-12,-0.014994708492200377,-0.0207018234583901,-0.0001937936498934733,-0.0053384171377630464,-0.026828872661307582,-0.022130396240769797
2025-08-13,-0.005094851991208432,-0.0056155762401755285,0.004297958552688226,0.008568314121070633,-0.009850440192946222,0.001554194989318319
2025-08-14,0.006874941484530739,0.005068770059571787,-0.002949460541683476,0.021042928665724218,0.0035356536205778184,0.02701948607868385
2025-08-15,0.0013653657963906833,0.004441665884645593,0.0024549173923766993,0.0016958823302026691,0.004261410142585115,0.006417136900129599
2025-08-16,0.0037116438447665503,0.003900125988190554,-0.005251745249637029,-0.00467086548110489,0.0036552560180082346,-0.00031268410496043604
2025-08-17,0.0011990479974216357,-0.010103876264669921,-0.005932693932552998,0.003331754105711018,-0.013123454858788233,-0.0066209077382995175
2025-08-18,0.013641577771487265,0.005740930975191156,-0.0017614259504788092,0.019323741163914082,0.01045902813297717,0.0091414388989015
2025-08-19,-0.00048686097081266006,0.0021126405574302233,0.00557198442433523,0.0073657237689002675,0.008311272092391733,0.003954593746514432
2025-08-20,-0.00019194294902714494,-0.0003829560634485573,-0.00677930560536615,-0.008698938410124726,-0.011704210375004992,-0.0009396750169547176
2025-08-21,0.004335467615455423,0.005380504553312345,0.0035268881548261655,0.008453819549755773,0.005297444775370514,0.005591088920183443
2025-08-22,0.0017760119134909505,0.015431385288247994,0.018747266749209644,-0.022134029870544608,0.006654763210130207,0.0129527278949801
2025-08-23,0.003520628515528567,0.003986582290272087,0.00032250422047508257,0.0004932195003033334,0.002422290785612597,0.0029448692821493197
2025-08-24,0.0018686173720265068,-0.002743714240139107,-0.007873308013604967,0.01322837862529624,-0.003475838686082643,-0.0007191712201512909
2025-08-25,0.008001713084812713,0.003962944785827566,0.00010375148640657754,0.024821978449817404,0.010336957577550876,0.019849326184747804
2025-08-26,-0.0008543718841692234,-0.005834265122695652,0.0036754821018433206,-0.002449480779902757,0.0013544287606787097,-0.00324738067457917
2025-08-27,-0.007872775923512815,-0.011582972115465096,0.00838987950426987,-0.0021164703546633053,-0.004623971100979125,-0.00892042726878018
2025-08-28,0.001130044626431323,-0.012864522828861781,0.017020752766278437,-0.023545410763698243,-0.020585553728475824,-0.021305503930205288
2025-08-29,0.0030612396325597003,0.0037040072568030476,0.0015487727601752694,0.0035645364256724345,0.006137162352003478,0.006311803209484803
2025-08-30,-0.0029392231958695627,0.0025615883367799694,0.0007220157256818968,-0.0013986288074513218,0.0031930038285709994,-0.0011893433195934455
2025-08-31,0.0028755886854382713,0.004857145954093384,-0.004706621506197671,0.005691012957929823,0.002548867190090092,0.0053484766313634715
2025-09-01,-0.0028064832388315884,-0.004948498379405388,-0.016129624871058994,0.011063800257389927,-0.006089585614867685,-0.004074345162637695
2025-09-02,-0.003273753595257223,-0.013599403095160245,0.0008517675482639138,-0.01774421096567177,-0.017253830197913215,-0.023694575077751377
2025-09-03,0.009434276473695553,0.004346040667735503,-0.007035160052930251,-0.005147079051826358,-0.012134559567008662,-0.00016048773261217422
2025-09-04,0.013406404940087574,-0.016375749636484617,-0.025067418380612463,0.0021442261703685074,-0.001865142170766016,-0.002276330314540642
2025-09-05,0.02279382582184398,0.01681843287622303,0.011541829685749534,-0.024943251052226757,0.00037633874806131595,0.005484820963330745
2025-09-06,-0.0005932993802308965,0.003354611154909758,-0.0010270194677639032,0.007545727274609779,0.0045208999115876995,0.003976475518592077
2025-09-07,-0.005522881211150602,-0.011597899789951694,-0.01020070773611483,-0.00383643161727836,-0.006409921607481698,-0.013564346796384871
2025-09-08,-0.014136867129245882,-0.006759144285503437,-0.012188269454399452,-0.0034316319877292856,-0.013500695528776753,-0.00959017599000891
2025-09-09,0.00028041442793211416,-0.004351273039132894,-0.012250193263331254,0.0010900393488549537,-0.010820748644219549,-0.0036334209971756203
2025-09-10,0.012641363065877409,-0.027075266481645998,-0.019783851427345702,-0.00787507657621684,-0.02881464652123999,-0.01913253640850019
2025-09-11,0.00825578951567348,-2.526847700598826e-06,-0.00047528287175415394,-0.009078646407959223,-0.0024648556542983644,-0.0003930362362124705
2025-09-12,-0.006274328959523451,-0.009819397997062667,0.006238717500342947,-0.0039176078910111945,0.009358804245310721,-0.004992970423574958
2025-09-13,0.022592503588981353,-0.030276639808628505,-0.04074260132607858,-0.028152399125738053,-0.01989533372823358,-0.03711436775179826
2025-09-14,0.03405946560367561,0.0031606113014051684,-0.02008610870658867,-0.003524963404476377,-0.0012399935127137115,-2.4792201302720846e-06
2025-09-15,0.012146063532678497,-0.010005263001186246,-0.01136042633693427,0.003769781785555895,-0.011233199207226327,-0.005769916570393268
2025-09-16,-0.01622194682992164,0.004610423724547331,0.007463032758377864,0.010259557469524757,0.0032045229662235634,0.0023256552357371154
2025-09-17,0.0008829378237841715,-0.00885205955676533,-0.0073400919307413555,-0.007249402736813475,-0.011435385920617274,-0.009372611771674286
2025-09-18,0.015256274361838044,0.010642925052351955,-0.004621603145142394,-0.001630014690737457,0.007902892579420461,0.0010194314423192551
2025-09-19,0.008925953697565802,0.018510555725552935,0.0068373602718347646,0.015617394735831958,0.029074202147690204,0.023011523591453715
2025-09-20,0.0029348876250095707,0.006831550225394388,0.0029699487300386637,0.004348212972224257,0.017576505176852223,0.011250488640248617
2025-09-21,-0.006828566338205099,0.0034814487294894665,0.0035755872568404247,0.015267165481635932,0.011335188483143768,0.01491293480753204
2025-09-22,0.011063518454351454,0.019172742990821126,-0.025173767272123403,0.011898148749524865,0.017634082891312235,0.0136259468332926
2025-09-23,-0.006866737355995858,-0.0017236579372557044,-7.265162725479336e-05,0.005231515500833593,0.005967687121005472,0.0030347120825760104
2025-09-24,-0.007351319415762184,-0.003029060455060889,-9.867328851504346e-05,0.0024407123292993975,-0.0014740637666264679,-0.00014824900206938466
2025-09-25,-0.009873511466433182,-7.540376955748222e-05,-0.0009857926436438683,0.006433337105377078,0.010872065055399782,0.004992066502209768
2025-09-26,-0.005782921987064852,0.00048561458222626334,0.009729077712751692,-0.006572023608353765,-0.006749585662073463,-0.0021667296168162453
2025-09-27,-8.04931848181565e-05,-0.00208711769435675,-0.0031054337345920832,0.003768984505047322,-0.001950093391850619,0.002658477118485001
2025-09-28,0.00849719931025242,-0.006799212304524434,0.010619770135685921,-0.01151461813470896,-0.009815268946131002,-0.00924482979282489
2025-09-29,0.003988181345058557,0.0011074584744338476,-0.013431537409409649,0.011113179023384096,0.0074394461802123136,0.012274142342454294
2025-09-30,-0.0017948518326295847,-0.008020595302691247,0.005034109955636098,0.001577321364562278,-0.00552862075331082,-0.005203506766845475
2025-10-01,0.01727932126453331,-0.0036440575194532955,0.009443599036031924,-0.011431071322150186,-0.006280287961174482,-0.007145988921540275
2025-10-02,-0.048421367381714146,-0.032723604922747646,0.039167947446932,0.027950859994806895,-0.027302950350103466,0.0018126322082104498
2025-10-03,-0.004626734818592618,-0.0009384915331331909,-0.0076658911844859476,0.01863607613278086,0.0002687724966099485,0.01319747775556313
2025-10-04,-0.01647787436479248,-0.014195006692808494,0.00698778543662711,0.013676774813403597,-0.009598589388944038,0.0001450239751138245
2025-10-05,-0.019093592340542486,-0.004841537547174887,0.012508655320326727,0.008408747281968372,-0.0030675735775842683,0.00429423652173591
2025-10-06,0.007585002039191004,0.019419380778298675,0.02303465973962612,-0.022337156137195894,0.02174895620860785,0.024378824905854076
2025-10-07,0.026427657955508648,-0.003461186289634991,-0.026571111686555758,0.009070444774810666,-0.005010308317686312,0.006593812959012648
2025-10-08,-0.013753329172862908,0.004546731477261845,0.006685437937554212,-5.710859396976444e-05,0.0015516889167705285,-0.002578186006510791
2025-10-09,-0.00606751930789816,0.00126560603818901,-0.01322235018160856,0.018907826839160445,0.0050076426831734385,0.007992474842955425
2025-10-10,-0.015213518038861793,0.0010277088000747246,-0.05661114969092463,0.05694529164273679,-0.0015961442559120453,-0.0021400971055787255
2025-10-11,0.023129304420936855,-0.00023951208410366614,0.012037249047615968,-0.01060245683783617,0.006222577787209252,0.022409560854857423
2025-10-12,-0.007429923670979706,-0.008566645565395511,-0.01342977042172884,-0.0056293639773742545,-0.01142427392961438,-0.010056795731691109
2025-10-13,-0.02224921216403603,0.003376417267023421,0.01152821220832326,-0.008179882419852322,0.016317236734742346,-0.004701142591513343
2025-10-14,0.014564612356789925,-0.006134229702785558,-0.011271367403368584,0.00783077464226576,-0.0033001110797286314,0.0076013665629479105
2025-10-15,0.006479883872524696,0.005947078515563173,-0.0029024409156679968,0.004259777496785134,-0.0018544992113820207,0.006837744740389491
2025-10-16,0.002262453546335761,0.006261845242639232,-0.004584177532828448,0.0033438460264046117,0.002497555948222384,0.0035114529514516045
2025-10-17,-0.0032888607420409124,0.005443863299668989,0.00625833620051172,0.0006249241329924333,-0.005927288330289926,-0.003414638239152634
2025-10-18,-0.006450854065018527,0.008707903989479005,0.009609741854369884,-0.005063769479484807,-0.0026605930916037512,-0.006680639767148553
2025-10-19,0.001948065834864587,-0.00784860996054731,-0.004809061664248612,0.003425724742384964,-0.003614038482489147,0.0002067748192481819
2025-10-20,0.009973095266364796,0.010744252529788521,0.006689566029439895,-0.002385999796942326,-0.015124073120200796,-0.0002328259547651756
2025-10-21,0.001571855929429473,0.0024624085280588056,-0.0029155174249623156,0.0016239713385930738,0.0043674626012657845,0.005124616820849641
2025-10-22,0.00679882093667779,0.008119907634525646,-0.006343329700928533,0.009574278859483172,0.006537224399328366,0.01020200199904878
2025-10-23,-0.0055293975167824,-0.0015635014842128243,0.002351532370003591,-0.004315366670547769,-0.013172671403769756,-0.013809109377769399
2025-10-24,-0.004211715780616021,-0.002433627661382098,0.0025255189574480753,-0.008020601943406555,-0.00956728492345788,-0.010793757335396188
2025-10-25,0.0014348591937928391,0.0012131073706044824,0.0018680318541491915,7.026175106582474e-05,-0.013623733210372496,-0.01003612898263697
2025-10-26,-0.0027828158227438506,0.01063968876885742,0.0065186895785798015,-0.01389334488951437,-0.026041523216017066,-0.01811921330220714
2025-10-27,0.01074793431593395,0.016601533170240334,-0.003235817199271743,-0.002926101960919576,0.005286592886167262,0.009692012963230941
2025-10-28,0.00788394238582145,0.00046679196093365723,0.0015731723789713745,0.0029889854315199747,-0.010024612366073207,0.011885300979193283
2025-10-29,0.0032377392314795793,0.010737149900076175,-0.007462015924086013,-0.015393623467987292,-0.010828652435095409,-0.018162256459824458
2025-10-30,0.012413754028516424,0.020589669946592663,5.8904688127833175e-05,0.011209799537956375,0.01894290129993203,0.02934286426095702
2025-10-31,0.01858372425790949,0.025068188130976415,-0.002710758928075584,-0.011455080645978636,0.01588802945914546,0.013819818917162465
2025-11-01,-0.005600761067754431,-0.002116014823772632,0.0020164540164279063,-0.004758797085483121,-0.000952363763994101,-0.00794997181214368
2025-11-02,-0.00029741096519773046,-0.002229763920636789,-0.00028513808575841317,0.0035594195514474214,0.0021651998889076125,0.00574279322993699
2025-11-03,0.025598262139867024,0.047118259558626606,-0.02091338851220367,0.0007811664332490511,0.006086473099245155,0.02297200860149271
2025-11-04,-0.0027631756931633463,0.00030361064715574734,0.0007627060852742815,-0.0023815276575582084,0.007984843804870556,-0.005441597397996463
2025-11-05,-0.004049987593451276,-0.003329404555577821,0.0021038018049745182,-0.0014887831142638137,0.00890155921201622,-0.005033259166637231
2025-11-06,0.017478660681040387,0.022784178394661216,-0.015133800139450052,-0.0059151753081887895,0.011721610920917426,0.003710717591717547
2025-11-07,0.0001124429033125512,0.007856796098890936,-0.006476118354162572,-0.01396347309108572,0.01637844318845409,-0.015766060171154457
2025-11-08,-0.003762807616075071,-0.015243473760089284,0.0010933154860228176,0.008422127621454837,-0.00443834785491544,0.0037962090398250144
2025-11-09,-0.0027928944951351306,0.0012161647696785748,1.1288249943058252e-05,-0.003662646311314416,-0.006664114122336028,-0.00354520494919756
2025-11-10,-0.005646143976574274,-0.014602395813708646,0.006902309413695464,0.0022462398318421326,-0.001609053492539147,0.0024310955793769807
2025-11-11,-0.0015019448509895643,0.00227721296035474,0.002219924840822314,0.010854631880230026,-0.007969663133959373,0.003968865668092029
2025-11-12,0.0013229236473221132,0.005993738992170388,-0.006049651116340276,0.0004685349229388787,0.007964852366617012,-0.004343044630856893
2025-11-13,0.007959173471711425,0.008466913463452536,-0.005814614168390913,-0.0007731528259318679,0.0003135267713289005,0.006331040191497175
2025-11-14,0.0182360863449617,0.026220795578877826,-0.012864394123573914,-0.0030493209168140465,0.020333299427674912,0.012769554421055856
2025-11-15,0.0012215458362501853,0.005816118246190613,-0.009286959670203787,-0.003580577441395788,0.0031698197114071493,-0.0030905302255855712
2025-11-16,0.0009232453530517903,0.002437398164343772,-0.003917234777194321,-0.0012192361791552135,0.00265562809382196,-0.0023376376809522183
2025-11-17,0.0006762068038058365,-0.012895637698174051,0.005198809477318034,0.01153344814723794,-0.0007061972596630497,-0.00040076680492527996
2025-11-18,-0.005916692721862906,0.0028499614572399237,0.004162774500292957,-0.0027891731698846656,-0.0010900505099742607,-0.003943622037505274
2025-11-19,0.00678200297245347,0.01276532933422583,-0.006524463349321741,-0.010289880876133126,-0.0010463473876202707,0.006498500394054246
2025-11-20,-0.0005583526344940789,-0.0010162762417053966,-0.010944244243469013,0.0038150734324988536,0.005854403409064073,0.00038368365764731855
2025-11-21,-0.008806220160138553,-0.006192628290982643,0.0012025753368634616,0.015260597077526302,-0.009820921908403824,-0.006335915809289963
2025-11-22,-0.003180933380964604,-0.0034433548643887433,0.004475199183629985,0.007035705184030238,0.0029806250945958734,-0.004012265005978017
2025-11-23,0.0009938927102491608,0.0004716345651222742,-0.01194901048356124,0.002344554605818286,0.0035522195091457396,0.0016431148361617039
2025-11-24,-0.02109424413967436,-0.021160419565598193,0.004172797134551352,0.009129598639125595,-0.0036399101376149295,-0.019992575455253712
2025-11-25,-0.013345156681718378,-0.010420631560903984,-0.004788924882603688,-0.004234387264887928,0.0036491761879453885,-0.014818947992251592
2025-11-26,0.006558065352480182,0.006834858882305251,0.004767097627864084,-0.0005815379869465039,-0.006847611443482581,0.00509274238278214
2025-11-27,-0.004691882354818405,-0.006933411593521442,0.0018411060596213583,0.00515193907409632,0.0031308715134509644,-0.004841922406402079
2025-11-28,-0.011432066097494847,-0.004877242677131348,-0.009239061857665187,0.003526317697862984,-0.013762752214855201,-0.008173653602686369
2025-11-29,0.006393794918674306,0.004781806756878887,-0.0005530784755325923,0.00214514291808764,0.00521033287968421,0.006856018001305218
2025-11-30,0.0023698038982153985,0.007705693122096569,-0.0007619389313545059,0.007178284555278782,-0.008137818280820424,0.005048074870330314
2025-12-01,-0.0046303675131789705,-0.005597240532398668,-0.006478302976334472,0.009143888820685142,-0.024209241668345698,-0.006298007329269943
2025-12-02,-0.03182193902785183,-0.0316045206312396,-0.04838934756056914,0.021716932917539865,-0.03146183779367796,-0.04078177474997501
2025-12-03,-0.0033986514567596513,-0.0021275089899178484,-0.0015196938248362138,0.003281332010491049,0.027307178665404865,0.0007527400660718791
2025-12-04,0.007882974250370878,0.009502079173923388,0.011623405284141299,-0.006570232958907565,0.011217331986430363,0.010216230437352584
2025-12-05,0.010115953244227344,0.010673780849820187,0.015494499983834158,-0.00028586264563273825,0.003843128197923093,0.017304205268773232
2025-12-06,-0.006813829712921277,-0.002182478204061019,-0.007590850591362399,0.0019290808747904017,-0.005479131868959453,-0.00757413097405782
2025-12-07,-0.005641902456991731,-0.0059308334824267,-0.007499043817460823,0.00727451923838659,0.004447173717931352,-0.00365725951599662
2025-12-08,-0.019800530594891293,0.0009808885996161257,0.014051167818737862,-0.014401398126277424,0.009286022360990558,-0.008712219471156045
2025-12-09,-0.006889066726729372,0.002892171963012929,0.0012802303175664857,0.0018611411659022255,0.010233185659469245,0.0015203571649979805
2025-12-10,0.012002703170553245,0.006097213869273119,-0.0020733363718901865,0.012612463684029225,-0.01253996679254957,0.010268623681482828
2025-12-11,-0.006497664038020147,0.006210035724413029,0.00403734971687033,-0.013422668309040323,0.010904721992055028,-0.003130837632137667
2025-12-12,0.002752106408804876,0.008142871677113637,-0.0005937426391358271,-0.004009771838826366,0.006026343420329424,0.0053575458611048845
2025-12-13,-0.00026482542769985904,-0.0012958909611628813,0.0008554797867978514,0.0032559293554969833,-0.006642851640007108,0.0014090473006309698
2025-12-14,0.008750736014022997,-0.002650308537737119,-0.004786582003726907,0.008508923571125246,-0.008795139320837416,0.0036208798142877484
2025-12-15,0.015314008132778107,0.02668699353328827,-0.02953829473783481,-0.02343021380542302,0.029033165982372038,-0.0001269867576641857
2025-12-16,0.011806601090550435,0.0018386878399856386,0.003469802107211147,0.008490829519866946,0.0033597821954280613,0.011504865595795642
2025-12-17,0.020552269041557547,0.02762647811829828,-0.021128111676149263,-0.0035416563097600776,0.035065681900976045,0.015016968300125815
2025-12-18,-0.002635275272016743,0.020265616581114997,-0.01136058247281422,0.017552510710801543,0.024666070992832155,0.01121592024686285
2025-12-19,-0.0006489109931624019,0.0013225650344105418,0.002584172969881222,-0.015081514900525598,0.004115095648844011,-0.009582821237102482
2025-12-20,0.00890661845868066,0.004655659912744723,-0.012405033743383476,-0.010889937335571165,0.009889420431960729,0.0003225881292839328
2025-12-21,0.0016715569374966017,0.001474340742200203,-0.0005952441807684531,-0.0016965385625651017,-0.0037016892644085777,-0.0009187565897983338
2025-12-22,-0.001745867536663018,-0.005218514516107884,0.005968971391982099,0.009339427420766417,-0.004320473295008516,0.003410317465075087
2025-12-23,0.019457750156873076,0.018922242822097687,-0.02456733693879435,-0.0082785818542486,0.02310860996851324,0.00689820731780413
2025-12-24,0.0003199355256304657,0.008286441171031689,-0.0036608733978243328,-0.01632463164599676,-0.0008077024810014934,-0.009621052498690498
2025-12-25,0.010604286295416201,0.005620636084886464,-0.0100695531900729,-0.006029783986774607,0.008980209774350552,0.005146714172860806
2025-12-26,-0.0074367907862221555,-0.006564259195471571,0.01031635721394039,-0.0031918232162629935,-0.0035334928228632836,-0.009108872677899036
2025-12-27,-0.007625063268009353,0.002591929602231571,-0.0038225688182325396,-0.009440990821049504,-0.0017571825773152368,-0.008877708753692527
2025-12-28,-0.006817698551997838,0.00021503857639941463,-0.0008228063593035252,0.004576334693325749,-0.005739350501828594,0.0002958703882694876
2025-12-29,0.0010045542068474473,0.0027653015300775283,0.0032691711416189748,-0.00098097365194443,0.0011871040427663376,0.0029809766476548826
2025-12-30,0.0011240545184564182,0.0009036026880677945,0.0029573631422875196,0.005668219021065022,0.0034454898139462983,0.004778504205554253
2025-12-31,0.0011472726925806525,-0.00011945098795906601,0.0007794728407504069,0.006186562008411162,0.0020774252058126993,0.003166914738808028
2026-01-01,-0.0057063625714642565,-0.013030453340788978,-0.003678142110834554,-0.005523738848271036,0.0028271777299582164,-0.007794183019306143
2026-01-02,-0.018489859240697917,-0.01821998858363192,0.012950097304940629,-0.0005538431837736614,-0.003823692058430166,-0.01601170363736857
2026-01-03,0.011896688753001223,0.010866092083939927,-0.011670873818868633,-0.018414263968061763,0.00448153351992681,0.00704857211502562
2026-01-04,-0.004014106585286026,0.001012812410056789,-0.0020944586747031224,-0.018571840503350468,-0.001099420217997881,-0.006637300882570811
2026-01-05,-0.01395828499685294,-0.014223311507808862,0.0006059283824269245,0.01980611308168225,-0.02613845115546514,-0.0007751730905747276
2026-01-06,-0.008748102048524362,-0.002884483680697272,-0.0010522013565531201,0.0022650123563443545,-0.014358092610688013,-0.008664979102932308
2026-01-07,0.00440879920678926,0.003004652709972185,0.007701220758221759,0.01107113492043653,0.006258730853865452,0.01845120357833098
2026-01-08,0.007169949296170543,0.011779205239219175,0.00011430302027154863,-0.009948501145213158,0.018084351913854112,-0.0036610931994521066
2026-01-09,0.00839542889418796,0.007137852130754126,0.0003942383049724313,-0.009366702573180213,0.007379105671698236,0.00018963526531302416
2026-01-10,-0.007749926390366345,-0.004929448949393463,0.0017539950926214033,0.009317008763181629,0.003286686570892151,0.0012531959021296415
2026-01-11,-0.008847563051160058,-0.005562263271895381,0.001961307996951052,0.011522857711984698,-0.008831610772206466,0.00024048561020588628
2026-01-12,-0.005457434200699215,0.009281082510634425,0.007487426401886346,-0.0009464279286468071,0.0070035276153918025,0.007639485723833529
2026-01-13,0.0036713939750703537,-0.015654018824855044,0.0036154886125603783,-0.01419187935878161,-0.0161818687685176,-0.016361755831140624
2026-01-14,-0.019764098908276097,0.0035164189595368093,0.003917839556569326,0.004758905299023611,0.004349259923940786,-0.006192468728498045
2026-01-15,0.0029255328395769906,0.0018186746539215935,-0.005306648250422067,0.006880615826754215,0.0011937401145894655,0.005691744140906093
2026-01-16,-0.004717491435260273,-0.0048046117832633035,-0.01020553524201603,-0.006769768480216003,-0.006520171141191284,-0.009054407656618661
2026-01-17,0.0043554513961341365,0.006203338188303045,0.0073509431287401205,0.007376869269297814,0.00989373984438319,0.014199087750816134
2026-01-18,0.0030291254165292734,0.008464662459905768,0.0031335831351618137,0.007238735787974188,0.007838394901395393,0.014234272143043365
2026-01-19,0.011665858630076993,0.01573414908306241,-0.022444899223583007,-0.010241642688351187,0.015996788101485332,0.00688405193034253
2026-01-20,0.018567961787542393,0.022187906502620956,-0.020861392807529053,-0.016074968038749353,0.0262243294674458,0.012785379690407198
2026-01-21,0.011349323599593182,0.043377638999976126,-0.04077444183356202,-0.059360253134188586,0.04219732297995198,-0.000688874807229256
2026-01-22,0.04459084145908735,0.06614859871425993,-0.07841749948386344,-0.06421111510117711,0.061827217788030644,0.0029963940604786307
2026-01-23,-0.03790854399068376,-0.03563104201637466,0.05308939824409204,0.043895191346164104,-0.03754732421051138,-0.0121300826541681
2026-01-24,0.0680888134138987,0.0555724248515286,-0.09263685010620476,-0.07882494112770719,0.05117945948984503,-0.004936639514209839
2026-01-25,0.0357877930176482,0.01658740318023685,-0.03997325620542685,-0.013084179866242263,0.015331406921736061,0.0037510197526818244
2026-01-26,0.011360100379085216,-0.0003970446597391618,-0.004149735647717195,-0.009109374764797451,0.001709324169522344,-0.017878124232613687
2026-01-27,-0.02106328147276793,0.002594751221835917,-0.02539957585355375,-0.020667024867046815,0.007653604957368012,-0.031489289880999874
2026-01-28,0.0015729641405021221,-0.017802262895497235,0.012545744653722424,0.012579131614981975,-0.019303897280510206,-0.016836675296687864
2026-01-29,0.011365493334826829,-0.0034112831122747713,0.01193818457524935,0.012452464335302673,-0.005495871158832943,0.01956656794936789
2026-01-30,0.0060005734080251635,-0.011169478261409743,0.00914047112212867,0.011312410516026038,-0.01092127156826975,0.006985404848036021
2026-01-31,0.002471388657115797,-0.01060402296877394,0.0020314528820612916,0.004662151112409562,-0.009672494380879422,-0.01276866951606191
2026-02-01,-0.008154877732227723,-0.0012940793843395733,0.0033825055405334314,0.004318005308707937,-0.0007348659266001468,0.0008830093651044605
2026-02-02,0.004999902116669861,-0.0021664684418104298,0.004016966896515959,0.004320922499237386,0.0018914434138098061,0.011514096280216022
2026-02-03,-0.00909698462758332,-0.009496267449839882,-0.008444084793439156,0.007361201326388424,-0.00849724013498907,-0.03244265380910908
2026-02-04,0.005347766647151273,0.005913660021670208,0.0020802018568453168,-0.00434640199122013,0.004368120349289289,0.006023781689321385
2026-02-05,0.006391949345072755,0.0043783625923590145,-0.0005241886859470878,-0.002565989103356776,0.0050547220204731945,0.012145003373844512
2026-02-06,-0.011228219772945037,-0.004456075091662604,0.00334904187067036,0.0036723996537914175,-0.0028763767366393853,-0.014844667328835688
2026-02-07,-0.00355964601853239,-0.0010722251771513084,0.00034461488249729337,0.0012266012928053144,-0.00044837756518787883,-0.005718031782812782
2026-02-08,-0.016281343946030365,0.014196077787455642,0.013940570171063616,-0.015709290181392742,0.015488796737717199,-0.010418970170491648
2026-02-09,0.004792410810141548,0.006854480895663871,0.00781731825683857,-0.006755640465018744,0.009622061320741539,0.02080736026766435
2026-02-10,0.015623851785196478,0.015790613996915035,0.013148614192070512,-0.015855427510924787,0.01305290685035761,0.03352610994458135
2026-02-11,-0.00028582841035360495,0.000295280526239628,-0.0030944502912275016,-0.0008580118596941723,-0.004432178503752918,-0.009370833673687991
2026-02-12,0.01569963535108254,0.013775041899997346,0.012627113396116973,-0.016017239948531665,0.01300530155466037,0.03022960708917657
2026-02-13,-0.012119176537969234,-0.011299347832534768,-0.0067107768490237045,0.005262136917990402,-0.01324579322270606,-0.03243040483553115
2026-02-14,-0.021397618262678254,-0.018620932846547127,0.0040035297368157825,-0.0008672540852745396,-0.015156775071536208,-0.03751991782075208
2026-02-15,0.0016175007847747194,0.0011625762785906846,-0.008088055719454382,0.006827605333202939,-0.0003820384538452111,-0.00015792686045795886
2026-02-16,-0.0032360387782960983,5.00742382367734e-05,0.0029472577907804706,0.0011246169444692842,0.0026733489245833516,0.0038217705114209207
2026-02-17,-0.0012443138540397694,-0.011421792583586195,0.00492763900543313,0.01133232401299747,0.00022105003350672385,0.008867889629969738
2026-02-18,0.0038673880224495342,0.0010247696125621282,0.002265335059404865,0.005277769283920616,0.0009876922577194073,0.008398150330655442
2026-02-19,-0.0014433650789994167,0.0012041055597638297,0.0012873011359489362,0.00012889362403561153,0.0017809688330334748,0.0021275604454556447
2026-02-20,0.002421330787391995,-0.0009903570914236192,0.0028292702834482805,0.0019886320295473105,0.0020492147437831307,0.0075464880064049725
2026-02-21,-0.0001268247013692095,0.0018165874476344889,4.383890318386016e-05,-0.0015017038226886694,0.0004625290013062313,-0.0008454609532516141
2026-02-22,0.0052940579611035245,0.009583490605764784,-0.0044981360405576265,-0.00652349096948406,-0.004108172618223047,-0.0068305657819835944
2026-02-23,0.0007425016239540792,0.008021858061995322,0.012653390610350545,-0.013620511713251023,0.0008980448419167589,0.022386835425746814
2026-02-24,0.003555089995750835,0.0032027515323204726,0.0029724299644277572,-0.0065092057241874805,-0.0020365240805250177,0.0063809914832206535
2026-02-25,-0.01468062926551357,-0.0051574942059556496,-0.004879557490955536,0.01087877160104951,0.008303758681530759,-0.007082451175419461
2026-02-26,-0.0021689191436318834,0.013374155956649167,0.010189031013132338,-0.012447944784111088,0.004190404589746622,0.02086757868458648
2026-02-27,-0.006167217732919495,-0.005238005046873415,-0.005947308008883717,0.008492172335752278,0.008269718532084061,-0.0066556415388054
2026-02-28,-0.004888271828137865,0.0010075223406008438,0.003979944144319982,-0.0016946140206053532,0.0038770814230277293,0.0018222774702976823
2026-03-01,-0.007153993509151407,0.006411488291927839,0.006831514810644853,-0.00637879830308863,0.00592368364649231,0.010326992577708534
2026-03-02,-0.006102994730728452,-0.0036631762865289423,-0.001450916740059205,0.002904040682977615,0.0026672424171327314,-0.0036746458465999957
2026-03-03,-0.02468896903689104,-0.005191028381101947,-0.029553147262353915,0.001608901492271399,0.03034848123347007,-0.02581910825175562
2026-03-04,-0.005137103273543073,-0.010415770641282055,0.006847075360858006,0.004611394297471228,0.002452678786948032,0.0011152714248929762
2026-03-05,0.002261358396575119,-0.0027481958329681772,8.684127239559514e-05,0.004697158331011008,-0.004344893953944564,-0.0001816824671741982
2026-03-06,0.009404603030119574,0.00972166773145123,-0.00491396696714854,-0.00048314696806251524,-0.0024088448256200054,0.005236359178866297
2026-03-07,0.002178081087412943,-0.000413006860354268,0.0010545710231853812,0.004334191967312251,-0.00515299617670253,0.0009901827626439673
2026-03-08,0.0005291473742123849,-0.0025313942501877054,0.0008703610324600213,0.003213290561639521,-0.004182756123210854,-0.00022290069945561316
2026-03-09,-0.0036413943637515047,-0.00202092339199966,0.0012905960186225664,0.00448636960334566,-0.022834464666893234,-0.0117023896103275
2026-03-10,0.006593539333021351,0.00518264155692387,-0.008501565897760298,-0.0018356256276863129,0.004611931226209783,0.0033686494425298843
2026-03-11,0.006270949963558444,0.010244264961216396,-0.0025224520152728512,-0.004700715941386534,-0.004220686844734213,0.002684710040331547
2026-03-12,0.016224576609167204,0.01871130875127454,-0.005727665283197142,-0.02071303384050564,0.007993860236321483,0.0062815988155084015
2026-03-13,0.004956499695126117,0.004691080306601176,0.0005010619201754412,-0.009789825522749061,0.003853006611276144,0.0021798694576824697
2026-03-14,0.00819933902173747,0.010519349683332476,-0.0015575077966134391,-0.006934171859129433,-0.0002576989094599517,0.007973210162131665
2026-03-15,0.0012580047763116604,-0.00018012302037271092,-0.00509844958396073,0.0021029314049931646,-0.0012303178895988766,0.0009386338731285059
2026-03-16,0.02082164347550163,-0.009876715304951812,0.0015223143354893063,0.029770170110722805,-0.03626100194576283,0.019137238525670477
2026-03-17,0.007911912985347973,0.004345514556833691,-0.0029223566152070937,0.0007956238354976186,-0.0046087621776491556,0.005731656510442508
2026-03-18,0.020876052546650602,0.023493660758024427,-0.021804814351769945,0.001118129898224198,0.0023968918105495033,0.01164227289102073
2026-03-19,-0.00470898969185879,-0.0007021721420177061,0.0065815837216227895,0.004204714564928099,0.002586138843622982,0.0031622100999601035
2026-03-20,-0.008775400524058407,-0.004286767476177151,0.009712514579123845,0.00722670513583542,-0.0060742314336046065,-0.002649389473546917
2026-03-21,0.006970873556589407,0.00931874179685587,-0.007292879058625704,-0.010914801694201236,0.014229208834602545,-0.00024780941009285473
2026-03-22,0.009038494840031233,0.012570405567153624,-0.01299929422674316,-0.006958560938298274,0.009456922487024379,0.0021637410990506057
2026-03-23,0.0008195396506039125,-0.0029311255997546723,0.0067154708824248375,0.024209297267036058,-0.008651540996287193,0.015299749797930955
2026-03-24,-0.023784839616212528,-0.03017861786960334,0.03727255927261977,0.02211522581725459,-0.01480563840484685,-0.0011653207380926294
2026-03-25,0.04021650743153988,0.05188342753455529,-0.04100099261192335,-0.0026262693619995008,0.0075896997190996645,0.02380309554065634
2026-03-26,-0.012713934262948146,-0.013681302769030398,0.012820340238567027,0.008697976389225094,0.0006178275858228323,-0.0011099866628994236
2026-03-27,-0.02243226113267836,-0.0253692902528416,0.017937915609727153,0.024193763433688148,-0.017585968831044567,-0.0025830832436369486
2026-03-28,0.01832498213035006,0.02990148153696141,-0.026891787009791463,-0.022128320852798943,0.02368006916334158,-0.00043266483155056476
2026-03-29,0.004928711589900485,0.003578494390625588,-0.0023106308482169734,-0.005915494666588793,0.0027663241992616047,0.0011018583333624841
2026-03-30,0.001178385284227347,-0.00022799611289001315,0.0034208630688732445,-0.007084463534943048,0.004694089447136871,0.003491341664856403
2026-03-31,-0.019725831549257083,-0.026257475078392684,-0.03284301161398235,0.03018580989332342,-0.03477495958351423,-0.03896570623824705
2026-04-01,-0.01676069470013287,-0.01883562439977852,-0.0036003905187778967,0.001165638148712606,-0.004010403665033649,-0.02966755173145664
2026-04-02,-0.009694914737695381,-0.010575250610616758,-0.0022971099086935265,0.0036354705041307233,-0.0014721926793302151,-0.017417262472831072
2026-04-03,0.016849562608900893,0.022095190964631816,-0.02726709468499733,0.0299187741475305,-0.028725712859915233,0.03455684714504287
2026-04-04,-0.0006037027034509878,-0.0035137329552871613,0.019025713609199194,-0.022210569511659495,0.0144313052196879,-0.005858420114893292
2026-04-05,-0.0044611006152978335,-0.002368653803202631,-0.0010003355307165727,0.001135162940631062,0.002146000278649157,-0.0047894492263599025
2026-04-06,0.009428510738579659,0.013899733214010064,0.0029562108102586496,-0.001712810101547053,0.003047682029658158,0.017844265676909245
2026-04-07,0.011477861733438458,-0.009489957568143506,-0.016850594999621635,-0.0028163720118864768,-0.007155970161090184,-0.012363562192101671
2026-04-08,0.0018489503720303627,0.0001008031555767641,-0.0019196354111521994,0.0017849896188637812,-0.002610626859246956,-0.00038663567725635053
2026-04-09,0.010161876853635851,-8.253897563941653e-05,-0.004184893696221768,-0.007088911796261878,0.0009738638015497568,-0.001761383078211057
2026-04-10,0.009040195605724635,0.0010658715795144617,-0.0038707075186693377,0.000578389540656895,-0.0036778165800265953,0.0018329087329101755
2026-04-11,0.0038601317526585858,0.005895911200346793,0.0038656290345310115,-0.004000782679856384,0.003935181480183205,0.008662934664715075
2026-04-12,0.008508011380826873,0.00836871984728043,0.007354335022589732,-0.006255479326774296,0.00674397657362365,0.011688934759545369
2026-04-13,0.001377140817103167,-0.0003299699256745862,-0.006086636890658375,0.006970971916865484,-0.0055250030326412505,0.0009845930288996888
2026-04-14,-0.006250148045793224,-0.006907357349228498,0.004924192401961059,-0.0010675768120681256,-0.007627095803047535,-0.005661044078417673
2026-04-15,0.008720020850977055,0.008634222465876659,-0.010399592850506742,0.006471206207369816,0.008405610627625234,0.009308264646625878
2026-04-16,0.018229031215119765,0.02083271842955717,-0.028314803194768777,-0.061039385549342184,0.0734851248544872,-0.026638209712152316
2026-04-17,-0.037023929180504345,-0.03749567620142528,0.03432387261066936,0.06646557264403162,-0.062212661461761944,0.012769341056895752
2026-04-18,0.012702896950228611,0.012786079698525783,-0.012683057627962764,0.003794100876924271,0.004082190878627559,0.01102027962907272
2026-04-19,0.0004736839580787235,0.001061644204438327,0.003015652715450528,0.007347403376067136,-0.004367202700304262,0.008056410572721908
2026-04-20,-0.00048784512549783385,0.0035408574081718276,0.0007256462376315892,-0.00017691029073275632,0.004420422647376419,0.004142396576370047
2026-04-21,-0.002695822833136189,-0.0015588431241824294,0.003785245775850382,-0.0024782214977293886,0.0006537172422740356,-0.0020122571709163253
2026-04-22,0.001173073126404956,-0.002907154055016462,-0.0003221049681613893,0.0022626360533887268,-0.004844078909230271,0.0008343292725128987
2026-04-23,0.0048040797570225325,0.0042592425115236,-0.002185231437104734,0.0022058343435262984,0.0005215638971322286,0.004295543781138766
2026-04-24,-0.003104870629280197,-0.003704552536489164,0.0027959578815114614,-0.00339085474789979,-0.004985967326746902,-0.006403557554149397
2026-04-25,-0.0027406592911578204,0.0001011354072270543,0.00021081676430266907,-0.0022415364307866188,-0.0010641304148490173,-0.0017945694571346541
2026-04-26,0.0019328172600935403,-0.00019103496794370704,-0.0016118079723332673,0.0016602364587520973,-1.5439227748497076e-05,0.0017763156079759817
2026-04-27,-0.0014380369328705143,0.0021567346652927605,0.0026005944727703866,-0.0028426776677479915,-0.00010858379999371709,-7.735994182940945e-05
2026-04-28,0.0017655473319967273,0.001217610570016905,0.003201953310823653,0.0012530328421895471,0.0009495557769491116,0.005192767383943088
2026-04-29,-0.00864491447228095,-0.004190861886571922,-0.0002130611358064042,0.0017125616285552788,-0.0033746574480825195,-0.0047615293467488445
2026-04-30,0.0008882248893624959,-0.0016959023242914897,-0.00012097205808931678,0.0037554087870681086,-0.0013682999407935608,-0.001872701196827921
2026-05-01,-0.002244600271975305,0.0005064593817140055,-0.0007244610489078699,-8.233299656361441e-05,0.0011166092329869307,-0.0015255831365468316
2026-05-02,0.0024693208443617846,0.0016082065474687917,0.0026175780345412776,-0.0023045678962391137,-0.0005843238929750357,0.0046073331704037926
2026-05-03,-0.0028879552525190584,0.0018347302337345587,0.0007077792536621212,0.0009146598710422788,0.002275970423113836,-0.0027720042237356734
2026-05-04,0.011950649481934025,0.009938516280379369,0.006236515250280496,-0.005012958472727796,-0.0045242066405709195,0.002341044381749332
2026-05-05,-0.002609935911740748,-0.01057484094624343,-0.00551310658935828,0.007718112662362252,0.0028232968622406217,0.001238618415670069
2026-05-06,-0.0019173164157671031,-0.005211074756809424,0.0005605865542124545,0.000550729786153362,0.0050946920633042694,0.0013729744672089088
2026-05-07,0.01114332891979436,0.009007978210006791,-0.0065830489112441645,-0.0068097670746668434,0.002499316353811324,-0.0012178795903918112
2026-05-08,0.008330934855531668,0.004946300699172381,-0.002165897520812188,-0.006986757685481707,0.0024148399141864915,-0.0028319732453217948
2026-05-09,0.011902940388601322,0.01031065529932041,-0.00427682363353878,-0.007654519952313101,0.003292007007948692,0.002170148615794318
2026-05-10,-0.008113010452730107,-0.013436823159462964,-0.005180833359359264,0.006210607374711348,0.0010381528178694626,-0.003400720665507515
2026-05-11,-0.012685063344075613,-0.014466479418440014,0.002856814787354591,0.00962712852529039,0.007673415574041303,0.015504654816591096
2026-05-12,0.010870556877625604,0.012560973073228822,-0.002358300663037508,-0.007377505535096896,-0.005687548169342096,-0.011895205960069061
2026-05-13,-0.006358199710236583,-0.009497980592497431,0.0048020986982028726,0.0061627238852711855,0.002983489775725317,0.013785890253498996
2026-05-14,-0.009043177518592464,-0.004991988655892097,0.003942588504521404,0.00391298585087968,0.005540094227875696,0.014084279556099968
2026-05-15,-0.004456690104473787,-0.003263306626170269,0.006360475309984954,0.0023935715353450753,0.0008870821203394185,0.008178209974301926
2026-05-16,0.0009291298271615567,-0.0005361665677183752,-0.0008986046441275495,0.00032698072627610527,0.0015983011814551997,0.0034227201048318097
2026-05-17,0.0024163432764397587,0.0028040350980817084,0.0009088490420695962,-0.0010087000101706308,0.0009131565336006742,0.002792309217011899
2026-05-18,0.0026632178790578598,0.00565011270310247,-0.001687572908387006,-0.004269169037820926,-0.0030080928606618265,-0.01135602577918811
2026-05-19,-0.004985965853870627,-0.003973373006933422,-0.006016225351499332,0.004213764037942432,0.005913130183268865,0.011232100259349759
2026-05-20,0.011100942934438284,0.01622044719373929,-0.0006921985855061764,-0.008817263861192,-0.0056666757638386914,0.0005537058510402897
2026-05-21,-0.0019322366836259878,0.0001941217559364999,-0.008818433911225679,0.00038450871098928544,0.0008429930129692403,0.005843936285983511
2026-05-22,-0.0028113757051119494,-0.004696444110602376,-0.013224012279152614,0.0048948083337698785,0.0013010975355403215,-0.008190324855677101
2026-05-23,0.0016992252837060324,0.004882138577031857,-0.008843344354606616,-0.0013885076849620278,-1.774479721990478e-05,0.010362568682849004
2026-05-24,0.005557856602947068,0.009104961585258595,-0.00471886298697244,-0.0022816599409434734,-0.001549432731386713,0.0005415219803386699
2026-05-25,-0.001804953392052741,-0.0028147207378581077,0.00145871438864598,0.004974087148275286,0.012505958387452089,0.007442686534567309
2026-05-26,-0.014486712204907697,-0.015940505467073856,0.023166036159756213,0.005000427936669155,-0.0023577365991827265,0.013816644630742737
2026-05-27,-0.004795531448234472,-0.006887794930666646,0.0052645045090578555,0.005450165552906819,-0.0032952671355043037,-0.0016115348072123815
2026-05-28,-0.0006121935525403098,0.0028210430159217397,-0.0048461114533535545,0.0030122755140807723,0.00300340518236599,0.005146070986737941
2026-05-29,0.0258836936664216,0.02467715312216647,0.0017166725980647347,-0.021107593591198945,-0.03823188383922248,-0.04589364163208877
2026-05-30,0.012083961634129801,0.010681921057767609,0.00135884385294097,-0.012686349914846212,-0.012623270207125406,-0.019137100126852883
2026-05-31,0.022587222451390953,0.02286500272874512,-0.009205934185227006,-0.018148160918108863,-0.013931147479763312,-0.028766270862341913
2026-06-01,0.035901488171492024,0.04118458389114421,-0.06955122337230524,-0.04687451396622939,0.03330278052691827,-0.005920357460508863
2026-06-02,0.033942911729585676,0.011004196278139361,-0.010380344812634014,-0.008176106344129904,0.040002404671469594,0.04682463807123025
2026-06-03,0.016682678821230895,0.020981214472461894,-0.003749057738875683,-0.022995200325723428,0.010614931158076397,-0.000700473291615661
2026-06-04,-0.029969324957971034,-0.010444448043390987,-0.009939626481934062,0.008975323452899132,-0.017029759765855003,-0.03912235101704838
2026-06-05,-0.017169554181582343,-0.0008442779999912541,0.01977410473096146,0.0016926897408289718,-0.020032165593257104,-0.008705642422654338
2026-06-06,-0.0330990798053498,0.054260197231954146,0.03738428742566094,-0.06199776898453468,-0.030747510471118532,-0.07856105552919307
2026-06-07,0.03939191503052366,-0.03214252781578331,-0.04426142914049688,0.04051494834437082,0.04364132536325854,0.07173121810418165
2026-06-08,0.0004767399085958851,0.0007820546280711499,0.003026615561822817,-0.0005543349011948559,-0.0036623166052694263,-0.00018737795400625433
2026-06-09,-0.005483876654770945,-0.007099648830883837,0.0031007654985616227,0.0037056114840047557,-0.005617939565488682,-0.01008446662648393
2026-06-10,-0.007569946487809123,-0.005661795925700582,0.012487735018796223,0.008001471201992877,-0.004614897049390038,-0.005478944615169922
2026-06-11,0.003476324645511476,0.001542010534527695,-0.006127847787943372,-0.002923143127721698,0.0023985771679863686,0.0034636189122723344
2026-06-12,0.00048388566373983895,0.0017793184496052478,-0.001380296660941292,0.0010140210410964547,0.001663176726721945,0.0032083397439885107
2026-06-13,0.0010856884830808147,-0.0005900816653880782,-0.001750713139603825,-0.0020316790912742466,-0.0022550291514664956,-0.0016949808621187952
2026-06-14,0.004470563088665442,0.005006229906376666,0.00045459860942962066,-0.007547042085270584,0.005338762724541396,0.006187894159610623
2026-06-15,-0.014677068764561273,-0.015551503658224192,-0.003851574002546144,0.014574392043316897,-0.0037173321956738663,-0.0007782911027499903
2026-06-16,0.012507125836082617,0.006717783809951105,0.02643466219219517,-0.010057779426129794,0.02111923284182933,0.01717823172823724
2026-06-17,-0.007681080678111022,-0.008163258818032102,-0.0008995926904682463,0.006722601684336698,-0.0008935325780509169,-0.00013074218741428745
2026-06-18,0.015112960358629308,0.013098641438407556,0.020851928623892298,-0.012153043434770259,0.01688796408782615,0.012801218801892361
2026-06-19,-0.01126657404151247,-0.008862606773124986,-0.01733983993717358,0.011155615100604152,-0.014931819955312606,-0.010371511415914619
2026-06-20,-0.0012490795192841124,-0.0013604425897944647,0.0025901039025714038,0.00177682113323644,0.0010212505926859895,5.06951006896192e-05
2026-06-21,0.009497742535938419,0.00697690753547627,0.01111686213445742,-0.007938544634997002,0.009568119334998165,0.00591422406913805
2026-06-22,0.0036809545861491203,0.005193641815142834,-0.021517096914522072,0.011658861897449673,-0.014699505343083858,-0.003510581833040284
2026-06-23,-0.0003218879975301546,-0.0014600740588579882,0.029926640245850823,-0.010543767667008874,-0.003767314548382488,-0.004282998714072796
2026-06-24,-0.0038267645757188154,-0.0023829812853273296,-0.027259576919072347,0.008359571140151784,-0.004119145477351549,-0.005078424010517379
2026-06-25,0.009150185883404403,0.010064240170581324,0.0007453915613365553,-0.008835456818183686,-0.01395719269985776,-0.0032864934912610953
2026-06-26,0.007908695992296275,0.007665216276066972,0.00838376095988617,-0.011167706823225834,-0.012970584364321068,-0.0048698473058963136
2026-06-27,-0.001742877795717277,-0.003129341734387306,0.004017526817270695,0.0009082538745685508,0.0030555474333422445,0.0010027425000181814
2026-06-28,0.0033839514715389408,0.0016825974890334675,0.00022386932230057443,-0.0006464714843968572,-0.0037591698905164337,0.001182954625386142
2026-06-29,-0.002845727343321867,0.0031314925713096997,-0.0006774499046994927,-0.0022703777807946924,0.004075945800142056,-0.0010610424324265751
2026-06-30,-0.004882813342496583,0.0031464216449124086,0.0065775632783483685,-0.007670310662068642,0.007049006263216769,0.002036457852445335
2026-07-01,-0.006450709925640374,-0.007212671817459838,-0.010138254860345992,0.012601796306863575,-0.006527868302826826,-0.006032465586847086
2026-07-02,0.009105503757515789,0.006277194628212093,-0.0022248865644951747,-0.0061519933178704475,-0.0020954129618904554,0.0015662355318039937
2026-07-03,-0.015902898842231058,-0.015565127329929158,0.00973059254812168,0.011724713114287216,0.00013544320793476843,-0.001097219857753436
2026-07-04,0.009747500724514654,0.014358124111508691,0.0027555733203269116,-0.017237913663214602,0.019443824683811017,0.008573144070303948
2026-07-05,0.006305215064320965,0.001799626406556793,-0.004863916759155136,0.004119214152854388,-0.0023285130911074436,0.0016790750648571625
2026-07-06,-0.005148984956249331,-0.005283929865161728,-0.00449086739998689,0.004268209514347339,6.137969527515936e-05,-0.002381894832603121
2026-07-07,-0.007668875498186561,-0.007997464423389791,-0.005926323229162885,0.006888313298295331,-0.0026021787434093047,-0.006043667231974134
2026-07-08,-0.009072632186355224,-0.006442644663388278,0.0011550900431984076,0.005059088021607195,-0.0060374298829452624,-0.005727261979411439
2026-07-09,0.00344125767846072,0.002476514289933538,0.0033238013479883538,-0.0015497135846100258,-0.0018074663432943402,0.002829465370826741
2026-07-10,-0.0018554949343564723,-0.0016204272804784799,-0.003956133543319327,-0.0009779520380018046,-0.008978203768237577,-0.00463097140217647
2026-07-11,-0.007576859627043735,-0.005100425876213762,-0.004145817120813949,0.0028708632305178253,0.004530896233297556,-0.002599724869048421
2026-07-12,0.004414812989446805,0.004858530555023922,0.005716609277133003,-0.0034468731102785494,-0.002978461943474195,0.003011495812660414
2026-07-13,0.0006855337136854329,0.013672494802561318,-0.014457282837404517,0.007326672729667542,-0.0130349596571127,0.0017569298187863642
2026-07-14,0.008570725712026741,-0.0029054814373826576,-0.005711523619163528,0.0036529482110368144,-0.000407045217182046,0.007016837165695426
2026-07-15,-0.0014639654516458384,-0.005893026624678349,-0.002452877204159458,0.005910481446632575,0.0057375546150297335,-0.0014037937343264414
2026-07-16,-0.004686050260739784,-0.00023578567170915067,-0.0009170769473584975,0.0007201905634438611,0.000668046028336762,-0.0028142730176604186
2026-07-17,0.0008858519978140975,-0.005383094826206006,-0.00890308822423653,0.007928865936708178,0.002690860187877299,-0.0011579360302724326
2026-07-18,0.007065742722440623,0.00296409403820115,0.0031093647042080997,-0.003184823487321168,-0.004288225730929577,0.0057421524439028445
2026-07-19,0.003609036177819522,0.0010217231468535974,-0.005075957459669214,0.0038179002964429023,-0.000818421311385152,0.0017938947176052988
2026-07-20,0.0018148806420209117,0.0013732011021856108,0.0011379972085223155,-0.001287601691385303,0.0008345743154213113,0.0023284993777986647
2026-07-21,-0.0012018830602153862,-0.006700452738259565,-0.006897326460075745,0.007526397614590692,0.002991982943123932,-0.0022532322297065515
2026-07-22,-0.008323343616139145,-0.013688544725212774,0.0012450419644480307,-0.0006211654738880834,0.010835473241066854,-0.012710462355088
2026-07-23,-0.0057796392123624155,-0.0025275325834990844,-0.004834050349817864,0.004036513666134409,0.0037493287441776476,-0.0053975927485501495
2026-07-24,-0.0012301200067197096,-0.004484759517007915,0.002415643841967596,0.00018315230256011402,-9.181519191182385e-05,-0.004631559111228881
2026-07-25,0.008657906491799311,0.0050044041630728665,0.0018385618351850403,-0.00017958964312336106,-0.0073036774149950415,0.008812666869125513
2026-07-26,-0.004158212388191487,-0.004487679311089346,-0.006969409964870295,0.002825325999591985,0.004591121706136124,-0.007604217189578729
2026-07-27,0.01150712475850695,0.005047319232895697,-0.01048394445743621,0.012215772780877073,-0.006983852007875704,0.01278948518165506
2026-07-28,-0.003749399759367914,-0.010358348449194562,0.0025091385723827733,-0.0019584234290612994,0.004928230916231305,-0.009946990727811559
2026-07-29,-0.0014109042247492396,-0.0032491789774950807,0.0034697998844550096,-0.0006971667705357155,-0.00612232975691646,0.0005447706263835813
2026-07-30,0.006610011177168191,0.005294506007339791,-0.007831958612991132,0.007325755841649379,-0.0029961947518226794,0.009157270465591468
2026-07-31,-0.00479094072171899,-0.006738510329378885,0.008550690350517347,-0.004454468467557909,0.003978394537766288,-0.008368499517326758
2026-08-01,0.006710597805181684,0.0057165288011661805,-0.0010311953665388712,0.004256104999679954,0.004005066571518924,0.009822880692272822
2026-08-02,0.003231355593985248,-0.00048438001093958216,-0.006693648182038055,-0.0016582858945650833,-0.0006309936363411356,-0.0025667992459591886
2026-08-03,-0.011181168715578138,-0.0032254201620515325,0.010331465834677693,0.002030648105898053,-0.0002692888743410708,-0.0020542769457927317
2026-08-04,0.0038644573556440094,0.0038650164400663807,0.0195727099853133,-0.009806857792719923,0.005750492086822307,0.005857933368319326
2026-08-05,-0.004194525537248611,-0.006513418025917439,-0.016854478090330315,0.01710249855313757,-0.010724041129291319,-0.0035793121637527174
2026-08-06,0.003051619649349846,-0.0006375102458843211,-0.002153934694730327,-0.004526084175407969,0.0009777996970464823,-0.0048754051356004946
2026-08-07,-0.0016681860032964474,-0.00490949552247914,-0.005814681963614626,0.006137816067194534,-0.004516177107227689,-0.0019104342150893035
2026-08-08,-0.003330687310068463,-0.002772976903124499,0.0023543198713895336,0.00231230915595587,-6.574637739079512e-05,-0.0015192077652018143
2026-08-09,0.004181817915004718,0.005155125877425936,-0.008675132996795636,0.0013793673033389029,0.0034073422114109142,0.0059652069522046205
2026-08-10,-0.009036393165016983,0.007547074586138688,-0.004327156553218043,0.00013542508594542628,0.006487680627298079,-0.005934532380884605
2026-08-11,0.0036264374748344024,0.004302200754456815,0.0041873472545699,0.009845133971419385,-0.014205025620681426,0.006786028714980807
2026-08-12,-0.0025447325389041414,0.0023208583476906973,0.0027824491578730634,-0.010173718031191192,0.006166476020025605,-0.002843199161301822
2026-08-13,0.03951886991814935,0.04830648766965427,0.03149168533185484,-0.03911050233885513,-0.04864987159594312,-0.009301596251636865
2026-08-14,0.06009280294247507,0.05490815799718547,0.05625670675566744,-0.0625449062138646,-0.06446447917510349,0.0037372800174660485
2026-08-15,-0.011750419728074129,-0.00376372373842056,-0.005575771056257749,0.013248529812063965,0.006784255669192492,0.0006651687161353142
2026-08-16,-0.008110840783928815,-0.00045743436368024006,-0.0044649944876586686,0.013223824681316694,0.001398704647725097,0.0029876513956099094
2026-08-17,0.014065446199594156,0.010454047026620342,-0.012967809747962179,0.02352918198475604,-0.002220074679813842,0.03879026965368586
2026-08-18,0.008866342627315098,0.0076744172749815855,0.0010121413175693198,0.0008009399544022133,0.00819092479991063,0.019627793145285108
2026-08-19,0.006518736701917305,0.008268362916877265,-0.014038300937763279,0.02606823710693359,-0.01337353214077909,0.0277790102860637
2026-08-20,0.018117450456361768,0.013194767579230353,-0.0004879323694226092,0.01002556412829816,0.014683295601918387,0.03422440214175301
2026-08-21,-0.005446198461990484,-0.017490563123270488,0.020188527944263852,0.004343852152892277,0.003298893403725837,-0.0008464828791089296
2026-08-22,0.03080696414867033,0.023024692577077142,-0.008697171851912006,0.006928542144012364,0.004062533861020666,0.02859605525566282
2026-08-23,-0.001075864094800607,0.004719185479671561,-0.0009504993788804472,0.003197688454914258,0.003094215996607353,0.005268876598568158
2026-08-24,0.003798210918710525,0.004520232546569815,0.007448537381499278,-0.001334170294653539,-0.010794539476987604,0.010721982012210248
2026-08-25,-0.0014658933029180641,0.007026278276698886,0.00982973552259552,-0.0027030836101367786,-0.0022826804539685646,0.00373892581610072
2026-08-26,0.00555440604734994,0.007878234292096612,0.00151468589569385,-0.002087739099858452,0.002164069209754137,-0.0006641782913941349
2026-08-27,-0.0005466356645528388,-0.0020068781037578223,-0.008222738238068749,0.00915939066762893,0.0007293566270531044,-0.001541846843626762
2026-08-28,0.0053051145451961925,0.003882504787951417,0.01405774958888584,-0.013134168040447345,-0.016853129717096984,0.02255847066649159
2026-08-29,-0.0026494718706635907,-0.00014090480773291066,-0.0075048898552051825,0.001505631780344429,0.008353837883974494,-0.02483617205552439
2026-08-30,0.010574446027445498,0.014864456914885577,0.010496778997505824,-0.00500871957878938,-0.014561121673805532,0.005227388972945679
2026-08-31,-0.01985920177418366,-0.019466762939509864,0.009081747653597434,0.01571236331910682,0.00808306626174616,0.007158629920568856
2026-09-01,-0.010153843034719407,-0.007804954571262048,0.006761203631758448,0.0035253185854846715,0.010118185045461478,0.0027222106232833733
2026-09-02,-0.015756052002898785,-0.012065974989595926,-0.0019260410483193712,0.013771804082858262,0.0017871077369411115,-0.00444552441223872
2026-09-03,-0.003685361927119827,-0.004163247715884601,0.004872551014634423,0.010863439413502825,0.007927351782389513,0.005995347770452384
2026-09-04,-0.0066210620550559325,-0.007058510222786017,-0.0022977380489538515,-0.0007976881114255265,0.006367629205790527,0.000698593931396542
2026-09-05,0.000330367062934106,0.004273521947890295,0.002620266951057056,0.002410230993620307,0.008274268129733624,-0.00595970977045647
2026-09-06,-0.009830149650452924,-0.008575492505052495,-0.003456163294436867,0.0061105547212513414,0.005883368792467034,0.0018647501368567613
2026-09-07,-0.002458904257946743,-0.006218815498471484,0.012140315957388034,-0.0016416764316413606,0.008088403313644852,-0.002514320229607552
2026-09-08,0.000890257012937856,0.0018777854968690616,-0.0030189991982410053,0.003744608934288668,-0.005050768970976519,0.0009634804437682812
2026-09-09,0.0037638243728098475,-0.0043963332315576495,-0.012008205198223947,0.0095222682701503,-0.0063745906339657925,0.006214939376924355
2026-09-10,-0.00792704490028481,-0.004736293372239198,0.0026969116686721474,0.004347631847120509,0.00346607372966154,0.00012381087419953955
2026-09-11,0.0007899811974250439,0.003278430997189012,-0.00040700150337666364,0.003621689104512788,0.0010384222260896754,0.00048436511922321534
2026-09-12,0.0034181541711185825,0.001382068292579025,6.208579151914444e-05,-0.0015175272114353248,-0.005261427959617373,-0.0019575323171022135
2026-09-13,-0.004433952599259069,-0.0023983302241903375,-0.00013606530109023298,0.003709537000970283,-0.001393592970016276,-0.0006574662624753747
2026-09-14,0.00655111191427236,0.00791388383693131,0.003724022498085999,-0.007110659937717024,0.00024457611278808295,0.008336065530899064
2026-09-15,0.0032184485119911795,0.0017230162804144598,0.000986315627586457,0.0015615743587095129,-0.003569016394529947,0.0014583935930629355
2026-09-16,0.00870678786296657,0.007767309444212406,0.005138749944084437,-0.01164756718370432,0.008992486518551366,0.01275970812878332
2026-09-17,0.010336986305939015,0.01597594203900476,0.009942907125829644,-0.010308306625562987,-0.011282024141555033,0.005882293500072036
2026-09-18,0.002051591859891617,0.0015675977486117967,0.007980540325618112,-0.0014603235897341596,-0.00039667893954412916,0.0009905165450185573
2026-09-19,0.0002816425091087443,-0.009871500619824392,0.009920070149881215,-0.00817995076962877,-0.0023590611113623104,0.002259458290833392
2026-09-20,0.0013748175721922974,-0.0020573029603024253,0.0022492788198684066,-0.0038747248426293074,0.0006110017711079916,0.003980390042579984
2026-09-21,-0.021799406576401437,-0.020303312057264548,0.0174024791635287,0.010933171590012248,0.002689115097222968,-0.015424579542471895
2026-09-22,0.010423662425296682,0.013963286442903532,-0.013736442633477685,-0.012762804857636372,-0.0003943483827170436,-0.011178825196071532
2026-09-23,0.003138305762382879,0.003996465011503731,0.00531218859124452,0.01489829239648723,-0.01020424994688797,0.03171208070478938
2026-09-24,-0.0019131894471538875,-0.01107902798307214,-0.00485165157161166,-0.00025213211078724035,0.01893924702828265,-0.005056102627814707
2026-09-25,0.003494824277311227,-0.0040319008805811424,-0.020604476413855707,-0.006912744551537957,0.003124283190140108,-0.016423224295672258
2026-09-26,0.009091736325988238,0.002764086173861614,-0.004120679678288868,-0.0062558795154915425,0.0023804176733605476,-0.004516371732935952
2026-09-27,0.0023128784963928565,0.004719211424654176,-0.008402380803423955,-0.009123494765874929,-0.012762152093528397,-0.017913861600137096
2026-09-28,-0.011224976367979022,0.0032381348938971687,0.019370504298165676,0.007763941363381398,-0.00027141357386467147,0.002195096721959958
2026-09-29,-0.011491556442291452,0.005381961073464369,-0.0021845923096963874,0.006069355222585799,-0.005045360487931916,-0.01538331179375236
2026-09-30,0.0064056481426891096,-0.0026617259179652995,-0.008600523682257565,-0.005606208805947892,-0.00022704275618786298,-0.00122590885866181
2026-10-01,-0.006945575067099212,-0.0049763135478191525,0.011482960633770455,0.010820911437020969,-0.0009091694616068897,-0.0020373192702475866
2026-10-02,0.005461457921174367,-0.011690933995614562,0.001082713139319957,0.0015903385190275728,0.01587545968774898,0.011889243757502737
2026-10-03,-0.0019697361330973315,0.010519918494826926,-0.002264474798988254,-0.0051343646862638944,0.005539862327760416,-0.009076782312680958
2026-10-04,-0.00682759506553428,0.0007294946422740703,-0.0016720254141132896,0.0021699704057818008,-0.004669029873816607,-0.003940596187919815
2026-10-05,0.005532145324265858,-0.00021330219951543386,0.010765329349990058,-0.007745113012703384,0.0010742395823978448,0.005665237787258599
